solid OpenSCAD_Model
  facet normal 0 1 0
    outer loop
      vertex 30.65 17.5 17.6
      vertex 10.7 17.5 7.7
      vertex -41.05 17.5 17.6
    endloop
  endfacet
  facet normal 0 1 -0
    outer loop
      vertex 30.65 17.5 3.2
      vertex 10.7 17.5 7.7
      vertex 30.65 17.5 17.6
    endloop
  endfacet
  facet normal 0 1 0
    outer loop
      vertex 10.7 17.5 7.7
      vertex 30.65 17.5 3.2
      vertex 10.7 17.5 3.2
    endloop
  endfacet
  facet normal 0 1 0
    outer loop
      vertex -41.05 17.5 17.6
      vertex 10.7 17.5 7.7
      vertex -41.05 17.5 7.7
    endloop
  endfacet
  facet normal -0 0 1
    outer loop
      vertex -51.546 27.23 2.4
      vertex -43.8417 13.805 2.4
      vertex -43.8417 27.23 2.4
    endloop
  endfacet
  facet normal 0 0 1
    outer loop
      vertex -43.8417 13.805 2.4
      vertex -46.2067 8.89443 2.4
      vertex -46.15 8.5 2.4
    endloop
  endfacet
  facet normal 0 0 1
    outer loop
      vertex -43.8417 13.805 2.4
      vertex -46.3722 9.2569 2.4
      vertex -46.2067 8.89443 2.4
    endloop
  endfacet
  facet normal 0 0 1
    outer loop
      vertex -43.8417 13.805 2.4
      vertex -46.6332 9.55805 2.4
      vertex -46.3722 9.2569 2.4
    endloop
  endfacet
  facet normal 0 0 1
    outer loop
      vertex -43.8417 13.805 2.4
      vertex -46.9684 9.77348 2.4
      vertex -46.6332 9.55805 2.4
    endloop
  endfacet
  facet normal 0 0 1
    outer loop
      vertex -43.8417 13.805 2.4
      vertex -47.3508 9.88575 2.4
      vertex -46.9684 9.77348 2.4
    endloop
  endfacet
  facet normal 0 0 1
    outer loop
      vertex -43.8417 13.805 2.4
      vertex -47.7492 9.88575 2.4
      vertex -47.3508 9.88575 2.4
    endloop
  endfacet
  facet normal 0 -0 1
    outer loop
      vertex -48.1316 9.77348 2.4
      vertex -43.8417 13.805 2.4
      vertex -51.546 27.23 2.4
    endloop
  endfacet
  facet normal 0 0 1
    outer loop
      vertex -43.8417 13.805 2.4
      vertex -48.1316 9.77348 2.4
      vertex -47.7492 9.88575 2.4
    endloop
  endfacet
  facet normal 0 0 1
    outer loop
      vertex -48.1316 9.77348 2.4
      vertex -51.546 27.23 2.4
      vertex -48.4668 9.55805 2.4
    endloop
  endfacet
  facet normal 0 0 1
    outer loop
      vertex -48.4668 9.55805 2.4
      vertex -51.546 27.23 2.4
      vertex -48.7278 9.2569 2.4
    endloop
  endfacet
  facet normal 0 0 1
    outer loop
      vertex -51.546 4.80122 2.4
      vertex -48.95 8.5 2.4
      vertex -48.8933 8.89443 2.4
    endloop
  endfacet
  facet normal 0 0 1
    outer loop
      vertex -48.7278 9.2569 2.4
      vertex -51.546 27.23 2.4
      vertex -48.8933 8.89443 2.4
    endloop
  endfacet
  facet normal 0 0 1
    outer loop
      vertex -48.95 8.5 2.4
      vertex -51.546 4.80122 2.4
      vertex -51.5102 4.37866 2.4
    endloop
  endfacet
  facet normal 0 0 1
    outer loop
      vertex -48.8933 8.89443 2.4
      vertex -51.546 27.23 2.4
      vertex -51.546 4.80122 2.4
    endloop
  endfacet
  facet normal 0 0 1
    outer loop
      vertex -51.5102 4.37866 2.4
      vertex -51.546 4.80122 2.4
      vertex -51.5145 4.40492 2.4
    endloop
  endfacet
  facet normal 0 0 1
    outer loop
      vertex 48.7278 118.443 2.4
      vertex 51.55 120.2 2.4
      vertex 48.8933 118.806 2.4
    endloop
  endfacet
  facet normal 0 0 1
    outer loop
      vertex 51.55 120.2 2.4
      vertex 48.8933 8.89443 2.4
      vertex 48.95 8.5 2.4
    endloop
  endfacet
  facet normal 0 0 1
    outer loop
      vertex 48.4668 118.142 2.4
      vertex 51.55 120.2 2.4
      vertex 48.7278 118.443 2.4
    endloop
  endfacet
  facet normal 0 0 1
    outer loop
      vertex 51.55 120.2 2.4
      vertex 48.7278 9.2569 2.4
      vertex 48.8933 8.89443 2.4
    endloop
  endfacet
  facet normal 0 0 1
    outer loop
      vertex 48.4668 9.55805 2.4
      vertex 51.55 120.2 2.4
      vertex 48.4668 118.142 2.4
    endloop
  endfacet
  facet normal 0 0 1
    outer loop
      vertex 51.55 120.2 2.4
      vertex 48.4668 9.55805 2.4
      vertex 48.7278 9.2569 2.4
    endloop
  endfacet
  facet normal -0 0 1
    outer loop
      vertex 48.1316 117.927 2.4
      vertex 48.4668 9.55805 2.4
      vertex 48.4668 118.142 2.4
    endloop
  endfacet
  facet normal 0 0 1
    outer loop
      vertex 48.1316 117.927 2.4
      vertex 48.1316 9.77348 2.4
      vertex 48.4668 9.55805 2.4
    endloop
  endfacet
  facet normal -0 0 1
    outer loop
      vertex 47.7492 117.814 2.4
      vertex 48.1316 9.77348 2.4
      vertex 48.1316 117.927 2.4
    endloop
  endfacet
  facet normal 0 0 1
    outer loop
      vertex 47.7492 117.814 2.4
      vertex 47.7492 9.88575 2.4
      vertex 48.1316 9.77348 2.4
    endloop
  endfacet
  facet normal 0 0 1
    outer loop
      vertex 36.45 114.2 2.4
      vertex 47.7492 117.814 2.4
      vertex 47.3508 117.814 2.4
    endloop
  endfacet
  facet normal 0 0 1
    outer loop
      vertex 47.7492 117.814 2.4
      vertex 36.45 14 2.4
      vertex 47.7492 9.88575 2.4
    endloop
  endfacet
  facet normal 0 0 1
    outer loop
      vertex 36.45 114.2 2.4
      vertex 47.3508 117.814 2.4
      vertex 46.9684 117.927 2.4
    endloop
  endfacet
  facet normal 0 0 1
    outer loop
      vertex 47.7492 9.88575 2.4
      vertex 36.45 14 2.4
      vertex 47.3508 9.88575 2.4
    endloop
  endfacet
  facet normal 0 0 1
    outer loop
      vertex 36.45 114.2 2.4
      vertex 46.9684 117.927 2.4
      vertex 46.6332 118.142 2.4
    endloop
  endfacet
  facet normal 0 0 1
    outer loop
      vertex 47.3508 9.88575 2.4
      vertex 36.45 14 2.4
      vertex 46.9684 9.77348 2.4
    endloop
  endfacet
  facet normal 0 0 1
    outer loop
      vertex 36.45 114.2 2.4
      vertex 46.6332 118.142 2.4
      vertex 46.3722 118.443 2.4
    endloop
  endfacet
  facet normal 0 0 1
    outer loop
      vertex 46.9684 9.77348 2.4
      vertex 36.45 14 2.4
      vertex 46.6332 9.55805 2.4
    endloop
  endfacet
  facet normal 0 0 1
    outer loop
      vertex 36.3186 114.966 2.4
      vertex 46.3722 118.443 2.4
      vertex 46.2067 118.806 2.4
    endloop
  endfacet
  facet normal -0 0 1
    outer loop
      vertex 36.4169 13.6113 2.4
      vertex 46.6332 9.55805 2.4
      vertex 36.45 14 2.4
    endloop
  endfacet
  facet normal 0 0 1
    outer loop
      vertex 36.1579 115.322 2.4
      vertex 46.2067 118.806 2.4
      vertex 46.15 119.2 2.4
    endloop
  endfacet
  facet normal 0 0 1
    outer loop
      vertex 46.6332 9.55805 2.4
      vertex 36.4169 13.6113 2.4
      vertex 46.3722 9.2569 2.4
    endloop
  endfacet
  facet normal 0 0 1
    outer loop
      vertex 51.55 120.2 2.4
      vertex 48.8933 119.594 2.4
      vertex 48.95 119.2 2.4
    endloop
  endfacet
  facet normal 0 0 1
    outer loop
      vertex 47.7492 120.586 2.4
      vertex 49.1072 124.497 2.4
      vertex 48.7577 124.686 2.4
    endloop
  endfacet
  facet normal 0 0 1
    outer loop
      vertex 49.4404 124.28 2.4
      vertex 48.7278 119.957 2.4
      vertex 48.8933 119.594 2.4
    endloop
  endfacet
  facet normal 0 0 1
    outer loop
      vertex 49.4404 124.28 2.4
      vertex 48.4668 120.258 2.4
      vertex 48.7278 119.957 2.4
    endloop
  endfacet
  facet normal 0 0 1
    outer loop
      vertex 47.7492 120.586 2.4
      vertex 48.7577 124.686 2.4
      vertex 48.3943 124.847 2.4
    endloop
  endfacet
  facet normal 0 0 1
    outer loop
      vertex 49.4404 124.28 2.4
      vertex 48.1316 120.473 2.4
      vertex 48.4668 120.258 2.4
    endloop
  endfacet
  facet normal 0 0 1
    outer loop
      vertex 47.3508 120.586 2.4
      vertex 48.3943 124.847 2.4
      vertex 48.0192 124.979 2.4
    endloop
  endfacet
  facet normal 0 0 1
    outer loop
      vertex 49.4404 124.28 2.4
      vertex 47.7492 120.586 2.4
      vertex 48.1316 120.473 2.4
    endloop
  endfacet
  facet normal 0 0 1
    outer loop
      vertex 47.3508 120.586 2.4
      vertex 48.0192 124.979 2.4
      vertex 47.6349 125.081 2.4
    endloop
  endfacet
  facet normal 0 0 1
    outer loop
      vertex 48.3943 124.847 2.4
      vertex 47.3508 120.586 2.4
      vertex 47.7492 120.586 2.4
    endloop
  endfacet
  facet normal 0 0 1
    outer loop
      vertex 47.2437 125.152 2.4
      vertex 47.3508 120.586 2.4
      vertex 47.6349 125.081 2.4
    endloop
  endfacet
  facet normal 0 0 1
    outer loop
      vertex 46.8481 125.191 2.4
      vertex 47.3508 120.586 2.4
      vertex 47.2437 125.152 2.4
    endloop
  endfacet
  facet normal 0 0 1
    outer loop
      vertex 46.4506 125.199 2.4
      vertex 47.3508 120.586 2.4
      vertex 46.8481 125.191 2.4
    endloop
  endfacet
  facet normal 0 0 1
    outer loop
      vertex 47.3508 120.586 2.4
      vertex 46.4506 125.199 2.4
      vertex 46.9684 120.473 2.4
    endloop
  endfacet
  facet normal 0 0 1
    outer loop
      vertex 46.9684 120.473 2.4
      vertex 46.4506 125.199 2.4
      vertex 46.6332 120.258 2.4
    endloop
  endfacet
  facet normal 0 0 1
    outer loop
      vertex 46.4506 125.199 2.4
      vertex 46.3722 119.957 2.4
      vertex 46.6332 120.258 2.4
    endloop
  endfacet
  facet normal 0 0 1
    outer loop
      vertex 46.4506 125.199 2.4
      vertex 46.2067 119.594 2.4
      vertex 46.3722 119.957 2.4
    endloop
  endfacet
  facet normal 0 0 1
    outer loop
      vertex 35.3559 116.159 2.4
      vertex 46.2067 119.594 2.4
      vertex 46.4506 125.199 2.4
    endloop
  endfacet
  facet normal 0 0 1
    outer loop
      vertex 47.7492 117.814 2.4
      vertex 36.45 114.2 2.4
      vertex 36.45 14 2.4
    endloop
  endfacet
  facet normal 0 -0 1
    outer loop
      vertex 35.6695 115.927 2.4
      vertex 46.2067 119.594 2.4
      vertex 35.3559 116.159 2.4
    endloop
  endfacet
  facet normal 0 0 1
    outer loop
      vertex 46.3722 118.443 2.4
      vertex 36.4169 114.589 2.4
      vertex 36.45 114.2 2.4
    endloop
  endfacet
  facet normal 0 0 1
    outer loop
      vertex 46.3722 118.443 2.4
      vertex 36.3186 114.966 2.4
      vertex 36.4169 114.589 2.4
    endloop
  endfacet
  facet normal 0 0 1
    outer loop
      vertex 46.2067 118.806 2.4
      vertex 36.1579 115.322 2.4
      vertex 36.3186 114.966 2.4
    endloop
  endfacet
  facet normal 0 0 1
    outer loop
      vertex 46.15 119.2 2.4
      vertex 35.9395 115.645 2.4
      vertex 36.1579 115.322 2.4
    endloop
  endfacet
  facet normal 0 0 1
    outer loop
      vertex 46.15 119.2 2.4
      vertex 35.6695 115.927 2.4
      vertex 35.9395 115.645 2.4
    endloop
  endfacet
  facet normal 0 0 1
    outer loop
      vertex 46.2067 119.594 2.4
      vertex 35.6695 115.927 2.4
      vertex 46.15 119.2 2.4
    endloop
  endfacet
  facet normal 0 0 1
    outer loop
      vertex 46.4506 125.199 2.4
      vertex 35.0076 116.334 2.4
      vertex 35.3559 116.159 2.4
    endloop
  endfacet
  facet normal 0 0 1
    outer loop
      vertex 46.4506 125.199 2.4
      vertex 34.6345 116.448 2.4
      vertex 35.0076 116.334 2.4
    endloop
  endfacet
  facet normal 0 0 1
    outer loop
      vertex 46.4506 125.199 2.4
      vertex 34.2476 116.498 2.4
      vertex 34.6345 116.448 2.4
    endloop
  endfacet
  facet normal -0 0 1
    outer loop
      vertex -46.6494 125.199 2.4
      vertex 34.2476 116.498 2.4
      vertex 46.4506 125.199 2.4
    endloop
  endfacet
  facet normal 0 0 1
    outer loop
      vertex 34.2476 116.498 2.4
      vertex -46.6494 125.199 2.4
      vertex -41.4524 116.498 2.4
    endloop
  endfacet
  facet normal 0 0 1
    outer loop
      vertex -43.4556 115.488 2.4
      vertex -46.6332 118.142 2.4
      vertex -43.6458 115.147 2.4
    endloop
  endfacet
  facet normal -0 0 1
    outer loop
      vertex -46.6332 118.142 2.4
      vertex -43.4556 115.488 2.4
      vertex -46.3722 118.443 2.4
    endloop
  endfacet
  facet normal 0 0 1
    outer loop
      vertex -43.2105 115.791 2.4
      vertex -46.3722 118.443 2.4
      vertex -43.4556 115.488 2.4
    endloop
  endfacet
  facet normal 0 0 1
    outer loop
      vertex -42.9177 116.049 2.4
      vertex -46.3722 118.443 2.4
      vertex -43.2105 115.791 2.4
    endloop
  endfacet
  facet normal -0 0 1
    outer loop
      vertex -46.3722 118.443 2.4
      vertex -42.9177 116.049 2.4
      vertex -46.2067 118.806 2.4
    endloop
  endfacet
  facet normal 0 0 1
    outer loop
      vertex -42.5855 116.254 2.4
      vertex -46.2067 118.806 2.4
      vertex -42.9177 116.049 2.4
    endloop
  endfacet
  facet normal -0 0 1
    outer loop
      vertex -46.2067 118.806 2.4
      vertex -42.5855 116.254 2.4
      vertex -46.15 119.2 2.4
    endloop
  endfacet
  facet normal 0 0 1
    outer loop
      vertex -42.2235 116.399 2.4
      vertex -46.15 119.2 2.4
      vertex -42.5855 116.254 2.4
    endloop
  endfacet
  facet normal 0 0 1
    outer loop
      vertex -41.8421 116.481 2.4
      vertex -46.15 119.2 2.4
      vertex -42.2235 116.399 2.4
    endloop
  endfacet
  facet normal -0 -0 1
    outer loop
      vertex -46.3722 119.957 2.4
      vertex -41.4524 116.498 2.4
      vertex -46.6494 125.199 2.4
    endloop
  endfacet
  facet normal 0 0 1
    outer loop
      vertex -41.8421 116.481 2.4
      vertex -46.2067 119.594 2.4
      vertex -46.15 119.2 2.4
    endloop
  endfacet
  facet normal -0 -0 1
    outer loop
      vertex -46.2067 119.594 2.4
      vertex -41.4524 116.498 2.4
      vertex -46.3722 119.957 2.4
    endloop
  endfacet
  facet normal 0 0 1
    outer loop
      vertex -41.4524 116.498 2.4
      vertex -46.2067 119.594 2.4
      vertex -41.8421 116.481 2.4
    endloop
  endfacet
  facet normal 0 0 1
    outer loop
      vertex -46.3722 119.957 2.4
      vertex -46.6494 125.199 2.4
      vertex -46.6332 120.258 2.4
    endloop
  endfacet
  facet normal 0 0 1
    outer loop
      vertex -46.6494 125.199 2.4
      vertex -46.9684 120.473 2.4
      vertex -46.6332 120.258 2.4
    endloop
  endfacet
  facet normal 0 0 1
    outer loop
      vertex -47.3508 120.586 2.4
      vertex -46.6494 125.199 2.4
      vertex -47.0463 125.175 2.4
    endloop
  endfacet
  facet normal 0 0 1
    outer loop
      vertex -46.6494 125.199 2.4
      vertex -47.3508 120.586 2.4
      vertex -46.9684 120.473 2.4
    endloop
  endfacet
  facet normal -0 0 1
    outer loop
      vertex -47.44 125.12 2.4
      vertex -47.3508 120.586 2.4
      vertex -47.0463 125.175 2.4
    endloop
  endfacet
  facet normal -0 0 1
    outer loop
      vertex -47.8281 125.034 2.4
      vertex -47.3508 120.586 2.4
      vertex -47.44 125.12 2.4
    endloop
  endfacet
  facet normal -0 0 1
    outer loop
      vertex -48.2081 124.917 2.4
      vertex -47.3508 120.586 2.4
      vertex -47.8281 125.034 2.4
    endloop
  endfacet
  facet normal 0 0 1
    outer loop
      vertex -47.3508 120.586 2.4
      vertex -48.2081 124.917 2.4
      vertex -47.7492 120.586 2.4
    endloop
  endfacet
  facet normal -0 0 1
    outer loop
      vertex -48.5776 124.77 2.4
      vertex -47.7492 120.586 2.4
      vertex -48.2081 124.917 2.4
    endloop
  endfacet
  facet normal -0 0 1
    outer loop
      vertex -48.9343 124.595 2.4
      vertex -47.7492 120.586 2.4
      vertex -48.5776 124.77 2.4
    endloop
  endfacet
  facet normal -0 0 1
    outer loop
      vertex -49.276 124.392 2.4
      vertex -47.7492 120.586 2.4
      vertex -48.9343 124.595 2.4
    endloop
  endfacet
  facet normal -0 0 1
    outer loop
      vertex -49.6004 124.162 2.4
      vertex -47.7492 120.586 2.4
      vertex -49.276 124.392 2.4
    endloop
  endfacet
  facet normal -0 0 1
    outer loop
      vertex -49.9055 123.907 2.4
      vertex -47.7492 120.586 2.4
      vertex -49.6004 124.162 2.4
    endloop
  endfacet
  facet normal 0 0 1
    outer loop
      vertex -47.7492 120.586 2.4
      vertex -49.9055 123.907 2.4
      vertex -48.1316 120.473 2.4
    endloop
  endfacet
  facet normal -0 0 1
    outer loop
      vertex -50.1894 123.629 2.4
      vertex -48.1316 120.473 2.4
      vertex -49.9055 123.907 2.4
    endloop
  endfacet
  facet normal -0 0 1
    outer loop
      vertex -50.4503 123.329 2.4
      vertex -48.1316 120.473 2.4
      vertex -50.1894 123.629 2.4
    endloop
  endfacet
  facet normal 0 0 1
    outer loop
      vertex 48.8933 119.594 2.4
      vertex 51.55 120.2 2.4
      vertex 51.5342 120.597 2.4
    endloop
  endfacet
  facet normal 0 0 1
    outer loop
      vertex 51.55 120.2 2.4
      vertex 48.95 8.5 2.4
      vertex 51.55 5.00001 2.4
    endloop
  endfacet
  facet normal -0 0 1
    outer loop
      vertex 48.8933 8.10557 2.4
      vertex 51.55 5.00001 2.4
      vertex 48.95 8.5 2.4
    endloop
  endfacet
  facet normal 0 0 1
    outer loop
      vertex 48.8933 119.594 2.4
      vertex 51.5342 120.597 2.4
      vertex 51.4869 120.992 2.4
    endloop
  endfacet
  facet normal 0 0 1
    outer loop
      vertex 48.8933 119.594 2.4
      vertex 51.4869 120.992 2.4
      vertex 51.4083 121.382 2.4
    endloop
  endfacet
  facet normal 0 0 1
    outer loop
      vertex 48.8933 119.594 2.4
      vertex 51.4083 121.382 2.4
      vertex 51.2991 121.764 2.4
    endloop
  endfacet
  facet normal 0 0 1
    outer loop
      vertex 48.8933 119.594 2.4
      vertex 51.2991 121.764 2.4
      vertex 51.1598 122.136 2.4
    endloop
  endfacet
  facet normal 0 0 1
    outer loop
      vertex 48.8933 119.594 2.4
      vertex 51.1598 122.136 2.4
      vertex 50.9914 122.496 2.4
    endloop
  endfacet
  facet normal 0 0 1
    outer loop
      vertex 48.8933 119.594 2.4
      vertex 50.9914 122.496 2.4
      vertex 50.7949 122.842 2.4
    endloop
  endfacet
  facet normal 0 0 1
    outer loop
      vertex 48.8933 119.594 2.4
      vertex 50.7949 122.842 2.4
      vertex 50.5716 123.171 2.4
    endloop
  endfacet
  facet normal 0 0 1
    outer loop
      vertex 48.8933 119.594 2.4
      vertex 50.5716 123.171 2.4
      vertex 50.3228 123.481 2.4
    endloop
  endfacet
  facet normal 0 0 1
    outer loop
      vertex 48.8933 119.594 2.4
      vertex 50.3228 123.481 2.4
      vertex 50.0502 123.771 2.4
    endloop
  endfacet
  facet normal 0 0 1
    outer loop
      vertex 48.8933 119.594 2.4
      vertex 50.0502 123.771 2.4
      vertex 49.7555 124.037 2.4
    endloop
  endfacet
  facet normal 0 0 1
    outer loop
      vertex 48.8933 119.594 2.4
      vertex 49.7555 124.037 2.4
      vertex 49.4404 124.28 2.4
    endloop
  endfacet
  facet normal 0 0 1
    outer loop
      vertex 47.7492 120.586 2.4
      vertex 49.4404 124.28 2.4
      vertex 49.1072 124.497 2.4
    endloop
  endfacet
  facet normal 0 0 1
    outer loop
      vertex 48.8933 118.806 2.4
      vertex 51.55 120.2 2.4
      vertex 48.95 119.2 2.4
    endloop
  endfacet
  facet normal -0 0 1
    outer loop
      vertex 48.7278 7.7431 2.4
      vertex 51.55 5.00001 2.4
      vertex 48.8933 8.10557 2.4
    endloop
  endfacet
  facet normal -0 0 1
    outer loop
      vertex 48.4668 7.44195 2.4
      vertex 51.55 5.00001 2.4
      vertex 48.7278 7.7431 2.4
    endloop
  endfacet
  facet normal -0 0 1
    outer loop
      vertex 48.1316 7.22651 2.4
      vertex 51.55 5.00001 2.4
      vertex 48.4668 7.44195 2.4
    endloop
  endfacet
  facet normal 0 0 1
    outer loop
      vertex 51.55 5.00001 2.4
      vertex 48.1316 7.22651 2.4
      vertex 51.5342 4.60276 2.4
    endloop
  endfacet
  facet normal 0 0 1
    outer loop
      vertex 51.5342 4.60276 2.4
      vertex 48.1316 7.22651 2.4
      vertex 51.5073 4.37866 2.4
    endloop
  endfacet
  facet normal -0 0 1
    outer loop
      vertex 47.7492 7.11425 2.4
      vertex 51.5073 4.37866 2.4
      vertex 48.1316 7.22651 2.4
    endloop
  endfacet
  facet normal -0 0 1
    outer loop
      vertex 47.3508 7.11425 2.4
      vertex 51.5073 4.37866 2.4
      vertex 47.7492 7.11425 2.4
    endloop
  endfacet
  facet normal 0 0 1
    outer loop
      vertex 46.9684 7.22651 2.4
      vertex 51.5073 4.37866 2.4
      vertex 47.3508 7.11425 2.4
    endloop
  endfacet
  facet normal -0 0 1
    outer loop
      vertex 36.3186 13.2338 2.4
      vertex 46.3722 9.2569 2.4
      vertex 36.4169 13.6113 2.4
    endloop
  endfacet
  facet normal 0 0 1
    outer loop
      vertex 46.3722 9.2569 2.4
      vertex 36.3186 13.2338 2.4
      vertex 46.2067 8.89443 2.4
    endloop
  endfacet
  facet normal -0 0 1
    outer loop
      vertex 36.1579 12.8783 2.4
      vertex 46.2067 8.89443 2.4
      vertex 36.3186 13.2338 2.4
    endloop
  endfacet
  facet normal -0 0 1
    outer loop
      vertex 35.9395 12.5551 2.4
      vertex 46.2067 8.89443 2.4
      vertex 36.1579 12.8783 2.4
    endloop
  endfacet
  facet normal 0 0 1
    outer loop
      vertex 46.2067 8.89443 2.4
      vertex 35.9395 12.5551 2.4
      vertex 46.15 8.5 2.4
    endloop
  endfacet
  facet normal -0 0 1
    outer loop
      vertex 35.6695 12.2735 2.4
      vertex 46.15 8.5 2.4
      vertex 35.9395 12.5551 2.4
    endloop
  endfacet
  facet normal 0 0 1
    outer loop
      vertex 46.15 8.5 2.4
      vertex 35.6695 12.2735 2.4
      vertex 46.2067 8.10557 2.4
    endloop
  endfacet
  facet normal -0 0 1
    outer loop
      vertex 35.3559 12.0415 2.4
      vertex 46.2067 8.10557 2.4
      vertex 35.6695 12.2735 2.4
    endloop
  endfacet
  facet normal -0 0 1
    outer loop
      vertex 35.0076 11.8659 2.4
      vertex 46.2067 8.10557 2.4
      vertex 35.3559 12.0415 2.4
    endloop
  endfacet
  facet normal 0 0 1
    outer loop
      vertex 46.2067 8.10557 2.4
      vertex 35.0076 11.8659 2.4
      vertex 46.3722 7.7431 2.4
    endloop
  endfacet
  facet normal -0 0 1
    outer loop
      vertex 34.6345 11.7516 2.4
      vertex 46.3722 7.7431 2.4
      vertex 35.0076 11.8659 2.4
    endloop
  endfacet
  facet normal 0 0 1
    outer loop
      vertex 46.3722 7.7431 2.4
      vertex 34.6345 11.7516 2.4
      vertex 46.6332 7.44195 2.4
    endloop
  endfacet
  facet normal -0 0 1
    outer loop
      vertex 34.2476 11.7021 2.4
      vertex 46.6332 7.44195 2.4
      vertex 34.6345 11.7516 2.4
    endloop
  endfacet
  facet normal 0 0 1
    outer loop
      vertex 46.6332 7.44195 2.4
      vertex 34.2476 11.7021 2.4
      vertex 46.9684 7.22651 2.4
    endloop
  endfacet
  facet normal 0 0 1
    outer loop
      vertex 46.9684 7.22651 2.4
      vertex 34.2476 11.7021 2.4
      vertex 51.5073 4.37866 2.4
    endloop
  endfacet
  facet normal 0 0 1
    outer loop
      vertex -46.6332 7.44195 2.4
      vertex 34.2476 11.7021 2.4
      vertex -41.4524 11.7021 2.4
    endloop
  endfacet
  facet normal 0 0 1
    outer loop
      vertex -46.2067 8.10557 2.4
      vertex -41.4524 11.7021 2.4
      vertex -41.8421 11.7186 2.4
    endloop
  endfacet
  facet normal 0 0 1
    outer loop
      vertex -46.15 8.5 2.4
      vertex -43.7758 13.4205 2.4
      vertex -43.8417 13.805 2.4
    endloop
  endfacet
  facet normal 0 0 1
    outer loop
      vertex -46.15 8.5 2.4
      vertex -43.6458 13.0526 2.4
      vertex -43.7758 13.4205 2.4
    endloop
  endfacet
  facet normal 0 0 1
    outer loop
      vertex -46.15 8.5 2.4
      vertex -43.4556 12.7121 2.4
      vertex -43.6458 13.0526 2.4
    endloop
  endfacet
  facet normal 0 0 1
    outer loop
      vertex -46.15 8.5 2.4
      vertex -43.2105 12.4085 2.4
      vertex -43.4556 12.7121 2.4
    endloop
  endfacet
  facet normal 0 0 1
    outer loop
      vertex -46.15 8.5 2.4
      vertex -42.9177 12.1508 2.4
      vertex -43.2105 12.4085 2.4
    endloop
  endfacet
  facet normal 0 0 1
    outer loop
      vertex -46.15 8.5 2.4
      vertex -42.5855 11.9463 2.4
      vertex -42.9177 12.1508 2.4
    endloop
  endfacet
  facet normal 0 0 1
    outer loop
      vertex -46.15 8.5 2.4
      vertex -42.2235 11.8008 2.4
      vertex -42.5855 11.9463 2.4
    endloop
  endfacet
  facet normal 0 0 1
    outer loop
      vertex -46.15 8.5 2.4
      vertex -41.8421 11.7186 2.4
      vertex -42.2235 11.8008 2.4
    endloop
  endfacet
  facet normal 0 0 1
    outer loop
      vertex -46.2067 8.10557 2.4
      vertex -41.8421 11.7186 2.4
      vertex -46.15 8.5 2.4
    endloop
  endfacet
  facet normal 0 0 1
    outer loop
      vertex -41.4524 11.7021 2.4
      vertex -46.2067 8.10557 2.4
      vertex -46.3722 7.7431 2.4
    endloop
  endfacet
  facet normal 0 0 1
    outer loop
      vertex -41.4524 11.7021 2.4
      vertex -46.3722 7.7431 2.4
      vertex -46.6332 7.44195 2.4
    endloop
  endfacet
  facet normal 0 0 1
    outer loop
      vertex -46.9684 7.22651 2.4
      vertex 34.2476 11.7021 2.4
      vertex -46.6332 7.44195 2.4
    endloop
  endfacet
  facet normal 0 0 1
    outer loop
      vertex -51.5102 4.37866 2.4
      vertex 34.2476 11.7021 2.4
      vertex -46.9684 7.22651 2.4
    endloop
  endfacet
  facet normal 0 0 1
    outer loop
      vertex -51.5102 4.37866 2.4
      vertex -46.9684 7.22651 2.4
      vertex -47.3508 7.11425 2.4
    endloop
  endfacet
  facet normal 0 0 1
    outer loop
      vertex -51.5102 4.37866 2.4
      vertex -47.3508 7.11425 2.4
      vertex -47.7492 7.11425 2.4
    endloop
  endfacet
  facet normal 0 0 1
    outer loop
      vertex 34.2476 11.7021 2.4
      vertex -51.5102 4.37866 2.4
      vertex 51.5073 4.37866 2.4
    endloop
  endfacet
  facet normal 0 0 1
    outer loop
      vertex -48.1316 7.22651 2.4
      vertex -51.5102 4.37866 2.4
      vertex -47.7492 7.11425 2.4
    endloop
  endfacet
  facet normal 0 0 1
    outer loop
      vertex -48.4668 7.44195 2.4
      vertex -51.5102 4.37866 2.4
      vertex -48.1316 7.22651 2.4
    endloop
  endfacet
  facet normal 0 0 1
    outer loop
      vertex -48.7278 7.7431 2.4
      vertex -51.5102 4.37866 2.4
      vertex -48.4668 7.44195 2.4
    endloop
  endfacet
  facet normal 0 0 1
    outer loop
      vertex -48.8933 8.10557 2.4
      vertex -51.5102 4.37866 2.4
      vertex -48.7278 7.7431 2.4
    endloop
  endfacet
  facet normal 0 0 1
    outer loop
      vertex -51.5102 4.37866 2.4
      vertex -48.8933 8.10557 2.4
      vertex -48.95 8.5 2.4
    endloop
  endfacet
  facet normal -0 0 1
    outer loop
      vertex -46.9684 117.927 2.4
      vertex -43.6458 115.147 2.4
      vertex -46.6332 118.142 2.4
    endloop
  endfacet
  facet normal 0 0 1
    outer loop
      vertex -43.6458 115.147 2.4
      vertex -46.9684 117.927 2.4
      vertex -43.7758 114.78 2.4
    endloop
  endfacet
  facet normal -0 0 1
    outer loop
      vertex -47.3508 117.814 2.4
      vertex -43.7758 114.78 2.4
      vertex -46.9684 117.927 2.4
    endloop
  endfacet
  facet normal 0 0 1
    outer loop
      vertex -43.7758 114.78 2.4
      vertex -47.3508 117.814 2.4
      vertex -43.8417 114.395 2.4
    endloop
  endfacet
  facet normal -0 0 1
    outer loop
      vertex -47.7492 117.814 2.4
      vertex -43.8417 114.395 2.4
      vertex -47.3508 117.814 2.4
    endloop
  endfacet
  facet normal 0 0 1
    outer loop
      vertex -48.1316 117.927 2.4
      vertex -43.8417 114.395 2.4
      vertex -47.7492 117.814 2.4
    endloop
  endfacet
  facet normal 0 0 1
    outer loop
      vertex -48.4668 118.142 2.4
      vertex -43.8417 114.395 2.4
      vertex -48.1316 117.927 2.4
    endloop
  endfacet
  facet normal 0 0 1
    outer loop
      vertex -43.8417 114.395 2.4
      vertex -48.4668 118.142 2.4
      vertex -51.546 40.23 2.4
    endloop
  endfacet
  facet normal 0 0 1
    outer loop
      vertex -51.546 120.399 2.4
      vertex -48.4668 118.142 2.4
      vertex -48.7278 118.443 2.4
    endloop
  endfacet
  facet normal 0 0 1
    outer loop
      vertex -51.546 120.399 2.4
      vertex -48.7278 118.443 2.4
      vertex -48.8933 118.806 2.4
    endloop
  endfacet
  facet normal 0 0 1
    outer loop
      vertex -51.546 120.399 2.4
      vertex -48.8933 118.806 2.4
      vertex -48.95 119.2 2.4
    endloop
  endfacet
  facet normal -0 0 1
    outer loop
      vertex -50.6865 123.009 2.4
      vertex -48.1316 120.473 2.4
      vertex -50.4503 123.329 2.4
    endloop
  endfacet
  facet normal 0 0 1
    outer loop
      vertex -48.1316 120.473 2.4
      vertex -50.6865 123.009 2.4
      vertex -48.4668 120.258 2.4
    endloop
  endfacet
  facet normal -0 0 1
    outer loop
      vertex -50.8966 122.671 2.4
      vertex -48.4668 120.258 2.4
      vertex -50.6865 123.009 2.4
    endloop
  endfacet
  facet normal -0 0 1
    outer loop
      vertex -51.0792 122.318 2.4
      vertex -48.4668 120.258 2.4
      vertex -50.8966 122.671 2.4
    endloop
  endfacet
  facet normal -0 0 1
    outer loop
      vertex -51.2332 121.952 2.4
      vertex -48.4668 120.258 2.4
      vertex -51.0792 122.318 2.4
    endloop
  endfacet
  facet normal -0 0 1
    outer loop
      vertex -51.3575 121.574 2.4
      vertex -48.4668 120.258 2.4
      vertex -51.2332 121.952 2.4
    endloop
  endfacet
  facet normal 0 0 1
    outer loop
      vertex -48.4668 120.258 2.4
      vertex -51.3575 121.574 2.4
      vertex -48.7278 119.957 2.4
    endloop
  endfacet
  facet normal -0 0 1
    outer loop
      vertex -51.4515 121.188 2.4
      vertex -48.7278 119.957 2.4
      vertex -51.3575 121.574 2.4
    endloop
  endfacet
  facet normal -0 0 1
    outer loop
      vertex -51.5145 120.795 2.4
      vertex -48.7278 119.957 2.4
      vertex -51.4515 121.188 2.4
    endloop
  endfacet
  facet normal -0 0 1
    outer loop
      vertex -51.546 120.399 2.4
      vertex -48.7278 119.957 2.4
      vertex -51.5145 120.795 2.4
    endloop
  endfacet
  facet normal 0 0 1
    outer loop
      vertex -48.7278 119.957 2.4
      vertex -51.546 120.399 2.4
      vertex -48.8933 119.594 2.4
    endloop
  endfacet
  facet normal 0 0 1
    outer loop
      vertex -48.8933 119.594 2.4
      vertex -51.546 120.399 2.4
      vertex -48.95 119.2 2.4
    endloop
  endfacet
  facet normal 0 0 1
    outer loop
      vertex -48.4668 118.142 2.4
      vertex -51.546 120.399 2.4
      vertex -51.546 40.23 2.4
    endloop
  endfacet
  facet normal 0 0 1
    outer loop
      vertex -43.8417 114.395 2.4
      vertex -51.546 40.23 2.4
      vertex -43.8417 40.23 2.4
    endloop
  endfacet
  facet normal -0 0 1
    outer loop
      vertex -43.8417 40.23 2.4
      vertex -43.05 27.23 2.4
      vertex -43.05 40.23 2.4
    endloop
  endfacet
  facet normal 0 0 1
    outer loop
      vertex -43.8417 40.23 2.4
      vertex -43.8417 27.23 2.4
      vertex -43.05 27.23 2.4
    endloop
  endfacet
  facet normal -0 0 1
    outer loop
      vertex -51.546 40.23 2.4
      vertex -43.8417 27.23 2.4
      vertex -43.8417 40.23 2.4
    endloop
  endfacet
  facet normal 0 0 1
    outer loop
      vertex -43.8417 27.23 2.4
      vertex -51.546 40.23 2.4
      vertex -51.546 27.23 2.4
    endloop
  endfacet
  facet normal -1 0 0
    outer loop
      vertex -41.05 15.2 3.2
      vertex -41.05 14.5 3.2
      vertex -41.05 15.2 7.7
    endloop
  endfacet
  facet normal -1 0 0
    outer loop
      vertex -41.05 15.2 7.7
      vertex -41.05 17.5 17.6
      vertex -41.05 17.5 7.7
    endloop
  endfacet
  facet normal -1 0 0
    outer loop
      vertex -41.05 15.2 7.7
      vertex -41.05 14.5 17.6
      vertex -41.05 17.5 17.6
    endloop
  endfacet
  facet normal -1 0 0
    outer loop
      vertex -41.05 14.5 17.6
      vertex -41.05 15.2 7.7
      vertex -41.05 14.5 3.2
    endloop
  endfacet
  facet normal 0 0 1
    outer loop
      vertex 33.65 113.7 17.6
      vertex 30.65 110.7 17.6
      vertex 33.65 14.5 17.6
    endloop
  endfacet
  facet normal -0 0 1
    outer loop
      vertex -41.05 113.7 17.6
      vertex 30.65 110.7 17.6
      vertex 33.65 113.7 17.6
    endloop
  endfacet
  facet normal 0 0 1
    outer loop
      vertex 30.65 110.7 17.6
      vertex -41.05 113.7 17.6
      vertex -41.05 110.7 17.6
    endloop
  endfacet
  facet normal -0 0 1
    outer loop
      vertex 30.65 17.5 17.6
      vertex 33.65 14.5 17.6
      vertex 30.65 110.7 17.6
    endloop
  endfacet
  facet normal 0 0 1
    outer loop
      vertex -41.05 14.5 17.6
      vertex 30.65 17.5 17.6
      vertex -41.05 17.5 17.6
    endloop
  endfacet
  facet normal 0 0 1
    outer loop
      vertex 30.65 17.5 17.6
      vertex -41.05 14.5 17.6
      vertex 33.65 14.5 17.6
    endloop
  endfacet
  facet normal 1 -0 0
    outer loop
      vertex 33.65 14.5 17.6
      vertex 33.65 113.7 3.2
      vertex 33.65 113.7 17.6
    endloop
  endfacet
  facet normal 1 0 0
    outer loop
      vertex 33.65 113.7 3.2
      vertex 33.65 14.5 17.6
      vertex 33.65 14.5 3.2
    endloop
  endfacet
  facet normal 0 -1 0
    outer loop
      vertex -41.05 14.5 3.2
      vertex 33.65 14.5 17.6
      vertex -41.05 14.5 17.6
    endloop
  endfacet
  facet normal 0 -1 -0
    outer loop
      vertex 33.65 14.5 17.6
      vertex -41.05 14.5 3.2
      vertex 33.65 14.5 3.2
    endloop
  endfacet
  facet normal 0 1 -0
    outer loop
      vertex 33.65 113.7 3.2
      vertex -41.05 113.7 17.6
      vertex 33.65 113.7 17.6
    endloop
  endfacet
  facet normal 0 1 0
    outer loop
      vertex -41.05 113.7 17.6
      vertex 33.65 113.7 3.2
      vertex -41.05 113.7 3.2
    endloop
  endfacet
  facet normal -1 0 0
    outer loop
      vertex -41.05 110.7 3.2
      vertex -41.05 113.7 17.6
      vertex -41.05 113.7 3.2
    endloop
  endfacet
  facet normal -1 -0 0
    outer loop
      vertex -41.05 113.7 17.6
      vertex -41.05 110.7 3.2
      vertex -41.05 110.7 17.6
    endloop
  endfacet
  facet normal 0 -1 0
    outer loop
      vertex -41.05 110.7 3.2
      vertex 30.65 110.7 17.6
      vertex -41.05 110.7 17.6
    endloop
  endfacet
  facet normal 0 -1 -0
    outer loop
      vertex 30.65 110.7 17.6
      vertex -41.05 110.7 3.2
      vertex 30.65 110.7 3.2
    endloop
  endfacet
  facet normal 0 1 -0
    outer loop
      vertex 10.7 19.2 6.5
      vertex -40.55 19.2 7.7
      vertex 10.7 19.2 7.7
    endloop
  endfacet
  facet normal 0 1 0
    outer loop
      vertex -40.55 19.2 7.7
      vertex 10.7 19.2 6.5
      vertex -40.55 19.2 6.5
    endloop
  endfacet
  facet normal 0 1 -0
    outer loop
      vertex 10.7 19.2 3.2
      vertex -40.55 19.2 4.6
      vertex 10.7 19.2 4.6
    endloop
  endfacet
  facet normal 0 1 0
    outer loop
      vertex -40.55 19.2 4.6
      vertex 10.7 19.2 3.2
      vertex -40.55 19.2 3.2
    endloop
  endfacet
  facet normal -1 0 0
    outer loop
      vertex -42.55 19 3.2
      vertex -42.55 18.6 4.6
      vertex -42.55 19 4.6
    endloop
  endfacet
  facet normal -1 0 0
    outer loop
      vertex -42.55 15.2 7.7
      vertex -42.55 18.6 4.6
      vertex -42.55 15.2 3.2
    endloop
  endfacet
  facet normal -1 0 0
    outer loop
      vertex -42.55 15.2 3.2
      vertex -42.55 18.6 4.6
      vertex -42.55 19 3.2
    endloop
  endfacet
  facet normal -1 0 0
    outer loop
      vertex -42.55 18.6 6.5
      vertex -42.55 19 7.7
      vertex -42.55 19 6.5
    endloop
  endfacet
  facet normal -1 0 0
    outer loop
      vertex -42.55 18.6 4.6
      vertex -42.55 15.2 7.7
      vertex -42.55 18.6 6.5
    endloop
  endfacet
  facet normal -1 0 0
    outer loop
      vertex -42.55 18.6 6.5
      vertex -42.55 15.2 7.7
      vertex -42.55 19 7.7
    endloop
  endfacet
  facet normal 0 0 1
    outer loop
      vertex -42.55 19 7.7
      vertex -40.55 19.2 7.7
      vertex -40.55 25 7.7
    endloop
  endfacet
  facet normal 0 0 1
    outer loop
      vertex -42.55 15.2 7.7
      vertex -41.05 17.5 7.7
      vertex -42.55 19 7.7
    endloop
  endfacet
  facet normal 0 0 1
    outer loop
      vertex -40.55 19.2 7.7
      vertex -42.55 19 7.7
      vertex -41.05 17.5 7.7
    endloop
  endfacet
  facet normal -0 0 1
    outer loop
      vertex -43.55 25 7.7
      vertex -42.55 19 7.7
      vertex -40.55 25 7.7
    endloop
  endfacet
  facet normal 0 0 1
    outer loop
      vertex -42.55 19 7.7
      vertex -43.55 25 7.7
      vertex -43.55 19 7.7
    endloop
  endfacet
  facet normal -0 0 1
    outer loop
      vertex -40.55 19.2 7.7
      vertex 10.7 17.5 7.7
      vertex 10.7 19.2 7.7
    endloop
  endfacet
  facet normal 0 0 1
    outer loop
      vertex 10.7 17.5 7.7
      vertex -40.55 19.2 7.7
      vertex -41.05 17.5 7.7
    endloop
  endfacet
  facet normal 0 0 1
    outer loop
      vertex -41.05 17.5 7.7
      vertex -42.55 15.2 7.7
      vertex -41.05 15.2 7.7
    endloop
  endfacet
  facet normal 1 0 0
    outer loop
      vertex 10.7 19.2 7.7
      vertex 10.7 18.6 6.5
      vertex 10.7 19.2 6.5
    endloop
  endfacet
  facet normal 1 0 0
    outer loop
      vertex 10.7 18.6 6.5
      vertex 10.7 17.5 7.7
      vertex 10.7 18.6 4.6
    endloop
  endfacet
  facet normal 1 -0 0
    outer loop
      vertex 10.7 17.5 7.7
      vertex 10.7 18.6 6.5
      vertex 10.7 19.2 7.7
    endloop
  endfacet
  facet normal 1 -0 0
    outer loop
      vertex 10.7 18.6 4.6
      vertex 10.7 19.2 3.2
      vertex 10.7 19.2 4.6
    endloop
  endfacet
  facet normal 1 0 0
    outer loop
      vertex 10.7 18.6 4.6
      vertex 10.7 17.5 3.2
      vertex 10.7 19.2 3.2
    endloop
  endfacet
  facet normal 1 0 0
    outer loop
      vertex 10.7 17.5 3.2
      vertex 10.7 18.6 4.6
      vertex 10.7 17.5 7.7
    endloop
  endfacet
  facet normal 0 -1 0
    outer loop
      vertex -42.55 15.2 3.2
      vertex -41.05 15.2 7.7
      vertex -42.55 15.2 7.7
    endloop
  endfacet
  facet normal 0 -1 -0
    outer loop
      vertex -41.05 15.2 7.7
      vertex -42.55 15.2 3.2
      vertex -41.05 15.2 3.2
    endloop
  endfacet
  facet normal 0 1 -0
    outer loop
      vertex 10.7 52.26 3.2
      vertex -42.55 52.26 7.7
      vertex 10.7 52.26 7.7
    endloop
  endfacet
  facet normal 0 1 0
    outer loop
      vertex -42.55 52.26 7.7
      vertex 10.7 52.26 3.2
      vertex -42.55 52.26 3.2
    endloop
  endfacet
  facet normal -1 0 0
    outer loop
      vertex -42.55 52.26 3.2
      vertex -42.55 48.86 4.6
      vertex -42.55 52.26 7.7
    endloop
  endfacet
  facet normal -1 0 0
    outer loop
      vertex -42.55 48.46 3.2
      vertex -42.55 48.86 4.6
      vertex -42.55 52.26 3.2
    endloop
  endfacet
  facet normal -1 -0 0
    outer loop
      vertex -42.55 48.86 4.6
      vertex -42.55 48.46 3.2
      vertex -42.55 48.46 4.6
    endloop
  endfacet
  facet normal -1 0 0
    outer loop
      vertex -42.55 48.86 6.5
      vertex -42.55 52.26 7.7
      vertex -42.55 48.86 4.6
    endloop
  endfacet
  facet normal -1 0 0
    outer loop
      vertex -42.55 48.46 7.7
      vertex -42.55 48.86 6.5
      vertex -42.55 48.46 6.5
    endloop
  endfacet
  facet normal -1 0 0
    outer loop
      vertex -42.55 48.86 6.5
      vertex -42.55 48.46 7.7
      vertex -42.55 52.26 7.7
    endloop
  endfacet
  facet normal 0 0 1
    outer loop
      vertex 10.7 52.26 7.7
      vertex -40.55 48.26 7.7
      vertex 10.7 48.26 7.7
    endloop
  endfacet
  facet normal -0 0 1
    outer loop
      vertex -42.55 52.26 7.7
      vertex -40.55 48.26 7.7
      vertex 10.7 52.26 7.7
    endloop
  endfacet
  facet normal -0 0 1
    outer loop
      vertex -42.55 48.46 7.7
      vertex -40.55 48.26 7.7
      vertex -42.55 52.26 7.7
    endloop
  endfacet
  facet normal 0 0 1
    outer loop
      vertex -40.55 48.26 7.7
      vertex -42.55 48.46 7.7
      vertex -40.55 42.46 7.7
    endloop
  endfacet
  facet normal 0 0 1
    outer loop
      vertex -43.55 42.46 7.7
      vertex -42.55 48.46 7.7
      vertex -43.55 48.46 7.7
    endloop
  endfacet
  facet normal 0 0 1
    outer loop
      vertex -42.55 48.46 7.7
      vertex -43.55 42.46 7.7
      vertex -40.55 42.46 7.7
    endloop
  endfacet
  facet normal 1 0 0
    outer loop
      vertex 10.7 48.86 4.6
      vertex 10.7 52.26 7.7
      vertex 10.7 48.86 6.5
    endloop
  endfacet
  facet normal 1 -0 0
    outer loop
      vertex 10.7 48.26 7.7
      vertex 10.7 48.86 6.5
      vertex 10.7 52.26 7.7
    endloop
  endfacet
  facet normal 1 0 0
    outer loop
      vertex 10.7 48.86 6.5
      vertex 10.7 48.26 7.7
      vertex 10.7 48.26 6.5
    endloop
  endfacet
  facet normal 1 0 0
    outer loop
      vertex 10.7 52.26 7.7
      vertex 10.7 48.86 4.6
      vertex 10.7 52.26 3.2
    endloop
  endfacet
  facet normal 1 0 0
    outer loop
      vertex 10.7 48.26 3.2
      vertex 10.7 48.86 4.6
      vertex 10.7 48.26 4.6
    endloop
  endfacet
  facet normal 1 0 0
    outer loop
      vertex 10.7 48.86 4.6
      vertex 10.7 48.26 3.2
      vertex 10.7 52.26 3.2
    endloop
  endfacet
  facet normal 0 -1 0
    outer loop
      vertex -40.55 48.26 6.5
      vertex 10.7 48.26 7.7
      vertex -40.55 48.26 7.7
    endloop
  endfacet
  facet normal 0 -1 -0
    outer loop
      vertex 10.7 48.26 7.7
      vertex -40.55 48.26 6.5
      vertex 10.7 48.26 6.5
    endloop
  endfacet
  facet normal 0 -1 0
    outer loop
      vertex -40.55 48.26 3.2
      vertex 10.7 48.26 4.6
      vertex -40.55 48.26 4.6
    endloop
  endfacet
  facet normal 0 -1 -0
    outer loop
      vertex 10.7 48.26 4.6
      vertex -40.55 48.26 3.2
      vertex 10.7 48.26 3.2
    endloop
  endfacet
  facet normal 0 1 -0
    outer loop
      vertex -40.55 25 6.5
      vertex -43.55 25 7.7
      vertex -40.55 25 7.7
    endloop
  endfacet
  facet normal 0 1 0
    outer loop
      vertex -43.55 25 7.7
      vertex -40.55 25 6.5
      vertex -43.55 25 6.5
    endloop
  endfacet
  facet normal 0 1 -0
    outer loop
      vertex -40.55 25 3.2
      vertex -43.55 25 4.6
      vertex -40.55 25 4.6
    endloop
  endfacet
  facet normal 0 1 0
    outer loop
      vertex -43.55 25 4.6
      vertex -40.55 25 3.2
      vertex -43.55 25 3.2
    endloop
  endfacet
  facet normal -1 0 0
    outer loop
      vertex -43.55 19 6.5
      vertex -43.55 25 7.7
      vertex -43.55 25 6.5
    endloop
  endfacet
  facet normal -1 -0 0
    outer loop
      vertex -43.55 25 7.7
      vertex -43.55 19 6.5
      vertex -43.55 19 7.7
    endloop
  endfacet
  facet normal -1 0 0
    outer loop
      vertex -43.55 19 3.2
      vertex -43.55 25 4.6
      vertex -43.55 25 3.2
    endloop
  endfacet
  facet normal -1 -0 0
    outer loop
      vertex -43.55 25 4.6
      vertex -43.55 19 3.2
      vertex -43.55 19 4.6
    endloop
  endfacet
  facet normal 1 -0 0
    outer loop
      vertex -40.55 19.2 7.7
      vertex -40.55 25 6.5
      vertex -40.55 25 7.7
    endloop
  endfacet
  facet normal 1 0 0
    outer loop
      vertex -40.55 25 6.5
      vertex -40.55 19.2 7.7
      vertex -40.55 19.2 6.5
    endloop
  endfacet
  facet normal 1 -0 0
    outer loop
      vertex -40.55 19.2 4.6
      vertex -40.55 25 3.2
      vertex -40.55 25 4.6
    endloop
  endfacet
  facet normal 1 0 0
    outer loop
      vertex -40.55 25 3.2
      vertex -40.55 19.2 4.6
      vertex -40.55 19.2 3.2
    endloop
  endfacet
  facet normal 0 -1 0
    outer loop
      vertex -43.55 19 6.5
      vertex -42.55 19 7.7
      vertex -43.55 19 7.7
    endloop
  endfacet
  facet normal 0 -1 -0
    outer loop
      vertex -42.55 19 7.7
      vertex -43.55 19 6.5
      vertex -42.55 19 6.5
    endloop
  endfacet
  facet normal 0 -1 0
    outer loop
      vertex -43.55 19 3.2
      vertex -42.55 19 4.6
      vertex -43.55 19 4.6
    endloop
  endfacet
  facet normal 0 -1 -0
    outer loop
      vertex -42.55 19 4.6
      vertex -43.55 19 3.2
      vertex -42.55 19 3.2
    endloop
  endfacet
  facet normal 0 1 -0
    outer loop
      vertex -42.55 48.46 6.5
      vertex -43.55 48.46 7.7
      vertex -42.55 48.46 7.7
    endloop
  endfacet
  facet normal 0 1 0
    outer loop
      vertex -43.55 48.46 7.7
      vertex -42.55 48.46 6.5
      vertex -43.55 48.46 6.5
    endloop
  endfacet
  facet normal 0 1 -0
    outer loop
      vertex -42.55 48.46 3.2
      vertex -43.55 48.46 4.6
      vertex -42.55 48.46 4.6
    endloop
  endfacet
  facet normal 0 1 0
    outer loop
      vertex -43.55 48.46 4.6
      vertex -42.55 48.46 3.2
      vertex -43.55 48.46 3.2
    endloop
  endfacet
  facet normal -1 0 0
    outer loop
      vertex -43.55 42.46 6.5
      vertex -43.55 48.46 7.7
      vertex -43.55 48.46 6.5
    endloop
  endfacet
  facet normal -1 -0 0
    outer loop
      vertex -43.55 48.46 7.7
      vertex -43.55 42.46 6.5
      vertex -43.55 42.46 7.7
    endloop
  endfacet
  facet normal -1 0 0
    outer loop
      vertex -43.55 42.46 3.2
      vertex -43.55 48.46 4.6
      vertex -43.55 48.46 3.2
    endloop
  endfacet
  facet normal -1 -0 0
    outer loop
      vertex -43.55 48.46 4.6
      vertex -43.55 42.46 3.2
      vertex -43.55 42.46 4.6
    endloop
  endfacet
  facet normal 1 -0 0
    outer loop
      vertex -40.55 42.46 7.7
      vertex -40.55 48.26 6.5
      vertex -40.55 48.26 7.7
    endloop
  endfacet
  facet normal 1 0 0
    outer loop
      vertex -40.55 48.26 6.5
      vertex -40.55 42.46 7.7
      vertex -40.55 42.46 6.5
    endloop
  endfacet
  facet normal 1 -0 0
    outer loop
      vertex -40.55 42.46 4.6
      vertex -40.55 48.26 3.2
      vertex -40.55 48.26 4.6
    endloop
  endfacet
  facet normal 1 0 0
    outer loop
      vertex -40.55 48.26 3.2
      vertex -40.55 42.46 4.6
      vertex -40.55 42.46 3.2
    endloop
  endfacet
  facet normal 0 -1 0
    outer loop
      vertex -43.55 42.46 6.5
      vertex -40.55 42.46 7.7
      vertex -43.55 42.46 7.7
    endloop
  endfacet
  facet normal 0 -1 -0
    outer loop
      vertex -40.55 42.46 7.7
      vertex -43.55 42.46 6.5
      vertex -40.55 42.46 6.5
    endloop
  endfacet
  facet normal 0 -1 0
    outer loop
      vertex -43.55 42.46 3.2
      vertex -40.55 42.46 4.6
      vertex -43.55 42.46 4.6
    endloop
  endfacet
  facet normal 0 -1 -0
    outer loop
      vertex -40.55 42.46 4.6
      vertex -43.55 42.46 3.2
      vertex -40.55 42.46 3.2
    endloop
  endfacet
  facet normal -0.92173 0.387832 0
    outer loop
      vertex -51.2332 121.952 0
      vertex -51.0792 122.318 2.4
      vertex -51.0792 122.318 0
    endloop
  endfacet
  facet normal -0.92173 0.387832 0
    outer loop
      vertex -51.0792 122.318 2.4
      vertex -51.2332 121.952 0
      vertex -51.2332 121.952 2.4
    endloop
  endfacet
  facet normal -0.216344 0.976317 0
    outer loop
      vertex -47.44 125.12 0
      vertex -47.8281 125.034 2.4
      vertex -47.44 125.12 2.4
    endloop
  endfacet
  facet normal -0.216344 0.976317 0
    outer loop
      vertex -47.8281 125.034 2.4
      vertex -47.44 125.12 0
      vertex -47.8281 125.034 0
    endloop
  endfacet
  facet normal 0.869555 0.493837 0
    outer loop
      vertex 50.9914 122.496 2.4
      vertex 50.7949 122.842 0
      vertex 50.7949 122.842 2.4
    endloop
  endfacet
  facet normal 0.869555 0.493837 0
    outer loop
      vertex 50.7949 122.842 0
      vertex 50.9914 122.496 2.4
      vertex 50.9914 122.496 0
    endloop
  endfacet
  facet normal -0.641297 0.767293 0
    outer loop
      vertex -49.6004 124.162 0
      vertex -49.9055 123.907 2.4
      vertex -49.6004 124.162 2.4
    endloop
  endfacet
  facet normal -0.641297 0.767293 0
    outer loop
      vertex -49.9055 123.907 2.4
      vertex -49.6004 124.162 0
      vertex -49.9055 123.907 0
    endloop
  endfacet
  facet normal 0.256535 0.966535 -0
    outer loop
      vertex 48.0192 124.979 0
      vertex 47.6349 125.081 2.4
      vertex 48.0192 124.979 2.4
    endloop
  endfacet
  facet normal 0.256535 0.966535 0
    outer loop
      vertex 47.6349 125.081 2.4
      vertex 48.0192 124.979 0
      vertex 47.6349 125.081 0
    endloop
  endfacet
  facet normal 0 1 -0
    outer loop
      vertex 46.4506 125.199 0
      vertex -46.6494 125.199 2.4
      vertex 46.4506 125.199 2.4
    endloop
  endfacet
  facet normal 0 1 0
    outer loop
      vertex -46.6494 125.199 2.4
      vertex 46.4506 125.199 0
      vertex -46.6494 125.199 0
    endloop
  endfacet
  facet normal 0.405064 0.914288 -0
    outer loop
      vertex 48.7577 124.686 0
      vertex 48.3943 124.847 2.4
      vertex 48.7577 124.686 2.4
    endloop
  endfacet
  facet normal 0.405064 0.914288 0
    outer loop
      vertex 48.3943 124.847 2.4
      vertex 48.7577 124.686 0
      vertex 48.3943 124.847 0
    endloop
  endfacet
  facet normal -1 0 0
    outer loop
      vertex -51.546 120.399 0
      vertex -51.546 40.23 2.4
      vertex -51.546 120.399 2.4
    endloop
  endfacet
  facet normal -1 0 0
    outer loop
      vertex -51.546 4.8888 0
      vertex -51.546 40.23 2.4
      vertex -51.546 120.399 0
    endloop
  endfacet
  facet normal -1 -0 0
    outer loop
      vertex -51.546 40.23 2.4
      vertex -51.546 4.8888 0
      vertex -51.546 27.23 2.4
    endloop
  endfacet
  facet normal -1 0 0
    outer loop
      vertex -51.546 4.80122 2.4
      vertex -51.546 4.8888 0
      vertex -51.546 4.80122 0.412049
    endloop
  endfacet
  facet normal -1 0 0
    outer loop
      vertex -51.546 4.8888 0
      vertex -51.546 4.80122 2.4
      vertex -51.546 27.23 2.4
    endloop
  endfacet
  facet normal -0.987394 0.158284 0
    outer loop
      vertex -51.5145 120.795 0
      vertex -51.4515 121.188 2.4
      vertex -51.4515 121.188 0
    endloop
  endfacet
  facet normal -0.987394 0.158284 0
    outer loop
      vertex -51.4515 121.188 2.4
      vertex -51.5145 120.795 0
      vertex -51.5145 120.795 2.4
    endloop
  endfacet
  facet normal -0.986857 -0.161595 0
    outer loop
      vertex -51.5102 4.37866 2.4
      vertex -51.5145 4.40492 2.4
      vertex -51.5145 4.40492 2.2765
    endloop
  endfacet
  facet normal 0.178576 0.983926 -0
    outer loop
      vertex 47.6349 125.081 0
      vertex 47.2437 125.152 2.4
      vertex 47.6349 125.081 2.4
    endloop
  endfacet
  facet normal 0.178576 0.983926 0
    outer loop
      vertex 47.2437 125.152 2.4
      vertex 47.6349 125.081 0
      vertex 47.2437 125.152 0
    endloop
  endfacet
  facet normal 0.779886 0.625921 0
    outer loop
      vertex 50.5716 123.171 2.4
      vertex 50.3228 123.481 0
      vertex 50.3228 123.481 2.4
    endloop
  endfacet
  facet normal 0.779886 0.625921 0
    outer loop
      vertex 50.3228 123.481 0
      vertex 50.5716 123.171 2.4
      vertex 50.5716 123.171 0
    endloop
  endfacet
  facet normal -0.996856 -0.0792353 0
    outer loop
      vertex -51.5145 4.40492 2.2765
      vertex -51.546 4.80122 2.4
      vertex -51.546 4.80122 0.412049
    endloop
  endfacet
  facet normal -0.996856 -0.0792353 0
    outer loop
      vertex -51.546 4.80122 2.4
      vertex -51.5145 4.40492 2.2765
      vertex -51.5145 4.40492 2.4
    endloop
  endfacet
  facet normal 0.0981088 0.995176 -0
    outer loop
      vertex 47.2437 125.152 0
      vertex 46.8481 125.191 2.4
      vertex 47.2437 125.152 2.4
    endloop
  endfacet
  facet normal 0.0981088 0.995176 0
    outer loop
      vertex 46.8481 125.191 2.4
      vertex 47.2437 125.152 0
      vertex 46.8481 125.191 0
    endloop
  endfacet
  facet normal 0.0201217 0.999798 -0
    outer loop
      vertex 46.8481 125.191 0
      vertex 46.4506 125.199 2.4
      vertex 46.8481 125.191 2.4
    endloop
  endfacet
  facet normal 0.0201217 0.999798 0
    outer loop
      vertex 46.4506 125.199 2.4
      vertex 46.8481 125.191 0
      vertex 46.4506 125.199 0
    endloop
  endfacet
  facet normal -0.849294 0.527919 0
    outer loop
      vertex -50.8966 122.671 0
      vertex -50.6865 123.009 2.4
      vertex -50.6865 123.009 0
    endloop
  endfacet
  facet normal -0.849294 0.527919 0
    outer loop
      vertex -50.6865 123.009 2.4
      vertex -50.8966 122.671 0
      vertex -50.8966 122.671 2.4
    endloop
  endfacet
  facet normal -0.369656 0.929169 0
    outer loop
      vertex -48.2081 124.917 0
      vertex -48.5776 124.77 2.4
      vertex -48.2081 124.917 2.4
    endloop
  endfacet
  facet normal -0.369656 0.929169 0
    outer loop
      vertex -48.5776 124.77 2.4
      vertex -48.2081 124.917 0
      vertex -48.5776 124.77 0
    endloop
  endfacet
  facet normal 0.99921 -0.039742 0
    outer loop
      vertex 51.5342 4.60276 1.34571
      vertex 51.55 5.00001 0
      vertex 51.55 5.00001 2.4
    endloop
  endfacet
  facet normal 0.99921 -0.039742 0
    outer loop
      vertex 51.5342 4.60276 1.34571
      vertex 51.55 5.00001 2.4
      vertex 51.5342 4.60276 2.4
    endloop
  endfacet
  facet normal 0.999218 -0.0395339 6.15463e-05
    outer loop
      vertex 51.55 5.00001 0
      vertex 51.5342 4.60276 1.34571
      vertex 51.5456 4.8888 0
    endloop
  endfacet
  facet normal 0.992907 0.118897 0
    outer loop
      vertex 51.5342 120.597 2.4
      vertex 51.4869 120.992 0
      vertex 51.4869 120.992 2.4
    endloop
  endfacet
  facet normal 0.992907 0.118897 0
    outer loop
      vertex 51.4869 120.992 0
      vertex 51.5342 120.597 2.4
      vertex 51.5342 120.597 0
    endloop
  endfacet
  facet normal -0.440456 0.897774 0
    outer loop
      vertex -48.5776 124.77 0
      vertex -48.9343 124.595 2.4
      vertex -48.5776 124.77 2.4
    endloop
  endfacet
  facet normal -0.440456 0.897774 0
    outer loop
      vertex -48.9343 124.595 2.4
      vertex -48.5776 124.77 0
      vertex -48.9343 124.595 0
    endloop
  endfacet
  facet normal 0.827417 0.561588 0
    outer loop
      vertex 50.7949 122.842 2.4
      vertex 50.5716 123.171 0
      vertex 50.5716 123.171 2.4
    endloop
  endfacet
  facet normal 0.827417 0.561588 0
    outer loop
      vertex 50.5716 123.171 0
      vertex 50.7949 122.842 2.4
      vertex 50.7949 122.842 0
    endloop
  endfacet
  facet normal -0.510754 0.859727 0
    outer loop
      vertex -48.9343 124.595 0
      vertex -49.276 124.392 2.4
      vertex -48.9343 124.595 2.4
    endloop
  endfacet
  facet normal -0.510754 0.859727 0
    outer loop
      vertex -49.276 124.392 2.4
      vertex -48.9343 124.595 0
      vertex -49.276 124.392 0
    endloop
  endfacet
  facet normal 1 -0 0
    outer loop
      vertex 51.55 5.00001 2.4
      vertex 51.55 120.2 0
      vertex 51.55 120.2 2.4
    endloop
  endfacet
  facet normal 1 0 0
    outer loop
      vertex 51.55 120.2 0
      vertex 51.55 5.00001 2.4
      vertex 51.55 5.00001 0
    endloop
  endfacet
  facet normal -0.754568 0.656222 0
    outer loop
      vertex -50.4503 123.329 0
      vertex -50.1894 123.629 2.4
      vertex -50.1894 123.629 0
    endloop
  endfacet
  facet normal -0.754568 0.656222 0
    outer loop
      vertex -50.1894 123.629 2.4
      vertex -50.4503 123.329 0
      vertex -50.4503 123.329 2.4
    endloop
  endfacet
  facet normal -0.804563 0.593868 0
    outer loop
      vertex -50.6865 123.009 0
      vertex -50.4503 123.329 2.4
      vertex -50.4503 123.329 0
    endloop
  endfacet
  facet normal -0.804563 0.593868 0
    outer loop
      vertex -50.4503 123.329 2.4
      vertex -50.6865 123.009 0
      vertex -50.6865 123.009 2.4
    endloop
  endfacet
  facet normal 0.999209 0.039767 0
    outer loop
      vertex 51.55 120.2 2.4
      vertex 51.5342 120.597 0
      vertex 51.5342 120.597 2.4
    endloop
  endfacet
  facet normal 0.999209 0.039767 0
    outer loop
      vertex 51.5342 120.597 0
      vertex 51.55 120.2 2.4
      vertex 51.55 120.2 0
    endloop
  endfacet
  facet normal -0.888203 0.45945 0
    outer loop
      vertex -51.0792 122.318 0
      vertex -50.8966 122.671 2.4
      vertex -50.8966 122.671 0
    endloop
  endfacet
  facet normal -0.888203 0.45945 0
    outer loop
      vertex -50.8966 122.671 2.4
      vertex -51.0792 122.318 0
      vertex -51.0792 122.318 2.4
    endloop
  endfacet
  facet normal 0.331952 0.943296 -0
    outer loop
      vertex 48.3943 124.847 0
      vertex 48.0192 124.979 2.4
      vertex 48.3943 124.847 2.4
    endloop
  endfacet
  facet normal 0.331952 0.943296 0
    outer loop
      vertex 48.0192 124.979 2.4
      vertex 48.3943 124.847 0
      vertex 48.0192 124.979 0
    endloop
  endfacet
  facet normal 0.670036 0.742329 -0
    outer loop
      vertex 50.0502 123.771 0
      vertex 49.7555 124.037 2.4
      vertex 50.0502 123.771 2.4
    endloop
  endfacet
  facet normal 0.670036 0.742329 0
    outer loop
      vertex 49.7555 124.037 2.4
      vertex 50.0502 123.771 0
      vertex 49.7555 124.037 0
    endloop
  endfacet
  facet normal -0.294263 0.955725 0
    outer loop
      vertex -47.8281 125.034 0
      vertex -48.2081 124.917 2.4
      vertex -47.8281 125.034 2.4
    endloop
  endfacet
  facet normal -0.294263 0.955725 0
    outer loop
      vertex -48.2081 124.917 2.4
      vertex -47.8281 125.034 0
      vertex -48.2081 124.917 0
    endloop
  endfacet
  facet normal -0.971605 0.236608 0
    outer loop
      vertex -51.4515 121.188 0
      vertex -51.3575 121.574 2.4
      vertex -51.3575 121.574 0
    endloop
  endfacet
  facet normal -0.971605 0.236608 0
    outer loop
      vertex -51.3575 121.574 2.4
      vertex -51.4515 121.188 0
      vertex -51.4515 121.188 2.4
    endloop
  endfacet
  facet normal 0.545731 0.837961 -0
    outer loop
      vertex 49.4404 124.28 0
      vertex 49.1072 124.497 2.4
      vertex 49.4404 124.28 2.4
    endloop
  endfacet
  facet normal 0.545731 0.837961 0
    outer loop
      vertex 49.1072 124.497 2.4
      vertex 49.4404 124.28 0
      vertex 49.1072 124.497 0
    endloop
  endfacet
  facet normal 0.961486 0.274854 0
    outer loop
      vertex 51.4083 121.382 2.4
      vertex 51.2991 121.764 0
      vertex 51.2991 121.764 2.4
    endloop
  endfacet
  facet normal 0.961486 0.274854 0
    outer loop
      vertex 51.2991 121.764 0
      vertex 51.4083 121.382 2.4
      vertex 51.4083 121.382 0
    endloop
  endfacet
  facet normal 0.936495 0.350682 0
    outer loop
      vertex 51.2991 121.764 2.4
      vertex 51.1598 122.136 0
      vertex 51.1598 122.136 2.4
    endloop
  endfacet
  facet normal 0.936495 0.350682 0
    outer loop
      vertex 51.1598 122.136 0
      vertex 51.2991 121.764 2.4
      vertex 51.2991 121.764 0
    endloop
  endfacet
  facet normal -0.996851 0.079295 0
    outer loop
      vertex -51.546 120.399 0
      vertex -51.5145 120.795 2.4
      vertex -51.5145 120.795 0
    endloop
  endfacet
  facet normal -0.996851 0.079295 0
    outer loop
      vertex -51.5145 120.795 2.4
      vertex -51.546 120.399 0
      vertex -51.546 120.399 2.4
    endloop
  endfacet
  facet normal 0.905797 0.423712 0
    outer loop
      vertex 51.1598 122.136 2.4
      vertex 50.9914 122.496 0
      vertex 50.9914 122.496 2.4
    endloop
  endfacet
  facet normal 0.905797 0.423712 0
    outer loop
      vertex 50.9914 122.496 0
      vertex 51.1598 122.136 2.4
      vertex 51.1598 122.136 0
    endloop
  endfacet
  facet normal 0.98029 0.197566 0
    outer loop
      vertex 51.4869 120.992 2.4
      vertex 51.4083 121.382 0
      vertex 51.4083 121.382 2.4
    endloop
  endfacet
  facet normal 0.98029 0.197566 0
    outer loop
      vertex 51.4083 121.382 0
      vertex 51.4869 120.992 2.4
      vertex 51.4869 120.992 0
    endloop
  endfacet
  facet normal -0.0603584 0.998177 0
    outer loop
      vertex -46.6494 125.199 0
      vertex -47.0463 125.175 2.4
      vertex -46.6494 125.199 2.4
    endloop
  endfacet
  facet normal -0.0603584 0.998177 0
    outer loop
      vertex -47.0463 125.175 2.4
      vertex -46.6494 125.199 0
      vertex -47.0463 125.175 0
    endloop
  endfacet
  facet normal 0.610682 0.791876 -0
    outer loop
      vertex 49.7555 124.037 0
      vertex 49.4404 124.28 2.4
      vertex 49.7555 124.037 2.4
    endloop
  endfacet
  facet normal 0.610682 0.791876 0
    outer loop
      vertex 49.4404 124.28 2.4
      vertex 49.7555 124.037 0
      vertex 49.4404 124.28 0
    endloop
  endfacet
  facet normal 0.475675 0.879621 -0
    outer loop
      vertex 49.1072 124.497 0
      vertex 48.7577 124.686 2.4
      vertex 49.1072 124.497 2.4
    endloop
  endfacet
  facet normal 0.475675 0.879621 0
    outer loop
      vertex 48.7577 124.686 2.4
      vertex 49.1072 124.497 0
      vertex 48.7577 124.686 0
    endloop
  endfacet
  facet normal -0.699644 0.714492 0
    outer loop
      vertex -49.9055 123.907 0
      vertex -50.1894 123.629 2.4
      vertex -49.9055 123.907 2.4
    endloop
  endfacet
  facet normal -0.699644 0.714492 0
    outer loop
      vertex -50.1894 123.629 2.4
      vertex -49.9055 123.907 0
      vertex -50.1894 123.629 0
    endloop
  endfacet
  facet normal -0.949957 0.31238 0
    outer loop
      vertex -51.3575 121.574 0
      vertex -51.2332 121.952 2.4
      vertex -51.2332 121.952 0
    endloop
  endfacet
  facet normal -0.949957 0.31238 0
    outer loop
      vertex -51.2332 121.952 2.4
      vertex -51.3575 121.574 0
      vertex -51.3575 121.574 2.4
    endloop
  endfacet
  facet normal 0.728628 0.68491 0
    outer loop
      vertex 50.3228 123.481 2.4
      vertex 50.0502 123.771 0
      vertex 50.0502 123.771 2.4
    endloop
  endfacet
  facet normal 0.728628 0.68491 0
    outer loop
      vertex 50.0502 123.771 0
      vertex 50.3228 123.481 2.4
      vertex 50.3228 123.481 0
    endloop
  endfacet
  facet normal -0.138357 0.990382 0
    outer loop
      vertex -47.0463 125.175 0
      vertex -47.44 125.12 2.4
      vertex -47.0463 125.175 2.4
    endloop
  endfacet
  facet normal -0.138357 0.990382 0
    outer loop
      vertex -47.44 125.12 2.4
      vertex -47.0463 125.175 0
      vertex -47.44 125.12 0
    endloop
  endfacet
  facet normal -0.57838 0.815767 0
    outer loop
      vertex -49.276 124.392 0
      vertex -49.6004 124.162 2.4
      vertex -49.276 124.392 2.4
    endloop
  endfacet
  facet normal -0.57838 0.815767 0
    outer loop
      vertex -49.6004 124.162 2.4
      vertex -49.276 124.392 0
      vertex -49.6004 124.162 0
    endloop
  endfacet
  facet normal 0.992873 -0.11918 0
    outer loop
      vertex 51.5342 4.60276 2.4
      vertex 51.5073 4.37866 2.4
      vertex 51.5342 4.60276 1.34571
    endloop
  endfacet
  facet normal 0 0 -1
    outer loop
      vertex 45.1955 9.82143 0
      vertex -45.2982 9.98977 0
      vertex 45.413 10.1502 0
    endloop
  endfacet
  facet normal 0 0 -1
    outer loop
      vertex 45.676 117.256 0
      vertex -44.8788 118.807 0
      vertex -44.85 119.2 0
    endloop
  endfacet
  facet normal 0 0 -1
    outer loop
      vertex -45.5391 10.3018 0
      vertex 45.413 10.1502 0
      vertex -45.2982 9.98977 0
    endloop
  endfacet
  facet normal 0 0 -1
    outer loop
      vertex 45.676 117.256 0
      vertex -44.9645 118.422 0
      vertex -44.8788 118.807 0
    endloop
  endfacet
  facet normal 0 0 -1
    outer loop
      vertex 45.413 10.1502 0
      vertex -45.5391 10.3018 0
      vertex 45.676 10.4437 0
    endloop
  endfacet
  facet normal 0 0 -1
    outer loop
      vertex 45.676 117.256 0
      vertex -45.1053 118.054 0
      vertex -44.9645 118.422 0
    endloop
  endfacet
  facet normal 0 0 -1
    outer loop
      vertex -45.8229 10.5753 0
      vertex 45.676 10.4437 0
      vertex -45.5391 10.3018 0
    endloop
  endfacet
  facet normal 0 0 -1
    outer loop
      vertex 45.676 117.256 0
      vertex -45.2982 117.71 0
      vertex -45.1053 118.054 0
    endloop
  endfacet
  facet normal 0 0 -1
    outer loop
      vertex 45.676 10.4437 0
      vertex -45.8229 10.5753 0
      vertex 45.676 117.256 0
    endloop
  endfacet
  facet normal 0 0 -1
    outer loop
      vertex 45.676 117.256 0
      vertex -45.5391 117.398 0
      vertex -45.2982 117.71 0
    endloop
  endfacet
  facet normal 0 0 -1
    outer loop
      vertex -45.8229 117.125 0
      vertex 45.676 117.256 0
      vertex -45.8229 10.5753 0
    endloop
  endfacet
  facet normal -0 0 -1
    outer loop
      vertex 45.676 117.256 0
      vertex -45.8229 117.125 0
      vertex -45.5391 117.398 0
    endloop
  endfacet
  facet normal 0 0 -1
    outer loop
      vertex -46.1435 10.8047 0
      vertex -45.8229 117.125 0
      vertex -45.8229 10.5753 0
    endloop
  endfacet
  facet normal 0 0 -1
    outer loop
      vertex -46.1435 10.8047 0
      vertex -46.1435 116.895 0
      vertex -45.8229 117.125 0
    endloop
  endfacet
  facet normal 0 0 -1
    outer loop
      vertex -46.494 10.9849 0
      vertex -46.1435 116.895 0
      vertex -46.1435 10.8047 0
    endloop
  endfacet
  facet normal 0 0 -1
    outer loop
      vertex -46.494 10.9849 0
      vertex -46.494 116.715 0
      vertex -46.1435 116.895 0
    endloop
  endfacet
  facet normal 0 0 -1
    outer loop
      vertex -46.8671 11.1122 0
      vertex -46.494 116.715 0
      vertex -46.494 10.9849 0
    endloop
  endfacet
  facet normal 0 0 -1
    outer loop
      vertex -46.8671 11.1122 0
      vertex -46.8671 116.588 0
      vertex -46.494 116.715 0
    endloop
  endfacet
  facet normal 0 0 -1
    outer loop
      vertex -47.2547 11.1838 0
      vertex -46.8671 116.588 0
      vertex -46.8671 11.1122 0
    endloop
  endfacet
  facet normal 0 0 -1
    outer loop
      vertex -47.2547 11.1838 0
      vertex -47.2547 116.516 0
      vertex -46.8671 116.588 0
    endloop
  endfacet
  facet normal 0 0 -1
    outer loop
      vertex -47.6486 11.1982 0
      vertex -47.2547 116.516 0
      vertex -47.2547 11.1838 0
    endloop
  endfacet
  facet normal 0 0 -1
    outer loop
      vertex -47.6486 11.1982 0
      vertex -47.6486 116.502 0
      vertex -47.2547 116.516 0
    endloop
  endfacet
  facet normal 0 0 -1
    outer loop
      vertex -48.0404 11.1551 0
      vertex -47.6486 116.502 0
      vertex -47.6486 11.1982 0
    endloop
  endfacet
  facet normal 0 0 -1
    outer loop
      vertex -48.0404 11.1551 0
      vertex -48.0404 116.545 0
      vertex -47.6486 116.502 0
    endloop
  endfacet
  facet normal 0 0 -1
    outer loop
      vertex -48.4218 11.0554 0
      vertex -48.0404 116.545 0
      vertex -48.0404 11.1551 0
    endloop
  endfacet
  facet normal 0 0 -1
    outer loop
      vertex -48.4218 11.0554 0
      vertex -48.4218 116.645 0
      vertex -48.0404 116.545 0
    endloop
  endfacet
  facet normal 0 0 -1
    outer loop
      vertex -48.7846 10.9012 0
      vertex -48.4218 116.645 0
      vertex -48.4218 11.0554 0
    endloop
  endfacet
  facet normal 0 0 -1
    outer loop
      vertex -48.7846 10.9012 0
      vertex -48.7846 116.799 0
      vertex -48.4218 116.645 0
    endloop
  endfacet
  facet normal 0 0 -1
    outer loop
      vertex -49.121 10.6959 0
      vertex -48.7846 116.799 0
      vertex -48.7846 10.9012 0
    endloop
  endfacet
  facet normal 0 0 -1
    outer loop
      vertex -49.121 10.6959 0
      vertex -49.121 117.004 0
      vertex -48.7846 116.799 0
    endloop
  endfacet
  facet normal 0 0 -1
    outer loop
      vertex -49.424 10.4437 0
      vertex -49.121 117.004 0
      vertex -49.121 10.6959 0
    endloop
  endfacet
  facet normal 0 0 -1
    outer loop
      vertex -49.424 10.4437 0
      vertex -49.424 117.256 0
      vertex -49.121 117.004 0
    endloop
  endfacet
  facet normal 0 0 -1
    outer loop
      vertex -49.687 10.1502 0
      vertex -49.424 117.256 0
      vertex -49.424 10.4437 0
    endloop
  endfacet
  facet normal 0 0 -1
    outer loop
      vertex -49.687 10.1502 0
      vertex -49.687 117.55 0
      vertex -49.424 117.256 0
    endloop
  endfacet
  facet normal 0 0 -1
    outer loop
      vertex -49.9045 9.82143 0
      vertex -49.687 117.55 0
      vertex -49.687 10.1502 0
    endloop
  endfacet
  facet normal 0 0 -1
    outer loop
      vertex -49.9045 9.82143 0
      vertex -49.9045 117.879 0
      vertex -49.687 117.55 0
    endloop
  endfacet
  facet normal 0 0 -1
    outer loop
      vertex -51.546 120.399 0
      vertex -49.9045 9.82143 0
      vertex -50.0718 9.46452 0
    endloop
  endfacet
  facet normal 0 0 -1
    outer loop
      vertex -49.9045 9.82143 0
      vertex -51.546 120.399 0
      vertex -49.9045 117.879 0
    endloop
  endfacet
  facet normal 0 0 -1
    outer loop
      vertex -51.546 120.399 0
      vertex -50.0718 9.46452 0
      vertex -50.1854 9.08706 0
    endloop
  endfacet
  facet normal 0 0 -1
    outer loop
      vertex -49.9045 117.879 0
      vertex -51.546 120.399 0
      vertex -50.0718 118.235 0
    endloop
  endfacet
  facet normal 0 0 -1
    outer loop
      vertex -51.546 4.8888 0
      vertex -50.1854 9.08706 0
      vertex -50.2428 8.69709 0
    endloop
  endfacet
  facet normal 0 0 -1
    outer loop
      vertex -50.0718 118.235 0
      vertex -51.546 120.399 0
      vertex -50.1854 118.613 0
    endloop
  endfacet
  facet normal 0 0 -1
    outer loop
      vertex 51.55 5.00001 0
      vertex 50.1355 9.27787 0
      vertex 51.55 120.2 0
    endloop
  endfacet
  facet normal 0 0 -1
    outer loop
      vertex 51.55 120.2 0
      vertex 50.2212 118.807 0
      vertex 50.25 119.2 0
    endloop
  endfacet
  facet normal 0 0 -1
    outer loop
      vertex 49.9947 9.64603 0
      vertex 51.55 120.2 0
      vertex 50.1355 9.27787 0
    endloop
  endfacet
  facet normal 0 0 -1
    outer loop
      vertex 51.55 120.2 0
      vertex 50.1355 118.422 0
      vertex 50.2212 118.807 0
    endloop
  endfacet
  facet normal 0 0 -1
    outer loop
      vertex 49.8018 9.98977 0
      vertex 51.55 120.2 0
      vertex 49.9947 9.64603 0
    endloop
  endfacet
  facet normal 0 0 -1
    outer loop
      vertex 51.55 120.2 0
      vertex 49.9947 118.054 0
      vertex 50.1355 118.422 0
    endloop
  endfacet
  facet normal 0 0 -1
    outer loop
      vertex 49.8018 117.71 0
      vertex 51.55 120.2 0
      vertex 49.8018 9.98977 0
    endloop
  endfacet
  facet normal 0 0 -1
    outer loop
      vertex 51.55 120.2 0
      vertex 49.8018 117.71 0
      vertex 49.9947 118.054 0
    endloop
  endfacet
  facet normal 0 0 -1
    outer loop
      vertex 49.5609 10.3018 0
      vertex 49.8018 117.71 0
      vertex 49.8018 9.98977 0
    endloop
  endfacet
  facet normal 0 0 -1
    outer loop
      vertex 49.5609 10.3018 0
      vertex 49.5609 117.398 0
      vertex 49.8018 117.71 0
    endloop
  endfacet
  facet normal 0 0 -1
    outer loop
      vertex 49.2771 10.5753 0
      vertex 49.5609 117.398 0
      vertex 49.5609 10.3018 0
    endloop
  endfacet
  facet normal 0 0 -1
    outer loop
      vertex 49.2771 10.5753 0
      vertex 49.2771 117.125 0
      vertex 49.5609 117.398 0
    endloop
  endfacet
  facet normal 0 0 -1
    outer loop
      vertex 48.9565 10.8047 0
      vertex 49.2771 117.125 0
      vertex 49.2771 10.5753 0
    endloop
  endfacet
  facet normal 0 0 -1
    outer loop
      vertex 48.9565 10.8047 0
      vertex 48.9565 116.895 0
      vertex 49.2771 117.125 0
    endloop
  endfacet
  facet normal 0 0 -1
    outer loop
      vertex 48.606 10.9849 0
      vertex 48.9565 116.895 0
      vertex 48.9565 10.8047 0
    endloop
  endfacet
  facet normal 0 0 -1
    outer loop
      vertex 48.606 10.9849 0
      vertex 48.606 116.715 0
      vertex 48.9565 116.895 0
    endloop
  endfacet
  facet normal 0 0 -1
    outer loop
      vertex 48.2329 11.1122 0
      vertex 48.606 116.715 0
      vertex 48.606 10.9849 0
    endloop
  endfacet
  facet normal 0 0 -1
    outer loop
      vertex 48.2329 11.1122 0
      vertex 48.2329 116.588 0
      vertex 48.606 116.715 0
    endloop
  endfacet
  facet normal 0 0 -1
    outer loop
      vertex 47.8453 11.1838 0
      vertex 48.2329 116.588 0
      vertex 48.2329 11.1122 0
    endloop
  endfacet
  facet normal 0 0 -1
    outer loop
      vertex 47.8453 11.1838 0
      vertex 47.8453 116.516 0
      vertex 48.2329 116.588 0
    endloop
  endfacet
  facet normal 0 0 -1
    outer loop
      vertex 47.4514 11.1982 0
      vertex 47.8453 116.516 0
      vertex 47.8453 11.1838 0
    endloop
  endfacet
  facet normal 0 0 -1
    outer loop
      vertex 47.4514 11.1982 0
      vertex 47.4514 116.502 0
      vertex 47.8453 116.516 0
    endloop
  endfacet
  facet normal 0 0 -1
    outer loop
      vertex 47.0596 11.1551 0
      vertex 47.4514 116.502 0
      vertex 47.4514 11.1982 0
    endloop
  endfacet
  facet normal 0 0 -1
    outer loop
      vertex 47.0596 11.1551 0
      vertex 47.0596 116.545 0
      vertex 47.4514 116.502 0
    endloop
  endfacet
  facet normal 0 0 -1
    outer loop
      vertex 46.6782 11.0554 0
      vertex 47.0596 116.545 0
      vertex 47.0596 11.1551 0
    endloop
  endfacet
  facet normal 0 0 -1
    outer loop
      vertex 46.6782 11.0554 0
      vertex 46.6782 116.645 0
      vertex 47.0596 116.545 0
    endloop
  endfacet
  facet normal 0 0 -1
    outer loop
      vertex 46.3154 10.9012 0
      vertex 46.6782 116.645 0
      vertex 46.6782 11.0554 0
    endloop
  endfacet
  facet normal 0 0 -1
    outer loop
      vertex 46.3154 10.9012 0
      vertex 46.3154 116.799 0
      vertex 46.6782 116.645 0
    endloop
  endfacet
  facet normal 0 0 -1
    outer loop
      vertex 45.979 10.6959 0
      vertex 46.3154 116.799 0
      vertex 46.3154 10.9012 0
    endloop
  endfacet
  facet normal 0 0 -1
    outer loop
      vertex 45.979 10.6959 0
      vertex 45.979 117.004 0
      vertex 46.3154 116.799 0
    endloop
  endfacet
  facet normal 0 0 -1
    outer loop
      vertex 45.676 10.4437 0
      vertex 45.979 117.004 0
      vertex 45.979 10.6959 0
    endloop
  endfacet
  facet normal 0 0 -1
    outer loop
      vertex 45.676 10.4437 0
      vertex 45.676 117.256 0
      vertex 45.979 117.004 0
    endloop
  endfacet
  facet normal 0 0 -1
    outer loop
      vertex -45.1053 9.64603 0
      vertex 45.0282 9.46452 0
      vertex -44.9645 9.27787 0
    endloop
  endfacet
  facet normal 0 0 -1
    outer loop
      vertex 45.0282 9.46452 0
      vertex -45.1053 9.64603 0
      vertex 45.1955 9.82143 0
    endloop
  endfacet
  facet normal 0 0 -1
    outer loop
      vertex 44.9146 9.08706 0
      vertex -44.9645 9.27787 0
      vertex 45.0282 9.46452 0
    endloop
  endfacet
  facet normal 0 0 -1
    outer loop
      vertex -45.2982 9.98977 0
      vertex 45.1955 9.82143 0
      vertex -45.1053 9.64603 0
    endloop
  endfacet
  facet normal 0 0 -1
    outer loop
      vertex -44.9645 9.27787 0
      vertex 44.9146 9.08706 0
      vertex -44.8788 8.89312 0
    endloop
  endfacet
  facet normal 0 0 -1
    outer loop
      vertex 45.676 117.256 0
      vertex -44.85 119.2 0
      vertex 45.413 117.55 0
    endloop
  endfacet
  facet normal 0 0 -1
    outer loop
      vertex 44.8572 8.69709 0
      vertex -44.8788 8.89312 0
      vertex 44.9146 9.08706 0
    endloop
  endfacet
  facet normal 0 0 -1
    outer loop
      vertex 45.413 117.55 0
      vertex -44.85 119.2 0
      vertex 45.1955 117.879 0
    endloop
  endfacet
  facet normal 0 0 -1
    outer loop
      vertex -44.8788 8.89312 0
      vertex 44.8572 8.69709 0
      vertex -44.85 8.5 0
    endloop
  endfacet
  facet normal 0 0 -1
    outer loop
      vertex 45.1955 117.879 0
      vertex -44.85 119.2 0
      vertex 45.0282 118.235 0
    endloop
  endfacet
  facet normal 0 0 -1
    outer loop
      vertex 48.9565 6.1953 0
      vertex 51.55 5.00001 0
      vertex 51.5456 4.8888 0
    endloop
  endfacet
  facet normal 0 0 -1
    outer loop
      vertex 50.2212 8.89312 0
      vertex 51.55 5.00001 0
      vertex 50.25 8.5 0
    endloop
  endfacet
  facet normal 0 0 -1
    outer loop
      vertex 50.1355 9.27787 0
      vertex 51.55 5.00001 0
      vertex 50.2212 8.89312 0
    endloop
  endfacet
  facet normal 0 0 -1
    outer loop
      vertex 50.2212 119.593 0
      vertex 51.55 120.2 0
      vertex 50.25 119.2 0
    endloop
  endfacet
  facet normal 0 0 -1
    outer loop
      vertex 50.1355 119.978 0
      vertex 51.55 120.2 0
      vertex 50.2212 119.593 0
    endloop
  endfacet
  facet normal -0 0 -1
    outer loop
      vertex 51.55 120.2 0
      vertex 50.1355 119.978 0
      vertex 51.5342 120.597 0
    endloop
  endfacet
  facet normal -0 0 -1
    outer loop
      vertex 51.5342 120.597 0
      vertex 49.9947 120.346 0
      vertex 51.4869 120.992 0
    endloop
  endfacet
  facet normal 0 0 -1
    outer loop
      vertex 49.8018 120.69 0
      vertex 51.4869 120.992 0
      vertex 49.9947 120.346 0
    endloop
  endfacet
  facet normal -0 0 -1
    outer loop
      vertex 51.4869 120.992 0
      vertex 49.8018 120.69 0
      vertex 51.4083 121.382 0
    endloop
  endfacet
  facet normal -0 0 -1
    outer loop
      vertex 51.4083 121.382 0
      vertex 49.8018 120.69 0
      vertex 51.2991 121.764 0
    endloop
  endfacet
  facet normal 0 0 -1
    outer loop
      vertex 49.9947 120.346 0
      vertex 51.5342 120.597 0
      vertex 50.1355 119.978 0
    endloop
  endfacet
  facet normal 0 0 -1
    outer loop
      vertex 51.55 5.00001 0
      vertex 50.2212 8.10688 0
      vertex 50.25 8.5 0
    endloop
  endfacet
  facet normal 0 0 -1
    outer loop
      vertex 51.55 5.00001 0
      vertex 50.1355 7.72213 0
      vertex 50.2212 8.10688 0
    endloop
  endfacet
  facet normal 0 0 -1
    outer loop
      vertex 51.55 5.00001 0
      vertex 49.9947 7.35397 0
      vertex 50.1355 7.72213 0
    endloop
  endfacet
  facet normal 0 0 -1
    outer loop
      vertex 51.55 5.00001 0
      vertex 49.8018 7.01023 0
      vertex 49.9947 7.35397 0
    endloop
  endfacet
  facet normal 0 0 -1
    outer loop
      vertex 51.55 5.00001 0
      vertex 49.5609 6.69824 0
      vertex 49.8018 7.01023 0
    endloop
  endfacet
  facet normal 0 0 -1
    outer loop
      vertex 51.55 5.00001 0
      vertex 49.2771 6.42465 0
      vertex 49.5609 6.69824 0
    endloop
  endfacet
  facet normal 0 0 -1
    outer loop
      vertex 51.55 5.00001 0
      vertex 48.9565 6.1953 0
      vertex 49.2771 6.42465 0
    endloop
  endfacet
  facet normal 0 0 -1
    outer loop
      vertex 51.5456 4.8888 0
      vertex 48.606 6.01507 0
      vertex 48.9565 6.1953 0
    endloop
  endfacet
  facet normal 0 0 -1
    outer loop
      vertex 51.5456 4.8888 0
      vertex 48.2329 5.88779 0
      vertex 48.606 6.01507 0
    endloop
  endfacet
  facet normal 0 0 -1
    outer loop
      vertex 51.5456 4.8888 0
      vertex 47.8453 5.8162 0
      vertex 48.2329 5.88779 0
    endloop
  endfacet
  facet normal 0 0 -1
    outer loop
      vertex 51.5456 4.8888 0
      vertex 47.4514 5.8018 0
      vertex 47.8453 5.8162 0
    endloop
  endfacet
  facet normal 0 0 -1
    outer loop
      vertex 51.5456 4.8888 0
      vertex 47.0596 5.84491 0
      vertex 47.4514 5.8018 0
    endloop
  endfacet
  facet normal 0 0 -1
    outer loop
      vertex -44.85 8.5 0
      vertex 44.8572 8.69709 0
      vertex 44.8572 8.30291 0
    endloop
  endfacet
  facet normal 0 0 -1
    outer loop
      vertex 45.0282 118.235 0
      vertex -44.85 119.2 0
      vertex 44.9146 118.613 0
    endloop
  endfacet
  facet normal 0 0 -1
    outer loop
      vertex 44.9146 118.613 0
      vertex -44.85 119.2 0
      vertex 44.8572 119.003 0
    endloop
  endfacet
  facet normal 0 0 -1
    outer loop
      vertex -44.8788 8.10688 0
      vertex 44.8572 8.30291 0
      vertex 44.9146 7.91294 0
    endloop
  endfacet
  facet normal 0 0 -1
    outer loop
      vertex -44.9645 7.72213 0
      vertex 44.9146 7.91294 0
      vertex 45.0282 7.53548 0
    endloop
  endfacet
  facet normal 0 0 -1
    outer loop
      vertex -45.1053 7.35397 0
      vertex 45.0282 7.53548 0
      vertex 45.1955 7.17857 0
    endloop
  endfacet
  facet normal 0 0 -1
    outer loop
      vertex -45.2982 7.01023 0
      vertex 45.1955 7.17857 0
      vertex 45.413 6.84983 0
    endloop
  endfacet
  facet normal 0 0 -1
    outer loop
      vertex -45.5391 6.69824 0
      vertex 45.413 6.84983 0
      vertex 45.676 6.55626 0
    endloop
  endfacet
  facet normal 0 0 -1
    outer loop
      vertex -45.8229 6.42465 0
      vertex 45.676 6.55626 0
      vertex 45.979 6.30412 0
    endloop
  endfacet
  facet normal 0 0 -1
    outer loop
      vertex -46.1435 6.1953 0
      vertex 45.979 6.30412 0
      vertex 46.3154 6.09878 0
    endloop
  endfacet
  facet normal 0 0 -1
    outer loop
      vertex -46.494 6.01507 0
      vertex 46.3154 6.09878 0
      vertex 46.6782 5.94461 0
    endloop
  endfacet
  facet normal 0 0 -1
    outer loop
      vertex -46.8671 5.88779 0
      vertex 46.6782 5.94461 0
      vertex 47.0596 5.84491 0
    endloop
  endfacet
  facet normal 0 0 -1
    outer loop
      vertex -46.8671 5.88779 0
      vertex 47.0596 5.84491 0
      vertex 51.5456 4.8888 0
    endloop
  endfacet
  facet normal -0 0 -1
    outer loop
      vertex 44.8572 8.30291 0
      vertex -44.8788 8.10688 0
      vertex -44.85 8.5 0
    endloop
  endfacet
  facet normal -0 0 -1
    outer loop
      vertex 44.9146 7.91294 0
      vertex -44.9645 7.72213 0
      vertex -44.8788 8.10688 0
    endloop
  endfacet
  facet normal -0 0 -1
    outer loop
      vertex 45.0282 7.53548 0
      vertex -45.1053 7.35397 0
      vertex -44.9645 7.72213 0
    endloop
  endfacet
  facet normal -0 0 -1
    outer loop
      vertex 45.1955 7.17857 0
      vertex -45.2982 7.01023 0
      vertex -45.1053 7.35397 0
    endloop
  endfacet
  facet normal -0 0 -1
    outer loop
      vertex 45.413 6.84983 0
      vertex -45.5391 6.69824 0
      vertex -45.2982 7.01023 0
    endloop
  endfacet
  facet normal -0 0 -1
    outer loop
      vertex 45.676 6.55626 0
      vertex -45.8229 6.42465 0
      vertex -45.5391 6.69824 0
    endloop
  endfacet
  facet normal -0 0 -1
    outer loop
      vertex 45.979 6.30412 0
      vertex -46.1435 6.1953 0
      vertex -45.8229 6.42465 0
    endloop
  endfacet
  facet normal -0 0 -1
    outer loop
      vertex 46.3154 6.09878 0
      vertex -46.494 6.01507 0
      vertex -46.1435 6.1953 0
    endloop
  endfacet
  facet normal -0 0 -1
    outer loop
      vertex 46.6782 5.94461 0
      vertex -46.8671 5.88779 0
      vertex -46.494 6.01507 0
    endloop
  endfacet
  facet normal 0 0 -1
    outer loop
      vertex -51.546 4.8888 0
      vertex -46.8671 5.88779 0
      vertex 51.5456 4.8888 0
    endloop
  endfacet
  facet normal 0 0 -1
    outer loop
      vertex -46.8671 5.88779 0
      vertex -51.546 4.8888 0
      vertex -47.2547 5.8162 0
    endloop
  endfacet
  facet normal 0 0 -1
    outer loop
      vertex -51.546 4.8888 0
      vertex -50.2428 8.69709 0
      vertex -50.2428 8.30291 0
    endloop
  endfacet
  facet normal 0 0 -1
    outer loop
      vertex -50.1854 118.613 0
      vertex -51.546 120.399 0
      vertex -50.2428 119.003 0
    endloop
  endfacet
  facet normal 0 0 -1
    outer loop
      vertex -50.2428 119.003 0
      vertex -51.546 120.399 0
      vertex -50.2428 119.397 0
    endloop
  endfacet
  facet normal 0 -0 -1
    outer loop
      vertex -51.5145 120.795 0
      vertex -50.2428 119.397 0
      vertex -51.546 120.399 0
    endloop
  endfacet
  facet normal 0 0 -1
    outer loop
      vertex -50.2428 119.397 0
      vertex -50.6865 123.009 0
      vertex -50.4503 123.329 0
    endloop
  endfacet
  facet normal 0 0 -1
    outer loop
      vertex -50.2428 119.397 0
      vertex -50.8966 122.671 0
      vertex -50.6865 123.009 0
    endloop
  endfacet
  facet normal 0 0 -1
    outer loop
      vertex -50.2428 119.397 0
      vertex -51.0792 122.318 0
      vertex -50.8966 122.671 0
    endloop
  endfacet
  facet normal 0 0 -1
    outer loop
      vertex -50.2428 119.397 0
      vertex -51.2332 121.952 0
      vertex -51.0792 122.318 0
    endloop
  endfacet
  facet normal 0 0 -1
    outer loop
      vertex -50.2428 119.397 0
      vertex -51.3575 121.574 0
      vertex -51.2332 121.952 0
    endloop
  endfacet
  facet normal 0 0 -1
    outer loop
      vertex -50.2428 119.397 0
      vertex -51.4515 121.188 0
      vertex -51.3575 121.574 0
    endloop
  endfacet
  facet normal 0 0 -1
    outer loop
      vertex -47.2547 5.8162 0
      vertex -51.546 4.8888 0
      vertex -47.6486 5.8018 0
    endloop
  endfacet
  facet normal 0 0 -1
    outer loop
      vertex -51.546 4.8888 0
      vertex -48.0404 5.84491 0
      vertex -47.6486 5.8018 0
    endloop
  endfacet
  facet normal 0 0 -1
    outer loop
      vertex -51.546 4.8888 0
      vertex -48.4218 5.94461 0
      vertex -48.0404 5.84491 0
    endloop
  endfacet
  facet normal 0 0 -1
    outer loop
      vertex -51.546 4.8888 0
      vertex -48.7846 6.09878 0
      vertex -48.4218 5.94461 0
    endloop
  endfacet
  facet normal 0 0 -1
    outer loop
      vertex -51.546 4.8888 0
      vertex -49.121 6.30412 0
      vertex -48.7846 6.09878 0
    endloop
  endfacet
  facet normal 0 0 -1
    outer loop
      vertex -51.546 4.8888 0
      vertex -49.424 6.55626 0
      vertex -49.121 6.30412 0
    endloop
  endfacet
  facet normal 0 0 -1
    outer loop
      vertex -51.546 4.8888 0
      vertex -49.687 6.84983 0
      vertex -49.424 6.55626 0
    endloop
  endfacet
  facet normal 0 0 -1
    outer loop
      vertex -51.546 4.8888 0
      vertex -49.9045 7.17857 0
      vertex -49.687 6.84983 0
    endloop
  endfacet
  facet normal 0 0 -1
    outer loop
      vertex -51.546 4.8888 0
      vertex -50.0718 7.53548 0
      vertex -49.9045 7.17857 0
    endloop
  endfacet
  facet normal 0 0 -1
    outer loop
      vertex -51.546 4.8888 0
      vertex -50.1854 7.91294 0
      vertex -50.0718 7.53548 0
    endloop
  endfacet
  facet normal 0 0 -1
    outer loop
      vertex -51.546 4.8888 0
      vertex -50.2428 8.30291 0
      vertex -50.1854 7.91294 0
    endloop
  endfacet
  facet normal -0 0 -1
    outer loop
      vertex -50.1854 9.08706 0
      vertex -51.546 4.8888 0
      vertex -51.546 120.399 0
    endloop
  endfacet
  facet normal 0 0 -1
    outer loop
      vertex -50.2428 119.397 0
      vertex -51.5145 120.795 0
      vertex -51.4515 121.188 0
    endloop
  endfacet
  facet normal 0 0 -1
    outer loop
      vertex 49.5609 121.002 0
      vertex 51.2991 121.764 0
      vertex 49.8018 120.69 0
    endloop
  endfacet
  facet normal -0 0 -1
    outer loop
      vertex 51.2991 121.764 0
      vertex 49.5609 121.002 0
      vertex 51.1598 122.136 0
    endloop
  endfacet
  facet normal -0 0 -1
    outer loop
      vertex 51.1598 122.136 0
      vertex 49.5609 121.002 0
      vertex 50.9914 122.496 0
    endloop
  endfacet
  facet normal 0 0 -1
    outer loop
      vertex 49.2771 121.275 0
      vertex 50.9914 122.496 0
      vertex 49.5609 121.002 0
    endloop
  endfacet
  facet normal -0 0 -1
    outer loop
      vertex 50.9914 122.496 0
      vertex 49.2771 121.275 0
      vertex 50.7949 122.842 0
    endloop
  endfacet
  facet normal 0 0 -1
    outer loop
      vertex 48.9565 121.505 0
      vertex 50.7949 122.842 0
      vertex 49.2771 121.275 0
    endloop
  endfacet
  facet normal -0 0 -1
    outer loop
      vertex 50.7949 122.842 0
      vertex 48.9565 121.505 0
      vertex 50.5716 123.171 0
    endloop
  endfacet
  facet normal -0 0 -1
    outer loop
      vertex 50.5716 123.171 0
      vertex 48.9565 121.505 0
      vertex 50.3228 123.481 0
    endloop
  endfacet
  facet normal 0 0 -1
    outer loop
      vertex 48.606 121.685 0
      vertex 50.3228 123.481 0
      vertex 48.9565 121.505 0
    endloop
  endfacet
  facet normal -0 0 -1
    outer loop
      vertex 50.3228 123.481 0
      vertex 48.606 121.685 0
      vertex 50.0502 123.771 0
    endloop
  endfacet
  facet normal -0 0 -1
    outer loop
      vertex 50.0502 123.771 0
      vertex 48.606 121.685 0
      vertex 49.7555 124.037 0
    endloop
  endfacet
  facet normal 0 0 -1
    outer loop
      vertex 48.2329 121.812 0
      vertex 49.7555 124.037 0
      vertex 48.606 121.685 0
    endloop
  endfacet
  facet normal -0 0 -1
    outer loop
      vertex 49.7555 124.037 0
      vertex 48.2329 121.812 0
      vertex 49.4404 124.28 0
    endloop
  endfacet
  facet normal -0 0 -1
    outer loop
      vertex 49.4404 124.28 0
      vertex 48.2329 121.812 0
      vertex 49.1072 124.497 0
    endloop
  endfacet
  facet normal 0 0 -1
    outer loop
      vertex 47.8453 121.884 0
      vertex 49.1072 124.497 0
      vertex 48.2329 121.812 0
    endloop
  endfacet
  facet normal -0 0 -1
    outer loop
      vertex 49.1072 124.497 0
      vertex 47.8453 121.884 0
      vertex 48.7577 124.686 0
    endloop
  endfacet
  facet normal -0 0 -1
    outer loop
      vertex 48.7577 124.686 0
      vertex 47.8453 121.884 0
      vertex 48.3943 124.847 0
    endloop
  endfacet
  facet normal -0 0 -1
    outer loop
      vertex 48.3943 124.847 0
      vertex 47.8453 121.884 0
      vertex 48.0192 124.979 0
    endloop
  endfacet
  facet normal 0 0 -1
    outer loop
      vertex 47.4514 121.898 0
      vertex 48.0192 124.979 0
      vertex 47.8453 121.884 0
    endloop
  endfacet
  facet normal -0 0 -1
    outer loop
      vertex 48.0192 124.979 0
      vertex 47.4514 121.898 0
      vertex 47.6349 125.081 0
    endloop
  endfacet
  facet normal 0 0 -1
    outer loop
      vertex 47.4514 121.898 0
      vertex 47.2437 125.152 0
      vertex 47.6349 125.081 0
    endloop
  endfacet
  facet normal 0 0 -1
    outer loop
      vertex 47.0596 121.855 0
      vertex 47.2437 125.152 0
      vertex 47.4514 121.898 0
    endloop
  endfacet
  facet normal 0 0 -1
    outer loop
      vertex 47.0596 121.855 0
      vertex 46.8481 125.191 0
      vertex 47.2437 125.152 0
    endloop
  endfacet
  facet normal 0 0 -1
    outer loop
      vertex 46.4506 125.199 0
      vertex 47.0596 121.855 0
      vertex 46.6782 121.755 0
    endloop
  endfacet
  facet normal 0 0 -1
    outer loop
      vertex 47.0596 121.855 0
      vertex 46.4506 125.199 0
      vertex 46.8481 125.191 0
    endloop
  endfacet
  facet normal 0 0 -1
    outer loop
      vertex 46.3154 121.601 0
      vertex 46.4506 125.199 0
      vertex 46.6782 121.755 0
    endloop
  endfacet
  facet normal 0 0 -1
    outer loop
      vertex 45.979 121.396 0
      vertex 46.4506 125.199 0
      vertex 46.3154 121.601 0
    endloop
  endfacet
  facet normal 0 0 -1
    outer loop
      vertex 45.676 121.144 0
      vertex 46.4506 125.199 0
      vertex 45.979 121.396 0
    endloop
  endfacet
  facet normal 0 0 -1
    outer loop
      vertex 45.413 120.85 0
      vertex 46.4506 125.199 0
      vertex 45.676 121.144 0
    endloop
  endfacet
  facet normal 0 0 -1
    outer loop
      vertex 45.1955 120.521 0
      vertex 46.4506 125.199 0
      vertex 45.413 120.85 0
    endloop
  endfacet
  facet normal 0 0 -1
    outer loop
      vertex 45.0282 120.165 0
      vertex 46.4506 125.199 0
      vertex 45.1955 120.521 0
    endloop
  endfacet
  facet normal 0 0 -1
    outer loop
      vertex -44.9645 119.978 0
      vertex 45.0282 120.165 0
      vertex 44.9146 119.787 0
    endloop
  endfacet
  facet normal 0 0 -1
    outer loop
      vertex 44.8572 119.003 0
      vertex -44.85 119.2 0
      vertex 44.8572 119.397 0
    endloop
  endfacet
  facet normal 0 0 -1
    outer loop
      vertex -44.8788 119.593 0
      vertex 44.8572 119.397 0
      vertex -44.85 119.2 0
    endloop
  endfacet
  facet normal 0 0 -1
    outer loop
      vertex 44.8572 119.397 0
      vertex -44.8788 119.593 0
      vertex 44.9146 119.787 0
    endloop
  endfacet
  facet normal 0 0 -1
    outer loop
      vertex -44.9645 119.978 0
      vertex 44.9146 119.787 0
      vertex -44.8788 119.593 0
    endloop
  endfacet
  facet normal -0 0 -1
    outer loop
      vertex 45.0282 120.165 0
      vertex -44.9645 119.978 0
      vertex 46.4506 125.199 0
    endloop
  endfacet
  facet normal 0 0 -1
    outer loop
      vertex -45.1053 120.346 0
      vertex 46.4506 125.199 0
      vertex -44.9645 119.978 0
    endloop
  endfacet
  facet normal 0 0 -1
    outer loop
      vertex -46.6494 125.199 0
      vertex -45.1053 120.346 0
      vertex -45.2982 120.69 0
    endloop
  endfacet
  facet normal 0 0 -1
    outer loop
      vertex -46.6494 125.199 0
      vertex -45.2982 120.69 0
      vertex -45.5391 121.002 0
    endloop
  endfacet
  facet normal 0 0 -1
    outer loop
      vertex -46.6494 125.199 0
      vertex -45.5391 121.002 0
      vertex -45.8229 121.275 0
    endloop
  endfacet
  facet normal 0 0 -1
    outer loop
      vertex -46.6494 125.199 0
      vertex -45.8229 121.275 0
      vertex -46.1435 121.505 0
    endloop
  endfacet
  facet normal 0 0 -1
    outer loop
      vertex -46.6494 125.199 0
      vertex -46.1435 121.505 0
      vertex -46.494 121.685 0
    endloop
  endfacet
  facet normal 0 0 -1
    outer loop
      vertex -45.1053 120.346 0
      vertex -46.6494 125.199 0
      vertex 46.4506 125.199 0
    endloop
  endfacet
  facet normal 0 0 -1
    outer loop
      vertex -46.8671 121.812 0
      vertex -46.6494 125.199 0
      vertex -46.494 121.685 0
    endloop
  endfacet
  facet normal 0 0 -1
    outer loop
      vertex -46.8671 121.812 0
      vertex -47.0463 125.175 0
      vertex -46.6494 125.199 0
    endloop
  endfacet
  facet normal 0 0 -1
    outer loop
      vertex -47.2547 121.884 0
      vertex -47.0463 125.175 0
      vertex -46.8671 121.812 0
    endloop
  endfacet
  facet normal 0 0 -1
    outer loop
      vertex -47.2547 121.884 0
      vertex -47.44 125.12 0
      vertex -47.0463 125.175 0
    endloop
  endfacet
  facet normal 0 0 -1
    outer loop
      vertex -47.8281 125.034 0
      vertex -47.2547 121.884 0
      vertex -47.6486 121.898 0
    endloop
  endfacet
  facet normal 0 0 -1
    outer loop
      vertex -47.2547 121.884 0
      vertex -47.8281 125.034 0
      vertex -47.44 125.12 0
    endloop
  endfacet
  facet normal 0 0 -1
    outer loop
      vertex -48.5776 124.77 0
      vertex -47.6486 121.898 0
      vertex -48.0404 121.855 0
    endloop
  endfacet
  facet normal 0 0 -1
    outer loop
      vertex -47.6486 121.898 0
      vertex -48.2081 124.917 0
      vertex -47.8281 125.034 0
    endloop
  endfacet
  facet normal 0 0 -1
    outer loop
      vertex -49.276 124.392 0
      vertex -48.0404 121.855 0
      vertex -48.4218 121.755 0
    endloop
  endfacet
  facet normal 0 0 -1
    outer loop
      vertex -47.6486 121.898 0
      vertex -48.5776 124.77 0
      vertex -48.2081 124.917 0
    endloop
  endfacet
  facet normal 0 0 -1
    outer loop
      vertex -49.9055 123.907 0
      vertex -48.4218 121.755 0
      vertex -48.7846 121.601 0
    endloop
  endfacet
  facet normal 0 0 -1
    outer loop
      vertex -48.0404 121.855 0
      vertex -48.9343 124.595 0
      vertex -48.5776 124.77 0
    endloop
  endfacet
  facet normal 0 0 -1
    outer loop
      vertex -50.4503 123.329 0
      vertex -48.7846 121.601 0
      vertex -49.121 121.396 0
    endloop
  endfacet
  facet normal 0 0 -1
    outer loop
      vertex -48.0404 121.855 0
      vertex -49.276 124.392 0
      vertex -48.9343 124.595 0
    endloop
  endfacet
  facet normal 0 0 -1
    outer loop
      vertex -50.4503 123.329 0
      vertex -49.121 121.396 0
      vertex -49.424 121.144 0
    endloop
  endfacet
  facet normal 0 0 -1
    outer loop
      vertex -48.4218 121.755 0
      vertex -49.6004 124.162 0
      vertex -49.276 124.392 0
    endloop
  endfacet
  facet normal 0 0 -1
    outer loop
      vertex -50.4503 123.329 0
      vertex -49.424 121.144 0
      vertex -49.687 120.85 0
    endloop
  endfacet
  facet normal 0 0 -1
    outer loop
      vertex -50.4503 123.329 0
      vertex -49.687 120.85 0
      vertex -49.9045 120.521 0
    endloop
  endfacet
  facet normal 0 0 -1
    outer loop
      vertex -48.4218 121.755 0
      vertex -49.9055 123.907 0
      vertex -49.6004 124.162 0
    endloop
  endfacet
  facet normal 0 0 -1
    outer loop
      vertex -50.4503 123.329 0
      vertex -49.9045 120.521 0
      vertex -50.0718 120.165 0
    endloop
  endfacet
  facet normal 0 0 -1
    outer loop
      vertex -50.4503 123.329 0
      vertex -50.0718 120.165 0
      vertex -50.1854 119.787 0
    endloop
  endfacet
  facet normal 0 0 -1
    outer loop
      vertex -48.7846 121.601 0
      vertex -50.1894 123.629 0
      vertex -49.9055 123.907 0
    endloop
  endfacet
  facet normal 0 0 -1
    outer loop
      vertex -50.4503 123.329 0
      vertex -50.1854 119.787 0
      vertex -50.2428 119.397 0
    endloop
  endfacet
  facet normal 0 0 -1
    outer loop
      vertex -48.7846 121.601 0
      vertex -50.4503 123.329 0
      vertex -50.1894 123.629 0
    endloop
  endfacet
  facet normal 1 -0 0
    outer loop
      vertex 36.45 14 3.2
      vertex 36.45 114.2 2.4
      vertex 36.45 114.2 3.2
    endloop
  endfacet
  facet normal 1 0 0
    outer loop
      vertex 36.45 114.2 2.4
      vertex 36.45 14 3.2
      vertex 36.45 14 2.4
    endloop
  endfacet
  facet normal -0.87303 -0.487666 0
    outer loop
      vertex -43.4556 12.7121 2.4
      vertex -43.6458 13.0526 3.2
      vertex -43.6458 13.0526 2.4
    endloop
  endfacet
  facet normal -0.87303 -0.487666 0
    outer loop
      vertex -43.6458 13.0526 3.2
      vertex -43.4556 12.7121 2.4
      vertex -43.4556 12.7121 3.2
    endloop
  endfacet
  facet normal -0.985628 -0.168928 0
    outer loop
      vertex -43.7758 13.4205 2.4
      vertex -43.8417 13.805 3.2
      vertex -43.8417 13.805 2.4
    endloop
  endfacet
  facet normal -0.985628 -0.168928 0
    outer loop
      vertex -43.8417 13.805 3.2
      vertex -43.7758 13.4205 2.4
      vertex -43.7758 13.4205 3.2
    endloop
  endfacet
  facet normal -0.778086 -0.628158 0
    outer loop
      vertex -43.2105 12.4085 2.4
      vertex -43.4556 12.7121 3.2
      vertex -43.4556 12.7121 2.4
    endloop
  endfacet
  facet normal -0.778086 -0.628158 0
    outer loop
      vertex -43.4556 12.7121 3.2
      vertex -43.2105 12.4085 2.4
      vertex -43.2105 12.4085 3.2
    endloop
  endfacet
  facet normal 0.967647 0.252307 0
    outer loop
      vertex 36.4169 114.589 3.2
      vertex 36.3186 114.966 2.4
      vertex 36.3186 114.966 3.2
    endloop
  endfacet
  facet normal 0.967647 0.252307 0
    outer loop
      vertex 36.3186 114.966 2.4
      vertex 36.4169 114.589 3.2
      vertex 36.4169 114.589 2.4
    endloop
  endfacet
  facet normal -0.985665 0.168715 0
    outer loop
      vertex -43.8417 114.395 2.4
      vertex -43.7758 114.78 3.2
      vertex -43.7758 114.78 2.4
    endloop
  endfacet
  facet normal -0.985665 0.168715 0
    outer loop
      vertex -43.7758 114.78 3.2
      vertex -43.8417 114.395 2.4
      vertex -43.8417 114.395 3.2
    endloop
  endfacet
  facet normal 0.828402 0.560133 0
    outer loop
      vertex 36.1579 115.322 3.2
      vertex 35.9395 115.645 2.4
      vertex 35.9395 115.645 3.2
    endloop
  endfacet
  facet normal 0.828402 0.560133 0
    outer loop
      vertex 35.9395 115.645 2.4
      vertex 36.1579 115.322 3.2
      vertex 36.1579 115.322 2.4
    endloop
  endfacet
  facet normal -0.661113 0.750286 0
    outer loop
      vertex -42.9177 116.049 2.4
      vertex -43.2105 115.791 3.2
      vertex -42.9177 116.049 3.2
    endloop
  endfacet
  facet normal -0.661113 0.750286 0
    outer loop
      vertex -43.2105 115.791 3.2
      vertex -42.9177 116.049 2.4
      vertex -43.2105 115.791 2.4
    endloop
  endfacet
  facet normal -0.371833 0.9283 0
    outer loop
      vertex -42.2235 116.399 2.4
      vertex -42.5855 116.254 3.2
      vertex -42.2235 116.399 3.2
    endloop
  endfacet
  facet normal -0.371833 0.9283 0
    outer loop
      vertex -42.5855 116.254 3.2
      vertex -42.2235 116.399 2.4
      vertex -42.5855 116.254 2.4
    endloop
  endfacet
  facet normal -0.525155 0.851007 0
    outer loop
      vertex -42.5855 116.254 2.4
      vertex -42.9177 116.049 3.2
      vertex -42.5855 116.254 3.2
    endloop
  endfacet
  facet normal -0.525155 0.851007 0
    outer loop
      vertex -42.9177 116.049 3.2
      vertex -42.5855 116.254 2.4
      vertex -42.9177 116.049 2.4
    endloop
  endfacet
  facet normal 0.450185 -0.892935 0
    outer loop
      vertex 35.0076 11.8659 2.4
      vertex 35.3559 12.0415 3.2
      vertex 35.0076 11.8659 3.2
    endloop
  endfacet
  facet normal 0.450185 -0.892935 0
    outer loop
      vertex 35.3559 12.0415 3.2
      vertex 35.0076 11.8659 2.4
      vertex 35.3559 12.0415 2.4
    endloop
  endfacet
  facet normal -0.0435819 0.99905 0
    outer loop
      vertex -41.4524 116.498 2.4
      vertex -41.8421 116.481 3.2
      vertex -41.4524 116.498 3.2
    endloop
  endfacet
  facet normal -0.0435819 0.99905 0
    outer loop
      vertex -41.8421 116.481 3.2
      vertex -41.4524 116.498 2.4
      vertex -41.8421 116.481 2.4
    endloop
  endfacet
  facet normal -0.94261 0.333895 0
    outer loop
      vertex -43.7758 114.78 2.4
      vertex -43.6458 115.147 3.2
      vertex -43.6458 115.147 2.4
    endloop
  endfacet
  facet normal -0.94261 0.333895 0
    outer loop
      vertex -43.6458 115.147 3.2
      vertex -43.7758 114.78 2.4
      vertex -43.7758 114.78 3.2
    endloop
  endfacet
  facet normal -0.210684 -0.977554 0
    outer loop
      vertex -42.2235 11.8008 2.4
      vertex -41.8421 11.7186 3.2
      vertex -42.2235 11.8008 3.2
    endloop
  endfacet
  facet normal -0.210684 -0.977554 -0
    outer loop
      vertex -41.8421 11.7186 3.2
      vertex -42.2235 11.8008 2.4
      vertex -41.8421 11.7186 2.4
    endloop
  endfacet
  facet normal -0.942867 -0.333169 0
    outer loop
      vertex -43.6458 13.0526 2.4
      vertex -43.7758 13.4205 3.2
      vertex -43.7758 13.4205 2.4
    endloop
  endfacet
  facet normal -0.942867 -0.333169 0
    outer loop
      vertex -43.7758 13.4205 3.2
      vertex -43.6458 13.0526 2.4
      vertex -43.6458 13.0526 3.2
    endloop
  endfacet
  facet normal 0.128167 0.991753 -0
    outer loop
      vertex 34.6345 116.448 2.4
      vertex 34.2476 116.498 3.2
      vertex 34.6345 116.448 3.2
    endloop
  endfacet
  facet normal 0.128167 0.991753 0
    outer loop
      vertex 34.2476 116.498 3.2
      vertex 34.6345 116.448 2.4
      vertex 34.2476 116.498 2.4
    endloop
  endfacet
  facet normal 0.722308 0.691571 0
    outer loop
      vertex 35.9395 115.645 3.2
      vertex 35.6695 115.927 2.4
      vertex 35.6695 115.927 3.2
    endloop
  endfacet
  facet normal 0.722308 0.691571 0
    outer loop
      vertex 35.6695 115.927 2.4
      vertex 35.9395 115.645 3.2
      vertex 35.9395 115.645 2.4
    endloop
  endfacet
  facet normal 0 -1 0
    outer loop
      vertex -41.4524 11.7021 2.4
      vertex 34.2476 11.7021 3.2
      vertex -41.4524 11.7021 3.2
    endloop
  endfacet
  facet normal 0 -1 -0
    outer loop
      vertex 34.2476 11.7021 3.2
      vertex -41.4524 11.7021 2.4
      vertex 34.2476 11.7021 2.4
    endloop
  endfacet
  facet normal 0 1 -0
    outer loop
      vertex 34.2476 116.498 2.4
      vertex -41.4524 116.498 3.2
      vertex 34.2476 116.498 3.2
    endloop
  endfacet
  facet normal 0 1 0
    outer loop
      vertex -41.4524 116.498 3.2
      vertex 34.2476 116.498 2.4
      vertex -41.4524 116.498 2.4
    endloop
  endfacet
  facet normal -1 0 0
    outer loop
      vertex -43.8417 13.805 2.4
      vertex -43.8417 27.23 3.2
      vertex -43.8417 27.23 2.4
    endloop
  endfacet
  facet normal -1 -0 0
    outer loop
      vertex -43.8417 27.23 3.2
      vertex -43.8417 13.805 2.4
      vertex -43.8417 13.805 3.2
    endloop
  endfacet
  facet normal -1 0 0
    outer loop
      vertex -43.8417 40.23 2.4
      vertex -43.8417 114.395 3.2
      vertex -43.8417 114.395 2.4
    endloop
  endfacet
  facet normal -1 -0 0
    outer loop
      vertex -43.8417 114.395 3.2
      vertex -43.8417 40.23 2.4
      vertex -43.8417 40.23 3.2
    endloop
  endfacet
  facet normal -0.873335 0.487121 0
    outer loop
      vertex -43.6458 115.147 2.4
      vertex -43.4556 115.488 3.2
      vertex -43.4556 115.488 2.4
    endloop
  endfacet
  facet normal -0.873335 0.487121 0
    outer loop
      vertex -43.4556 115.488 3.2
      vertex -43.6458 115.147 2.4
      vertex -43.6458 115.147 3.2
    endloop
  endfacet
  facet normal 0.126906 -0.991915 0
    outer loop
      vertex 34.2476 11.7021 2.4
      vertex 34.6345 11.7516 3.2
      vertex 34.2476 11.7021 3.2
    endloop
  endfacet
  facet normal 0.126906 -0.991915 0
    outer loop
      vertex 34.6345 11.7516 3.2
      vertex 34.2476 11.7021 2.4
      vertex 34.6345 11.7516 2.4
    endloop
  endfacet
  facet normal 0.292915 -0.956138 0
    outer loop
      vertex 34.6345 11.7516 2.4
      vertex 35.0076 11.8659 3.2
      vertex 34.6345 11.7516 3.2
    endloop
  endfacet
  facet normal 0.292915 -0.956138 0
    outer loop
      vertex 35.0076 11.8659 3.2
      vertex 34.6345 11.7516 2.4
      vertex 35.0076 11.8659 2.4
    endloop
  endfacet
  facet normal 0.996399 0.0847836 0
    outer loop
      vertex 36.45 114.2 3.2
      vertex 36.4169 114.589 2.4
      vertex 36.4169 114.589 3.2
    endloop
  endfacet
  facet normal 0.996399 0.0847836 0
    outer loop
      vertex 36.4169 114.589 2.4
      vertex 36.45 114.2 3.2
      vertex 36.45 114.2 2.4
    endloop
  endfacet
  facet normal 0.967729 -0.251994 0
    outer loop
      vertex 36.3186 13.2338 3.2
      vertex 36.4169 13.6113 2.4
      vertex 36.4169 13.6113 3.2
    endloop
  endfacet
  facet normal 0.967729 -0.251994 0
    outer loop
      vertex 36.4169 13.6113 2.4
      vertex 36.3186 13.2338 3.2
      vertex 36.3186 13.2338 2.4
    endloop
  endfacet
  facet normal 0.448957 0.893553 -0
    outer loop
      vertex 35.3559 116.159 2.4
      vertex 35.0076 116.334 3.2
      vertex 35.3559 116.159 3.2
    endloop
  endfacet
  facet normal 0.448957 0.893553 0
    outer loop
      vertex 35.0076 116.334 3.2
      vertex 35.3559 116.159 2.4
      vertex 35.0076 116.334 2.4
    endloop
  endfacet
  facet normal 0.911442 0.411429 0
    outer loop
      vertex 36.3186 114.966 3.2
      vertex 36.1579 115.322 2.4
      vertex 36.1579 115.322 3.2
    endloop
  endfacet
  facet normal 0.911442 0.411429 0
    outer loop
      vertex 36.1579 115.322 2.4
      vertex 36.3186 114.966 3.2
      vertex 36.3186 114.966 2.4
    endloop
  endfacet
  facet normal 0.594737 -0.80392 0
    outer loop
      vertex 35.3559 12.0415 2.4
      vertex 35.6695 12.2735 3.2
      vertex 35.3559 12.0415 3.2
    endloop
  endfacet
  facet normal 0.594737 -0.80392 0
    outer loop
      vertex 35.6695 12.2735 3.2
      vertex 35.3559 12.0415 2.4
      vertex 35.6695 12.2735 2.4
    endloop
  endfacet
  facet normal -0.0423024 -0.999105 0
    outer loop
      vertex -41.8421 11.7186 2.4
      vertex -41.4524 11.7021 3.2
      vertex -41.8421 11.7186 3.2
    endloop
  endfacet
  facet normal -0.0423024 -0.999105 -0
    outer loop
      vertex -41.4524 11.7021 3.2
      vertex -41.8421 11.7186 2.4
      vertex -41.4524 11.7021 2.4
    endloop
  endfacet
  facet normal -0.210194 0.97766 0
    outer loop
      vertex -41.8421 116.481 2.4
      vertex -42.2235 116.399 3.2
      vertex -41.8421 116.481 3.2
    endloop
  endfacet
  facet normal -0.210194 0.97766 0
    outer loop
      vertex -42.2235 116.399 3.2
      vertex -41.8421 116.481 2.4
      vertex -42.2235 116.399 2.4
    endloop
  endfacet
  facet normal 0.721817 -0.692083 0
    outer loop
      vertex 35.6695 12.2735 3.2
      vertex 35.9395 12.5551 2.4
      vertex 35.9395 12.5551 3.2
    endloop
  endfacet
  facet normal 0.721817 -0.692083 0
    outer loop
      vertex 35.9395 12.5551 2.4
      vertex 35.6695 12.2735 3.2
      vertex 35.6695 12.2735 2.4
    endloop
  endfacet
  facet normal -0.372937 -0.927857 0
    outer loop
      vertex -42.5855 11.9463 2.4
      vertex -42.2235 11.8008 3.2
      vertex -42.5855 11.9463 3.2
    endloop
  endfacet
  facet normal -0.372937 -0.927857 -0
    outer loop
      vertex -42.2235 11.8008 3.2
      vertex -42.5855 11.9463 2.4
      vertex -42.2235 11.8008 2.4
    endloop
  endfacet
  facet normal -0.66068 -0.750668 0
    outer loop
      vertex -43.2105 12.4085 2.4
      vertex -42.9177 12.1508 3.2
      vertex -43.2105 12.4085 3.2
    endloop
  endfacet
  facet normal -0.66068 -0.750668 -0
    outer loop
      vertex -42.9177 12.1508 3.2
      vertex -43.2105 12.4085 2.4
      vertex -42.9177 12.1508 2.4
    endloop
  endfacet
  facet normal 0.911225 -0.411909 0
    outer loop
      vertex 36.1579 12.8783 3.2
      vertex 36.3186 13.2338 2.4
      vertex 36.3186 13.2338 3.2
    endloop
  endfacet
  facet normal 0.911225 -0.411909 0
    outer loop
      vertex 36.3186 13.2338 2.4
      vertex 36.1579 12.8783 3.2
      vertex 36.1579 12.8783 2.4
    endloop
  endfacet
  facet normal 0.594737 0.80392 -0
    outer loop
      vertex 35.6695 115.927 2.4
      vertex 35.3559 116.159 3.2
      vertex 35.6695 115.927 3.2
    endloop
  endfacet
  facet normal 0.594737 0.80392 0
    outer loop
      vertex 35.3559 116.159 3.2
      vertex 35.6695 115.927 2.4
      vertex 35.3559 116.159 2.4
    endloop
  endfacet
  facet normal 0.292212 0.956354 -0
    outer loop
      vertex 35.0076 116.334 2.4
      vertex 34.6345 116.448 3.2
      vertex 35.0076 116.334 3.2
    endloop
  endfacet
  facet normal 0.292212 0.956354 0
    outer loop
      vertex 34.6345 116.448 3.2
      vertex 35.0076 116.334 2.4
      vertex 34.6345 116.448 2.4
    endloop
  endfacet
  facet normal 0.828563 -0.559895 0
    outer loop
      vertex 35.9395 12.5551 3.2
      vertex 36.1579 12.8783 2.4
      vertex 36.1579 12.8783 3.2
    endloop
  endfacet
  facet normal 0.828563 -0.559895 0
    outer loop
      vertex 36.1579 12.8783 2.4
      vertex 35.9395 12.5551 3.2
      vertex 35.9395 12.5551 2.4
    endloop
  endfacet
  facet normal -0.524226 -0.851579 0
    outer loop
      vertex -42.9177 12.1508 2.4
      vertex -42.5855 11.9463 3.2
      vertex -42.9177 12.1508 3.2
    endloop
  endfacet
  facet normal -0.524226 -0.851579 -0
    outer loop
      vertex -42.5855 11.9463 3.2
      vertex -42.9177 12.1508 2.4
      vertex -42.5855 11.9463 2.4
    endloop
  endfacet
  facet normal 0.996394 -0.0848486 0
    outer loop
      vertex 36.4169 13.6113 3.2
      vertex 36.45 14 2.4
      vertex 36.45 14 3.2
    endloop
  endfacet
  facet normal 0.996394 -0.0848486 0
    outer loop
      vertex 36.45 14 2.4
      vertex 36.4169 13.6113 3.2
      vertex 36.4169 13.6113 2.4
    endloop
  endfacet
  facet normal -0.777478 0.62891 0
    outer loop
      vertex -43.4556 115.488 2.4
      vertex -43.2105 115.791 3.2
      vertex -43.2105 115.791 2.4
    endloop
  endfacet
  facet normal -0.777478 0.62891 0
    outer loop
      vertex -43.2105 115.791 3.2
      vertex -43.4556 115.488 2.4
      vertex -43.4556 115.488 3.2
    endloop
  endfacet
  facet normal 0 0 1
    outer loop
      vertex 33.65 113.7 3.2
      vertex 36.45 114.2 3.2
      vertex 36.4169 114.589 3.2
    endloop
  endfacet
  facet normal 0 0 1
    outer loop
      vertex 36.45 114.2 3.2
      vertex 33.65 113.7 3.2
      vertex 36.45 14 3.2
    endloop
  endfacet
  facet normal 0 0 1
    outer loop
      vertex 33.65 113.7 3.2
      vertex 36.4169 114.589 3.2
      vertex 36.3186 114.966 3.2
    endloop
  endfacet
  facet normal -0 0 1
    outer loop
      vertex 33.65 14.5 3.2
      vertex 36.45 14 3.2
      vertex 33.65 113.7 3.2
    endloop
  endfacet
  facet normal 0 0 1
    outer loop
      vertex 33.65 113.7 3.2
      vertex 36.3186 114.966 3.2
      vertex 36.1579 115.322 3.2
    endloop
  endfacet
  facet normal 0 0 1
    outer loop
      vertex 36.45 14 3.2
      vertex 33.65 14.5 3.2
      vertex 36.4169 13.6113 3.2
    endloop
  endfacet
  facet normal 0 0 1
    outer loop
      vertex 33.65 113.7 3.2
      vertex 36.1579 115.322 3.2
      vertex 35.9395 115.645 3.2
    endloop
  endfacet
  facet normal 0 0 1
    outer loop
      vertex 36.4169 13.6113 3.2
      vertex 33.65 14.5 3.2
      vertex 36.3186 13.2338 3.2
    endloop
  endfacet
  facet normal 0 0 1
    outer loop
      vertex 33.65 113.7 3.2
      vertex 35.9395 115.645 3.2
      vertex 35.6695 115.927 3.2
    endloop
  endfacet
  facet normal 0 0 1
    outer loop
      vertex 36.3186 13.2338 3.2
      vertex 33.65 14.5 3.2
      vertex 36.1579 12.8783 3.2
    endloop
  endfacet
  facet normal 0 0 1
    outer loop
      vertex 33.65 113.7 3.2
      vertex 35.6695 115.927 3.2
      vertex 35.3559 116.159 3.2
    endloop
  endfacet
  facet normal 0 0 1
    outer loop
      vertex 36.1579 12.8783 3.2
      vertex 33.65 14.5 3.2
      vertex 35.9395 12.5551 3.2
    endloop
  endfacet
  facet normal 0 0 1
    outer loop
      vertex 33.65 113.7 3.2
      vertex 35.3559 116.159 3.2
      vertex 35.0076 116.334 3.2
    endloop
  endfacet
  facet normal 0 0 1
    outer loop
      vertex 35.9395 12.5551 3.2
      vertex 33.65 14.5 3.2
      vertex 35.6695 12.2735 3.2
    endloop
  endfacet
  facet normal 0 0 1
    outer loop
      vertex 33.65 113.7 3.2
      vertex 35.0076 116.334 3.2
      vertex 34.6345 116.448 3.2
    endloop
  endfacet
  facet normal 0 0 1
    outer loop
      vertex 35.6695 12.2735 3.2
      vertex 33.65 14.5 3.2
      vertex 35.3559 12.0415 3.2
    endloop
  endfacet
  facet normal 0 0 1
    outer loop
      vertex 33.65 113.7 3.2
      vertex 34.6345 116.448 3.2
      vertex 34.2476 116.498 3.2
    endloop
  endfacet
  facet normal 0 0 1
    outer loop
      vertex 35.3559 12.0415 3.2
      vertex 33.65 14.5 3.2
      vertex 35.0076 11.8659 3.2
    endloop
  endfacet
  facet normal 0 0 1
    outer loop
      vertex 35.0076 11.8659 3.2
      vertex 33.65 14.5 3.2
      vertex 34.6345 11.7516 3.2
    endloop
  endfacet
  facet normal -0 0 1
    outer loop
      vertex -41.4524 116.498 3.2
      vertex 33.65 113.7 3.2
      vertex 34.2476 116.498 3.2
    endloop
  endfacet
  facet normal -0 0 1
    outer loop
      vertex -41.8421 116.481 3.2
      vertex -41.05 113.7 3.2
      vertex -41.4524 116.498 3.2
    endloop
  endfacet
  facet normal 0 0 1
    outer loop
      vertex 33.65 113.7 3.2
      vertex -41.4524 116.498 3.2
      vertex -41.05 113.7 3.2
    endloop
  endfacet
  facet normal 0 0 1
    outer loop
      vertex 34.6345 11.7516 3.2
      vertex 33.65 14.5 3.2
      vertex 34.2476 11.7021 3.2
    endloop
  endfacet
  facet normal 0 0 1
    outer loop
      vertex -41.4524 11.7021 3.2
      vertex 33.65 14.5 3.2
      vertex -41.05 14.5 3.2
    endloop
  endfacet
  facet normal 0 0 1
    outer loop
      vertex 33.65 14.5 3.2
      vertex -41.4524 11.7021 3.2
      vertex 34.2476 11.7021 3.2
    endloop
  endfacet
  facet normal 0 0 1
    outer loop
      vertex -40.55 42.46 3.2
      vertex -43.05 40.23 3.2
      vertex -40.55 25 3.2
    endloop
  endfacet
  facet normal -0 0 1
    outer loop
      vertex -43.55 42.46 3.2
      vertex -43.05 40.23 3.2
      vertex -40.55 42.46 3.2
    endloop
  endfacet
  facet normal 0 0 1
    outer loop
      vertex -42.55 52.26 3.2
      vertex -43.8417 114.395 3.2
      vertex -43.55 48.46 3.2
    endloop
  endfacet
  facet normal 0 0 1
    outer loop
      vertex -43.8417 40.23 3.2
      vertex -43.55 48.46 3.2
      vertex -43.8417 114.395 3.2
    endloop
  endfacet
  facet normal 0 0 1
    outer loop
      vertex -43.55 42.46 3.2
      vertex -43.8417 40.23 3.2
      vertex -43.05 40.23 3.2
    endloop
  endfacet
  facet normal 0 0 1
    outer loop
      vertex -43.55 48.46 3.2
      vertex -43.8417 40.23 3.2
      vertex -43.55 42.46 3.2
    endloop
  endfacet
  facet normal -0 0 1
    outer loop
      vertex -43.55 19 3.2
      vertex -42.55 15.2 3.2
      vertex -42.55 19 3.2
    endloop
  endfacet
  facet normal 0 -0 1
    outer loop
      vertex -43.7758 13.4205 3.2
      vertex -42.55 15.2 3.2
      vertex -43.8417 13.805 3.2
    endloop
  endfacet
  facet normal 0 0 1
    outer loop
      vertex -42.55 15.2 3.2
      vertex -42.9177 12.1508 3.2
      vertex -42.5855 11.9463 3.2
    endloop
  endfacet
  facet normal 0 0 1
    outer loop
      vertex -42.55 15.2 3.2
      vertex -43.2105 12.4085 3.2
      vertex -42.9177 12.1508 3.2
    endloop
  endfacet
  facet normal 0 0 1
    outer loop
      vertex -42.55 15.2 3.2
      vertex -43.55 19 3.2
      vertex -43.8417 13.805 3.2
    endloop
  endfacet
  facet normal 0 0 1
    outer loop
      vertex -42.55 15.2 3.2
      vertex -43.4556 12.7121 3.2
      vertex -43.2105 12.4085 3.2
    endloop
  endfacet
  facet normal -0 0 1
    outer loop
      vertex -42.55 15.2 3.2
      vertex -41.05 14.5 3.2
      vertex -41.05 15.2 3.2
    endloop
  endfacet
  facet normal 0 0 1
    outer loop
      vertex -41.05 14.5 3.2
      vertex -41.8421 11.7186 3.2
      vertex -41.4524 11.7021 3.2
    endloop
  endfacet
  facet normal 0 0 1
    outer loop
      vertex -41.05 14.5 3.2
      vertex -42.2235 11.8008 3.2
      vertex -41.8421 11.7186 3.2
    endloop
  endfacet
  facet normal 0 0 1
    outer loop
      vertex -41.05 14.5 3.2
      vertex -42.55 15.2 3.2
      vertex -42.5855 11.9463 3.2
    endloop
  endfacet
  facet normal 0 0 1
    outer loop
      vertex -41.05 14.5 3.2
      vertex -42.5855 11.9463 3.2
      vertex -42.2235 11.8008 3.2
    endloop
  endfacet
  facet normal -0 0 1
    outer loop
      vertex -43.05 27.23 3.2
      vertex -40.55 25 3.2
      vertex -43.05 40.23 3.2
    endloop
  endfacet
  facet normal 0 0 1
    outer loop
      vertex -43.05 27.23 3.2
      vertex -43.55 25 3.2
      vertex -40.55 25 3.2
    endloop
  endfacet
  facet normal 0 0 1
    outer loop
      vertex -43.8417 27.23 3.2
      vertex -43.55 19 3.2
      vertex -43.55 25 3.2
    endloop
  endfacet
  facet normal 0 0 1
    outer loop
      vertex -42.55 15.2 3.2
      vertex -43.6458 13.0526 3.2
      vertex -43.4556 12.7121 3.2
    endloop
  endfacet
  facet normal -0 0 1
    outer loop
      vertex -43.8417 27.23 3.2
      vertex -43.55 25 3.2
      vertex -43.05 27.23 3.2
    endloop
  endfacet
  facet normal 0 0 1
    outer loop
      vertex -43.55 19 3.2
      vertex -43.8417 27.23 3.2
      vertex -43.8417 13.805 3.2
    endloop
  endfacet
  facet normal 0 0 1
    outer loop
      vertex -42.55 15.2 3.2
      vertex -43.7758 13.4205 3.2
      vertex -43.6458 13.0526 3.2
    endloop
  endfacet
  facet normal -0 0 1
    outer loop
      vertex 8.6 19.5 3.2
      vertex 10.7 19.2 3.2
      vertex 11.6 19.5 3.2
    endloop
  endfacet
  facet normal -0 0 1
    outer loop
      vertex 5.2 22 3.2
      vertex 8.6 19.5 3.2
      vertex 5.2 45.46 3.2
    endloop
  endfacet
  facet normal 0 0 1
    outer loop
      vertex -40.55 19.2 3.2
      vertex 5.2 22 3.2
      vertex -37.05 22 3.2
    endloop
  endfacet
  facet normal 0 0 1
    outer loop
      vertex 5.2 22 3.2
      vertex -40.55 19.2 3.2
      vertex 8.6 19.5 3.2
    endloop
  endfacet
  facet normal 0 0 1
    outer loop
      vertex -37.05 45.46 3.2
      vertex -40.55 42.46 3.2
      vertex -37.05 22 3.2
    endloop
  endfacet
  facet normal -0 0 1
    outer loop
      vertex -40.55 25 3.2
      vertex -37.05 22 3.2
      vertex -40.55 42.46 3.2
    endloop
  endfacet
  facet normal 0 0 1
    outer loop
      vertex 8.6 19.5 3.2
      vertex -40.55 19.2 3.2
      vertex 10.7 19.2 3.2
    endloop
  endfacet
  facet normal 0 0 1
    outer loop
      vertex -40.55 19.2 3.2
      vertex -37.05 22 3.2
      vertex -40.55 25 3.2
    endloop
  endfacet
  facet normal -0 0 1
    outer loop
      vertex 10.7 52.26 3.2
      vertex 30.65 17.5 3.2
      vertex 30.65 110.7 3.2
    endloop
  endfacet
  facet normal 0 0 1
    outer loop
      vertex 30.65 17.5 3.2
      vertex 10.7 52.26 3.2
      vertex 11.6 47.96 3.2
    endloop
  endfacet
  facet normal -0 0 1
    outer loop
      vertex -41.05 110.7 3.2
      vertex 10.7 52.26 3.2
      vertex 30.65 110.7 3.2
    endloop
  endfacet
  facet normal -0 0 1
    outer loop
      vertex -42.2235 116.399 3.2
      vertex -41.05 113.7 3.2
      vertex -41.8421 116.481 3.2
    endloop
  endfacet
  facet normal -0 0 1
    outer loop
      vertex -42.5855 116.254 3.2
      vertex -41.05 113.7 3.2
      vertex -42.2235 116.399 3.2
    endloop
  endfacet
  facet normal 0 0 1
    outer loop
      vertex -41.05 110.7 3.2
      vertex -42.55 52.26 3.2
      vertex 10.7 52.26 3.2
    endloop
  endfacet
  facet normal 0 0 1
    outer loop
      vertex -41.05 113.7 3.2
      vertex -43.6458 115.147 3.2
      vertex -43.7758 114.78 3.2
    endloop
  endfacet
  facet normal -0 0 1
    outer loop
      vertex -42.9177 116.049 3.2
      vertex -41.05 113.7 3.2
      vertex -42.5855 116.254 3.2
    endloop
  endfacet
  facet normal 0 0 1
    outer loop
      vertex -41.05 113.7 3.2
      vertex -43.7758 114.78 3.2
      vertex -43.8417 114.395 3.2
    endloop
  endfacet
  facet normal -0 0 1
    outer loop
      vertex -43.2105 115.791 3.2
      vertex -41.05 113.7 3.2
      vertex -42.9177 116.049 3.2
    endloop
  endfacet
  facet normal -0 0 1
    outer loop
      vertex -43.4556 115.488 3.2
      vertex -41.05 113.7 3.2
      vertex -43.2105 115.791 3.2
    endloop
  endfacet
  facet normal 0 0 1
    outer loop
      vertex -41.05 113.7 3.2
      vertex -43.4556 115.488 3.2
      vertex -43.6458 115.147 3.2
    endloop
  endfacet
  facet normal 0 0 1
    outer loop
      vertex -41.05 113.7 3.2
      vertex -43.8417 114.395 3.2
      vertex -41.05 110.7 3.2
    endloop
  endfacet
  facet normal 0 0 1
    outer loop
      vertex -41.05 110.7 3.2
      vertex -43.8417 114.395 3.2
      vertex -42.55 52.26 3.2
    endloop
  endfacet
  facet normal 0 0 1
    outer loop
      vertex -42.55 52.26 3.2
      vertex -43.55 48.46 3.2
      vertex -42.55 48.46 3.2
    endloop
  endfacet
  facet normal -0 0 1
    outer loop
      vertex 11.6 19.5 3.2
      vertex 30.65 17.5 3.2
      vertex 11.6 47.96 3.2
    endloop
  endfacet
  facet normal 0 0 1
    outer loop
      vertex 10.7 17.5 3.2
      vertex 11.6 19.5 3.2
      vertex 10.7 19.2 3.2
    endloop
  endfacet
  facet normal 0 0 1
    outer loop
      vertex 11.6 19.5 3.2
      vertex 10.7 17.5 3.2
      vertex 30.65 17.5 3.2
    endloop
  endfacet
  facet normal -0 0 1
    outer loop
      vertex 10.7 48.26 3.2
      vertex 11.6 47.96 3.2
      vertex 10.7 52.26 3.2
    endloop
  endfacet
  facet normal 0 0 1
    outer loop
      vertex 10.7 48.26 3.2
      vertex 8.6 47.96 3.2
      vertex 11.6 47.96 3.2
    endloop
  endfacet
  facet normal 0 0 1
    outer loop
      vertex 8.6 47.96 3.2
      vertex 5.2 45.46 3.2
      vertex 8.6 19.5 3.2
    endloop
  endfacet
  facet normal 0 0 1
    outer loop
      vertex -40.55 48.26 3.2
      vertex 5.2 45.46 3.2
      vertex 8.6 47.96 3.2
    endloop
  endfacet
  facet normal -0 0 1
    outer loop
      vertex -40.55 48.26 3.2
      vertex 8.6 47.96 3.2
      vertex 10.7 48.26 3.2
    endloop
  endfacet
  facet normal 0 0 1
    outer loop
      vertex -40.55 42.46 3.2
      vertex -37.05 45.46 3.2
      vertex -40.55 48.26 3.2
    endloop
  endfacet
  facet normal 0 0 1
    outer loop
      vertex 5.2 45.46 3.2
      vertex -40.55 48.26 3.2
      vertex -37.05 45.46 3.2
    endloop
  endfacet
  facet normal -1 0 0
    outer loop
      vertex 30.65 17.5 3.2
      vertex 30.65 110.7 17.6
      vertex 30.65 110.7 3.2
    endloop
  endfacet
  facet normal -1 -0 0
    outer loop
      vertex 30.65 110.7 17.6
      vertex 30.65 17.5 3.2
      vertex 30.65 17.5 17.6
    endloop
  endfacet
  facet normal 0 1 -0
    outer loop
      vertex 11.6 47.96 6.5
      vertex 8.6 47.96 7.7
      vertex 11.6 47.96 7.7
    endloop
  endfacet
  facet normal 0 1 0
    outer loop
      vertex 8.6 47.96 7.7
      vertex 11.6 47.96 6.5
      vertex 8.6 47.96 6.5
    endloop
  endfacet
  facet normal 0 1 -0
    outer loop
      vertex 11.6 47.96 3.2
      vertex 8.6 47.96 4.6
      vertex 11.6 47.96 4.6
    endloop
  endfacet
  facet normal 0 1 0
    outer loop
      vertex 8.6 47.96 4.6
      vertex 11.6 47.96 3.2
      vertex 8.6 47.96 3.2
    endloop
  endfacet
  facet normal -1 0 0
    outer loop
      vertex 8.6 19.5 6.5
      vertex 8.6 47.96 7.7
      vertex 8.6 47.96 6.5
    endloop
  endfacet
  facet normal -1 -0 0
    outer loop
      vertex 8.6 47.96 7.7
      vertex 8.6 19.5 6.5
      vertex 8.6 19.5 7.7
    endloop
  endfacet
  facet normal -1 0 0
    outer loop
      vertex 8.6 19.5 3.2
      vertex 8.6 47.96 4.6
      vertex 8.6 47.96 3.2
    endloop
  endfacet
  facet normal -1 -0 0
    outer loop
      vertex 8.6 47.96 4.6
      vertex 8.6 19.5 3.2
      vertex 8.6 19.5 4.6
    endloop
  endfacet
  facet normal -0 0 1
    outer loop
      vertex 8.6 47.96 7.7
      vertex 11.6 19.5 7.7
      vertex 11.6 47.96 7.7
    endloop
  endfacet
  facet normal 0 0 1
    outer loop
      vertex 11.6 19.5 7.7
      vertex 8.6 47.96 7.7
      vertex 8.6 19.5 7.7
    endloop
  endfacet
  facet normal 1 -0 0
    outer loop
      vertex 11.6 19.5 7.7
      vertex 11.6 47.96 6.5
      vertex 11.6 47.96 7.7
    endloop
  endfacet
  facet normal 1 0 0
    outer loop
      vertex 11.6 47.96 6.5
      vertex 11.6 19.5 7.7
      vertex 11.6 19.5 6.5
    endloop
  endfacet
  facet normal 1 -0 0
    outer loop
      vertex 11.6 19.5 4.6
      vertex 11.6 47.96 3.2
      vertex 11.6 47.96 4.6
    endloop
  endfacet
  facet normal 1 0 0
    outer loop
      vertex 11.6 47.96 3.2
      vertex 11.6 19.5 4.6
      vertex 11.6 19.5 3.2
    endloop
  endfacet
  facet normal 0 -1 0
    outer loop
      vertex 8.6 19.5 6.5
      vertex 11.6 19.5 7.7
      vertex 8.6 19.5 7.7
    endloop
  endfacet
  facet normal 0 -1 -0
    outer loop
      vertex 11.6 19.5 7.7
      vertex 8.6 19.5 6.5
      vertex 11.6 19.5 6.5
    endloop
  endfacet
  facet normal 0 -1 0
    outer loop
      vertex 8.6 19.5 3.2
      vertex 11.6 19.5 4.6
      vertex 8.6 19.5 4.6
    endloop
  endfacet
  facet normal 0 -1 -0
    outer loop
      vertex 11.6 19.5 4.6
      vertex 8.6 19.5 3.2
      vertex 11.6 19.5 3.2
    endloop
  endfacet
  facet normal 0.909665 0.415343 0
    outer loop
      vertex -48.7278 7.7431 2.4
      vertex -48.8933 8.10557 1.8
      vertex -48.8933 8.10557 2.4
    endloop
  endfacet
  facet normal 0.909665 0.415343 0
    outer loop
      vertex -48.8933 8.10557 1.8
      vertex -48.7278 7.7431 2.4
      vertex -48.7278 7.7431 1.8
    endloop
  endfacet
  facet normal -0.540659 -0.841242 0
    outer loop
      vertex -46.9684 9.77348 1.8
      vertex -46.6332 9.55805 2.4
      vertex -46.9684 9.77348 2.4
    endloop
  endfacet
  facet normal -0.540659 -0.841242 -0
    outer loop
      vertex -46.6332 9.55805 2.4
      vertex -46.9684 9.77348 1.8
      vertex -46.6332 9.55805 1.8
    endloop
  endfacet
  facet normal -0.909665 0.415343 0
    outer loop
      vertex -46.3722 7.7431 1.8
      vertex -46.2067 8.10557 2.4
      vertex -46.2067 8.10557 1.8
    endloop
  endfacet
  facet normal -0.909665 0.415343 0
    outer loop
      vertex -46.2067 8.10557 2.4
      vertex -46.3722 7.7431 1.8
      vertex -46.3722 7.7431 2.4
    endloop
  endfacet
  facet normal -0.281703 -0.959502 0
    outer loop
      vertex -47.3508 9.88575 1.8
      vertex -46.9684 9.77348 2.4
      vertex -47.3508 9.88575 2.4
    endloop
  endfacet
  facet normal -0.281703 -0.959502 -0
    outer loop
      vertex -46.9684 9.77348 2.4
      vertex -47.3508 9.88575 1.8
      vertex -46.9684 9.77348 1.8
    endloop
  endfacet
  facet normal -0.989825 -0.142289 0
    outer loop
      vertex -46.15 8.5 1.8
      vertex -46.2067 8.89443 2.4
      vertex -46.2067 8.89443 1.8
    endloop
  endfacet
  facet normal -0.989825 -0.142289 0
    outer loop
      vertex -46.2067 8.89443 2.4
      vertex -46.15 8.5 1.8
      vertex -46.15 8.5 2.4
    endloop
  endfacet
  facet normal 0.989825 0.142289 0
    outer loop
      vertex -48.8933 8.10557 2.4
      vertex -48.95 8.5 1.8
      vertex -48.95 8.5 2.4
    endloop
  endfacet
  facet normal 0.989825 0.142289 0
    outer loop
      vertex -48.95 8.5 1.8
      vertex -48.8933 8.10557 2.4
      vertex -48.8933 8.10557 1.8
    endloop
  endfacet
  facet normal 0.989825 -0.142289 0
    outer loop
      vertex -48.95 8.5 2.4
      vertex -48.8933 8.89443 1.8
      vertex -48.8933 8.89443 2.4
    endloop
  endfacet
  facet normal 0.989825 -0.142289 0
    outer loop
      vertex -48.8933 8.89443 1.8
      vertex -48.95 8.5 2.4
      vertex -48.95 8.5 1.8
    endloop
  endfacet
  facet normal -0.989825 0.142289 0
    outer loop
      vertex -46.2067 8.10557 1.8
      vertex -46.15 8.5 2.4
      vertex -46.15 8.5 1.8
    endloop
  endfacet
  facet normal -0.989825 0.142289 0
    outer loop
      vertex -46.15 8.5 2.4
      vertex -46.2067 8.10557 1.8
      vertex -46.2067 8.10557 2.4
    endloop
  endfacet
  facet normal 0.281703 -0.959502 0
    outer loop
      vertex -48.1316 9.77348 1.8
      vertex -47.7492 9.88575 2.4
      vertex -48.1316 9.77348 2.4
    endloop
  endfacet
  facet normal 0.281703 -0.959502 0
    outer loop
      vertex -47.7492 9.88575 2.4
      vertex -48.1316 9.77348 1.8
      vertex -47.7492 9.88575 1.8
    endloop
  endfacet
  facet normal -0.540676 0.841231 0
    outer loop
      vertex -46.6332 7.44195 1.8
      vertex -46.9684 7.22651 2.4
      vertex -46.6332 7.44195 2.4
    endloop
  endfacet
  facet normal -0.540676 0.841231 0
    outer loop
      vertex -46.9684 7.22651 2.4
      vertex -46.6332 7.44195 1.8
      vertex -46.9684 7.22651 1.8
    endloop
  endfacet
  facet normal 0 1 -0
    outer loop
      vertex -47.3508 7.11425 1.8
      vertex -47.7492 7.11425 2.4
      vertex -47.3508 7.11425 2.4
    endloop
  endfacet
  facet normal 0 1 0
    outer loop
      vertex -47.7492 7.11425 2.4
      vertex -47.3508 7.11425 1.8
      vertex -47.7492 7.11425 1.8
    endloop
  endfacet
  facet normal 0.540659 -0.841242 0
    outer loop
      vertex -48.4668 9.55805 1.8
      vertex -48.1316 9.77348 2.4
      vertex -48.4668 9.55805 2.4
    endloop
  endfacet
  facet normal 0.540659 -0.841242 0
    outer loop
      vertex -48.1316 9.77348 2.4
      vertex -48.4668 9.55805 1.8
      vertex -48.1316 9.77348 1.8
    endloop
  endfacet
  facet normal 0.28168 0.959508 -0
    outer loop
      vertex -47.7492 7.11425 1.8
      vertex -48.1316 7.22651 2.4
      vertex -47.7492 7.11425 2.4
    endloop
  endfacet
  facet normal 0.28168 0.959508 0
    outer loop
      vertex -48.1316 7.22651 2.4
      vertex -47.7492 7.11425 1.8
      vertex -48.1316 7.22651 1.8
    endloop
  endfacet
  facet normal -0.755685 -0.654935 0
    outer loop
      vertex -46.3722 9.2569 1.8
      vertex -46.6332 9.55805 2.4
      vertex -46.6332 9.55805 1.8
    endloop
  endfacet
  facet normal -0.755685 -0.654935 0
    outer loop
      vertex -46.6332 9.55805 2.4
      vertex -46.3722 9.2569 1.8
      vertex -46.3722 9.2569 2.4
    endloop
  endfacet
  facet normal 0 -1 0
    outer loop
      vertex -47.7492 9.88575 1.8
      vertex -47.3508 9.88575 2.4
      vertex -47.7492 9.88575 2.4
    endloop
  endfacet
  facet normal 0 -1 -0
    outer loop
      vertex -47.3508 9.88575 2.4
      vertex -47.7492 9.88575 1.8
      vertex -47.3508 9.88575 1.8
    endloop
  endfacet
  facet normal 0.755685 0.654935 0
    outer loop
      vertex -48.4668 7.44195 2.4
      vertex -48.7278 7.7431 1.8
      vertex -48.7278 7.7431 2.4
    endloop
  endfacet
  facet normal 0.755685 0.654935 0
    outer loop
      vertex -48.7278 7.7431 1.8
      vertex -48.4668 7.44195 2.4
      vertex -48.4668 7.44195 1.8
    endloop
  endfacet
  facet normal -0.28168 0.959508 0
    outer loop
      vertex -46.9684 7.22651 1.8
      vertex -47.3508 7.11425 2.4
      vertex -46.9684 7.22651 2.4
    endloop
  endfacet
  facet normal -0.28168 0.959508 0
    outer loop
      vertex -47.3508 7.11425 2.4
      vertex -46.9684 7.22651 1.8
      vertex -47.3508 7.11425 1.8
    endloop
  endfacet
  facet normal 0.909665 -0.415343 0
    outer loop
      vertex -48.8933 8.89443 2.4
      vertex -48.7278 9.2569 1.8
      vertex -48.7278 9.2569 2.4
    endloop
  endfacet
  facet normal 0.909665 -0.415343 0
    outer loop
      vertex -48.7278 9.2569 1.8
      vertex -48.8933 8.89443 2.4
      vertex -48.8933 8.89443 1.8
    endloop
  endfacet
  facet normal 0.540676 0.841231 -0
    outer loop
      vertex -48.1316 7.22651 1.8
      vertex -48.4668 7.44195 2.4
      vertex -48.1316 7.22651 2.4
    endloop
  endfacet
  facet normal 0.540676 0.841231 0
    outer loop
      vertex -48.4668 7.44195 2.4
      vertex -48.1316 7.22651 1.8
      vertex -48.4668 7.44195 1.8
    endloop
  endfacet
  facet normal -0.909665 -0.415343 0
    outer loop
      vertex -46.2067 8.89443 1.8
      vertex -46.3722 9.2569 2.4
      vertex -46.3722 9.2569 1.8
    endloop
  endfacet
  facet normal -0.909665 -0.415343 0
    outer loop
      vertex -46.3722 9.2569 2.4
      vertex -46.2067 8.89443 1.8
      vertex -46.2067 8.89443 2.4
    endloop
  endfacet
  facet normal -0.755685 0.654935 0
    outer loop
      vertex -46.6332 7.44195 1.8
      vertex -46.3722 7.7431 2.4
      vertex -46.3722 7.7431 1.8
    endloop
  endfacet
  facet normal -0.755685 0.654935 0
    outer loop
      vertex -46.3722 7.7431 2.4
      vertex -46.6332 7.44195 1.8
      vertex -46.6332 7.44195 2.4
    endloop
  endfacet
  facet normal 0.755685 -0.654935 0
    outer loop
      vertex -48.7278 9.2569 2.4
      vertex -48.4668 9.55805 1.8
      vertex -48.4668 9.55805 2.4
    endloop
  endfacet
  facet normal 0.755685 -0.654935 0
    outer loop
      vertex -48.4668 9.55805 1.8
      vertex -48.7278 9.2569 2.4
      vertex -48.7278 9.2569 1.8
    endloop
  endfacet
  facet normal 0.957573 0.28819 0
    outer loop
      vertex -50.0718 7.53548 1.8
      vertex -50.1854 7.91294 0
      vertex -50.1854 7.91294 1.8
    endloop
  endfacet
  facet normal 0.957573 0.28819 0
    outer loop
      vertex -50.1854 7.91294 0
      vertex -50.0718 7.53548 1.8
      vertex -50.0718 7.53548 0
    endloop
  endfacet
  facet normal -0.791548 -0.611107 0
    outer loop
      vertex -45.2982 9.98977 0
      vertex -45.5391 10.3018 1.8
      vertex -45.5391 10.3018 0
    endloop
  endfacet
  facet normal -0.791548 -0.611107 0
    outer loop
      vertex -45.5391 10.3018 1.8
      vertex -45.2982 9.98977 0
      vertex -45.2982 9.98977 1.8
    endloop
  endfacet
  facet normal -0.872067 0.489387 0
    outer loop
      vertex -45.2982 7.01023 0
      vertex -45.1053 7.35397 1.8
      vertex -45.1053 7.35397 0
    endloop
  endfacet
  facet normal -0.872067 0.489387 0
    outer loop
      vertex -45.1053 7.35397 1.8
      vertex -45.2982 7.01023 0
      vertex -45.2982 7.01023 1.8
    endloop
  endfacet
  facet normal -0.976079 0.217414 0
    outer loop
      vertex -44.9645 7.72213 0
      vertex -44.8788 8.10688 1.8
      vertex -44.8788 8.10688 0
    endloop
  endfacet
  facet normal -0.976079 0.217414 0
    outer loop
      vertex -44.8788 8.10688 1.8
      vertex -44.9645 7.72213 0
      vertex -44.9645 7.72213 1.8
    endloop
  endfacet
  facet normal -0.694038 0.719938 0
    outer loop
      vertex -45.5391 6.69824 0
      vertex -45.8229 6.42465 1.8
      vertex -45.5391 6.69824 1.8
    endloop
  endfacet
  facet normal -0.694038 0.719938 0
    outer loop
      vertex -45.8229 6.42465 1.8
      vertex -45.5391 6.69824 0
      vertex -45.8229 6.42465 0
    endloop
  endfacet
  facet normal 0.98934 -0.145622 0
    outer loop
      vertex -50.2428 8.69709 1.8
      vertex -50.1854 9.08706 0
      vertex -50.1854 9.08706 1.8
    endloop
  endfacet
  facet normal 0.98934 -0.145622 0
    outer loop
      vertex -50.1854 9.08706 0
      vertex -50.2428 8.69709 1.8
      vertex -50.2428 8.69709 0
    endloop
  endfacet
  facet normal -0.872067 -0.489387 0
    outer loop
      vertex -45.1053 9.64603 0
      vertex -45.2982 9.98977 1.8
      vertex -45.2982 9.98977 0
    endloop
  endfacet
  facet normal -0.872067 -0.489387 0
    outer loop
      vertex -45.2982 9.98977 1.8
      vertex -45.1053 9.64603 0
      vertex -45.1053 9.64603 1.8
    endloop
  endfacet
  facet normal -0.181653 -0.983363 0
    outer loop
      vertex -47.2547 11.1838 0
      vertex -46.8671 11.1122 1.8
      vertex -47.2547 11.1838 1.8
    endloop
  endfacet
  facet normal -0.181653 -0.983363 -0
    outer loop
      vertex -46.8671 11.1122 1.8
      vertex -47.2547 11.1838 0
      vertex -46.8671 11.1122 0
    endloop
  endfacet
  facet normal 0.109345 -0.994004 0
    outer loop
      vertex -48.0404 11.1551 0
      vertex -47.6486 11.1982 1.8
      vertex -48.0404 11.1551 1.8
    endloop
  endfacet
  facet normal 0.109345 -0.994004 0
    outer loop
      vertex -47.6486 11.1982 1.8
      vertex -48.0404 11.1551 0
      vertex -47.6486 11.1982 0
    endloop
  endfacet
  facet normal -0.997327 0.0730643 0
    outer loop
      vertex -44.8788 8.10688 0
      vertex -44.85 8.5 1.8
      vertex -44.85 8.5 0
    endloop
  endfacet
  facet normal -0.997327 0.0730643 0
    outer loop
      vertex -44.85 8.5 1.8
      vertex -44.8788 8.10688 0
      vertex -44.8788 8.10688 1.8
    endloop
  endfacet
  facet normal 0.98934 0.145622 0
    outer loop
      vertex -50.1854 7.91294 1.8
      vertex -50.2428 8.30291 0
      vertex -50.2428 8.30291 1.8
    endloop
  endfacet
  facet normal 0.98934 0.145622 0
    outer loop
      vertex -50.2428 8.30291 0
      vertex -50.1854 7.91294 1.8
      vertex -50.1854 7.91294 0
    endloop
  endfacet
  facet normal 0.744822 0.667263 0
    outer loop
      vertex -49.424 6.55626 1.8
      vertex -49.687 6.84983 0
      vertex -49.687 6.84983 1.8
    endloop
  endfacet
  facet normal 0.744822 0.667263 0
    outer loop
      vertex -49.687 6.84983 0
      vertex -49.424 6.55626 1.8
      vertex -49.424 6.55626 0
    endloop
  endfacet
  facet normal 0.90546 0.424431 0
    outer loop
      vertex -49.9045 7.17857 1.8
      vertex -50.0718 7.53548 0
      vertex -50.0718 7.53548 1.8
    endloop
  endfacet
  facet normal 0.90546 0.424431 0
    outer loop
      vertex -50.0718 7.53548 0
      vertex -49.9045 7.17857 1.8
      vertex -49.9045 7.17857 0
    endloop
  endfacet
  facet normal 0.109371 0.994001 -0
    outer loop
      vertex -47.6486 5.8018 0
      vertex -48.0404 5.84491 1.8
      vertex -47.6486 5.8018 1.8
    endloop
  endfacet
  facet normal 0.109371 0.994001 0
    outer loop
      vertex -48.0404 5.84491 1.8
      vertex -47.6486 5.8018 0
      vertex -48.0404 5.84491 0
    endloop
  endfacet
  facet normal -0.934024 -0.35721 0
    outer loop
      vertex -44.9645 9.27787 0
      vertex -45.1053 9.64603 1.8
      vertex -45.1053 9.64603 0
    endloop
  endfacet
  facet normal -0.934024 -0.35721 0
    outer loop
      vertex -45.1053 9.64603 1.8
      vertex -44.9645 9.27787 0
      vertex -44.9645 9.27787 1.8
    endloop
  endfacet
  facet normal -0.457233 -0.889347 0
    outer loop
      vertex -46.494 10.9849 0
      vertex -46.1435 10.8047 1.8
      vertex -46.494 10.9849 1.8
    endloop
  endfacet
  facet normal -0.457233 -0.889347 -0
    outer loop
      vertex -46.1435 10.8047 1.8
      vertex -46.494 10.9849 0
      vertex -46.1435 10.8047 0
    endloop
  endfacet
  facet normal 0.252907 -0.967491 0
    outer loop
      vertex -48.4218 11.0554 0
      vertex -48.0404 11.1551 1.8
      vertex -48.4218 11.0554 1.8
    endloop
  endfacet
  facet normal 0.252907 -0.967491 0
    outer loop
      vertex -48.0404 11.1551 1.8
      vertex -48.4218 11.0554 0
      vertex -48.0404 11.1551 0
    endloop
  endfacet
  facet normal -0.0365331 0.999332 0
    outer loop
      vertex -47.2547 5.8162 0
      vertex -47.6486 5.8018 1.8
      vertex -47.2547 5.8162 1.8
    endloop
  endfacet
  facet normal -0.0365331 0.999332 0
    outer loop
      vertex -47.6486 5.8018 1.8
      vertex -47.2547 5.8162 0
      vertex -47.6486 5.8018 0
    endloop
  endfacet
  facet normal -0.457294 0.889316 0
    outer loop
      vertex -46.1435 6.1953 0
      vertex -46.494 6.01507 1.8
      vertex -46.1435 6.1953 1.8
    endloop
  endfacet
  facet normal -0.457294 0.889316 0
    outer loop
      vertex -46.494 6.01507 1.8
      vertex -46.1435 6.1953 0
      vertex -46.494 6.01507 0
    endloop
  endfacet
  facet normal 0.252907 0.967491 -0
    outer loop
      vertex -48.0404 5.84491 0
      vertex -48.4218 5.94461 1.8
      vertex -48.0404 5.84491 1.8
    endloop
  endfacet
  facet normal 0.252907 0.967491 0
    outer loop
      vertex -48.4218 5.94461 1.8
      vertex -48.0404 5.84491 0
      vertex -48.4218 5.94461 0
    endloop
  endfacet
  facet normal -0.181629 0.983367 0
    outer loop
      vertex -46.8671 5.88779 0
      vertex -47.2547 5.8162 1.8
      vertex -46.8671 5.88779 1.8
    endloop
  endfacet
  facet normal -0.181629 0.983367 0
    outer loop
      vertex -47.2547 5.8162 1.8
      vertex -46.8671 5.88779 0
      vertex -47.2547 5.8162 0
    endloop
  endfacet
  facet normal 0.639735 -0.768595 0
    outer loop
      vertex -49.424 10.4437 0
      vertex -49.121 10.6959 1.8
      vertex -49.424 10.4437 1.8
    endloop
  endfacet
  facet normal 0.639735 -0.768595 0
    outer loop
      vertex -49.121 10.6959 1.8
      vertex -49.424 10.4437 0
      vertex -49.121 10.6959 0
    endloop
  endfacet
  facet normal -0.79151 0.611156 0
    outer loop
      vertex -45.5391 6.69824 0
      vertex -45.2982 7.01023 1.8
      vertex -45.2982 7.01023 0
    endloop
  endfacet
  facet normal -0.79151 0.611156 0
    outer loop
      vertex -45.2982 7.01023 1.8
      vertex -45.5391 6.69824 0
      vertex -45.5391 6.69824 1.8
    endloop
  endfacet
  facet normal -0.581826 0.813313 0
    outer loop
      vertex -45.8229 6.42465 0
      vertex -46.1435 6.1953 1.8
      vertex -45.8229 6.42465 1.8
    endloop
  endfacet
  facet normal -0.581826 0.813313 0
    outer loop
      vertex -46.1435 6.1953 1.8
      vertex -45.8229 6.42465 0
      vertex -46.1435 6.1953 0
    endloop
  endfacet
  facet normal 0.391162 -0.920322 0
    outer loop
      vertex -48.7846 10.9012 0
      vertex -48.4218 11.0554 1.8
      vertex -48.7846 10.9012 1.8
    endloop
  endfacet
  facet normal 0.391162 -0.920322 0
    outer loop
      vertex -48.4218 11.0554 1.8
      vertex -48.7846 10.9012 0
      vertex -48.4218 11.0554 0
    endloop
  endfacet
  facet normal -0.934024 0.35721 0
    outer loop
      vertex -45.1053 7.35397 0
      vertex -44.9645 7.72213 1.8
      vertex -44.9645 7.72213 0
    endloop
  endfacet
  facet normal -0.934024 0.35721 0
    outer loop
      vertex -44.9645 7.72213 1.8
      vertex -45.1053 7.35397 0
      vertex -45.1053 7.35397 1.8
    endloop
  endfacet
  facet normal 0.957573 -0.28819 0
    outer loop
      vertex -50.1854 9.08706 1.8
      vertex -50.0718 9.46452 0
      vertex -50.0718 9.46452 1.8
    endloop
  endfacet
  facet normal 0.957573 -0.28819 0
    outer loop
      vertex -50.0718 9.46452 0
      vertex -50.1854 9.08706 1.8
      vertex -50.1854 9.08706 0
    endloop
  endfacet
  facet normal 0.521011 0.85355 -0
    outer loop
      vertex -48.7846 6.09878 0
      vertex -49.121 6.30412 1.8
      vertex -48.7846 6.09878 1.8
    endloop
  endfacet
  facet normal 0.521011 0.85355 0
    outer loop
      vertex -49.121 6.30412 1.8
      vertex -48.7846 6.09878 0
      vertex -49.121 6.30412 0
    endloop
  endfacet
  facet normal 1 -0 0
    outer loop
      vertex -50.2428 8.30291 1.8
      vertex -50.2428 8.69709 0
      vertex -50.2428 8.69709 1.8
    endloop
  endfacet
  facet normal 1 0 0
    outer loop
      vertex -50.2428 8.69709 0
      vertex -50.2428 8.30291 1.8
      vertex -50.2428 8.30291 0
    endloop
  endfacet
  facet normal 0.639645 0.76867 -0
    outer loop
      vertex -49.121 6.30412 0
      vertex -49.424 6.55626 1.8
      vertex -49.121 6.30412 1.8
    endloop
  endfacet
  facet normal 0.639645 0.76867 0
    outer loop
      vertex -49.424 6.55626 1.8
      vertex -49.121 6.30412 0
      vertex -49.424 6.55626 0
    endloop
  endfacet
  facet normal 0.391098 0.920349 -0
    outer loop
      vertex -48.4218 5.94461 0
      vertex -48.7846 6.09878 1.8
      vertex -48.4218 5.94461 1.8
    endloop
  endfacet
  facet normal 0.391098 0.920349 0
    outer loop
      vertex -48.7846 6.09878 1.8
      vertex -48.4218 5.94461 0
      vertex -48.7846 6.09878 0
    endloop
  endfacet
  facet normal 0.834012 -0.551746 0
    outer loop
      vertex -49.9045 9.82143 1.8
      vertex -49.687 10.1502 0
      vertex -49.687 10.1502 1.8
    endloop
  endfacet
  facet normal 0.834012 -0.551746 0
    outer loop
      vertex -49.687 10.1502 0
      vertex -49.9045 9.82143 1.8
      vertex -49.9045 9.82143 0
    endloop
  endfacet
  facet normal 0.744743 -0.667351 0
    outer loop
      vertex -49.687 10.1502 1.8
      vertex -49.424 10.4437 0
      vertex -49.424 10.4437 1.8
    endloop
  endfacet
  facet normal 0.744743 -0.667351 0
    outer loop
      vertex -49.424 10.4437 0
      vertex -49.687 10.1502 1.8
      vertex -49.687 10.1502 0
    endloop
  endfacet
  facet normal -0.997327 -0.0730643 0
    outer loop
      vertex -44.85 8.5 0
      vertex -44.8788 8.89312 1.8
      vertex -44.8788 8.89312 0
    endloop
  endfacet
  facet normal -0.997327 -0.0730643 0
    outer loop
      vertex -44.8788 8.89312 1.8
      vertex -44.85 8.5 0
      vertex -44.85 8.5 1.8
    endloop
  endfacet
  facet normal -0.58191 -0.813253 0
    outer loop
      vertex -46.1435 10.8047 0
      vertex -45.8229 10.5753 1.8
      vertex -46.1435 10.8047 1.8
    endloop
  endfacet
  facet normal -0.58191 -0.813253 -0
    outer loop
      vertex -45.8229 10.5753 1.8
      vertex -46.1435 10.8047 0
      vertex -45.8229 10.5753 0
    endloop
  endfacet
  facet normal -0.69392 -0.720053 0
    outer loop
      vertex -45.8229 10.5753 0
      vertex -45.5391 10.3018 1.8
      vertex -45.8229 10.5753 1.8
    endloop
  endfacet
  facet normal -0.69392 -0.720053 -0
    outer loop
      vertex -45.5391 10.3018 1.8
      vertex -45.8229 10.5753 0
      vertex -45.5391 10.3018 0
    endloop
  endfacet
  facet normal 0.520937 -0.853595 0
    outer loop
      vertex -49.121 10.6959 0
      vertex -48.7846 10.9012 1.8
      vertex -49.121 10.6959 1.8
    endloop
  endfacet
  facet normal 0.520937 -0.853595 0
    outer loop
      vertex -48.7846 10.9012 1.8
      vertex -49.121 10.6959 0
      vertex -48.7846 10.9012 0
    endloop
  endfacet
  facet normal -0.976079 -0.217414 0
    outer loop
      vertex -44.8788 8.89312 0
      vertex -44.9645 9.27787 1.8
      vertex -44.9645 9.27787 0
    endloop
  endfacet
  facet normal -0.976079 -0.217414 0
    outer loop
      vertex -44.9645 9.27787 1.8
      vertex -44.8788 8.89312 0
      vertex -44.8788 8.89312 1.8
    endloop
  endfacet
  facet normal -0.322871 0.946443 0
    outer loop
      vertex -46.494 6.01507 0
      vertex -46.8671 5.88779 1.8
      vertex -46.494 6.01507 1.8
    endloop
  endfacet
  facet normal -0.322871 0.946443 0
    outer loop
      vertex -46.8671 5.88779 1.8
      vertex -46.494 6.01507 0
      vertex -46.8671 5.88779 0
    endloop
  endfacet
  facet normal -0.322917 -0.946427 0
    outer loop
      vertex -46.8671 11.1122 0
      vertex -46.494 10.9849 1.8
      vertex -46.8671 11.1122 1.8
    endloop
  endfacet
  facet normal -0.322917 -0.946427 -0
    outer loop
      vertex -46.494 10.9849 1.8
      vertex -46.8671 11.1122 0
      vertex -46.494 10.9849 0
    endloop
  endfacet
  facet normal -0.0365331 -0.999332 0
    outer loop
      vertex -47.6486 11.1982 0
      vertex -47.2547 11.1838 1.8
      vertex -47.6486 11.1982 1.8
    endloop
  endfacet
  facet normal -0.0365331 -0.999332 -0
    outer loop
      vertex -47.2547 11.1838 1.8
      vertex -47.6486 11.1982 0
      vertex -47.2547 11.1838 0
    endloop
  endfacet
  facet normal 0.90546 -0.424431 0
    outer loop
      vertex -50.0718 9.46452 1.8
      vertex -49.9045 9.82143 0
      vertex -49.9045 9.82143 1.8
    endloop
  endfacet
  facet normal 0.90546 -0.424431 0
    outer loop
      vertex -49.9045 9.82143 0
      vertex -50.0718 9.46452 1.8
      vertex -50.0718 9.46452 0
    endloop
  endfacet
  facet normal 0 0 -1
    outer loop
      vertex -46.15 8.5 1.8
      vertex -44.85 8.5 1.8
      vertex -44.8788 8.10688 1.8
    endloop
  endfacet
  facet normal 0 0 -1
    outer loop
      vertex -46.2067 8.10557 1.8
      vertex -44.8788 8.10688 1.8
      vertex -44.9645 7.72213 1.8
    endloop
  endfacet
  facet normal 0 0 -1
    outer loop
      vertex -44.85 8.5 1.8
      vertex -46.15 8.5 1.8
      vertex -44.8788 8.89312 1.8
    endloop
  endfacet
  facet normal 0 0 -1
    outer loop
      vertex -46.2067 8.10557 1.8
      vertex -44.9645 7.72213 1.8
      vertex -45.1053 7.35397 1.8
    endloop
  endfacet
  facet normal 0 0 -1
    outer loop
      vertex -46.2067 8.89443 1.8
      vertex -44.8788 8.89312 1.8
      vertex -46.15 8.5 1.8
    endloop
  endfacet
  facet normal 0 0 -1
    outer loop
      vertex -46.3722 7.7431 1.8
      vertex -45.1053 7.35397 1.8
      vertex -45.2982 7.01023 1.8
    endloop
  endfacet
  facet normal 0 0 -1
    outer loop
      vertex -44.8788 8.89312 1.8
      vertex -46.2067 8.89443 1.8
      vertex -44.9645 9.27787 1.8
    endloop
  endfacet
  facet normal 0 0 -1
    outer loop
      vertex -46.3722 7.7431 1.8
      vertex -45.2982 7.01023 1.8
      vertex -45.5391 6.69824 1.8
    endloop
  endfacet
  facet normal -0 0 -1
    outer loop
      vertex -44.9645 9.27787 1.8
      vertex -46.2067 8.89443 1.8
      vertex -45.1053 9.64603 1.8
    endloop
  endfacet
  facet normal 0 0 -1
    outer loop
      vertex -46.6332 7.44195 1.8
      vertex -45.5391 6.69824 1.8
      vertex -45.8229 6.42465 1.8
    endloop
  endfacet
  facet normal 0 0 -1
    outer loop
      vertex -46.3722 9.2569 1.8
      vertex -45.1053 9.64603 1.8
      vertex -46.2067 8.89443 1.8
    endloop
  endfacet
  facet normal 0 0 -1
    outer loop
      vertex -46.6332 7.44195 1.8
      vertex -45.8229 6.42465 1.8
      vertex -46.1435 6.1953 1.8
    endloop
  endfacet
  facet normal -0 0 -1
    outer loop
      vertex -45.1053 9.64603 1.8
      vertex -46.3722 9.2569 1.8
      vertex -45.2982 9.98977 1.8
    endloop
  endfacet
  facet normal -0 0 -1
    outer loop
      vertex -45.2982 9.98977 1.8
      vertex -46.3722 9.2569 1.8
      vertex -45.5391 10.3018 1.8
    endloop
  endfacet
  facet normal -0 0 -1
    outer loop
      vertex -44.8788 8.10688 1.8
      vertex -46.2067 8.10557 1.8
      vertex -46.15 8.5 1.8
    endloop
  endfacet
  facet normal 0 0 -1
    outer loop
      vertex -45.1053 7.35397 1.8
      vertex -46.3722 7.7431 1.8
      vertex -46.2067 8.10557 1.8
    endloop
  endfacet
  facet normal 0 0 -1
    outer loop
      vertex -46.9684 7.22651 1.8
      vertex -46.1435 6.1953 1.8
      vertex -46.494 6.01507 1.8
    endloop
  endfacet
  facet normal 0 0 -1
    outer loop
      vertex -45.5391 6.69824 1.8
      vertex -46.6332 7.44195 1.8
      vertex -46.3722 7.7431 1.8
    endloop
  endfacet
  facet normal 0 0 -1
    outer loop
      vertex -46.9684 7.22651 1.8
      vertex -46.494 6.01507 1.8
      vertex -46.8671 5.88779 1.8
    endloop
  endfacet
  facet normal 0 0 -1
    outer loop
      vertex -46.1435 6.1953 1.8
      vertex -46.9684 7.22651 1.8
      vertex -46.6332 7.44195 1.8
    endloop
  endfacet
  facet normal 0 0 -1
    outer loop
      vertex -47.3508 7.11425 1.8
      vertex -46.8671 5.88779 1.8
      vertex -47.2547 5.8162 1.8
    endloop
  endfacet
  facet normal 0 0 -1
    outer loop
      vertex -46.8671 5.88779 1.8
      vertex -47.3508 7.11425 1.8
      vertex -46.9684 7.22651 1.8
    endloop
  endfacet
  facet normal 0 0 -1
    outer loop
      vertex -47.6486 5.8018 1.8
      vertex -47.3508 7.11425 1.8
      vertex -47.2547 5.8162 1.8
    endloop
  endfacet
  facet normal 0 0 -1
    outer loop
      vertex -47.6486 5.8018 1.8
      vertex -47.7492 7.11425 1.8
      vertex -47.3508 7.11425 1.8
    endloop
  endfacet
  facet normal 0 0 -1
    outer loop
      vertex -48.0404 5.84491 1.8
      vertex -47.7492 7.11425 1.8
      vertex -47.6486 5.8018 1.8
    endloop
  endfacet
  facet normal 0 0 -1
    outer loop
      vertex -48.4218 5.94461 1.8
      vertex -47.7492 7.11425 1.8
      vertex -48.0404 5.84491 1.8
    endloop
  endfacet
  facet normal -0 0 -1
    outer loop
      vertex -47.7492 7.11425 1.8
      vertex -48.4218 5.94461 1.8
      vertex -48.1316 7.22651 1.8
    endloop
  endfacet
  facet normal 0 0 -1
    outer loop
      vertex -48.7846 6.09878 1.8
      vertex -48.1316 7.22651 1.8
      vertex -48.4218 5.94461 1.8
    endloop
  endfacet
  facet normal 0 0 -1
    outer loop
      vertex -49.121 6.30412 1.8
      vertex -48.1316 7.22651 1.8
      vertex -48.7846 6.09878 1.8
    endloop
  endfacet
  facet normal -0 0 -1
    outer loop
      vertex -48.1316 7.22651 1.8
      vertex -49.121 6.30412 1.8
      vertex -48.4668 7.44195 1.8
    endloop
  endfacet
  facet normal 0 0 -1
    outer loop
      vertex -49.424 6.55626 1.8
      vertex -48.4668 7.44195 1.8
      vertex -49.121 6.30412 1.8
    endloop
  endfacet
  facet normal 0 0 -1
    outer loop
      vertex -49.687 6.84983 1.8
      vertex -48.4668 7.44195 1.8
      vertex -49.424 6.55626 1.8
    endloop
  endfacet
  facet normal -0 0 -1
    outer loop
      vertex -48.4668 7.44195 1.8
      vertex -49.687 6.84983 1.8
      vertex -48.7278 7.7431 1.8
    endloop
  endfacet
  facet normal 0 0 -1
    outer loop
      vertex -46.6332 9.55805 1.8
      vertex -45.5391 10.3018 1.8
      vertex -46.3722 9.2569 1.8
    endloop
  endfacet
  facet normal -0 0 -1
    outer loop
      vertex -45.5391 10.3018 1.8
      vertex -46.6332 9.55805 1.8
      vertex -45.8229 10.5753 1.8
    endloop
  endfacet
  facet normal -0 0 -1
    outer loop
      vertex -45.8229 10.5753 1.8
      vertex -46.6332 9.55805 1.8
      vertex -46.1435 10.8047 1.8
    endloop
  endfacet
  facet normal 0 0 -1
    outer loop
      vertex -46.9684 9.77348 1.8
      vertex -46.1435 10.8047 1.8
      vertex -46.6332 9.55805 1.8
    endloop
  endfacet
  facet normal -0 0 -1
    outer loop
      vertex -46.1435 10.8047 1.8
      vertex -46.9684 9.77348 1.8
      vertex -46.494 10.9849 1.8
    endloop
  endfacet
  facet normal -0 0 -1
    outer loop
      vertex -46.494 10.9849 1.8
      vertex -46.9684 9.77348 1.8
      vertex -46.8671 11.1122 1.8
    endloop
  endfacet
  facet normal 0 0 -1
    outer loop
      vertex -47.3508 9.88575 1.8
      vertex -46.8671 11.1122 1.8
      vertex -46.9684 9.77348 1.8
    endloop
  endfacet
  facet normal -0 0 -1
    outer loop
      vertex -46.8671 11.1122 1.8
      vertex -47.3508 9.88575 1.8
      vertex -47.2547 11.1838 1.8
    endloop
  endfacet
  facet normal 0 0 -1
    outer loop
      vertex -47.3508 9.88575 1.8
      vertex -47.6486 11.1982 1.8
      vertex -47.2547 11.1838 1.8
    endloop
  endfacet
  facet normal 0 0 -1
    outer loop
      vertex -47.7492 9.88575 1.8
      vertex -47.6486 11.1982 1.8
      vertex -47.3508 9.88575 1.8
    endloop
  endfacet
  facet normal 0 0 -1
    outer loop
      vertex -47.7492 9.88575 1.8
      vertex -48.0404 11.1551 1.8
      vertex -47.6486 11.1982 1.8
    endloop
  endfacet
  facet normal 0 0 -1
    outer loop
      vertex -48.4218 11.0554 1.8
      vertex -47.7492 9.88575 1.8
      vertex -48.1316 9.77348 1.8
    endloop
  endfacet
  facet normal 0 0 -1
    outer loop
      vertex -47.7492 9.88575 1.8
      vertex -48.4218 11.0554 1.8
      vertex -48.0404 11.1551 1.8
    endloop
  endfacet
  facet normal 0 0 -1
    outer loop
      vertex -49.121 10.6959 1.8
      vertex -48.1316 9.77348 1.8
      vertex -48.4668 9.55805 1.8
    endloop
  endfacet
  facet normal 0 0 -1
    outer loop
      vertex -49.687 10.1502 1.8
      vertex -48.4668 9.55805 1.8
      vertex -48.7278 9.2569 1.8
    endloop
  endfacet
  facet normal 0 0 -1
    outer loop
      vertex -48.1316 9.77348 1.8
      vertex -48.7846 10.9012 1.8
      vertex -48.4218 11.0554 1.8
    endloop
  endfacet
  facet normal 0 0 -1
    outer loop
      vertex -50.0718 9.46452 1.8
      vertex -48.7278 9.2569 1.8
      vertex -48.8933 8.89443 1.8
    endloop
  endfacet
  facet normal 0 0 -1
    outer loop
      vertex -50.2428 8.69709 1.8
      vertex -48.8933 8.89443 1.8
      vertex -48.95 8.5 1.8
    endloop
  endfacet
  facet normal 0 0 -1
    outer loop
      vertex -49.9045 7.17857 1.8
      vertex -48.7278 7.7431 1.8
      vertex -49.687 6.84983 1.8
    endloop
  endfacet
  facet normal 0 0 -1
    outer loop
      vertex -48.1316 9.77348 1.8
      vertex -49.121 10.6959 1.8
      vertex -48.7846 10.9012 1.8
    endloop
  endfacet
  facet normal 0 0 -1
    outer loop
      vertex -50.0718 7.53548 1.8
      vertex -48.7278 7.7431 1.8
      vertex -49.9045 7.17857 1.8
    endloop
  endfacet
  facet normal 0 0 -1
    outer loop
      vertex -48.4668 9.55805 1.8
      vertex -49.424 10.4437 1.8
      vertex -49.121 10.6959 1.8
    endloop
  endfacet
  facet normal -0 0 -1
    outer loop
      vertex -48.7278 7.7431 1.8
      vertex -50.0718 7.53548 1.8
      vertex -48.8933 8.10557 1.8
    endloop
  endfacet
  facet normal 0 0 -1
    outer loop
      vertex -48.4668 9.55805 1.8
      vertex -49.687 10.1502 1.8
      vertex -49.424 10.4437 1.8
    endloop
  endfacet
  facet normal 0 0 -1
    outer loop
      vertex -50.1854 7.91294 1.8
      vertex -48.8933 8.10557 1.8
      vertex -50.0718 7.53548 1.8
    endloop
  endfacet
  facet normal 0 0 -1
    outer loop
      vertex -48.7278 9.2569 1.8
      vertex -49.9045 9.82143 1.8
      vertex -49.687 10.1502 1.8
    endloop
  endfacet
  facet normal 0 0 -1
    outer loop
      vertex -50.2428 8.30291 1.8
      vertex -48.8933 8.10557 1.8
      vertex -50.1854 7.91294 1.8
    endloop
  endfacet
  facet normal 0 0 -1
    outer loop
      vertex -48.7278 9.2569 1.8
      vertex -50.0718 9.46452 1.8
      vertex -49.9045 9.82143 1.8
    endloop
  endfacet
  facet normal 0 0 -1
    outer loop
      vertex -48.8933 8.10557 1.8
      vertex -50.2428 8.30291 1.8
      vertex -48.95 8.5 1.8
    endloop
  endfacet
  facet normal 0 0 -1
    outer loop
      vertex -48.8933 8.89443 1.8
      vertex -50.1854 9.08706 1.8
      vertex -50.0718 9.46452 1.8
    endloop
  endfacet
  facet normal 0 0 -1
    outer loop
      vertex -50.2428 8.69709 1.8
      vertex -48.95 8.5 1.8
      vertex -50.2428 8.30291 1.8
    endloop
  endfacet
  facet normal -0 0 -1
    outer loop
      vertex -48.8933 8.89443 1.8
      vertex -50.2428 8.69709 1.8
      vertex -50.1854 9.08706 1.8
    endloop
  endfacet
  facet normal 0.833989 0.551781 0
    outer loop
      vertex -49.687 6.84983 1.8
      vertex -49.9045 7.17857 0
      vertex -49.9045 7.17857 1.8
    endloop
  endfacet
  facet normal 0.833989 0.551781 0
    outer loop
      vertex -49.9045 7.17857 0
      vertex -49.687 6.84983 1.8
      vertex -49.687 6.84983 0
    endloop
  endfacet
  facet normal 0.283388 -0.959005 0
    outer loop
      vertex -48.1316 120.473 1.8
      vertex -47.7492 120.586 2.4
      vertex -48.1316 120.473 2.4
    endloop
  endfacet
  facet normal 0.283388 -0.959005 0
    outer loop
      vertex -47.7492 120.586 2.4
      vertex -48.1316 120.473 1.8
      vertex -47.7492 120.586 1.8
    endloop
  endfacet
  facet normal -0.909894 0.414841 0
    outer loop
      vertex -46.3722 118.443 1.8
      vertex -46.2067 118.806 2.4
      vertex -46.2067 118.806 1.8
    endloop
  endfacet
  facet normal -0.909894 0.414841 0
    outer loop
      vertex -46.2067 118.806 2.4
      vertex -46.3722 118.443 1.8
      vertex -46.3722 118.443 2.4
    endloop
  endfacet
  facet normal -0.989803 0.142441 0
    outer loop
      vertex -46.2067 118.806 1.8
      vertex -46.15 119.2 2.4
      vertex -46.15 119.2 1.8
    endloop
  endfacet
  facet normal -0.989803 0.142441 0
    outer loop
      vertex -46.15 119.2 2.4
      vertex -46.2067 118.806 1.8
      vertex -46.2067 118.806 2.4
    endloop
  endfacet
  facet normal -0.755523 0.655122 0
    outer loop
      vertex -46.6332 118.142 1.8
      vertex -46.3722 118.443 2.4
      vertex -46.3722 118.443 1.8
    endloop
  endfacet
  facet normal -0.755523 0.655122 0
    outer loop
      vertex -46.3722 118.443 2.4
      vertex -46.6332 118.142 1.8
      vertex -46.6332 118.142 2.4
    endloop
  endfacet
  facet normal -0.989803 -0.142441 0
    outer loop
      vertex -46.15 119.2 1.8
      vertex -46.2067 119.594 2.4
      vertex -46.2067 119.594 1.8
    endloop
  endfacet
  facet normal -0.989803 -0.142441 0
    outer loop
      vertex -46.2067 119.594 2.4
      vertex -46.15 119.2 1.8
      vertex -46.15 119.2 2.4
    endloop
  endfacet
  facet normal 0.755523 0.655122 0
    outer loop
      vertex -48.4668 118.142 2.4
      vertex -48.7278 118.443 1.8
      vertex -48.7278 118.443 2.4
    endloop
  endfacet
  facet normal 0.755523 0.655122 0
    outer loop
      vertex -48.7278 118.443 1.8
      vertex -48.4668 118.142 2.4
      vertex -48.4668 118.142 1.8
    endloop
  endfacet
  facet normal -0.283388 -0.959005 0
    outer loop
      vertex -47.3508 120.586 1.8
      vertex -46.9684 120.473 2.4
      vertex -47.3508 120.586 2.4
    endloop
  endfacet
  facet normal -0.283388 -0.959005 -0
    outer loop
      vertex -46.9684 120.473 2.4
      vertex -47.3508 120.586 1.8
      vertex -46.9684 120.473 1.8
    endloop
  endfacet
  facet normal 0.539894 0.841733 -0
    outer loop
      vertex -48.1316 117.927 1.8
      vertex -48.4668 118.142 2.4
      vertex -48.1316 117.927 2.4
    endloop
  endfacet
  facet normal 0.539894 0.841733 0
    outer loop
      vertex -48.4668 118.142 2.4
      vertex -48.1316 117.927 1.8
      vertex -48.4668 118.142 1.8
    endloop
  endfacet
  facet normal 0.539894 -0.841733 0
    outer loop
      vertex -48.4668 120.258 1.8
      vertex -48.1316 120.473 2.4
      vertex -48.4668 120.258 2.4
    endloop
  endfacet
  facet normal 0.539894 -0.841733 0
    outer loop
      vertex -48.1316 120.473 2.4
      vertex -48.4668 120.258 1.8
      vertex -48.1316 120.473 1.8
    endloop
  endfacet
  facet normal -0.909894 -0.414841 0
    outer loop
      vertex -46.2067 119.594 1.8
      vertex -46.3722 119.957 2.4
      vertex -46.3722 119.957 1.8
    endloop
  endfacet
  facet normal -0.909894 -0.414841 0
    outer loop
      vertex -46.3722 119.957 2.4
      vertex -46.2067 119.594 1.8
      vertex -46.2067 119.594 2.4
    endloop
  endfacet
  facet normal 0.989803 -0.142441 0
    outer loop
      vertex -48.95 119.2 2.4
      vertex -48.8933 119.594 1.8
      vertex -48.8933 119.594 2.4
    endloop
  endfacet
  facet normal 0.989803 -0.142441 0
    outer loop
      vertex -48.8933 119.594 1.8
      vertex -48.95 119.2 2.4
      vertex -48.95 119.2 1.8
    endloop
  endfacet
  facet normal 0.909894 0.414841 0
    outer loop
      vertex -48.7278 118.443 2.4
      vertex -48.8933 118.806 1.8
      vertex -48.8933 118.806 2.4
    endloop
  endfacet
  facet normal 0.909894 0.414841 0
    outer loop
      vertex -48.8933 118.806 1.8
      vertex -48.7278 118.443 2.4
      vertex -48.7278 118.443 1.8
    endloop
  endfacet
  facet normal 0.989803 0.142441 0
    outer loop
      vertex -48.8933 118.806 2.4
      vertex -48.95 119.2 1.8
      vertex -48.95 119.2 2.4
    endloop
  endfacet
  facet normal 0.989803 0.142441 0
    outer loop
      vertex -48.95 119.2 1.8
      vertex -48.8933 118.806 2.4
      vertex -48.8933 118.806 1.8
    endloop
  endfacet
  facet normal -0.539894 -0.841733 0
    outer loop
      vertex -46.9684 120.473 1.8
      vertex -46.6332 120.258 2.4
      vertex -46.9684 120.473 2.4
    endloop
  endfacet
  facet normal -0.539894 -0.841733 -0
    outer loop
      vertex -46.6332 120.258 2.4
      vertex -46.9684 120.473 1.8
      vertex -46.6332 120.258 1.8
    endloop
  endfacet
  facet normal 0 -1 0
    outer loop
      vertex -47.7492 120.586 1.8
      vertex -47.3508 120.586 2.4
      vertex -47.7492 120.586 2.4
    endloop
  endfacet
  facet normal 0 -1 -0
    outer loop
      vertex -47.3508 120.586 2.4
      vertex -47.7492 120.586 1.8
      vertex -47.3508 120.586 1.8
    endloop
  endfacet
  facet normal 0.755523 -0.655122 0
    outer loop
      vertex -48.7278 119.957 2.4
      vertex -48.4668 120.258 1.8
      vertex -48.4668 120.258 2.4
    endloop
  endfacet
  facet normal 0.755523 -0.655122 0
    outer loop
      vertex -48.4668 120.258 1.8
      vertex -48.7278 119.957 2.4
      vertex -48.7278 119.957 1.8
    endloop
  endfacet
  facet normal -0.755523 -0.655122 0
    outer loop
      vertex -46.3722 119.957 1.8
      vertex -46.6332 120.258 2.4
      vertex -46.6332 120.258 1.8
    endloop
  endfacet
  facet normal -0.755523 -0.655122 0
    outer loop
      vertex -46.6332 120.258 2.4
      vertex -46.3722 119.957 1.8
      vertex -46.3722 119.957 2.4
    endloop
  endfacet
  facet normal 0 1 -0
    outer loop
      vertex -47.3508 117.814 1.8
      vertex -47.7492 117.814 2.4
      vertex -47.3508 117.814 2.4
    endloop
  endfacet
  facet normal 0 1 0
    outer loop
      vertex -47.7492 117.814 2.4
      vertex -47.3508 117.814 1.8
      vertex -47.7492 117.814 1.8
    endloop
  endfacet
  facet normal 0.283388 0.959005 -0
    outer loop
      vertex -47.7492 117.814 1.8
      vertex -48.1316 117.927 2.4
      vertex -47.7492 117.814 2.4
    endloop
  endfacet
  facet normal 0.283388 0.959005 0
    outer loop
      vertex -48.1316 117.927 2.4
      vertex -47.7492 117.814 1.8
      vertex -48.1316 117.927 1.8
    endloop
  endfacet
  facet normal -0.283388 0.959005 0
    outer loop
      vertex -46.9684 117.927 1.8
      vertex -47.3508 117.814 2.4
      vertex -46.9684 117.927 2.4
    endloop
  endfacet
  facet normal -0.283388 0.959005 0
    outer loop
      vertex -47.3508 117.814 2.4
      vertex -46.9684 117.927 1.8
      vertex -47.3508 117.814 1.8
    endloop
  endfacet
  facet normal 0.909894 -0.414841 0
    outer loop
      vertex -48.8933 119.594 2.4
      vertex -48.7278 119.957 1.8
      vertex -48.7278 119.957 2.4
    endloop
  endfacet
  facet normal 0.909894 -0.414841 0
    outer loop
      vertex -48.7278 119.957 1.8
      vertex -48.8933 119.594 2.4
      vertex -48.8933 119.594 1.8
    endloop
  endfacet
  facet normal -0.539894 0.841733 0
    outer loop
      vertex -46.6332 118.142 1.8
      vertex -46.9684 117.927 2.4
      vertex -46.6332 118.142 2.4
    endloop
  endfacet
  facet normal -0.539894 0.841733 0
    outer loop
      vertex -46.9684 117.927 2.4
      vertex -46.6332 118.142 1.8
      vertex -46.9684 117.927 1.8
    endloop
  endfacet
  facet normal 0.253619 0.967304 -0
    outer loop
      vertex -48.0404 116.545 0
      vertex -48.4218 116.645 1.8
      vertex -48.0404 116.545 1.8
    endloop
  endfacet
  facet normal 0.253619 0.967304 0
    outer loop
      vertex -48.4218 116.645 1.8
      vertex -48.0404 116.545 0
      vertex -48.4218 116.645 0
    endloop
  endfacet
  facet normal -0.976109 0.217279 0
    outer loop
      vertex -44.9645 118.422 0
      vertex -44.8788 118.807 1.8
      vertex -44.8788 118.807 0
    endloop
  endfacet
  facet normal -0.976109 0.217279 0
    outer loop
      vertex -44.8788 118.807 1.8
      vertex -44.9645 118.422 0
      vertex -44.9645 118.422 1.8
    endloop
  endfacet
  facet normal -0.997326 0.0730865 0
    outer loop
      vertex -44.8788 118.807 0
      vertex -44.85 119.2 1.8
      vertex -44.85 119.2 0
    endloop
  endfacet
  facet normal -0.997326 0.0730865 0
    outer loop
      vertex -44.85 119.2 1.8
      vertex -44.8788 118.807 0
      vertex -44.8788 118.807 1.8
    endloop
  endfacet
  facet normal -0.322235 0.94666 0
    outer loop
      vertex -46.494 116.715 0
      vertex -46.8671 116.588 1.8
      vertex -46.494 116.715 1.8
    endloop
  endfacet
  facet normal -0.322235 0.94666 0
    outer loop
      vertex -46.8671 116.588 1.8
      vertex -46.494 116.715 0
      vertex -46.8671 116.588 0
    endloop
  endfacet
  facet normal 0.109095 0.994031 -0
    outer loop
      vertex -47.6486 116.502 0
      vertex -48.0404 116.545 1.8
      vertex -47.6486 116.502 1.8
    endloop
  endfacet
  facet normal 0.109095 0.994031 0
    outer loop
      vertex -48.0404 116.545 1.8
      vertex -47.6486 116.502 0
      vertex -48.0404 116.545 0
    endloop
  endfacet
  facet normal -0.582915 -0.812533 0
    outer loop
      vertex -46.1435 121.505 0
      vertex -45.8229 121.275 1.8
      vertex -46.1435 121.505 1.8
    endloop
  endfacet
  facet normal -0.582915 -0.812533 -0
    outer loop
      vertex -45.8229 121.275 1.8
      vertex -46.1435 121.505 0
      vertex -45.8229 121.275 0
    endloop
  endfacet
  facet normal -0.456832 -0.889553 0
    outer loop
      vertex -46.494 121.685 0
      vertex -46.1435 121.505 1.8
      vertex -46.494 121.685 1.8
    endloop
  endfacet
  facet normal -0.456832 -0.889553 -0
    outer loop
      vertex -46.1435 121.505 1.8
      vertex -46.494 121.685 0
      vertex -46.1435 121.505 0
    endloop
  endfacet
  facet normal 0.390732 0.920504 -0
    outer loop
      vertex -48.4218 116.645 0
      vertex -48.7846 116.799 1.8
      vertex -48.4218 116.645 1.8
    endloop
  endfacet
  facet normal 0.390732 0.920504 0
    outer loop
      vertex -48.7846 116.799 1.8
      vertex -48.4218 116.645 0
      vertex -48.7846 116.799 0
    endloop
  endfacet
  facet normal 0.520382 0.853934 -0
    outer loop
      vertex -48.7846 116.799 0
      vertex -49.121 117.004 1.8
      vertex -48.7846 116.799 1.8
    endloop
  endfacet
  facet normal 0.520382 0.853934 0
    outer loop
      vertex -49.121 117.004 1.8
      vertex -48.7846 116.799 0
      vertex -49.121 117.004 0
    endloop
  endfacet
  facet normal -0.0355196 0.999369 0
    outer loop
      vertex -47.2547 116.516 0
      vertex -47.6486 116.502 1.8
      vertex -47.2547 116.516 1.8
    endloop
  endfacet
  facet normal -0.0355196 0.999369 0
    outer loop
      vertex -47.6486 116.502 1.8
      vertex -47.2547 116.516 0
      vertex -47.6486 116.502 0
    endloop
  endfacet
  facet normal 0.957687 0.287813 0
    outer loop
      vertex -50.0718 118.235 1.8
      vertex -50.1854 118.613 0
      vertex -50.1854 118.613 1.8
    endloop
  endfacet
  facet normal 0.957687 0.287813 0
    outer loop
      vertex -50.1854 118.613 0
      vertex -50.0718 118.235 1.8
      vertex -50.0718 118.235 0
    endloop
  endfacet
  facet normal 0.83419 0.551478 0
    outer loop
      vertex -49.687 117.55 1.8
      vertex -49.9045 117.879 0
      vertex -49.9045 117.879 1.8
    endloop
  endfacet
  facet normal 0.83419 0.551478 0
    outer loop
      vertex -49.9045 117.879 0
      vertex -49.687 117.55 1.8
      vertex -49.687 117.55 0
    endloop
  endfacet
  facet normal 0.989342 0.145611 0
    outer loop
      vertex -50.1854 118.613 1.8
      vertex -50.2428 119.003 0
      vertex -50.2428 119.003 1.8
    endloop
  endfacet
  facet normal 0.989342 0.145611 0
    outer loop
      vertex -50.2428 119.003 0
      vertex -50.1854 118.613 1.8
      vertex -50.1854 118.613 0
    endloop
  endfacet
  facet normal 0.390732 -0.920504 0
    outer loop
      vertex -48.7846 121.601 0
      vertex -48.4218 121.755 1.8
      vertex -48.7846 121.601 1.8
    endloop
  endfacet
  facet normal 0.390732 -0.920504 0
    outer loop
      vertex -48.4218 121.755 1.8
      vertex -48.7846 121.601 0
      vertex -48.4218 121.755 0
    endloop
  endfacet
  facet normal -0.322235 -0.94666 0
    outer loop
      vertex -46.8671 121.812 0
      vertex -46.494 121.685 1.8
      vertex -46.8671 121.812 1.8
    endloop
  endfacet
  facet normal -0.322235 -0.94666 -0
    outer loop
      vertex -46.494 121.685 1.8
      vertex -46.8671 121.812 0
      vertex -46.494 121.685 0
    endloop
  endfacet
  facet normal -0.933972 -0.357346 0
    outer loop
      vertex -44.9645 119.978 0
      vertex -45.1053 120.346 1.8
      vertex -45.1053 120.346 0
    endloop
  endfacet
  facet normal -0.933972 -0.357346 0
    outer loop
      vertex -45.1053 120.346 1.8
      vertex -44.9645 119.978 0
      vertex -44.9645 119.978 1.8
    endloop
  endfacet
  facet normal -0.872225 -0.489105 0
    outer loop
      vertex -45.1053 120.346 0
      vertex -45.2982 120.69 1.8
      vertex -45.2982 120.69 0
    endloop
  endfacet
  facet normal -0.872225 -0.489105 0
    outer loop
      vertex -45.2982 120.69 1.8
      vertex -45.1053 120.346 0
      vertex -45.1053 120.346 1.8
    endloop
  endfacet
  facet normal -0.791519 0.611144 0
    outer loop
      vertex -45.5391 117.398 0
      vertex -45.2982 117.71 1.8
      vertex -45.2982 117.71 0
    endloop
  endfacet
  facet normal -0.791519 0.611144 0
    outer loop
      vertex -45.2982 117.71 1.8
      vertex -45.5391 117.398 0
      vertex -45.5391 117.398 1.8
    endloop
  endfacet
  facet normal 0.253619 -0.967304 0
    outer loop
      vertex -48.4218 121.755 0
      vertex -48.0404 121.855 1.8
      vertex -48.4218 121.755 1.8
    endloop
  endfacet
  facet normal 0.253619 -0.967304 0
    outer loop
      vertex -48.0404 121.855 1.8
      vertex -48.4218 121.755 0
      vertex -48.0404 121.855 0
    endloop
  endfacet
  facet normal -0.582915 0.812533 0
    outer loop
      vertex -45.8229 117.125 0
      vertex -46.1435 116.895 1.8
      vertex -45.8229 117.125 1.8
    endloop
  endfacet
  facet normal -0.582915 0.812533 0
    outer loop
      vertex -46.1435 116.895 1.8
      vertex -45.8229 117.125 0
      vertex -46.1435 116.895 0
    endloop
  endfacet
  facet normal -0.693261 0.720687 0
    outer loop
      vertex -45.5391 117.398 0
      vertex -45.8229 117.125 1.8
      vertex -45.5391 117.398 1.8
    endloop
  endfacet
  facet normal -0.693261 0.720687 0
    outer loop
      vertex -45.8229 117.125 1.8
      vertex -45.5391 117.398 0
      vertex -45.8229 117.125 0
    endloop
  endfacet
  facet normal -0.933972 0.357346 0
    outer loop
      vertex -45.1053 118.054 0
      vertex -44.9645 118.422 1.8
      vertex -44.9645 118.422 0
    endloop
  endfacet
  facet normal -0.933972 0.357346 0
    outer loop
      vertex -44.9645 118.422 1.8
      vertex -45.1053 118.054 0
      vertex -45.1053 118.054 1.8
    endloop
  endfacet
  facet normal -0.976109 -0.217279 0
    outer loop
      vertex -44.8788 119.593 0
      vertex -44.9645 119.978 1.8
      vertex -44.9645 119.978 0
    endloop
  endfacet
  facet normal -0.976109 -0.217279 0
    outer loop
      vertex -44.9645 119.978 1.8
      vertex -44.8788 119.593 0
      vertex -44.8788 119.593 1.8
    endloop
  endfacet
  facet normal -0.0355196 -0.999369 0
    outer loop
      vertex -47.6486 121.898 0
      vertex -47.2547 121.884 1.8
      vertex -47.6486 121.898 1.8
    endloop
  endfacet
  facet normal -0.0355196 -0.999369 -0
    outer loop
      vertex -47.2547 121.884 1.8
      vertex -47.6486 121.898 0
      vertex -47.2547 121.884 0
    endloop
  endfacet
  facet normal 0 0 -1
    outer loop
      vertex -46.15 119.2 1.8
      vertex -44.85 119.2 1.8
      vertex -44.8788 118.807 1.8
    endloop
  endfacet
  facet normal 0 0 -1
    outer loop
      vertex -46.2067 118.806 1.8
      vertex -44.8788 118.807 1.8
      vertex -44.9645 118.422 1.8
    endloop
  endfacet
  facet normal 0 0 -1
    outer loop
      vertex -44.85 119.2 1.8
      vertex -46.15 119.2 1.8
      vertex -44.8788 119.593 1.8
    endloop
  endfacet
  facet normal 0 0 -1
    outer loop
      vertex -46.2067 118.806 1.8
      vertex -44.9645 118.422 1.8
      vertex -45.1053 118.054 1.8
    endloop
  endfacet
  facet normal 0 0 -1
    outer loop
      vertex -46.2067 119.594 1.8
      vertex -44.8788 119.593 1.8
      vertex -46.15 119.2 1.8
    endloop
  endfacet
  facet normal 0 0 -1
    outer loop
      vertex -46.3722 118.443 1.8
      vertex -45.1053 118.054 1.8
      vertex -45.2982 117.71 1.8
    endloop
  endfacet
  facet normal 0 0 -1
    outer loop
      vertex -44.8788 119.593 1.8
      vertex -46.2067 119.594 1.8
      vertex -44.9645 119.978 1.8
    endloop
  endfacet
  facet normal 0 0 -1
    outer loop
      vertex -46.3722 118.443 1.8
      vertex -45.2982 117.71 1.8
      vertex -45.5391 117.398 1.8
    endloop
  endfacet
  facet normal -0 0 -1
    outer loop
      vertex -44.9645 119.978 1.8
      vertex -46.2067 119.594 1.8
      vertex -45.1053 120.346 1.8
    endloop
  endfacet
  facet normal 0 0 -1
    outer loop
      vertex -46.6332 118.142 1.8
      vertex -45.5391 117.398 1.8
      vertex -45.8229 117.125 1.8
    endloop
  endfacet
  facet normal 0 0 -1
    outer loop
      vertex -46.3722 119.957 1.8
      vertex -45.1053 120.346 1.8
      vertex -46.2067 119.594 1.8
    endloop
  endfacet
  facet normal 0 0 -1
    outer loop
      vertex -46.6332 118.142 1.8
      vertex -45.8229 117.125 1.8
      vertex -46.1435 116.895 1.8
    endloop
  endfacet
  facet normal -0 0 -1
    outer loop
      vertex -45.1053 120.346 1.8
      vertex -46.3722 119.957 1.8
      vertex -45.2982 120.69 1.8
    endloop
  endfacet
  facet normal -0 0 -1
    outer loop
      vertex -45.2982 120.69 1.8
      vertex -46.3722 119.957 1.8
      vertex -45.5391 121.002 1.8
    endloop
  endfacet
  facet normal -0 0 -1
    outer loop
      vertex -44.8788 118.807 1.8
      vertex -46.2067 118.806 1.8
      vertex -46.15 119.2 1.8
    endloop
  endfacet
  facet normal 0 0 -1
    outer loop
      vertex -45.1053 118.054 1.8
      vertex -46.3722 118.443 1.8
      vertex -46.2067 118.806 1.8
    endloop
  endfacet
  facet normal 0 0 -1
    outer loop
      vertex -46.9684 117.927 1.8
      vertex -46.1435 116.895 1.8
      vertex -46.494 116.715 1.8
    endloop
  endfacet
  facet normal 0 0 -1
    outer loop
      vertex -45.5391 117.398 1.8
      vertex -46.6332 118.142 1.8
      vertex -46.3722 118.443 1.8
    endloop
  endfacet
  facet normal 0 0 -1
    outer loop
      vertex -46.9684 117.927 1.8
      vertex -46.494 116.715 1.8
      vertex -46.8671 116.588 1.8
    endloop
  endfacet
  facet normal 0 0 -1
    outer loop
      vertex -46.1435 116.895 1.8
      vertex -46.9684 117.927 1.8
      vertex -46.6332 118.142 1.8
    endloop
  endfacet
  facet normal 0 0 -1
    outer loop
      vertex -47.3508 117.814 1.8
      vertex -46.8671 116.588 1.8
      vertex -47.2547 116.516 1.8
    endloop
  endfacet
  facet normal 0 0 -1
    outer loop
      vertex -46.8671 116.588 1.8
      vertex -47.3508 117.814 1.8
      vertex -46.9684 117.927 1.8
    endloop
  endfacet
  facet normal 0 0 -1
    outer loop
      vertex -47.6486 116.502 1.8
      vertex -47.3508 117.814 1.8
      vertex -47.2547 116.516 1.8
    endloop
  endfacet
  facet normal 0 0 -1
    outer loop
      vertex -47.6486 116.502 1.8
      vertex -47.7492 117.814 1.8
      vertex -47.3508 117.814 1.8
    endloop
  endfacet
  facet normal 0 0 -1
    outer loop
      vertex -48.0404 116.545 1.8
      vertex -47.7492 117.814 1.8
      vertex -47.6486 116.502 1.8
    endloop
  endfacet
  facet normal 0 0 -1
    outer loop
      vertex -48.4218 116.645 1.8
      vertex -47.7492 117.814 1.8
      vertex -48.0404 116.545 1.8
    endloop
  endfacet
  facet normal -0 0 -1
    outer loop
      vertex -47.7492 117.814 1.8
      vertex -48.4218 116.645 1.8
      vertex -48.1316 117.927 1.8
    endloop
  endfacet
  facet normal 0 0 -1
    outer loop
      vertex -48.7846 116.799 1.8
      vertex -48.1316 117.927 1.8
      vertex -48.4218 116.645 1.8
    endloop
  endfacet
  facet normal 0 0 -1
    outer loop
      vertex -49.121 117.004 1.8
      vertex -48.1316 117.927 1.8
      vertex -48.7846 116.799 1.8
    endloop
  endfacet
  facet normal -0 0 -1
    outer loop
      vertex -48.1316 117.927 1.8
      vertex -49.121 117.004 1.8
      vertex -48.4668 118.142 1.8
    endloop
  endfacet
  facet normal 0 0 -1
    outer loop
      vertex -49.424 117.256 1.8
      vertex -48.4668 118.142 1.8
      vertex -49.121 117.004 1.8
    endloop
  endfacet
  facet normal 0 0 -1
    outer loop
      vertex -49.687 117.55 1.8
      vertex -48.4668 118.142 1.8
      vertex -49.424 117.256 1.8
    endloop
  endfacet
  facet normal -0 0 -1
    outer loop
      vertex -48.4668 118.142 1.8
      vertex -49.687 117.55 1.8
      vertex -48.7278 118.443 1.8
    endloop
  endfacet
  facet normal 0 0 -1
    outer loop
      vertex -46.6332 120.258 1.8
      vertex -45.5391 121.002 1.8
      vertex -46.3722 119.957 1.8
    endloop
  endfacet
  facet normal -0 0 -1
    outer loop
      vertex -45.5391 121.002 1.8
      vertex -46.6332 120.258 1.8
      vertex -45.8229 121.275 1.8
    endloop
  endfacet
  facet normal -0 0 -1
    outer loop
      vertex -45.8229 121.275 1.8
      vertex -46.6332 120.258 1.8
      vertex -46.1435 121.505 1.8
    endloop
  endfacet
  facet normal 0 0 -1
    outer loop
      vertex -46.9684 120.473 1.8
      vertex -46.1435 121.505 1.8
      vertex -46.6332 120.258 1.8
    endloop
  endfacet
  facet normal -0 0 -1
    outer loop
      vertex -46.1435 121.505 1.8
      vertex -46.9684 120.473 1.8
      vertex -46.494 121.685 1.8
    endloop
  endfacet
  facet normal -0 0 -1
    outer loop
      vertex -46.494 121.685 1.8
      vertex -46.9684 120.473 1.8
      vertex -46.8671 121.812 1.8
    endloop
  endfacet
  facet normal 0 0 -1
    outer loop
      vertex -47.3508 120.586 1.8
      vertex -46.8671 121.812 1.8
      vertex -46.9684 120.473 1.8
    endloop
  endfacet
  facet normal -0 0 -1
    outer loop
      vertex -46.8671 121.812 1.8
      vertex -47.3508 120.586 1.8
      vertex -47.2547 121.884 1.8
    endloop
  endfacet
  facet normal 0 0 -1
    outer loop
      vertex -47.3508 120.586 1.8
      vertex -47.6486 121.898 1.8
      vertex -47.2547 121.884 1.8
    endloop
  endfacet
  facet normal 0 0 -1
    outer loop
      vertex -47.7492 120.586 1.8
      vertex -47.6486 121.898 1.8
      vertex -47.3508 120.586 1.8
    endloop
  endfacet
  facet normal 0 0 -1
    outer loop
      vertex -47.7492 120.586 1.8
      vertex -48.0404 121.855 1.8
      vertex -47.6486 121.898 1.8
    endloop
  endfacet
  facet normal 0 0 -1
    outer loop
      vertex -48.4218 121.755 1.8
      vertex -47.7492 120.586 1.8
      vertex -48.1316 120.473 1.8
    endloop
  endfacet
  facet normal 0 0 -1
    outer loop
      vertex -47.7492 120.586 1.8
      vertex -48.4218 121.755 1.8
      vertex -48.0404 121.855 1.8
    endloop
  endfacet
  facet normal 0 0 -1
    outer loop
      vertex -49.121 121.396 1.8
      vertex -48.1316 120.473 1.8
      vertex -48.4668 120.258 1.8
    endloop
  endfacet
  facet normal 0 0 -1
    outer loop
      vertex -49.687 120.85 1.8
      vertex -48.4668 120.258 1.8
      vertex -48.7278 119.957 1.8
    endloop
  endfacet
  facet normal 0 0 -1
    outer loop
      vertex -48.1316 120.473 1.8
      vertex -48.7846 121.601 1.8
      vertex -48.4218 121.755 1.8
    endloop
  endfacet
  facet normal 0 0 -1
    outer loop
      vertex -50.0718 120.165 1.8
      vertex -48.7278 119.957 1.8
      vertex -48.8933 119.594 1.8
    endloop
  endfacet
  facet normal 0 0 -1
    outer loop
      vertex -50.2428 119.397 1.8
      vertex -48.8933 119.594 1.8
      vertex -48.95 119.2 1.8
    endloop
  endfacet
  facet normal 0 0 -1
    outer loop
      vertex -49.9045 117.879 1.8
      vertex -48.7278 118.443 1.8
      vertex -49.687 117.55 1.8
    endloop
  endfacet
  facet normal 0 0 -1
    outer loop
      vertex -48.1316 120.473 1.8
      vertex -49.121 121.396 1.8
      vertex -48.7846 121.601 1.8
    endloop
  endfacet
  facet normal 0 0 -1
    outer loop
      vertex -50.0718 118.235 1.8
      vertex -48.7278 118.443 1.8
      vertex -49.9045 117.879 1.8
    endloop
  endfacet
  facet normal 0 0 -1
    outer loop
      vertex -48.4668 120.258 1.8
      vertex -49.424 121.144 1.8
      vertex -49.121 121.396 1.8
    endloop
  endfacet
  facet normal -0 0 -1
    outer loop
      vertex -48.7278 118.443 1.8
      vertex -50.0718 118.235 1.8
      vertex -48.8933 118.806 1.8
    endloop
  endfacet
  facet normal 0 0 -1
    outer loop
      vertex -48.4668 120.258 1.8
      vertex -49.687 120.85 1.8
      vertex -49.424 121.144 1.8
    endloop
  endfacet
  facet normal 0 0 -1
    outer loop
      vertex -50.1854 118.613 1.8
      vertex -48.8933 118.806 1.8
      vertex -50.0718 118.235 1.8
    endloop
  endfacet
  facet normal 0 0 -1
    outer loop
      vertex -48.7278 119.957 1.8
      vertex -49.9045 120.521 1.8
      vertex -49.687 120.85 1.8
    endloop
  endfacet
  facet normal 0 0 -1
    outer loop
      vertex -50.2428 119.003 1.8
      vertex -48.8933 118.806 1.8
      vertex -50.1854 118.613 1.8
    endloop
  endfacet
  facet normal 0 0 -1
    outer loop
      vertex -48.7278 119.957 1.8
      vertex -50.0718 120.165 1.8
      vertex -49.9045 120.521 1.8
    endloop
  endfacet
  facet normal 0 0 -1
    outer loop
      vertex -48.8933 118.806 1.8
      vertex -50.2428 119.003 1.8
      vertex -48.95 119.2 1.8
    endloop
  endfacet
  facet normal 0 0 -1
    outer loop
      vertex -48.8933 119.594 1.8
      vertex -50.1854 119.787 1.8
      vertex -50.0718 120.165 1.8
    endloop
  endfacet
  facet normal 0 0 -1
    outer loop
      vertex -50.2428 119.397 1.8
      vertex -48.95 119.2 1.8
      vertex -50.2428 119.003 1.8
    endloop
  endfacet
  facet normal -0 0 -1
    outer loop
      vertex -48.8933 119.594 1.8
      vertex -50.2428 119.397 1.8
      vertex -50.1854 119.787 1.8
    endloop
  endfacet
  facet normal -0.693261 -0.720687 0
    outer loop
      vertex -45.8229 121.275 0
      vertex -45.5391 121.002 1.8
      vertex -45.8229 121.275 1.8
    endloop
  endfacet
  facet normal -0.693261 -0.720687 -0
    outer loop
      vertex -45.5391 121.002 1.8
      vertex -45.8229 121.275 0
      vertex -45.5391 121.002 0
    endloop
  endfacet
  facet normal -0.182634 -0.983181 0
    outer loop
      vertex -47.2547 121.884 0
      vertex -46.8671 121.812 1.8
      vertex -47.2547 121.884 1.8
    endloop
  endfacet
  facet normal -0.182634 -0.983181 -0
    outer loop
      vertex -46.8671 121.812 1.8
      vertex -47.2547 121.884 0
      vertex -46.8671 121.812 0
    endloop
  endfacet
  facet normal -0.872225 0.489105 0
    outer loop
      vertex -45.2982 117.71 0
      vertex -45.1053 118.054 1.8
      vertex -45.1053 118.054 0
    endloop
  endfacet
  facet normal -0.872225 0.489105 0
    outer loop
      vertex -45.1053 118.054 1.8
      vertex -45.2982 117.71 0
      vertex -45.2982 117.71 1.8
    endloop
  endfacet
  facet normal 0.83419 -0.551478 0
    outer loop
      vertex -49.9045 120.521 1.8
      vertex -49.687 120.85 0
      vertex -49.687 120.85 1.8
    endloop
  endfacet
  facet normal 0.83419 -0.551478 0
    outer loop
      vertex -49.687 120.85 0
      vertex -49.9045 120.521 1.8
      vertex -49.9045 120.521 0
    endloop
  endfacet
  facet normal -0.182634 0.983181 0
    outer loop
      vertex -46.8671 116.588 0
      vertex -47.2547 116.516 1.8
      vertex -46.8671 116.588 1.8
    endloop
  endfacet
  facet normal -0.182634 0.983181 0
    outer loop
      vertex -47.2547 116.516 1.8
      vertex -46.8671 116.588 0
      vertex -47.2547 116.516 0
    endloop
  endfacet
  facet normal 0.905043 0.425319 0
    outer loop
      vertex -49.9045 117.879 1.8
      vertex -50.0718 118.235 0
      vertex -50.0718 118.235 1.8
    endloop
  endfacet
  facet normal 0.905043 0.425319 0
    outer loop
      vertex -50.0718 118.235 0
      vertex -49.9045 117.879 1.8
      vertex -49.9045 117.879 0
    endloop
  endfacet
  facet normal -0.997326 -0.0730865 0
    outer loop
      vertex -44.85 119.2 0
      vertex -44.8788 119.593 1.8
      vertex -44.8788 119.593 0
    endloop
  endfacet
  facet normal -0.997326 -0.0730865 0
    outer loop
      vertex -44.8788 119.593 1.8
      vertex -44.85 119.2 0
      vertex -44.85 119.2 1.8
    endloop
  endfacet
  facet normal 0.745308 0.666721 0
    outer loop
      vertex -49.424 117.256 1.8
      vertex -49.687 117.55 0
      vertex -49.687 117.55 1.8
    endloop
  endfacet
  facet normal 0.745308 0.666721 0
    outer loop
      vertex -49.687 117.55 0
      vertex -49.424 117.256 1.8
      vertex -49.424 117.256 0
    endloop
  endfacet
  facet normal 0.639435 0.768845 -0
    outer loop
      vertex -49.121 117.004 0
      vertex -49.424 117.256 1.8
      vertex -49.121 117.004 1.8
    endloop
  endfacet
  facet normal 0.639435 0.768845 0
    outer loop
      vertex -49.424 117.256 1.8
      vertex -49.121 117.004 0
      vertex -49.424 117.256 0
    endloop
  endfacet
  facet normal 0.745308 -0.666721 0
    outer loop
      vertex -49.687 120.85 1.8
      vertex -49.424 121.144 0
      vertex -49.424 121.144 1.8
    endloop
  endfacet
  facet normal 0.745308 -0.666721 0
    outer loop
      vertex -49.424 121.144 0
      vertex -49.687 120.85 1.8
      vertex -49.687 120.85 0
    endloop
  endfacet
  facet normal 0.957687 -0.287813 0
    outer loop
      vertex -50.1854 119.787 1.8
      vertex -50.0718 120.165 0
      vertex -50.0718 120.165 1.8
    endloop
  endfacet
  facet normal 0.957687 -0.287813 0
    outer loop
      vertex -50.0718 120.165 0
      vertex -50.1854 119.787 1.8
      vertex -50.1854 119.787 0
    endloop
  endfacet
  facet normal 0.905043 -0.425319 0
    outer loop
      vertex -50.0718 120.165 1.8
      vertex -49.9045 120.521 0
      vertex -49.9045 120.521 1.8
    endloop
  endfacet
  facet normal 0.905043 -0.425319 0
    outer loop
      vertex -49.9045 120.521 0
      vertex -50.0718 120.165 1.8
      vertex -50.0718 120.165 0
    endloop
  endfacet
  facet normal -0.791519 -0.611144 0
    outer loop
      vertex -45.2982 120.69 0
      vertex -45.5391 121.002 1.8
      vertex -45.5391 121.002 0
    endloop
  endfacet
  facet normal -0.791519 -0.611144 0
    outer loop
      vertex -45.5391 121.002 1.8
      vertex -45.2982 120.69 0
      vertex -45.2982 120.69 1.8
    endloop
  endfacet
  facet normal 0.989342 -0.145611 0
    outer loop
      vertex -50.2428 119.397 1.8
      vertex -50.1854 119.787 0
      vertex -50.1854 119.787 1.8
    endloop
  endfacet
  facet normal 0.989342 -0.145611 0
    outer loop
      vertex -50.1854 119.787 0
      vertex -50.2428 119.397 1.8
      vertex -50.2428 119.397 0
    endloop
  endfacet
  facet normal -0.456832 0.889553 0
    outer loop
      vertex -46.1435 116.895 0
      vertex -46.494 116.715 1.8
      vertex -46.1435 116.895 1.8
    endloop
  endfacet
  facet normal -0.456832 0.889553 0
    outer loop
      vertex -46.494 116.715 1.8
      vertex -46.1435 116.895 0
      vertex -46.494 116.715 0
    endloop
  endfacet
  facet normal 1 -0 0
    outer loop
      vertex -50.2428 119.003 1.8
      vertex -50.2428 119.397 0
      vertex -50.2428 119.397 1.8
    endloop
  endfacet
  facet normal 1 0 0
    outer loop
      vertex -50.2428 119.397 0
      vertex -50.2428 119.003 1.8
      vertex -50.2428 119.003 0
    endloop
  endfacet
  facet normal 0.639435 -0.768845 0
    outer loop
      vertex -49.424 121.144 0
      vertex -49.121 121.396 1.8
      vertex -49.424 121.144 1.8
    endloop
  endfacet
  facet normal 0.639435 -0.768845 0
    outer loop
      vertex -49.121 121.396 1.8
      vertex -49.424 121.144 0
      vertex -49.121 121.396 0
    endloop
  endfacet
  facet normal 0.109095 -0.994031 0
    outer loop
      vertex -48.0404 121.855 0
      vertex -47.6486 121.898 1.8
      vertex -48.0404 121.855 1.8
    endloop
  endfacet
  facet normal 0.109095 -0.994031 0
    outer loop
      vertex -47.6486 121.898 1.8
      vertex -48.0404 121.855 0
      vertex -47.6486 121.898 0
    endloop
  endfacet
  facet normal 0.520382 -0.853934 0
    outer loop
      vertex -49.121 121.396 0
      vertex -48.7846 121.601 1.8
      vertex -49.121 121.396 1.8
    endloop
  endfacet
  facet normal 0.520382 -0.853934 0
    outer loop
      vertex -48.7846 121.601 1.8
      vertex -49.121 121.396 0
      vertex -48.7846 121.601 0
    endloop
  endfacet
  facet normal -0.281703 -0.959502 0
    outer loop
      vertex 47.7492 9.88575 1.8
      vertex 48.1316 9.77348 2.4
      vertex 47.7492 9.88575 2.4
    endloop
  endfacet
  facet normal -0.281703 -0.959502 -0
    outer loop
      vertex 48.1316 9.77348 2.4
      vertex 47.7492 9.88575 1.8
      vertex 48.1316 9.77348 1.8
    endloop
  endfacet
  facet normal -0.909665 0.415343 0
    outer loop
      vertex 48.7278 7.7431 1.8
      vertex 48.8933 8.10557 2.4
      vertex 48.8933 8.10557 1.8
    endloop
  endfacet
  facet normal -0.909665 0.415343 0
    outer loop
      vertex 48.8933 8.10557 2.4
      vertex 48.7278 7.7431 1.8
      vertex 48.7278 7.7431 2.4
    endloop
  endfacet
  facet normal -0.989825 0.142289 0
    outer loop
      vertex 48.8933 8.10557 1.8
      vertex 48.95 8.5 2.4
      vertex 48.95 8.5 1.8
    endloop
  endfacet
  facet normal -0.989825 0.142289 0
    outer loop
      vertex 48.95 8.5 2.4
      vertex 48.8933 8.10557 1.8
      vertex 48.8933 8.10557 2.4
    endloop
  endfacet
  facet normal -0.755685 0.654935 0
    outer loop
      vertex 48.4668 7.44195 1.8
      vertex 48.7278 7.7431 2.4
      vertex 48.7278 7.7431 1.8
    endloop
  endfacet
  facet normal -0.755685 0.654935 0
    outer loop
      vertex 48.7278 7.7431 2.4
      vertex 48.4668 7.44195 1.8
      vertex 48.4668 7.44195 2.4
    endloop
  endfacet
  facet normal 0.540676 0.841231 -0
    outer loop
      vertex 46.9684 7.22651 1.8
      vertex 46.6332 7.44195 2.4
      vertex 46.9684 7.22651 2.4
    endloop
  endfacet
  facet normal 0.540676 0.841231 0
    outer loop
      vertex 46.6332 7.44195 2.4
      vertex 46.9684 7.22651 1.8
      vertex 46.6332 7.44195 1.8
    endloop
  endfacet
  facet normal -0.540676 0.841231 0
    outer loop
      vertex 48.4668 7.44195 1.8
      vertex 48.1316 7.22651 2.4
      vertex 48.4668 7.44195 2.4
    endloop
  endfacet
  facet normal -0.540676 0.841231 0
    outer loop
      vertex 48.1316 7.22651 2.4
      vertex 48.4668 7.44195 1.8
      vertex 48.1316 7.22651 1.8
    endloop
  endfacet
  facet normal 0.989825 0.142289 0
    outer loop
      vertex 46.2067 8.10557 2.4
      vertex 46.15 8.5 1.8
      vertex 46.15 8.5 2.4
    endloop
  endfacet
  facet normal 0.989825 0.142289 0
    outer loop
      vertex 46.15 8.5 1.8
      vertex 46.2067 8.10557 2.4
      vertex 46.2067 8.10557 1.8
    endloop
  endfacet
  facet normal -0.540659 -0.841242 0
    outer loop
      vertex 48.1316 9.77348 1.8
      vertex 48.4668 9.55805 2.4
      vertex 48.1316 9.77348 2.4
    endloop
  endfacet
  facet normal -0.540659 -0.841242 -0
    outer loop
      vertex 48.4668 9.55805 2.4
      vertex 48.1316 9.77348 1.8
      vertex 48.4668 9.55805 1.8
    endloop
  endfacet
  facet normal -0.28168 0.959508 0
    outer loop
      vertex 48.1316 7.22651 1.8
      vertex 47.7492 7.11425 2.4
      vertex 48.1316 7.22651 2.4
    endloop
  endfacet
  facet normal -0.28168 0.959508 0
    outer loop
      vertex 47.7492 7.11425 2.4
      vertex 48.1316 7.22651 1.8
      vertex 47.7492 7.11425 1.8
    endloop
  endfacet
  facet normal -0.909665 -0.415343 0
    outer loop
      vertex 48.8933 8.89443 1.8
      vertex 48.7278 9.2569 2.4
      vertex 48.7278 9.2569 1.8
    endloop
  endfacet
  facet normal -0.909665 -0.415343 0
    outer loop
      vertex 48.7278 9.2569 2.4
      vertex 48.8933 8.89443 1.8
      vertex 48.8933 8.89443 2.4
    endloop
  endfacet
  facet normal 0.281703 -0.959502 0
    outer loop
      vertex 46.9684 9.77348 1.8
      vertex 47.3508 9.88575 2.4
      vertex 46.9684 9.77348 2.4
    endloop
  endfacet
  facet normal 0.281703 -0.959502 0
    outer loop
      vertex 47.3508 9.88575 2.4
      vertex 46.9684 9.77348 1.8
      vertex 47.3508 9.88575 1.8
    endloop
  endfacet
  facet normal -0.989825 -0.142289 0
    outer loop
      vertex 48.95 8.5 1.8
      vertex 48.8933 8.89443 2.4
      vertex 48.8933 8.89443 1.8
    endloop
  endfacet
  facet normal -0.989825 -0.142289 0
    outer loop
      vertex 48.8933 8.89443 2.4
      vertex 48.95 8.5 1.8
      vertex 48.95 8.5 2.4
    endloop
  endfacet
  facet normal -0.755685 -0.654935 0
    outer loop
      vertex 48.7278 9.2569 1.8
      vertex 48.4668 9.55805 2.4
      vertex 48.4668 9.55805 1.8
    endloop
  endfacet
  facet normal -0.755685 -0.654935 0
    outer loop
      vertex 48.4668 9.55805 2.4
      vertex 48.7278 9.2569 1.8
      vertex 48.7278 9.2569 2.4
    endloop
  endfacet
  facet normal 0 1 -0
    outer loop
      vertex 47.7492 7.11425 1.8
      vertex 47.3508 7.11425 2.4
      vertex 47.7492 7.11425 2.4
    endloop
  endfacet
  facet normal 0 1 0
    outer loop
      vertex 47.3508 7.11425 2.4
      vertex 47.7492 7.11425 1.8
      vertex 47.3508 7.11425 1.8
    endloop
  endfacet
  facet normal 0.28168 0.959508 -0
    outer loop
      vertex 47.3508 7.11425 1.8
      vertex 46.9684 7.22651 2.4
      vertex 47.3508 7.11425 2.4
    endloop
  endfacet
  facet normal 0.28168 0.959508 0
    outer loop
      vertex 46.9684 7.22651 2.4
      vertex 47.3508 7.11425 1.8
      vertex 46.9684 7.22651 1.8
    endloop
  endfacet
  facet normal 0.540659 -0.841242 0
    outer loop
      vertex 46.6332 9.55805 1.8
      vertex 46.9684 9.77348 2.4
      vertex 46.6332 9.55805 2.4
    endloop
  endfacet
  facet normal 0.540659 -0.841242 0
    outer loop
      vertex 46.9684 9.77348 2.4
      vertex 46.6332 9.55805 1.8
      vertex 46.9684 9.77348 1.8
    endloop
  endfacet
  facet normal 0.909665 0.415343 0
    outer loop
      vertex 46.3722 7.7431 2.4
      vertex 46.2067 8.10557 1.8
      vertex 46.2067 8.10557 2.4
    endloop
  endfacet
  facet normal 0.909665 0.415343 0
    outer loop
      vertex 46.2067 8.10557 1.8
      vertex 46.3722 7.7431 2.4
      vertex 46.3722 7.7431 1.8
    endloop
  endfacet
  facet normal 0.755685 0.654935 0
    outer loop
      vertex 46.6332 7.44195 2.4
      vertex 46.3722 7.7431 1.8
      vertex 46.3722 7.7431 2.4
    endloop
  endfacet
  facet normal 0.755685 0.654935 0
    outer loop
      vertex 46.3722 7.7431 1.8
      vertex 46.6332 7.44195 2.4
      vertex 46.6332 7.44195 1.8
    endloop
  endfacet
  facet normal 0.909665 -0.415343 0
    outer loop
      vertex 46.2067 8.89443 2.4
      vertex 46.3722 9.2569 1.8
      vertex 46.3722 9.2569 2.4
    endloop
  endfacet
  facet normal 0.909665 -0.415343 0
    outer loop
      vertex 46.3722 9.2569 1.8
      vertex 46.2067 8.89443 2.4
      vertex 46.2067 8.89443 1.8
    endloop
  endfacet
  facet normal 0.755685 -0.654935 0
    outer loop
      vertex 46.3722 9.2569 2.4
      vertex 46.6332 9.55805 1.8
      vertex 46.6332 9.55805 2.4
    endloop
  endfacet
  facet normal 0.755685 -0.654935 0
    outer loop
      vertex 46.6332 9.55805 1.8
      vertex 46.3722 9.2569 2.4
      vertex 46.3722 9.2569 1.8
    endloop
  endfacet
  facet normal 0.989825 -0.142289 0
    outer loop
      vertex 46.15 8.5 2.4
      vertex 46.2067 8.89443 1.8
      vertex 46.2067 8.89443 2.4
    endloop
  endfacet
  facet normal 0.989825 -0.142289 0
    outer loop
      vertex 46.2067 8.89443 1.8
      vertex 46.15 8.5 2.4
      vertex 46.15 8.5 1.8
    endloop
  endfacet
  facet normal 0 -1 0
    outer loop
      vertex 47.3508 9.88575 1.8
      vertex 47.7492 9.88575 2.4
      vertex 47.3508 9.88575 2.4
    endloop
  endfacet
  facet normal 0 -1 -0
    outer loop
      vertex 47.7492 9.88575 2.4
      vertex 47.3508 9.88575 1.8
      vertex 47.7492 9.88575 1.8
    endloop
  endfacet
  facet normal -0.181653 -0.983363 0
    outer loop
      vertex 47.8453 11.1838 0
      vertex 48.2329 11.1122 1.8
      vertex 47.8453 11.1838 1.8
    endloop
  endfacet
  facet normal -0.181653 -0.983363 -0
    outer loop
      vertex 48.2329 11.1122 1.8
      vertex 47.8453 11.1838 0
      vertex 48.2329 11.1122 0
    endloop
  endfacet
  facet normal -0.976079 0.217414 0
    outer loop
      vertex 50.1355 7.72213 0
      vertex 50.2212 8.10688 1.8
      vertex 50.2212 8.10688 0
    endloop
  endfacet
  facet normal -0.976079 0.217414 0
    outer loop
      vertex 50.2212 8.10688 1.8
      vertex 50.1355 7.72213 0
      vertex 50.1355 7.72213 1.8
    endloop
  endfacet
  facet normal -0.997327 0.0730643 0
    outer loop
      vertex 50.2212 8.10688 0
      vertex 50.25 8.5 1.8
      vertex 50.25 8.5 0
    endloop
  endfacet
  facet normal -0.997327 0.0730643 0
    outer loop
      vertex 50.25 8.5 1.8
      vertex 50.2212 8.10688 0
      vertex 50.2212 8.10688 1.8
    endloop
  endfacet
  facet normal -0.934024 0.35721 0
    outer loop
      vertex 49.9947 7.35397 0
      vertex 50.1355 7.72213 1.8
      vertex 50.1355 7.72213 0
    endloop
  endfacet
  facet normal -0.934024 0.35721 0
    outer loop
      vertex 50.1355 7.72213 1.8
      vertex 49.9947 7.35397 0
      vertex 49.9947 7.35397 1.8
    endloop
  endfacet
  facet normal -0.0365331 -0.999332 0
    outer loop
      vertex 47.4514 11.1982 0
      vertex 47.8453 11.1838 1.8
      vertex 47.4514 11.1982 1.8
    endloop
  endfacet
  facet normal -0.0365331 -0.999332 -0
    outer loop
      vertex 47.8453 11.1838 1.8
      vertex 47.4514 11.1982 0
      vertex 47.8453 11.1838 0
    endloop
  endfacet
  facet normal -0.791548 -0.611107 0
    outer loop
      vertex 49.8018 9.98977 0
      vertex 49.5609 10.3018 1.8
      vertex 49.5609 10.3018 0
    endloop
  endfacet
  facet normal -0.791548 -0.611107 0
    outer loop
      vertex 49.5609 10.3018 1.8
      vertex 49.8018 9.98977 0
      vertex 49.8018 9.98977 1.8
    endloop
  endfacet
  facet normal -0.581826 0.813313 0
    outer loop
      vertex 49.2771 6.42465 0
      vertex 48.9565 6.1953 1.8
      vertex 49.2771 6.42465 1.8
    endloop
  endfacet
  facet normal -0.581826 0.813313 0
    outer loop
      vertex 48.9565 6.1953 1.8
      vertex 49.2771 6.42465 0
      vertex 48.9565 6.1953 0
    endloop
  endfacet
  facet normal 0.90546 -0.424431 0
    outer loop
      vertex 45.0282 9.46452 1.8
      vertex 45.1955 9.82143 0
      vertex 45.1955 9.82143 1.8
    endloop
  endfacet
  facet normal 0.90546 -0.424431 0
    outer loop
      vertex 45.1955 9.82143 0
      vertex 45.0282 9.46452 1.8
      vertex 45.0282 9.46452 0
    endloop
  endfacet
  facet normal -0.872067 0.489387 0
    outer loop
      vertex 49.8018 7.01023 0
      vertex 49.9947 7.35397 1.8
      vertex 49.9947 7.35397 0
    endloop
  endfacet
  facet normal -0.872067 0.489387 0
    outer loop
      vertex 49.9947 7.35397 1.8
      vertex 49.8018 7.01023 0
      vertex 49.8018 7.01023 1.8
    endloop
  endfacet
  facet normal -0.0365331 0.999332 0
    outer loop
      vertex 47.8453 5.8162 0
      vertex 47.4514 5.8018 1.8
      vertex 47.8453 5.8162 1.8
    endloop
  endfacet
  facet normal -0.0365331 0.999332 0
    outer loop
      vertex 47.4514 5.8018 1.8
      vertex 47.8453 5.8162 0
      vertex 47.4514 5.8018 0
    endloop
  endfacet
  facet normal -0.79151 0.611156 0
    outer loop
      vertex 49.5609 6.69824 0
      vertex 49.8018 7.01023 1.8
      vertex 49.8018 7.01023 0
    endloop
  endfacet
  facet normal -0.79151 0.611156 0
    outer loop
      vertex 49.8018 7.01023 1.8
      vertex 49.5609 6.69824 0
      vertex 49.5609 6.69824 1.8
    endloop
  endfacet
  facet normal 0.391098 0.920349 -0
    outer loop
      vertex 46.6782 5.94461 0
      vertex 46.3154 6.09878 1.8
      vertex 46.6782 5.94461 1.8
    endloop
  endfacet
  facet normal 0.391098 0.920349 0
    outer loop
      vertex 46.3154 6.09878 1.8
      vertex 46.6782 5.94461 0
      vertex 46.3154 6.09878 0
    endloop
  endfacet
  facet normal -0.976079 -0.217414 0
    outer loop
      vertex 50.2212 8.89312 0
      vertex 50.1355 9.27787 1.8
      vertex 50.1355 9.27787 0
    endloop
  endfacet
  facet normal -0.976079 -0.217414 0
    outer loop
      vertex 50.1355 9.27787 1.8
      vertex 50.2212 8.89312 0
      vertex 50.2212 8.89312 1.8
    endloop
  endfacet
  facet normal -0.322917 -0.946427 0
    outer loop
      vertex 48.2329 11.1122 0
      vertex 48.606 10.9849 1.8
      vertex 48.2329 11.1122 1.8
    endloop
  endfacet
  facet normal -0.322917 -0.946427 -0
    outer loop
      vertex 48.606 10.9849 1.8
      vertex 48.2329 11.1122 0
      vertex 48.606 10.9849 0
    endloop
  endfacet
  facet normal -0.934024 -0.35721 0
    outer loop
      vertex 50.1355 9.27787 0
      vertex 49.9947 9.64603 1.8
      vertex 49.9947 9.64603 0
    endloop
  endfacet
  facet normal -0.934024 -0.35721 0
    outer loop
      vertex 49.9947 9.64603 1.8
      vertex 50.1355 9.27787 0
      vertex 50.1355 9.27787 1.8
    endloop
  endfacet
  facet normal 0.109345 -0.994004 0
    outer loop
      vertex 47.0596 11.1551 0
      vertex 47.4514 11.1982 1.8
      vertex 47.0596 11.1551 1.8
    endloop
  endfacet
  facet normal 0.109345 -0.994004 0
    outer loop
      vertex 47.4514 11.1982 1.8
      vertex 47.0596 11.1551 0
      vertex 47.4514 11.1982 0
    endloop
  endfacet
  facet normal 0.252907 0.967491 -0
    outer loop
      vertex 47.0596 5.84491 0
      vertex 46.6782 5.94461 1.8
      vertex 47.0596 5.84491 1.8
    endloop
  endfacet
  facet normal 0.252907 0.967491 0
    outer loop
      vertex 46.6782 5.94461 1.8
      vertex 47.0596 5.84491 0
      vertex 46.6782 5.94461 0
    endloop
  endfacet
  facet normal 0.639645 0.76867 -0
    outer loop
      vertex 45.979 6.30412 0
      vertex 45.676 6.55626 1.8
      vertex 45.979 6.30412 1.8
    endloop
  endfacet
  facet normal 0.639645 0.76867 0
    outer loop
      vertex 45.676 6.55626 1.8
      vertex 45.979 6.30412 0
      vertex 45.676 6.55626 0
    endloop
  endfacet
  facet normal 0.744743 -0.667351 0
    outer loop
      vertex 45.413 10.1502 1.8
      vertex 45.676 10.4437 0
      vertex 45.676 10.4437 1.8
    endloop
  endfacet
  facet normal 0.744743 -0.667351 0
    outer loop
      vertex 45.676 10.4437 0
      vertex 45.413 10.1502 1.8
      vertex 45.413 10.1502 0
    endloop
  endfacet
  facet normal -0.457233 -0.889347 0
    outer loop
      vertex 48.606 10.9849 0
      vertex 48.9565 10.8047 1.8
      vertex 48.606 10.9849 1.8
    endloop
  endfacet
  facet normal -0.457233 -0.889347 -0
    outer loop
      vertex 48.9565 10.8047 1.8
      vertex 48.606 10.9849 0
      vertex 48.9565 10.8047 0
    endloop
  endfacet
  facet normal 0.744822 0.667263 0
    outer loop
      vertex 45.676 6.55626 1.8
      vertex 45.413 6.84983 0
      vertex 45.413 6.84983 1.8
    endloop
  endfacet
  facet normal 0.744822 0.667263 0
    outer loop
      vertex 45.413 6.84983 0
      vertex 45.676 6.55626 1.8
      vertex 45.676 6.55626 0
    endloop
  endfacet
  facet normal -0.997327 -0.0730643 0
    outer loop
      vertex 50.25 8.5 0
      vertex 50.2212 8.89312 1.8
      vertex 50.2212 8.89312 0
    endloop
  endfacet
  facet normal -0.997327 -0.0730643 0
    outer loop
      vertex 50.2212 8.89312 1.8
      vertex 50.25 8.5 0
      vertex 50.25 8.5 1.8
    endloop
  endfacet
  facet normal 0.109371 0.994001 -0
    outer loop
      vertex 47.4514 5.8018 0
      vertex 47.0596 5.84491 1.8
      vertex 47.4514 5.8018 1.8
    endloop
  endfacet
  facet normal 0.109371 0.994001 0
    outer loop
      vertex 47.0596 5.84491 1.8
      vertex 47.4514 5.8018 0
      vertex 47.0596 5.84491 0
    endloop
  endfacet
  facet normal -0.872067 -0.489387 0
    outer loop
      vertex 49.9947 9.64603 0
      vertex 49.8018 9.98977 1.8
      vertex 49.8018 9.98977 0
    endloop
  endfacet
  facet normal -0.872067 -0.489387 0
    outer loop
      vertex 49.8018 9.98977 1.8
      vertex 49.9947 9.64603 0
      vertex 49.9947 9.64603 1.8
    endloop
  endfacet
  facet normal -0.694038 0.719938 0
    outer loop
      vertex 49.5609 6.69824 0
      vertex 49.2771 6.42465 1.8
      vertex 49.5609 6.69824 1.8
    endloop
  endfacet
  facet normal -0.694038 0.719938 0
    outer loop
      vertex 49.2771 6.42465 1.8
      vertex 49.5609 6.69824 0
      vertex 49.2771 6.42465 0
    endloop
  endfacet
  facet normal 0.521011 0.85355 -0
    outer loop
      vertex 46.3154 6.09878 0
      vertex 45.979 6.30412 1.8
      vertex 46.3154 6.09878 1.8
    endloop
  endfacet
  facet normal 0.521011 0.85355 0
    outer loop
      vertex 45.979 6.30412 1.8
      vertex 46.3154 6.09878 0
      vertex 45.979 6.30412 0
    endloop
  endfacet
  facet normal 0.98934 -0.145622 0
    outer loop
      vertex 44.8572 8.69709 1.8
      vertex 44.9146 9.08706 0
      vertex 44.9146 9.08706 1.8
    endloop
  endfacet
  facet normal 0.98934 -0.145622 0
    outer loop
      vertex 44.9146 9.08706 0
      vertex 44.8572 8.69709 1.8
      vertex 44.8572 8.69709 0
    endloop
  endfacet
  facet normal 0 0 -1
    outer loop
      vertex 48.95 8.5 1.8
      vertex 50.25 8.5 1.8
      vertex 50.2212 8.10688 1.8
    endloop
  endfacet
  facet normal 0 0 -1
    outer loop
      vertex 48.8933 8.10557 1.8
      vertex 50.2212 8.10688 1.8
      vertex 50.1355 7.72213 1.8
    endloop
  endfacet
  facet normal 0 0 -1
    outer loop
      vertex 50.25 8.5 1.8
      vertex 48.95 8.5 1.8
      vertex 50.2212 8.89312 1.8
    endloop
  endfacet
  facet normal 0 0 -1
    outer loop
      vertex 48.8933 8.10557 1.8
      vertex 50.1355 7.72213 1.8
      vertex 49.9947 7.35397 1.8
    endloop
  endfacet
  facet normal 0 0 -1
    outer loop
      vertex 48.8933 8.89443 1.8
      vertex 50.2212 8.89312 1.8
      vertex 48.95 8.5 1.8
    endloop
  endfacet
  facet normal 0 0 -1
    outer loop
      vertex 48.7278 7.7431 1.8
      vertex 49.9947 7.35397 1.8
      vertex 49.8018 7.01023 1.8
    endloop
  endfacet
  facet normal 0 0 -1
    outer loop
      vertex 50.2212 8.89312 1.8
      vertex 48.8933 8.89443 1.8
      vertex 50.1355 9.27787 1.8
    endloop
  endfacet
  facet normal 0 0 -1
    outer loop
      vertex 48.7278 7.7431 1.8
      vertex 49.8018 7.01023 1.8
      vertex 49.5609 6.69824 1.8
    endloop
  endfacet
  facet normal -0 0 -1
    outer loop
      vertex 50.1355 9.27787 1.8
      vertex 48.8933 8.89443 1.8
      vertex 49.9947 9.64603 1.8
    endloop
  endfacet
  facet normal 0 0 -1
    outer loop
      vertex 48.4668 7.44195 1.8
      vertex 49.5609 6.69824 1.8
      vertex 49.2771 6.42465 1.8
    endloop
  endfacet
  facet normal 0 0 -1
    outer loop
      vertex 48.7278 9.2569 1.8
      vertex 49.9947 9.64603 1.8
      vertex 48.8933 8.89443 1.8
    endloop
  endfacet
  facet normal 0 0 -1
    outer loop
      vertex 48.4668 7.44195 1.8
      vertex 49.2771 6.42465 1.8
      vertex 48.9565 6.1953 1.8
    endloop
  endfacet
  facet normal -0 0 -1
    outer loop
      vertex 49.9947 9.64603 1.8
      vertex 48.7278 9.2569 1.8
      vertex 49.8018 9.98977 1.8
    endloop
  endfacet
  facet normal -0 0 -1
    outer loop
      vertex 49.8018 9.98977 1.8
      vertex 48.7278 9.2569 1.8
      vertex 49.5609 10.3018 1.8
    endloop
  endfacet
  facet normal -0 0 -1
    outer loop
      vertex 50.2212 8.10688 1.8
      vertex 48.8933 8.10557 1.8
      vertex 48.95 8.5 1.8
    endloop
  endfacet
  facet normal 0 0 -1
    outer loop
      vertex 49.9947 7.35397 1.8
      vertex 48.7278 7.7431 1.8
      vertex 48.8933 8.10557 1.8
    endloop
  endfacet
  facet normal 0 0 -1
    outer loop
      vertex 48.1316 7.22651 1.8
      vertex 48.9565 6.1953 1.8
      vertex 48.606 6.01507 1.8
    endloop
  endfacet
  facet normal 0 0 -1
    outer loop
      vertex 49.5609 6.69824 1.8
      vertex 48.4668 7.44195 1.8
      vertex 48.7278 7.7431 1.8
    endloop
  endfacet
  facet normal 0 0 -1
    outer loop
      vertex 48.1316 7.22651 1.8
      vertex 48.606 6.01507 1.8
      vertex 48.2329 5.88779 1.8
    endloop
  endfacet
  facet normal 0 0 -1
    outer loop
      vertex 48.9565 6.1953 1.8
      vertex 48.1316 7.22651 1.8
      vertex 48.4668 7.44195 1.8
    endloop
  endfacet
  facet normal 0 0 -1
    outer loop
      vertex 47.7492 7.11425 1.8
      vertex 48.2329 5.88779 1.8
      vertex 47.8453 5.8162 1.8
    endloop
  endfacet
  facet normal 0 0 -1
    outer loop
      vertex 48.2329 5.88779 1.8
      vertex 47.7492 7.11425 1.8
      vertex 48.1316 7.22651 1.8
    endloop
  endfacet
  facet normal 0 0 -1
    outer loop
      vertex 47.4514 5.8018 1.8
      vertex 47.7492 7.11425 1.8
      vertex 47.8453 5.8162 1.8
    endloop
  endfacet
  facet normal 0 0 -1
    outer loop
      vertex 47.4514 5.8018 1.8
      vertex 47.3508 7.11425 1.8
      vertex 47.7492 7.11425 1.8
    endloop
  endfacet
  facet normal 0 0 -1
    outer loop
      vertex 47.0596 5.84491 1.8
      vertex 47.3508 7.11425 1.8
      vertex 47.4514 5.8018 1.8
    endloop
  endfacet
  facet normal 0 0 -1
    outer loop
      vertex 46.6782 5.94461 1.8
      vertex 47.3508 7.11425 1.8
      vertex 47.0596 5.84491 1.8
    endloop
  endfacet
  facet normal -0 0 -1
    outer loop
      vertex 47.3508 7.11425 1.8
      vertex 46.6782 5.94461 1.8
      vertex 46.9684 7.22651 1.8
    endloop
  endfacet
  facet normal 0 0 -1
    outer loop
      vertex 46.3154 6.09878 1.8
      vertex 46.9684 7.22651 1.8
      vertex 46.6782 5.94461 1.8
    endloop
  endfacet
  facet normal 0 0 -1
    outer loop
      vertex 45.979 6.30412 1.8
      vertex 46.9684 7.22651 1.8
      vertex 46.3154 6.09878 1.8
    endloop
  endfacet
  facet normal -0 0 -1
    outer loop
      vertex 46.9684 7.22651 1.8
      vertex 45.979 6.30412 1.8
      vertex 46.6332 7.44195 1.8
    endloop
  endfacet
  facet normal 0 0 -1
    outer loop
      vertex 45.676 6.55626 1.8
      vertex 46.6332 7.44195 1.8
      vertex 45.979 6.30412 1.8
    endloop
  endfacet
  facet normal 0 0 -1
    outer loop
      vertex 45.413 6.84983 1.8
      vertex 46.6332 7.44195 1.8
      vertex 45.676 6.55626 1.8
    endloop
  endfacet
  facet normal -0 0 -1
    outer loop
      vertex 46.6332 7.44195 1.8
      vertex 45.413 6.84983 1.8
      vertex 46.3722 7.7431 1.8
    endloop
  endfacet
  facet normal 0 0 -1
    outer loop
      vertex 48.4668 9.55805 1.8
      vertex 49.5609 10.3018 1.8
      vertex 48.7278 9.2569 1.8
    endloop
  endfacet
  facet normal -0 0 -1
    outer loop
      vertex 49.5609 10.3018 1.8
      vertex 48.4668 9.55805 1.8
      vertex 49.2771 10.5753 1.8
    endloop
  endfacet
  facet normal -0 0 -1
    outer loop
      vertex 49.2771 10.5753 1.8
      vertex 48.4668 9.55805 1.8
      vertex 48.9565 10.8047 1.8
    endloop
  endfacet
  facet normal 0 0 -1
    outer loop
      vertex 48.1316 9.77348 1.8
      vertex 48.9565 10.8047 1.8
      vertex 48.4668 9.55805 1.8
    endloop
  endfacet
  facet normal -0 0 -1
    outer loop
      vertex 48.9565 10.8047 1.8
      vertex 48.1316 9.77348 1.8
      vertex 48.606 10.9849 1.8
    endloop
  endfacet
  facet normal -0 0 -1
    outer loop
      vertex 48.606 10.9849 1.8
      vertex 48.1316 9.77348 1.8
      vertex 48.2329 11.1122 1.8
    endloop
  endfacet
  facet normal 0 0 -1
    outer loop
      vertex 47.7492 9.88575 1.8
      vertex 48.2329 11.1122 1.8
      vertex 48.1316 9.77348 1.8
    endloop
  endfacet
  facet normal -0 0 -1
    outer loop
      vertex 48.2329 11.1122 1.8
      vertex 47.7492 9.88575 1.8
      vertex 47.8453 11.1838 1.8
    endloop
  endfacet
  facet normal 0 0 -1
    outer loop
      vertex 47.7492 9.88575 1.8
      vertex 47.4514 11.1982 1.8
      vertex 47.8453 11.1838 1.8
    endloop
  endfacet
  facet normal 0 0 -1
    outer loop
      vertex 47.3508 9.88575 1.8
      vertex 47.4514 11.1982 1.8
      vertex 47.7492 9.88575 1.8
    endloop
  endfacet
  facet normal 0 0 -1
    outer loop
      vertex 47.3508 9.88575 1.8
      vertex 47.0596 11.1551 1.8
      vertex 47.4514 11.1982 1.8
    endloop
  endfacet
  facet normal 0 0 -1
    outer loop
      vertex 46.6782 11.0554 1.8
      vertex 47.3508 9.88575 1.8
      vertex 46.9684 9.77348 1.8
    endloop
  endfacet
  facet normal 0 0 -1
    outer loop
      vertex 47.3508 9.88575 1.8
      vertex 46.6782 11.0554 1.8
      vertex 47.0596 11.1551 1.8
    endloop
  endfacet
  facet normal 0 0 -1
    outer loop
      vertex 45.979 10.6959 1.8
      vertex 46.9684 9.77348 1.8
      vertex 46.6332 9.55805 1.8
    endloop
  endfacet
  facet normal 0 0 -1
    outer loop
      vertex 45.413 10.1502 1.8
      vertex 46.6332 9.55805 1.8
      vertex 46.3722 9.2569 1.8
    endloop
  endfacet
  facet normal 0 0 -1
    outer loop
      vertex 46.9684 9.77348 1.8
      vertex 46.3154 10.9012 1.8
      vertex 46.6782 11.0554 1.8
    endloop
  endfacet
  facet normal 0 0 -1
    outer loop
      vertex 45.0282 9.46452 1.8
      vertex 46.3722 9.2569 1.8
      vertex 46.2067 8.89443 1.8
    endloop
  endfacet
  facet normal 0 0 -1
    outer loop
      vertex 44.8572 8.69709 1.8
      vertex 46.2067 8.89443 1.8
      vertex 46.15 8.5 1.8
    endloop
  endfacet
  facet normal 0 0 -1
    outer loop
      vertex 45.1955 7.17857 1.8
      vertex 46.3722 7.7431 1.8
      vertex 45.413 6.84983 1.8
    endloop
  endfacet
  facet normal 0 0 -1
    outer loop
      vertex 46.9684 9.77348 1.8
      vertex 45.979 10.6959 1.8
      vertex 46.3154 10.9012 1.8
    endloop
  endfacet
  facet normal 0 0 -1
    outer loop
      vertex 45.0282 7.53548 1.8
      vertex 46.3722 7.7431 1.8
      vertex 45.1955 7.17857 1.8
    endloop
  endfacet
  facet normal 0 0 -1
    outer loop
      vertex 46.6332 9.55805 1.8
      vertex 45.676 10.4437 1.8
      vertex 45.979 10.6959 1.8
    endloop
  endfacet
  facet normal -0 0 -1
    outer loop
      vertex 46.3722 7.7431 1.8
      vertex 45.0282 7.53548 1.8
      vertex 46.2067 8.10557 1.8
    endloop
  endfacet
  facet normal 0 0 -1
    outer loop
      vertex 46.6332 9.55805 1.8
      vertex 45.413 10.1502 1.8
      vertex 45.676 10.4437 1.8
    endloop
  endfacet
  facet normal 0 0 -1
    outer loop
      vertex 44.9146 7.91294 1.8
      vertex 46.2067 8.10557 1.8
      vertex 45.0282 7.53548 1.8
    endloop
  endfacet
  facet normal 0 0 -1
    outer loop
      vertex 46.3722 9.2569 1.8
      vertex 45.1955 9.82143 1.8
      vertex 45.413 10.1502 1.8
    endloop
  endfacet
  facet normal 0 0 -1
    outer loop
      vertex 44.8572 8.30291 1.8
      vertex 46.2067 8.10557 1.8
      vertex 44.9146 7.91294 1.8
    endloop
  endfacet
  facet normal 0 0 -1
    outer loop
      vertex 46.3722 9.2569 1.8
      vertex 45.0282 9.46452 1.8
      vertex 45.1955 9.82143 1.8
    endloop
  endfacet
  facet normal 0 0 -1
    outer loop
      vertex 46.2067 8.10557 1.8
      vertex 44.8572 8.30291 1.8
      vertex 46.15 8.5 1.8
    endloop
  endfacet
  facet normal 0 0 -1
    outer loop
      vertex 46.2067 8.89443 1.8
      vertex 44.9146 9.08706 1.8
      vertex 45.0282 9.46452 1.8
    endloop
  endfacet
  facet normal 0 0 -1
    outer loop
      vertex 44.8572 8.69709 1.8
      vertex 46.15 8.5 1.8
      vertex 44.8572 8.30291 1.8
    endloop
  endfacet
  facet normal -0 0 -1
    outer loop
      vertex 46.2067 8.89443 1.8
      vertex 44.8572 8.69709 1.8
      vertex 44.9146 9.08706 1.8
    endloop
  endfacet
  facet normal 0.834012 -0.551746 0
    outer loop
      vertex 45.1955 9.82143 1.8
      vertex 45.413 10.1502 0
      vertex 45.413 10.1502 1.8
    endloop
  endfacet
  facet normal 0.834012 -0.551746 0
    outer loop
      vertex 45.413 10.1502 0
      vertex 45.1955 9.82143 1.8
      vertex 45.1955 9.82143 0
    endloop
  endfacet
  facet normal 0.639735 -0.768595 0
    outer loop
      vertex 45.676 10.4437 0
      vertex 45.979 10.6959 1.8
      vertex 45.676 10.4437 1.8
    endloop
  endfacet
  facet normal 0.639735 -0.768595 0
    outer loop
      vertex 45.979 10.6959 1.8
      vertex 45.676 10.4437 0
      vertex 45.979 10.6959 0
    endloop
  endfacet
  facet normal -0.58191 -0.813253 0
    outer loop
      vertex 48.9565 10.8047 0
      vertex 49.2771 10.5753 1.8
      vertex 48.9565 10.8047 1.8
    endloop
  endfacet
  facet normal -0.58191 -0.813253 -0
    outer loop
      vertex 49.2771 10.5753 1.8
      vertex 48.9565 10.8047 0
      vertex 49.2771 10.5753 0
    endloop
  endfacet
  facet normal 0.98934 0.145622 0
    outer loop
      vertex 44.9146 7.91294 1.8
      vertex 44.8572 8.30291 0
      vertex 44.8572 8.30291 1.8
    endloop
  endfacet
  facet normal 0.98934 0.145622 0
    outer loop
      vertex 44.8572 8.30291 0
      vertex 44.9146 7.91294 1.8
      vertex 44.9146 7.91294 0
    endloop
  endfacet
  facet normal -0.457294 0.889316 0
    outer loop
      vertex 48.9565 6.1953 0
      vertex 48.606 6.01507 1.8
      vertex 48.9565 6.1953 1.8
    endloop
  endfacet
  facet normal -0.457294 0.889316 0
    outer loop
      vertex 48.606 6.01507 1.8
      vertex 48.9565 6.1953 0
      vertex 48.606 6.01507 0
    endloop
  endfacet
  facet normal -0.69392 -0.720053 0
    outer loop
      vertex 49.2771 10.5753 0
      vertex 49.5609 10.3018 1.8
      vertex 49.2771 10.5753 1.8
    endloop
  endfacet
  facet normal -0.69392 -0.720053 -0
    outer loop
      vertex 49.5609 10.3018 1.8
      vertex 49.2771 10.5753 0
      vertex 49.5609 10.3018 0
    endloop
  endfacet
  facet normal -0.322871 0.946443 0
    outer loop
      vertex 48.606 6.01507 0
      vertex 48.2329 5.88779 1.8
      vertex 48.606 6.01507 1.8
    endloop
  endfacet
  facet normal -0.322871 0.946443 0
    outer loop
      vertex 48.2329 5.88779 1.8
      vertex 48.606 6.01507 0
      vertex 48.2329 5.88779 0
    endloop
  endfacet
  facet normal -0.181629 0.983367 0
    outer loop
      vertex 48.2329 5.88779 0
      vertex 47.8453 5.8162 1.8
      vertex 48.2329 5.88779 1.8
    endloop
  endfacet
  facet normal -0.181629 0.983367 0
    outer loop
      vertex 47.8453 5.8162 1.8
      vertex 48.2329 5.88779 0
      vertex 47.8453 5.8162 0
    endloop
  endfacet
  facet normal 0.957573 -0.28819 0
    outer loop
      vertex 44.9146 9.08706 1.8
      vertex 45.0282 9.46452 0
      vertex 45.0282 9.46452 1.8
    endloop
  endfacet
  facet normal 0.957573 -0.28819 0
    outer loop
      vertex 45.0282 9.46452 0
      vertex 44.9146 9.08706 1.8
      vertex 44.9146 9.08706 0
    endloop
  endfacet
  facet normal 0.520937 -0.853595 0
    outer loop
      vertex 45.979 10.6959 0
      vertex 46.3154 10.9012 1.8
      vertex 45.979 10.6959 1.8
    endloop
  endfacet
  facet normal 0.520937 -0.853595 0
    outer loop
      vertex 46.3154 10.9012 1.8
      vertex 45.979 10.6959 0
      vertex 46.3154 10.9012 0
    endloop
  endfacet
  facet normal 0.252907 -0.967491 0
    outer loop
      vertex 46.6782 11.0554 0
      vertex 47.0596 11.1551 1.8
      vertex 46.6782 11.0554 1.8
    endloop
  endfacet
  facet normal 0.252907 -0.967491 0
    outer loop
      vertex 47.0596 11.1551 1.8
      vertex 46.6782 11.0554 0
      vertex 47.0596 11.1551 0
    endloop
  endfacet
  facet normal 1 -0 0
    outer loop
      vertex 44.8572 8.30291 1.8
      vertex 44.8572 8.69709 0
      vertex 44.8572 8.69709 1.8
    endloop
  endfacet
  facet normal 1 0 0
    outer loop
      vertex 44.8572 8.69709 0
      vertex 44.8572 8.30291 1.8
      vertex 44.8572 8.30291 0
    endloop
  endfacet
  facet normal 0.957573 0.28819 0
    outer loop
      vertex 45.0282 7.53548 1.8
      vertex 44.9146 7.91294 0
      vertex 44.9146 7.91294 1.8
    endloop
  endfacet
  facet normal 0.957573 0.28819 0
    outer loop
      vertex 44.9146 7.91294 0
      vertex 45.0282 7.53548 1.8
      vertex 45.0282 7.53548 0
    endloop
  endfacet
  facet normal 0.833989 0.551781 0
    outer loop
      vertex 45.413 6.84983 1.8
      vertex 45.1955 7.17857 0
      vertex 45.1955 7.17857 1.8
    endloop
  endfacet
  facet normal 0.833989 0.551781 0
    outer loop
      vertex 45.1955 7.17857 0
      vertex 45.413 6.84983 1.8
      vertex 45.413 6.84983 0
    endloop
  endfacet
  facet normal 0.90546 0.424431 0
    outer loop
      vertex 45.1955 7.17857 1.8
      vertex 45.0282 7.53548 0
      vertex 45.0282 7.53548 1.8
    endloop
  endfacet
  facet normal 0.90546 0.424431 0
    outer loop
      vertex 45.0282 7.53548 0
      vertex 45.1955 7.17857 1.8
      vertex 45.1955 7.17857 0
    endloop
  endfacet
  facet normal 0.391162 -0.920322 0
    outer loop
      vertex 46.3154 10.9012 0
      vertex 46.6782 11.0554 1.8
      vertex 46.3154 10.9012 1.8
    endloop
  endfacet
  facet normal 0.391162 -0.920322 0
    outer loop
      vertex 46.6782 11.0554 1.8
      vertex 46.3154 10.9012 0
      vertex 46.6782 11.0554 0
    endloop
  endfacet
  facet normal -0.909894 0.414841 0
    outer loop
      vertex 48.7278 118.443 1.8
      vertex 48.8933 118.806 2.4
      vertex 48.8933 118.806 1.8
    endloop
  endfacet
  facet normal -0.909894 0.414841 0
    outer loop
      vertex 48.8933 118.806 2.4
      vertex 48.7278 118.443 1.8
      vertex 48.7278 118.443 2.4
    endloop
  endfacet
  facet normal -0.989803 0.142441 0
    outer loop
      vertex 48.8933 118.806 1.8
      vertex 48.95 119.2 2.4
      vertex 48.95 119.2 1.8
    endloop
  endfacet
  facet normal -0.989803 0.142441 0
    outer loop
      vertex 48.95 119.2 2.4
      vertex 48.8933 118.806 1.8
      vertex 48.8933 118.806 2.4
    endloop
  endfacet
  facet normal -0.755523 0.655122 0
    outer loop
      vertex 48.4668 118.142 1.8
      vertex 48.7278 118.443 2.4
      vertex 48.7278 118.443 1.8
    endloop
  endfacet
  facet normal -0.755523 0.655122 0
    outer loop
      vertex 48.7278 118.443 2.4
      vertex 48.4668 118.142 1.8
      vertex 48.4668 118.142 2.4
    endloop
  endfacet
  facet normal 0.283388 0.959005 -0
    outer loop
      vertex 47.3508 117.814 1.8
      vertex 46.9684 117.927 2.4
      vertex 47.3508 117.814 2.4
    endloop
  endfacet
  facet normal 0.283388 0.959005 0
    outer loop
      vertex 46.9684 117.927 2.4
      vertex 47.3508 117.814 1.8
      vertex 46.9684 117.927 1.8
    endloop
  endfacet
  facet normal 0.755523 -0.655122 0
    outer loop
      vertex 46.3722 119.957 2.4
      vertex 46.6332 120.258 1.8
      vertex 46.6332 120.258 2.4
    endloop
  endfacet
  facet normal 0.755523 -0.655122 0
    outer loop
      vertex 46.6332 120.258 1.8
      vertex 46.3722 119.957 2.4
      vertex 46.3722 119.957 1.8
    endloop
  endfacet
  facet normal -0.539894 0.841733 0
    outer loop
      vertex 48.4668 118.142 1.8
      vertex 48.1316 117.927 2.4
      vertex 48.4668 118.142 2.4
    endloop
  endfacet
  facet normal -0.539894 0.841733 0
    outer loop
      vertex 48.1316 117.927 2.4
      vertex 48.4668 118.142 1.8
      vertex 48.1316 117.927 1.8
    endloop
  endfacet
  facet normal 0.989803 0.142441 0
    outer loop
      vertex 46.2067 118.806 2.4
      vertex 46.15 119.2 1.8
      vertex 46.15 119.2 2.4
    endloop
  endfacet
  facet normal 0.989803 0.142441 0
    outer loop
      vertex 46.15 119.2 1.8
      vertex 46.2067 118.806 2.4
      vertex 46.2067 118.806 1.8
    endloop
  endfacet
  facet normal -0.539894 -0.841733 0
    outer loop
      vertex 48.1316 120.473 1.8
      vertex 48.4668 120.258 2.4
      vertex 48.1316 120.473 2.4
    endloop
  endfacet
  facet normal -0.539894 -0.841733 -0
    outer loop
      vertex 48.4668 120.258 2.4
      vertex 48.1316 120.473 1.8
      vertex 48.4668 120.258 1.8
    endloop
  endfacet
  facet normal 0.909894 0.414841 0
    outer loop
      vertex 46.3722 118.443 2.4
      vertex 46.2067 118.806 1.8
      vertex 46.2067 118.806 2.4
    endloop
  endfacet
  facet normal 0.909894 0.414841 0
    outer loop
      vertex 46.2067 118.806 1.8
      vertex 46.3722 118.443 2.4
      vertex 46.3722 118.443 1.8
    endloop
  endfacet
  facet normal -0.283388 0.959005 0
    outer loop
      vertex 48.1316 117.927 1.8
      vertex 47.7492 117.814 2.4
      vertex 48.1316 117.927 2.4
    endloop
  endfacet
  facet normal -0.283388 0.959005 0
    outer loop
      vertex 47.7492 117.814 2.4
      vertex 48.1316 117.927 1.8
      vertex 47.7492 117.814 1.8
    endloop
  endfacet
  facet normal 0.755523 0.655122 0
    outer loop
      vertex 46.6332 118.142 2.4
      vertex 46.3722 118.443 1.8
      vertex 46.3722 118.443 2.4
    endloop
  endfacet
  facet normal 0.755523 0.655122 0
    outer loop
      vertex 46.3722 118.443 1.8
      vertex 46.6332 118.142 2.4
      vertex 46.6332 118.142 1.8
    endloop
  endfacet
  facet normal 0.283388 -0.959005 0
    outer loop
      vertex 46.9684 120.473 1.8
      vertex 47.3508 120.586 2.4
      vertex 46.9684 120.473 2.4
    endloop
  endfacet
  facet normal 0.283388 -0.959005 0
    outer loop
      vertex 47.3508 120.586 2.4
      vertex 46.9684 120.473 1.8
      vertex 47.3508 120.586 1.8
    endloop
  endfacet
  facet normal -0.989803 -0.142441 0
    outer loop
      vertex 48.95 119.2 1.8
      vertex 48.8933 119.594 2.4
      vertex 48.8933 119.594 1.8
    endloop
  endfacet
  facet normal -0.989803 -0.142441 0
    outer loop
      vertex 48.8933 119.594 2.4
      vertex 48.95 119.2 1.8
      vertex 48.95 119.2 2.4
    endloop
  endfacet
  facet normal -0.755523 -0.655122 0
    outer loop
      vertex 48.7278 119.957 1.8
      vertex 48.4668 120.258 2.4
      vertex 48.4668 120.258 1.8
    endloop
  endfacet
  facet normal -0.755523 -0.655122 0
    outer loop
      vertex 48.4668 120.258 2.4
      vertex 48.7278 119.957 1.8
      vertex 48.7278 119.957 2.4
    endloop
  endfacet
  facet normal 0 1 -0
    outer loop
      vertex 47.7492 117.814 1.8
      vertex 47.3508 117.814 2.4
      vertex 47.7492 117.814 2.4
    endloop
  endfacet
  facet normal 0 1 0
    outer loop
      vertex 47.3508 117.814 2.4
      vertex 47.7492 117.814 1.8
      vertex 47.3508 117.814 1.8
    endloop
  endfacet
  facet normal 0.539894 -0.841733 0
    outer loop
      vertex 46.6332 120.258 1.8
      vertex 46.9684 120.473 2.4
      vertex 46.6332 120.258 2.4
    endloop
  endfacet
  facet normal 0.539894 -0.841733 0
    outer loop
      vertex 46.9684 120.473 2.4
      vertex 46.6332 120.258 1.8
      vertex 46.9684 120.473 1.8
    endloop
  endfacet
  facet normal -0.283388 -0.959005 0
    outer loop
      vertex 47.7492 120.586 1.8
      vertex 48.1316 120.473 2.4
      vertex 47.7492 120.586 2.4
    endloop
  endfacet
  facet normal -0.283388 -0.959005 -0
    outer loop
      vertex 48.1316 120.473 2.4
      vertex 47.7492 120.586 1.8
      vertex 48.1316 120.473 1.8
    endloop
  endfacet
  facet normal 0.539894 0.841733 -0
    outer loop
      vertex 46.9684 117.927 1.8
      vertex 46.6332 118.142 2.4
      vertex 46.9684 117.927 2.4
    endloop
  endfacet
  facet normal 0.539894 0.841733 0
    outer loop
      vertex 46.6332 118.142 2.4
      vertex 46.9684 117.927 1.8
      vertex 46.6332 118.142 1.8
    endloop
  endfacet
  facet normal -0.909894 -0.414841 0
    outer loop
      vertex 48.8933 119.594 1.8
      vertex 48.7278 119.957 2.4
      vertex 48.7278 119.957 1.8
    endloop
  endfacet
  facet normal -0.909894 -0.414841 0
    outer loop
      vertex 48.7278 119.957 2.4
      vertex 48.8933 119.594 1.8
      vertex 48.8933 119.594 2.4
    endloop
  endfacet
  facet normal 0.909894 -0.414841 0
    outer loop
      vertex 46.2067 119.594 2.4
      vertex 46.3722 119.957 1.8
      vertex 46.3722 119.957 2.4
    endloop
  endfacet
  facet normal 0.909894 -0.414841 0
    outer loop
      vertex 46.3722 119.957 1.8
      vertex 46.2067 119.594 2.4
      vertex 46.2067 119.594 1.8
    endloop
  endfacet
  facet normal 0.989803 -0.142441 0
    outer loop
      vertex 46.15 119.2 2.4
      vertex 46.2067 119.594 1.8
      vertex 46.2067 119.594 2.4
    endloop
  endfacet
  facet normal 0.989803 -0.142441 0
    outer loop
      vertex 46.2067 119.594 1.8
      vertex 46.15 119.2 2.4
      vertex 46.15 119.2 1.8
    endloop
  endfacet
  facet normal 0 -1 0
    outer loop
      vertex 47.3508 120.586 1.8
      vertex 47.7492 120.586 2.4
      vertex 47.3508 120.586 2.4
    endloop
  endfacet
  facet normal 0 -1 -0
    outer loop
      vertex 47.7492 120.586 2.4
      vertex 47.3508 120.586 1.8
      vertex 47.7492 120.586 1.8
    endloop
  endfacet
  facet normal -0.976109 0.217279 0
    outer loop
      vertex 50.1355 118.422 0
      vertex 50.2212 118.807 1.8
      vertex 50.2212 118.807 0
    endloop
  endfacet
  facet normal -0.976109 0.217279 0
    outer loop
      vertex 50.2212 118.807 1.8
      vertex 50.1355 118.422 0
      vertex 50.1355 118.422 1.8
    endloop
  endfacet
  facet normal -0.997326 0.0730865 0
    outer loop
      vertex 50.2212 118.807 0
      vertex 50.25 119.2 1.8
      vertex 50.25 119.2 0
    endloop
  endfacet
  facet normal -0.997326 0.0730865 0
    outer loop
      vertex 50.25 119.2 1.8
      vertex 50.2212 118.807 0
      vertex 50.2212 118.807 1.8
    endloop
  endfacet
  facet normal -0.933972 0.357346 0
    outer loop
      vertex 49.9947 118.054 0
      vertex 50.1355 118.422 1.8
      vertex 50.1355 118.422 0
    endloop
  endfacet
  facet normal -0.933972 0.357346 0
    outer loop
      vertex 50.1355 118.422 1.8
      vertex 49.9947 118.054 0
      vertex 49.9947 118.054 1.8
    endloop
  endfacet
  facet normal 0.639435 -0.768845 0
    outer loop
      vertex 45.676 121.144 0
      vertex 45.979 121.396 1.8
      vertex 45.676 121.144 1.8
    endloop
  endfacet
  facet normal 0.639435 -0.768845 0
    outer loop
      vertex 45.979 121.396 1.8
      vertex 45.676 121.144 0
      vertex 45.979 121.396 0
    endloop
  endfacet
  facet normal -0.791519 0.611144 0
    outer loop
      vertex 49.5609 117.398 0
      vertex 49.8018 117.71 1.8
      vertex 49.8018 117.71 0
    endloop
  endfacet
  facet normal -0.791519 0.611144 0
    outer loop
      vertex 49.8018 117.71 1.8
      vertex 49.5609 117.398 0
      vertex 49.5609 117.398 1.8
    endloop
  endfacet
  facet normal 0.109095 0.994031 -0
    outer loop
      vertex 47.4514 116.502 0
      vertex 47.0596 116.545 1.8
      vertex 47.4514 116.502 1.8
    endloop
  endfacet
  facet normal 0.109095 0.994031 0
    outer loop
      vertex 47.0596 116.545 1.8
      vertex 47.4514 116.502 0
      vertex 47.0596 116.545 0
    endloop
  endfacet
  facet normal -0.976109 -0.217279 0
    outer loop
      vertex 50.2212 119.593 0
      vertex 50.1355 119.978 1.8
      vertex 50.1355 119.978 0
    endloop
  endfacet
  facet normal -0.976109 -0.217279 0
    outer loop
      vertex 50.1355 119.978 1.8
      vertex 50.2212 119.593 0
      vertex 50.2212 119.593 1.8
    endloop
  endfacet
  facet normal -0.872225 -0.489105 0
    outer loop
      vertex 49.9947 120.346 0
      vertex 49.8018 120.69 1.8
      vertex 49.8018 120.69 0
    endloop
  endfacet
  facet normal -0.872225 -0.489105 0
    outer loop
      vertex 49.8018 120.69 1.8
      vertex 49.9947 120.346 0
      vertex 49.9947 120.346 1.8
    endloop
  endfacet
  facet normal 0.905043 -0.425319 0
    outer loop
      vertex 45.0282 120.165 1.8
      vertex 45.1955 120.521 0
      vertex 45.1955 120.521 1.8
    endloop
  endfacet
  facet normal 0.905043 -0.425319 0
    outer loop
      vertex 45.1955 120.521 0
      vertex 45.0282 120.165 1.8
      vertex 45.0282 120.165 0
    endloop
  endfacet
  facet normal 0.253619 0.967304 -0
    outer loop
      vertex 47.0596 116.545 0
      vertex 46.6782 116.645 1.8
      vertex 47.0596 116.545 1.8
    endloop
  endfacet
  facet normal 0.253619 0.967304 0
    outer loop
      vertex 46.6782 116.645 1.8
      vertex 47.0596 116.545 0
      vertex 46.6782 116.645 0
    endloop
  endfacet
  facet normal -0.872225 0.489105 0
    outer loop
      vertex 49.8018 117.71 0
      vertex 49.9947 118.054 1.8
      vertex 49.9947 118.054 0
    endloop
  endfacet
  facet normal -0.872225 0.489105 0
    outer loop
      vertex 49.9947 118.054 1.8
      vertex 49.8018 117.71 0
      vertex 49.8018 117.71 1.8
    endloop
  endfacet
  facet normal -0.933972 -0.357346 0
    outer loop
      vertex 50.1355 119.978 0
      vertex 49.9947 120.346 1.8
      vertex 49.9947 120.346 0
    endloop
  endfacet
  facet normal -0.933972 -0.357346 0
    outer loop
      vertex 49.9947 120.346 1.8
      vertex 50.1355 119.978 0
      vertex 50.1355 119.978 1.8
    endloop
  endfacet
  facet normal 0.520382 0.853934 -0
    outer loop
      vertex 46.3154 116.799 0
      vertex 45.979 117.004 1.8
      vertex 46.3154 116.799 1.8
    endloop
  endfacet
  facet normal 0.520382 0.853934 0
    outer loop
      vertex 45.979 117.004 1.8
      vertex 46.3154 116.799 0
      vertex 45.979 117.004 0
    endloop
  endfacet
  facet normal 0.83419 0.551478 0
    outer loop
      vertex 45.413 117.55 1.8
      vertex 45.1955 117.879 0
      vertex 45.1955 117.879 1.8
    endloop
  endfacet
  facet normal 0.83419 0.551478 0
    outer loop
      vertex 45.1955 117.879 0
      vertex 45.413 117.55 1.8
      vertex 45.413 117.55 0
    endloop
  endfacet
  facet normal 0.109095 -0.994031 0
    outer loop
      vertex 47.0596 121.855 0
      vertex 47.4514 121.898 1.8
      vertex 47.0596 121.855 1.8
    endloop
  endfacet
  facet normal 0.109095 -0.994031 0
    outer loop
      vertex 47.4514 121.898 1.8
      vertex 47.0596 121.855 0
      vertex 47.4514 121.898 0
    endloop
  endfacet
  facet normal -0.456832 -0.889553 0
    outer loop
      vertex 48.606 121.685 0
      vertex 48.9565 121.505 1.8
      vertex 48.606 121.685 1.8
    endloop
  endfacet
  facet normal -0.456832 -0.889553 -0
    outer loop
      vertex 48.9565 121.505 1.8
      vertex 48.606 121.685 0
      vertex 48.9565 121.505 0
    endloop
  endfacet
  facet normal 0.957687 0.287813 0
    outer loop
      vertex 45.0282 118.235 1.8
      vertex 44.9146 118.613 0
      vertex 44.9146 118.613 1.8
    endloop
  endfacet
  facet normal 0.957687 0.287813 0
    outer loop
      vertex 44.9146 118.613 0
      vertex 45.0282 118.235 1.8
      vertex 45.0282 118.235 0
    endloop
  endfacet
  facet normal -0.791519 -0.611144 0
    outer loop
      vertex 49.8018 120.69 0
      vertex 49.5609 121.002 1.8
      vertex 49.5609 121.002 0
    endloop
  endfacet
  facet normal -0.791519 -0.611144 0
    outer loop
      vertex 49.5609 121.002 1.8
      vertex 49.8018 120.69 0
      vertex 49.8018 120.69 1.8
    endloop
  endfacet
  facet normal -0.997326 -0.0730865 0
    outer loop
      vertex 50.25 119.2 0
      vertex 50.2212 119.593 1.8
      vertex 50.2212 119.593 0
    endloop
  endfacet
  facet normal -0.997326 -0.0730865 0
    outer loop
      vertex 50.2212 119.593 1.8
      vertex 50.25 119.2 0
      vertex 50.25 119.2 1.8
    endloop
  endfacet
  facet normal 0.957687 -0.287813 0
    outer loop
      vertex 44.9146 119.787 1.8
      vertex 45.0282 120.165 0
      vertex 45.0282 120.165 1.8
    endloop
  endfacet
  facet normal 0.957687 -0.287813 0
    outer loop
      vertex 45.0282 120.165 0
      vertex 44.9146 119.787 1.8
      vertex 44.9146 119.787 0
    endloop
  endfacet
  facet normal -0.0355196 0.999369 0
    outer loop
      vertex 47.8453 116.516 0
      vertex 47.4514 116.502 1.8
      vertex 47.8453 116.516 1.8
    endloop
  endfacet
  facet normal -0.0355196 0.999369 0
    outer loop
      vertex 47.4514 116.502 1.8
      vertex 47.8453 116.516 0
      vertex 47.4514 116.502 0
    endloop
  endfacet
  facet normal 0.639435 0.768845 -0
    outer loop
      vertex 45.979 117.004 0
      vertex 45.676 117.256 1.8
      vertex 45.979 117.004 1.8
    endloop
  endfacet
  facet normal 0.639435 0.768845 0
    outer loop
      vertex 45.676 117.256 1.8
      vertex 45.979 117.004 0
      vertex 45.676 117.256 0
    endloop
  endfacet
  facet normal 0.390732 0.920504 -0
    outer loop
      vertex 46.6782 116.645 0
      vertex 46.3154 116.799 1.8
      vertex 46.6782 116.645 1.8
    endloop
  endfacet
  facet normal 0.390732 0.920504 0
    outer loop
      vertex 46.3154 116.799 1.8
      vertex 46.6782 116.645 0
      vertex 46.3154 116.799 0
    endloop
  endfacet
  facet normal 0.745308 -0.666721 0
    outer loop
      vertex 45.413 120.85 1.8
      vertex 45.676 121.144 0
      vertex 45.676 121.144 1.8
    endloop
  endfacet
  facet normal 0.745308 -0.666721 0
    outer loop
      vertex 45.676 121.144 0
      vertex 45.413 120.85 1.8
      vertex 45.413 120.85 0
    endloop
  endfacet
  facet normal -0.0355196 -0.999369 0
    outer loop
      vertex 47.4514 121.898 0
      vertex 47.8453 121.884 1.8
      vertex 47.4514 121.898 1.8
    endloop
  endfacet
  facet normal -0.0355196 -0.999369 -0
    outer loop
      vertex 47.8453 121.884 1.8
      vertex 47.4514 121.898 0
      vertex 47.8453 121.884 0
    endloop
  endfacet
  facet normal -0.693261 0.720687 0
    outer loop
      vertex 49.5609 117.398 0
      vertex 49.2771 117.125 1.8
      vertex 49.5609 117.398 1.8
    endloop
  endfacet
  facet normal -0.693261 0.720687 0
    outer loop
      vertex 49.2771 117.125 1.8
      vertex 49.5609 117.398 0
      vertex 49.2771 117.125 0
    endloop
  endfacet
  facet normal -0.693261 -0.720687 0
    outer loop
      vertex 49.2771 121.275 0
      vertex 49.5609 121.002 1.8
      vertex 49.2771 121.275 1.8
    endloop
  endfacet
  facet normal -0.693261 -0.720687 -0
    outer loop
      vertex 49.5609 121.002 1.8
      vertex 49.2771 121.275 0
      vertex 49.5609 121.002 0
    endloop
  endfacet
  facet normal -0.582915 0.812533 0
    outer loop
      vertex 49.2771 117.125 0
      vertex 48.9565 116.895 1.8
      vertex 49.2771 117.125 1.8
    endloop
  endfacet
  facet normal -0.582915 0.812533 0
    outer loop
      vertex 48.9565 116.895 1.8
      vertex 49.2771 117.125 0
      vertex 48.9565 116.895 0
    endloop
  endfacet
  facet normal -0.182634 -0.983181 0
    outer loop
      vertex 47.8453 121.884 0
      vertex 48.2329 121.812 1.8
      vertex 47.8453 121.884 1.8
    endloop
  endfacet
  facet normal -0.182634 -0.983181 -0
    outer loop
      vertex 48.2329 121.812 1.8
      vertex 47.8453 121.884 0
      vertex 48.2329 121.812 0
    endloop
  endfacet
  facet normal 0.520382 -0.853934 0
    outer loop
      vertex 45.979 121.396 0
      vertex 46.3154 121.601 1.8
      vertex 45.979 121.396 1.8
    endloop
  endfacet
  facet normal 0.520382 -0.853934 0
    outer loop
      vertex 46.3154 121.601 1.8
      vertex 45.979 121.396 0
      vertex 46.3154 121.601 0
    endloop
  endfacet
  facet normal 0.83419 -0.551478 0
    outer loop
      vertex 45.1955 120.521 1.8
      vertex 45.413 120.85 0
      vertex 45.413 120.85 1.8
    endloop
  endfacet
  facet normal 0.83419 -0.551478 0
    outer loop
      vertex 45.413 120.85 0
      vertex 45.1955 120.521 1.8
      vertex 45.1955 120.521 0
    endloop
  endfacet
  facet normal -0.322235 -0.94666 0
    outer loop
      vertex 48.2329 121.812 0
      vertex 48.606 121.685 1.8
      vertex 48.2329 121.812 1.8
    endloop
  endfacet
  facet normal -0.322235 -0.94666 -0
    outer loop
      vertex 48.606 121.685 1.8
      vertex 48.2329 121.812 0
      vertex 48.606 121.685 0
    endloop
  endfacet
  facet normal -0.582915 -0.812533 0
    outer loop
      vertex 48.9565 121.505 0
      vertex 49.2771 121.275 1.8
      vertex 48.9565 121.505 1.8
    endloop
  endfacet
  facet normal -0.582915 -0.812533 -0
    outer loop
      vertex 49.2771 121.275 1.8
      vertex 48.9565 121.505 0
      vertex 49.2771 121.275 0
    endloop
  endfacet
  facet normal 0.989342 -0.145611 0
    outer loop
      vertex 44.8572 119.397 1.8
      vertex 44.9146 119.787 0
      vertex 44.9146 119.787 1.8
    endloop
  endfacet
  facet normal 0.989342 -0.145611 0
    outer loop
      vertex 44.9146 119.787 0
      vertex 44.8572 119.397 1.8
      vertex 44.8572 119.397 0
    endloop
  endfacet
  facet normal 0.989342 0.145611 0
    outer loop
      vertex 44.9146 118.613 1.8
      vertex 44.8572 119.003 0
      vertex 44.8572 119.003 1.8
    endloop
  endfacet
  facet normal 0.989342 0.145611 0
    outer loop
      vertex 44.8572 119.003 0
      vertex 44.9146 118.613 1.8
      vertex 44.9146 118.613 0
    endloop
  endfacet
  facet normal 0.905043 0.425319 0
    outer loop
      vertex 45.1955 117.879 1.8
      vertex 45.0282 118.235 0
      vertex 45.0282 118.235 1.8
    endloop
  endfacet
  facet normal 0.905043 0.425319 0
    outer loop
      vertex 45.0282 118.235 0
      vertex 45.1955 117.879 1.8
      vertex 45.1955 117.879 0
    endloop
  endfacet
  facet normal 0.253619 -0.967304 0
    outer loop
      vertex 46.6782 121.755 0
      vertex 47.0596 121.855 1.8
      vertex 46.6782 121.755 1.8
    endloop
  endfacet
  facet normal 0.253619 -0.967304 0
    outer loop
      vertex 47.0596 121.855 1.8
      vertex 46.6782 121.755 0
      vertex 47.0596 121.855 0
    endloop
  endfacet
  facet normal 0.390732 -0.920504 0
    outer loop
      vertex 46.3154 121.601 0
      vertex 46.6782 121.755 1.8
      vertex 46.3154 121.601 1.8
    endloop
  endfacet
  facet normal 0.390732 -0.920504 0
    outer loop
      vertex 46.6782 121.755 1.8
      vertex 46.3154 121.601 0
      vertex 46.6782 121.755 0
    endloop
  endfacet
  facet normal 0.745308 0.666721 0
    outer loop
      vertex 45.676 117.256 1.8
      vertex 45.413 117.55 0
      vertex 45.413 117.55 1.8
    endloop
  endfacet
  facet normal 0.745308 0.666721 0
    outer loop
      vertex 45.413 117.55 0
      vertex 45.676 117.256 1.8
      vertex 45.676 117.256 0
    endloop
  endfacet
  facet normal -0.322235 0.94666 0
    outer loop
      vertex 48.606 116.715 0
      vertex 48.2329 116.588 1.8
      vertex 48.606 116.715 1.8
    endloop
  endfacet
  facet normal -0.322235 0.94666 0
    outer loop
      vertex 48.2329 116.588 1.8
      vertex 48.606 116.715 0
      vertex 48.2329 116.588 0
    endloop
  endfacet
  facet normal -0.456832 0.889553 0
    outer loop
      vertex 48.9565 116.895 0
      vertex 48.606 116.715 1.8
      vertex 48.9565 116.895 1.8
    endloop
  endfacet
  facet normal -0.456832 0.889553 0
    outer loop
      vertex 48.606 116.715 1.8
      vertex 48.9565 116.895 0
      vertex 48.606 116.715 0
    endloop
  endfacet
  facet normal -0.182634 0.983181 0
    outer loop
      vertex 48.2329 116.588 0
      vertex 47.8453 116.516 1.8
      vertex 48.2329 116.588 1.8
    endloop
  endfacet
  facet normal -0.182634 0.983181 0
    outer loop
      vertex 47.8453 116.516 1.8
      vertex 48.2329 116.588 0
      vertex 47.8453 116.516 0
    endloop
  endfacet
  facet normal 1 -0 0
    outer loop
      vertex 44.8572 119.003 1.8
      vertex 44.8572 119.397 0
      vertex 44.8572 119.397 1.8
    endloop
  endfacet
  facet normal 1 0 0
    outer loop
      vertex 44.8572 119.397 0
      vertex 44.8572 119.003 1.8
      vertex 44.8572 119.003 0
    endloop
  endfacet
  facet normal 0 0 -1
    outer loop
      vertex 48.95 119.2 1.8
      vertex 50.25 119.2 1.8
      vertex 50.2212 118.807 1.8
    endloop
  endfacet
  facet normal 0 0 -1
    outer loop
      vertex 48.8933 118.806 1.8
      vertex 50.2212 118.807 1.8
      vertex 50.1355 118.422 1.8
    endloop
  endfacet
  facet normal 0 0 -1
    outer loop
      vertex 50.25 119.2 1.8
      vertex 48.95 119.2 1.8
      vertex 50.2212 119.593 1.8
    endloop
  endfacet
  facet normal 0 0 -1
    outer loop
      vertex 48.8933 118.806 1.8
      vertex 50.1355 118.422 1.8
      vertex 49.9947 118.054 1.8
    endloop
  endfacet
  facet normal 0 0 -1
    outer loop
      vertex 48.8933 119.594 1.8
      vertex 50.2212 119.593 1.8
      vertex 48.95 119.2 1.8
    endloop
  endfacet
  facet normal 0 0 -1
    outer loop
      vertex 48.7278 118.443 1.8
      vertex 49.9947 118.054 1.8
      vertex 49.8018 117.71 1.8
    endloop
  endfacet
  facet normal 0 0 -1
    outer loop
      vertex 50.2212 119.593 1.8
      vertex 48.8933 119.594 1.8
      vertex 50.1355 119.978 1.8
    endloop
  endfacet
  facet normal 0 0 -1
    outer loop
      vertex 48.7278 118.443 1.8
      vertex 49.8018 117.71 1.8
      vertex 49.5609 117.398 1.8
    endloop
  endfacet
  facet normal -0 0 -1
    outer loop
      vertex 50.1355 119.978 1.8
      vertex 48.8933 119.594 1.8
      vertex 49.9947 120.346 1.8
    endloop
  endfacet
  facet normal 0 0 -1
    outer loop
      vertex 48.4668 118.142 1.8
      vertex 49.5609 117.398 1.8
      vertex 49.2771 117.125 1.8
    endloop
  endfacet
  facet normal 0 0 -1
    outer loop
      vertex 48.7278 119.957 1.8
      vertex 49.9947 120.346 1.8
      vertex 48.8933 119.594 1.8
    endloop
  endfacet
  facet normal 0 0 -1
    outer loop
      vertex 48.4668 118.142 1.8
      vertex 49.2771 117.125 1.8
      vertex 48.9565 116.895 1.8
    endloop
  endfacet
  facet normal -0 0 -1
    outer loop
      vertex 49.9947 120.346 1.8
      vertex 48.7278 119.957 1.8
      vertex 49.8018 120.69 1.8
    endloop
  endfacet
  facet normal -0 0 -1
    outer loop
      vertex 49.8018 120.69 1.8
      vertex 48.7278 119.957 1.8
      vertex 49.5609 121.002 1.8
    endloop
  endfacet
  facet normal -0 0 -1
    outer loop
      vertex 50.2212 118.807 1.8
      vertex 48.8933 118.806 1.8
      vertex 48.95 119.2 1.8
    endloop
  endfacet
  facet normal 0 0 -1
    outer loop
      vertex 49.9947 118.054 1.8
      vertex 48.7278 118.443 1.8
      vertex 48.8933 118.806 1.8
    endloop
  endfacet
  facet normal 0 0 -1
    outer loop
      vertex 48.1316 117.927 1.8
      vertex 48.9565 116.895 1.8
      vertex 48.606 116.715 1.8
    endloop
  endfacet
  facet normal 0 0 -1
    outer loop
      vertex 49.5609 117.398 1.8
      vertex 48.4668 118.142 1.8
      vertex 48.7278 118.443 1.8
    endloop
  endfacet
  facet normal 0 0 -1
    outer loop
      vertex 48.1316 117.927 1.8
      vertex 48.606 116.715 1.8
      vertex 48.2329 116.588 1.8
    endloop
  endfacet
  facet normal 0 0 -1
    outer loop
      vertex 48.9565 116.895 1.8
      vertex 48.1316 117.927 1.8
      vertex 48.4668 118.142 1.8
    endloop
  endfacet
  facet normal 0 0 -1
    outer loop
      vertex 47.7492 117.814 1.8
      vertex 48.2329 116.588 1.8
      vertex 47.8453 116.516 1.8
    endloop
  endfacet
  facet normal 0 0 -1
    outer loop
      vertex 48.2329 116.588 1.8
      vertex 47.7492 117.814 1.8
      vertex 48.1316 117.927 1.8
    endloop
  endfacet
  facet normal 0 0 -1
    outer loop
      vertex 47.4514 116.502 1.8
      vertex 47.7492 117.814 1.8
      vertex 47.8453 116.516 1.8
    endloop
  endfacet
  facet normal 0 0 -1
    outer loop
      vertex 47.4514 116.502 1.8
      vertex 47.3508 117.814 1.8
      vertex 47.7492 117.814 1.8
    endloop
  endfacet
  facet normal 0 0 -1
    outer loop
      vertex 47.0596 116.545 1.8
      vertex 47.3508 117.814 1.8
      vertex 47.4514 116.502 1.8
    endloop
  endfacet
  facet normal 0 0 -1
    outer loop
      vertex 46.6782 116.645 1.8
      vertex 47.3508 117.814 1.8
      vertex 47.0596 116.545 1.8
    endloop
  endfacet
  facet normal -0 0 -1
    outer loop
      vertex 47.3508 117.814 1.8
      vertex 46.6782 116.645 1.8
      vertex 46.9684 117.927 1.8
    endloop
  endfacet
  facet normal 0 0 -1
    outer loop
      vertex 46.3154 116.799 1.8
      vertex 46.9684 117.927 1.8
      vertex 46.6782 116.645 1.8
    endloop
  endfacet
  facet normal 0 0 -1
    outer loop
      vertex 45.979 117.004 1.8
      vertex 46.9684 117.927 1.8
      vertex 46.3154 116.799 1.8
    endloop
  endfacet
  facet normal -0 0 -1
    outer loop
      vertex 46.9684 117.927 1.8
      vertex 45.979 117.004 1.8
      vertex 46.6332 118.142 1.8
    endloop
  endfacet
  facet normal 0 0 -1
    outer loop
      vertex 45.676 117.256 1.8
      vertex 46.6332 118.142 1.8
      vertex 45.979 117.004 1.8
    endloop
  endfacet
  facet normal 0 0 -1
    outer loop
      vertex 45.413 117.55 1.8
      vertex 46.6332 118.142 1.8
      vertex 45.676 117.256 1.8
    endloop
  endfacet
  facet normal -0 0 -1
    outer loop
      vertex 46.6332 118.142 1.8
      vertex 45.413 117.55 1.8
      vertex 46.3722 118.443 1.8
    endloop
  endfacet
  facet normal 0 0 -1
    outer loop
      vertex 48.4668 120.258 1.8
      vertex 49.5609 121.002 1.8
      vertex 48.7278 119.957 1.8
    endloop
  endfacet
  facet normal -0 0 -1
    outer loop
      vertex 49.5609 121.002 1.8
      vertex 48.4668 120.258 1.8
      vertex 49.2771 121.275 1.8
    endloop
  endfacet
  facet normal -0 0 -1
    outer loop
      vertex 49.2771 121.275 1.8
      vertex 48.4668 120.258 1.8
      vertex 48.9565 121.505 1.8
    endloop
  endfacet
  facet normal 0 0 -1
    outer loop
      vertex 48.1316 120.473 1.8
      vertex 48.9565 121.505 1.8
      vertex 48.4668 120.258 1.8
    endloop
  endfacet
  facet normal -0 0 -1
    outer loop
      vertex 48.9565 121.505 1.8
      vertex 48.1316 120.473 1.8
      vertex 48.606 121.685 1.8
    endloop
  endfacet
  facet normal -0 0 -1
    outer loop
      vertex 48.606 121.685 1.8
      vertex 48.1316 120.473 1.8
      vertex 48.2329 121.812 1.8
    endloop
  endfacet
  facet normal 0 0 -1
    outer loop
      vertex 47.7492 120.586 1.8
      vertex 48.2329 121.812 1.8
      vertex 48.1316 120.473 1.8
    endloop
  endfacet
  facet normal -0 0 -1
    outer loop
      vertex 48.2329 121.812 1.8
      vertex 47.7492 120.586 1.8
      vertex 47.8453 121.884 1.8
    endloop
  endfacet
  facet normal 0 0 -1
    outer loop
      vertex 47.7492 120.586 1.8
      vertex 47.4514 121.898 1.8
      vertex 47.8453 121.884 1.8
    endloop
  endfacet
  facet normal 0 0 -1
    outer loop
      vertex 47.3508 120.586 1.8
      vertex 47.4514 121.898 1.8
      vertex 47.7492 120.586 1.8
    endloop
  endfacet
  facet normal 0 0 -1
    outer loop
      vertex 47.3508 120.586 1.8
      vertex 47.0596 121.855 1.8
      vertex 47.4514 121.898 1.8
    endloop
  endfacet
  facet normal 0 0 -1
    outer loop
      vertex 46.6782 121.755 1.8
      vertex 47.3508 120.586 1.8
      vertex 46.9684 120.473 1.8
    endloop
  endfacet
  facet normal 0 0 -1
    outer loop
      vertex 47.3508 120.586 1.8
      vertex 46.6782 121.755 1.8
      vertex 47.0596 121.855 1.8
    endloop
  endfacet
  facet normal 0 0 -1
    outer loop
      vertex 45.979 121.396 1.8
      vertex 46.9684 120.473 1.8
      vertex 46.6332 120.258 1.8
    endloop
  endfacet
  facet normal 0 0 -1
    outer loop
      vertex 45.413 120.85 1.8
      vertex 46.6332 120.258 1.8
      vertex 46.3722 119.957 1.8
    endloop
  endfacet
  facet normal 0 0 -1
    outer loop
      vertex 46.9684 120.473 1.8
      vertex 46.3154 121.601 1.8
      vertex 46.6782 121.755 1.8
    endloop
  endfacet
  facet normal 0 0 -1
    outer loop
      vertex 45.0282 120.165 1.8
      vertex 46.3722 119.957 1.8
      vertex 46.2067 119.594 1.8
    endloop
  endfacet
  facet normal 0 0 -1
    outer loop
      vertex 44.8572 119.397 1.8
      vertex 46.2067 119.594 1.8
      vertex 46.15 119.2 1.8
    endloop
  endfacet
  facet normal 0 0 -1
    outer loop
      vertex 45.1955 117.879 1.8
      vertex 46.3722 118.443 1.8
      vertex 45.413 117.55 1.8
    endloop
  endfacet
  facet normal 0 0 -1
    outer loop
      vertex 46.9684 120.473 1.8
      vertex 45.979 121.396 1.8
      vertex 46.3154 121.601 1.8
    endloop
  endfacet
  facet normal 0 0 -1
    outer loop
      vertex 45.0282 118.235 1.8
      vertex 46.3722 118.443 1.8
      vertex 45.1955 117.879 1.8
    endloop
  endfacet
  facet normal 0 0 -1
    outer loop
      vertex 46.6332 120.258 1.8
      vertex 45.676 121.144 1.8
      vertex 45.979 121.396 1.8
    endloop
  endfacet
  facet normal -0 0 -1
    outer loop
      vertex 46.3722 118.443 1.8
      vertex 45.0282 118.235 1.8
      vertex 46.2067 118.806 1.8
    endloop
  endfacet
  facet normal 0 0 -1
    outer loop
      vertex 46.6332 120.258 1.8
      vertex 45.413 120.85 1.8
      vertex 45.676 121.144 1.8
    endloop
  endfacet
  facet normal 0 0 -1
    outer loop
      vertex 44.9146 118.613 1.8
      vertex 46.2067 118.806 1.8
      vertex 45.0282 118.235 1.8
    endloop
  endfacet
  facet normal 0 0 -1
    outer loop
      vertex 46.3722 119.957 1.8
      vertex 45.1955 120.521 1.8
      vertex 45.413 120.85 1.8
    endloop
  endfacet
  facet normal 0 0 -1
    outer loop
      vertex 44.8572 119.003 1.8
      vertex 46.2067 118.806 1.8
      vertex 44.9146 118.613 1.8
    endloop
  endfacet
  facet normal 0 0 -1
    outer loop
      vertex 46.3722 119.957 1.8
      vertex 45.0282 120.165 1.8
      vertex 45.1955 120.521 1.8
    endloop
  endfacet
  facet normal 0 0 -1
    outer loop
      vertex 46.2067 118.806 1.8
      vertex 44.8572 119.003 1.8
      vertex 46.15 119.2 1.8
    endloop
  endfacet
  facet normal 0 0 -1
    outer loop
      vertex 46.2067 119.594 1.8
      vertex 44.9146 119.787 1.8
      vertex 45.0282 120.165 1.8
    endloop
  endfacet
  facet normal 0 0 -1
    outer loop
      vertex 44.8572 119.397 1.8
      vertex 46.15 119.2 1.8
      vertex 44.8572 119.003 1.8
    endloop
  endfacet
  facet normal -0 0 -1
    outer loop
      vertex 46.2067 119.594 1.8
      vertex 44.8572 119.397 1.8
      vertex 44.9146 119.787 1.8
    endloop
  endfacet
  facet normal 0 -1 0
    outer loop
      vertex -42.55 48.86 4.6
      vertex 10.7 48.86 6.5
      vertex -42.55 48.86 6.5
    endloop
  endfacet
  facet normal 0 -1 -0
    outer loop
      vertex 10.7 48.86 6.5
      vertex -42.55 48.86 4.6
      vertex 10.7 48.86 4.6
    endloop
  endfacet
  facet normal 0 0 1
    outer loop
      vertex -40.55 25 4.6
      vertex -42.55 19 4.6
      vertex -40.55 19.2 4.6
    endloop
  endfacet
  facet normal -0 0 1
    outer loop
      vertex -43.55 25 4.6
      vertex -42.55 19 4.6
      vertex -40.55 25 4.6
    endloop
  endfacet
  facet normal 0 0 1
    outer loop
      vertex -42.55 19 4.6
      vertex -43.55 25 4.6
      vertex -43.55 19 4.6
    endloop
  endfacet
  facet normal -0 0 1
    outer loop
      vertex -40.55 19.2 4.6
      vertex 10.7 18.6 4.6
      vertex 10.7 19.2 4.6
    endloop
  endfacet
  facet normal 0 0 1
    outer loop
      vertex -42.55 18.6 4.6
      vertex -40.55 19.2 4.6
      vertex -42.55 19 4.6
    endloop
  endfacet
  facet normal 0 0 1
    outer loop
      vertex -40.55 19.2 4.6
      vertex -42.55 18.6 4.6
      vertex 10.7 18.6 4.6
    endloop
  endfacet
  facet normal 0 0 1
    outer loop
      vertex 10.7 48.86 4.6
      vertex -40.55 48.26 4.6
      vertex 10.7 48.26 4.6
    endloop
  endfacet
  facet normal -0 0 1
    outer loop
      vertex -42.55 48.86 4.6
      vertex -40.55 48.26 4.6
      vertex 10.7 48.86 4.6
    endloop
  endfacet
  facet normal -0 0 1
    outer loop
      vertex -42.55 48.46 4.6
      vertex -40.55 48.26 4.6
      vertex -42.55 48.86 4.6
    endloop
  endfacet
  facet normal 0 0 1
    outer loop
      vertex -40.55 48.26 4.6
      vertex -42.55 48.46 4.6
      vertex -40.55 42.46 4.6
    endloop
  endfacet
  facet normal 0 0 1
    outer loop
      vertex -43.55 42.46 4.6
      vertex -42.55 48.46 4.6
      vertex -43.55 48.46 4.6
    endloop
  endfacet
  facet normal 0 0 1
    outer loop
      vertex -42.55 48.46 4.6
      vertex -43.55 42.46 4.6
      vertex -40.55 42.46 4.6
    endloop
  endfacet
  facet normal -0 0 1
    outer loop
      vertex 8.6 47.96 4.6
      vertex 11.6 19.5 4.6
      vertex 11.6 47.96 4.6
    endloop
  endfacet
  facet normal 0 0 1
    outer loop
      vertex 11.6 19.5 4.6
      vertex 8.6 47.96 4.6
      vertex 8.6 19.5 4.6
    endloop
  endfacet
  facet normal 0 0 -1
    outer loop
      vertex 10.7 18.6 6.5
      vertex -40.55 19.2 6.5
      vertex 10.7 19.2 6.5
    endloop
  endfacet
  facet normal 0 0 -1
    outer loop
      vertex -42.55 18.6 6.5
      vertex -40.55 19.2 6.5
      vertex 10.7 18.6 6.5
    endloop
  endfacet
  facet normal 0 0 -1
    outer loop
      vertex -42.55 19 6.5
      vertex -40.55 19.2 6.5
      vertex -42.55 18.6 6.5
    endloop
  endfacet
  facet normal -0 0 -1
    outer loop
      vertex -40.55 19.2 6.5
      vertex -42.55 19 6.5
      vertex -40.55 25 6.5
    endloop
  endfacet
  facet normal 0 0 -1
    outer loop
      vertex -43.55 25 6.5
      vertex -42.55 19 6.5
      vertex -43.55 19 6.5
    endloop
  endfacet
  facet normal 0 0 -1
    outer loop
      vertex -42.55 19 6.5
      vertex -43.55 25 6.5
      vertex -40.55 25 6.5
    endloop
  endfacet
  facet normal 0 0 -1
    outer loop
      vertex -40.55 42.46 6.5
      vertex -42.55 48.46 6.5
      vertex -40.55 48.26 6.5
    endloop
  endfacet
  facet normal 0 0 -1
    outer loop
      vertex -43.55 42.46 6.5
      vertex -42.55 48.46 6.5
      vertex -40.55 42.46 6.5
    endloop
  endfacet
  facet normal -0 0 -1
    outer loop
      vertex -42.55 48.46 6.5
      vertex -43.55 42.46 6.5
      vertex -43.55 48.46 6.5
    endloop
  endfacet
  facet normal 0 0 -1
    outer loop
      vertex -40.55 48.26 6.5
      vertex 10.7 48.86 6.5
      vertex 10.7 48.26 6.5
    endloop
  endfacet
  facet normal 0 0 -1
    outer loop
      vertex -42.55 48.86 6.5
      vertex -40.55 48.26 6.5
      vertex -42.55 48.46 6.5
    endloop
  endfacet
  facet normal 0 0 -1
    outer loop
      vertex -40.55 48.26 6.5
      vertex -42.55 48.86 6.5
      vertex 10.7 48.86 6.5
    endloop
  endfacet
  facet normal 0 0 -1
    outer loop
      vertex 8.6 19.5 6.5
      vertex 11.6 47.96 6.5
      vertex 11.6 19.5 6.5
    endloop
  endfacet
  facet normal -0 0 -1
    outer loop
      vertex 11.6 47.96 6.5
      vertex 8.6 19.5 6.5
      vertex 8.6 47.96 6.5
    endloop
  endfacet
  facet normal 0 1 -0
    outer loop
      vertex 10.7 18.6 4.6
      vertex -42.55 18.6 6.5
      vertex 10.7 18.6 6.5
    endloop
  endfacet
  facet normal 0 1 0
    outer loop
      vertex -42.55 18.6 6.5
      vertex 10.7 18.6 4.6
      vertex -42.55 18.6 4.6
    endloop
  endfacet
  facet normal 0 -1 0
    outer loop
      vertex -37.05 45.46 2.3
      vertex 5.2 45.46 3.2
      vertex -37.05 45.46 3.2
    endloop
  endfacet
  facet normal 0 -1 -0
    outer loop
      vertex 5.2 45.46 3.2
      vertex -37.05 45.46 2.3
      vertex 5.2 45.46 2.3
    endloop
  endfacet
  facet normal -0 0 1
    outer loop
      vertex -37.05 45.46 2.3
      vertex 5.2 22 2.3
      vertex 5.2 45.46 2.3
    endloop
  endfacet
  facet normal 0 0 1
    outer loop
      vertex 5.2 22 2.3
      vertex -37.05 45.46 2.3
      vertex -37.05 22 2.3
    endloop
  endfacet
  facet normal 1 -0 0
    outer loop
      vertex -37.05 22 3.2
      vertex -37.05 45.46 2.3
      vertex -37.05 45.46 3.2
    endloop
  endfacet
  facet normal 1 0 0
    outer loop
      vertex -37.05 45.46 2.3
      vertex -37.05 22 3.2
      vertex -37.05 22 2.3
    endloop
  endfacet
  facet normal -1 0 0
    outer loop
      vertex 5.2 22 2.3
      vertex 5.2 45.46 3.2
      vertex 5.2 45.46 2.3
    endloop
  endfacet
  facet normal -1 -0 0
    outer loop
      vertex 5.2 45.46 3.2
      vertex 5.2 22 2.3
      vertex 5.2 22 3.2
    endloop
  endfacet
  facet normal 0 1 -0
    outer loop
      vertex 5.2 22 2.3
      vertex -37.05 22 3.2
      vertex 5.2 22 3.2
    endloop
  endfacet
  facet normal 0 1 0
    outer loop
      vertex -37.05 22 3.2
      vertex 5.2 22 2.3
      vertex -37.05 22 2.3
    endloop
  endfacet
  facet normal -1 0 0
    outer loop
      vertex -43.05 27.23 2.4
      vertex -43.05 40.23 3.2
      vertex -43.05 40.23 2.4
    endloop
  endfacet
  facet normal -1 -0 0
    outer loop
      vertex -43.05 40.23 3.2
      vertex -43.05 27.23 2.4
      vertex -43.05 27.23 3.2
    endloop
  endfacet
  facet normal 0 -1 0
    outer loop
      vertex -43.8417 40.23 2.4
      vertex -43.05 40.23 3.2
      vertex -43.8417 40.23 3.2
    endloop
  endfacet
  facet normal 0 -1 -0
    outer loop
      vertex -43.05 40.23 3.2
      vertex -43.8417 40.23 2.4
      vertex -43.05 40.23 2.4
    endloop
  endfacet
  facet normal 0 1 -0
    outer loop
      vertex -43.05 27.23 2.4
      vertex -43.8417 27.23 3.2
      vertex -43.05 27.23 3.2
    endloop
  endfacet
  facet normal 0 1 0
    outer loop
      vertex -43.8417 27.23 3.2
      vertex -43.05 27.23 2.4
      vertex -43.8417 27.23 2.4
    endloop
  endfacet
  facet normal 0 -0.978133 -0.207982
    outer loop
      vertex -51.5145 4.40492 2.2765
      vertex 51.5073 4.37866 2.4
      vertex -51.5102 4.37866 2.4
    endloop
  endfacet
  facet normal -8.37986e-08 -0.978147 -0.207915
    outer loop
      vertex -51.5145 4.40492 2.2765
      vertex 51.5342 4.60276 1.34571
      vertex 51.5073 4.37866 2.4
    endloop
  endfacet
  facet normal -4.62769e-08 -0.978148 -0.207911
    outer loop
      vertex -51.546 4.80122 0.412049
      vertex 51.5342 4.60276 1.34571
      vertex -51.5145 4.40492 2.2765
    endloop
  endfacet
  facet normal -1.20079e-07 -0.978149 -0.207903
    outer loop
      vertex -51.546 4.8888 0
      vertex 51.5342 4.60276 1.34571
      vertex -51.546 4.80122 0.412049
    endloop
  endfacet
  facet normal 0 -0.978148 -0.207912
    outer loop
      vertex 51.5342 4.60276 1.34571
      vertex -51.546 4.8888 0
      vertex 51.5456 4.8888 0
    endloop
  endfacet
endsolid OpenSCAD_Model
