solid OpenSCAD_Model
  facet normal -0.522532 0.85262 0
    outer loop
      vertex 32.7695 20.1775 18.2
      vertex 32.435 19.9725 19.39
      vertex 32.7695 20.1775 19.39
    endloop
  endfacet
  facet normal -0.522532 0.85262 0
    outer loop
      vertex 32.435 19.9725 19.39
      vertex 32.7695 20.1775 18.2
      vertex 32.435 19.9725 18.2
    endloop
  endfacet
  facet normal 0.97235 0.233527 0
    outer loop
      vertex -33.6776 21.4275 19.39
      vertex -33.7692 21.8089 18.2
      vertex -33.7692 21.8089 19.39
    endloop
  endfacet
  facet normal 0.97235 0.233527 0
    outer loop
      vertex -33.7692 21.8089 18.2
      vertex -33.6776 21.4275 19.39
      vertex -33.6776 21.4275 18.2
    endloop
  endfacet
  facet normal 0.996913 0.0785092 0
    outer loop
      vertex -33.7692 21.8089 19.39
      vertex -33.8 22.2 18.2
      vertex -33.8 22.2 19.39
    endloop
  endfacet
  facet normal 0.996913 0.0785092 0
    outer loop
      vertex -33.8 22.2 18.2
      vertex -33.7692 21.8089 19.39
      vertex -33.7692 21.8089 18.2
    endloop
  endfacet
  facet normal -0.97235 0.233527 0
    outer loop
      vertex 33.6776 21.4275 18.2
      vertex 33.7692 21.8089 19.39
      vertex 33.7692 21.8089 18.2
    endloop
  endfacet
  facet normal -0.97235 0.233527 0
    outer loop
      vertex 33.7692 21.8089 19.39
      vertex 33.6776 21.4275 18.2
      vertex 33.6776 21.4275 19.39
    endloop
  endfacet
  facet normal 0.649784 -0.760119 0
    outer loop
      vertex -33.0678 107.768 18.2
      vertex -32.7695 108.023 19.39
      vertex -33.0678 107.768 19.39
    endloop
  endfacet
  facet normal 0.649784 -0.760119 0
    outer loop
      vertex -32.7695 108.023 19.39
      vertex -33.0678 107.768 18.2
      vertex -32.7695 108.023 18.2
    endloop
  endfacet
  facet normal 0.92374 -0.38302 0
    outer loop
      vertex -33.6776 106.773 19.39
      vertex -33.5275 107.135 18.2
      vertex -33.5275 107.135 19.39
    endloop
  endfacet
  facet normal 0.92374 -0.38302 0
    outer loop
      vertex -33.5275 107.135 18.2
      vertex -33.6776 106.773 19.39
      vertex -33.6776 106.773 18.2
    endloop
  endfacet
  facet normal 0 -1 0
    outer loop
      vertex -31.3 108.5 18.2
      vertex 31.3 108.5 19.39
      vertex -31.3 108.5 19.39
    endloop
  endfacet
  facet normal 0 -1 -0
    outer loop
      vertex 31.3 108.5 19.39
      vertex -31.3 108.5 18.2
      vertex 31.3 108.5 18.2
    endloop
  endfacet
  facet normal 1 -0 0
    outer loop
      vertex -33.8 22.2 19.39
      vertex -33.8 106 18.2
      vertex -33.8 106 19.39
    endloop
  endfacet
  facet normal 1 0 0
    outer loop
      vertex -33.8 106 18.2
      vertex -33.8 22.2 19.39
      vertex -33.8 22.2 18.2
    endloop
  endfacet
  facet normal -0.761248 -0.648461 0
    outer loop
      vertex 33.3225 107.469 18.2
      vertex 33.0678 107.768 19.39
      vertex 33.0678 107.768 18.2
    endloop
  endfacet
  facet normal -0.761248 -0.648461 0
    outer loop
      vertex 33.0678 107.768 19.39
      vertex 33.3225 107.469 18.2
      vertex 33.3225 107.469 19.39
    endloop
  endfacet
  facet normal -1 0 0
    outer loop
      vertex 33.8 22.2 18.2
      vertex 33.8 106 19.39
      vertex 33.8 106 18.2
    endloop
  endfacet
  facet normal -1 -0 0
    outer loop
      vertex 33.8 106 19.39
      vertex 33.8 22.2 18.2
      vertex 33.8 22.2 19.39
    endloop
  endfacet
  facet normal 0.852271 -0.5231 0
    outer loop
      vertex -33.5275 107.135 19.39
      vertex -33.3225 107.469 18.2
      vertex -33.3225 107.469 19.39
    endloop
  endfacet
  facet normal 0.852271 -0.5231 0
    outer loop
      vertex -33.3225 107.469 18.2
      vertex -33.5275 107.135 19.39
      vertex -33.5275 107.135 18.2
    endloop
  endfacet
  facet normal -0.92374 -0.38302 0
    outer loop
      vertex 33.6776 106.773 18.2
      vertex 33.5275 107.135 19.39
      vertex 33.5275 107.135 18.2
    endloop
  endfacet
  facet normal -0.92374 -0.38302 0
    outer loop
      vertex 33.5275 107.135 19.39
      vertex 33.6776 106.773 18.2
      vertex 33.6776 106.773 19.39
    endloop
  endfacet
  facet normal 0 1 -0
    outer loop
      vertex 31.3 19.7 18.2
      vertex -31.3 19.7 19.39
      vertex 31.3 19.7 19.39
    endloop
  endfacet
  facet normal 0 1 0
    outer loop
      vertex -31.3 19.7 19.39
      vertex 31.3 19.7 18.2
      vertex -31.3 19.7 18.2
    endloop
  endfacet
  facet normal -0.996912 -0.0785291 0
    outer loop
      vertex 33.8 106 18.2
      vertex 33.7692 106.391 19.39
      vertex 33.7692 106.391 18.2
    endloop
  endfacet
  facet normal -0.996912 -0.0785291 0
    outer loop
      vertex 33.7692 106.391 19.39
      vertex 33.8 106 18.2
      vertex 33.8 106 19.39
    endloop
  endfacet
  facet normal -0.852271 -0.5231 0
    outer loop
      vertex 33.5275 107.135 18.2
      vertex 33.3225 107.469 19.39
      vertex 33.3225 107.469 18.2
    endloop
  endfacet
  facet normal -0.852271 -0.5231 0
    outer loop
      vertex 33.3225 107.469 19.39
      vertex 33.5275 107.135 18.2
      vertex 33.5275 107.135 19.39
    endloop
  endfacet
  facet normal 0.996912 -0.0785291 0
    outer loop
      vertex -33.8 106 19.39
      vertex -33.7692 106.391 18.2
      vertex -33.7692 106.391 19.39
    endloop
  endfacet
  facet normal 0.996912 -0.0785291 0
    outer loop
      vertex -33.7692 106.391 18.2
      vertex -33.8 106 19.39
      vertex -33.8 106 18.2
    endloop
  endfacet
  facet normal -0.996913 0.0785092 0
    outer loop
      vertex 33.7692 21.8089 18.2
      vertex 33.8 22.2 19.39
      vertex 33.8 22.2 18.2
    endloop
  endfacet
  facet normal -0.996913 0.0785092 0
    outer loop
      vertex 33.8 22.2 19.39
      vertex 33.7692 21.8089 18.2
      vertex 33.7692 21.8089 19.39
    endloop
  endfacet
  facet normal -0.382569 0.923927 0
    outer loop
      vertex 32.435 19.9725 18.2
      vertex 32.0725 19.8224 19.39
      vertex 32.435 19.9725 19.39
    endloop
  endfacet
  facet normal -0.382569 0.923927 0
    outer loop
      vertex 32.0725 19.8224 19.39
      vertex 32.435 19.9725 18.2
      vertex 32.0725 19.8224 18.2
    endloop
  endfacet
  facet normal -0.0785092 0.996913 0
    outer loop
      vertex 31.6911 19.7308 18.2
      vertex 31.3 19.7 19.39
      vertex 31.6911 19.7308 19.39
    endloop
  endfacet
  facet normal -0.0785092 0.996913 0
    outer loop
      vertex 31.3 19.7 19.39
      vertex 31.6911 19.7308 18.2
      vertex 31.3 19.7 18.2
    endloop
  endfacet
  facet normal 0.972433 -0.23318 0
    outer loop
      vertex -33.7692 106.391 19.39
      vertex -33.6776 106.773 18.2
      vertex -33.6776 106.773 19.39
    endloop
  endfacet
  facet normal 0.972433 -0.23318 0
    outer loop
      vertex -33.6776 106.773 18.2
      vertex -33.7692 106.391 19.39
      vertex -33.7692 106.391 18.2
    endloop
  endfacet
  facet normal 0.0790158 -0.996873 0
    outer loop
      vertex -31.6911 108.469 18.2
      vertex -31.3 108.5 19.39
      vertex -31.6911 108.469 19.39
    endloop
  endfacet
  facet normal 0.0790158 -0.996873 0
    outer loop
      vertex -31.3 108.5 19.39
      vertex -31.6911 108.469 18.2
      vertex -31.3 108.5 18.2
    endloop
  endfacet
  facet normal -0.972433 -0.23318 0
    outer loop
      vertex 33.7692 106.391 18.2
      vertex 33.6776 106.773 19.39
      vertex 33.6776 106.773 18.2
    endloop
  endfacet
  facet normal -0.972433 -0.23318 0
    outer loop
      vertex 33.6776 106.773 19.39
      vertex 33.7692 106.391 18.2
      vertex 33.7692 106.391 19.39
    endloop
  endfacet
  facet normal 0.761248 -0.648461 0
    outer loop
      vertex -33.3225 107.469 19.39
      vertex -33.0678 107.768 18.2
      vertex -33.0678 107.768 19.39
    endloop
  endfacet
  facet normal 0.761248 -0.648461 0
    outer loop
      vertex -33.0678 107.768 18.2
      vertex -33.3225 107.469 19.39
      vertex -33.3225 107.469 18.2
    endloop
  endfacet
  facet normal 0.233527 0.97235 -0
    outer loop
      vertex -31.6911 19.7308 18.2
      vertex -32.0725 19.8224 19.39
      vertex -31.6911 19.7308 19.39
    endloop
  endfacet
  facet normal 0.233527 0.97235 0
    outer loop
      vertex -32.0725 19.8224 19.39
      vertex -31.6911 19.7308 18.2
      vertex -32.0725 19.8224 18.2
    endloop
  endfacet
  facet normal -0.923927 0.382569 0
    outer loop
      vertex 33.5275 21.065 18.2
      vertex 33.6776 21.4275 19.39
      vertex 33.6776 21.4275 18.2
    endloop
  endfacet
  facet normal -0.923927 0.382569 0
    outer loop
      vertex 33.6776 21.4275 19.39
      vertex 33.5275 21.065 18.2
      vertex 33.5275 21.065 19.39
    endloop
  endfacet
  facet normal -0.649784 -0.760119 0
    outer loop
      vertex 32.7695 108.023 18.2
      vertex 33.0678 107.768 19.39
      vertex 32.7695 108.023 19.39
    endloop
  endfacet
  facet normal -0.649784 -0.760119 -0
    outer loop
      vertex 33.0678 107.768 19.39
      vertex 32.7695 108.023 18.2
      vertex 33.0678 107.768 18.2
    endloop
  endfacet
  facet normal 0.522532 -0.85262 0
    outer loop
      vertex -32.7695 108.023 18.2
      vertex -32.435 108.228 19.39
      vertex -32.7695 108.023 19.39
    endloop
  endfacet
  facet normal 0.522532 -0.85262 0
    outer loop
      vertex -32.435 108.228 19.39
      vertex -32.7695 108.023 18.2
      vertex -32.435 108.228 18.2
    endloop
  endfacet
  facet normal -0.85262 0.522532 0
    outer loop
      vertex 33.3225 20.7305 18.2
      vertex 33.5275 21.065 19.39
      vertex 33.5275 21.065 18.2
    endloop
  endfacet
  facet normal -0.85262 0.522532 0
    outer loop
      vertex 33.5275 21.065 19.39
      vertex 33.3225 20.7305 18.2
      vertex 33.3225 20.7305 19.39
    endloop
  endfacet
  facet normal 0.23208 -0.972697 0
    outer loop
      vertex -32.0725 108.378 18.2
      vertex -31.6911 108.469 19.39
      vertex -32.0725 108.378 19.39
    endloop
  endfacet
  facet normal 0.23208 -0.972697 0
    outer loop
      vertex -31.6911 108.469 19.39
      vertex -32.0725 108.378 18.2
      vertex -31.6911 108.469 18.2
    endloop
  endfacet
  facet normal -0.522532 -0.85262 0
    outer loop
      vertex 32.435 108.228 18.2
      vertex 32.7695 108.023 19.39
      vertex 32.435 108.228 19.39
    endloop
  endfacet
  facet normal -0.522532 -0.85262 -0
    outer loop
      vertex 32.7695 108.023 19.39
      vertex 32.435 108.228 18.2
      vertex 32.7695 108.023 18.2
    endloop
  endfacet
  facet normal 0.382352 -0.924017 0
    outer loop
      vertex -32.435 108.228 18.2
      vertex -32.0725 108.378 19.39
      vertex -32.435 108.228 19.39
    endloop
  endfacet
  facet normal 0.382352 -0.924017 0
    outer loop
      vertex -32.0725 108.378 19.39
      vertex -32.435 108.228 18.2
      vertex -32.0725 108.378 18.2
    endloop
  endfacet
  facet normal -0.382352 -0.924017 0
    outer loop
      vertex 32.0725 108.378 18.2
      vertex 32.435 108.228 19.39
      vertex 32.0725 108.378 19.39
    endloop
  endfacet
  facet normal -0.382352 -0.924017 -0
    outer loop
      vertex 32.435 108.228 19.39
      vertex 32.0725 108.378 18.2
      vertex 32.435 108.228 18.2
    endloop
  endfacet
  facet normal 0.760497 0.649342 0
    outer loop
      vertex -33.0678 20.4322 19.39
      vertex -33.3225 20.7305 18.2
      vertex -33.3225 20.7305 19.39
    endloop
  endfacet
  facet normal 0.760497 0.649342 0
    outer loop
      vertex -33.3225 20.7305 18.2
      vertex -33.0678 20.4322 19.39
      vertex -33.0678 20.4322 18.2
    endloop
  endfacet
  facet normal -0.23208 -0.972697 0
    outer loop
      vertex 31.6911 108.469 18.2
      vertex 32.0725 108.378 19.39
      vertex 31.6911 108.469 19.39
    endloop
  endfacet
  facet normal -0.23208 -0.972697 -0
    outer loop
      vertex 32.0725 108.378 19.39
      vertex 31.6911 108.469 18.2
      vertex 32.0725 108.378 18.2
    endloop
  endfacet
  facet normal -0.0790158 -0.996873 0
    outer loop
      vertex 31.3 108.5 18.2
      vertex 31.6911 108.469 19.39
      vertex 31.3 108.5 19.39
    endloop
  endfacet
  facet normal -0.0790158 -0.996873 -0
    outer loop
      vertex 31.6911 108.469 19.39
      vertex 31.3 108.5 18.2
      vertex 31.6911 108.469 18.2
    endloop
  endfacet
  facet normal -0.760497 0.649342 0
    outer loop
      vertex 33.0678 20.4322 18.2
      vertex 33.3225 20.7305 19.39
      vertex 33.3225 20.7305 18.2
    endloop
  endfacet
  facet normal -0.760497 0.649342 0
    outer loop
      vertex 33.3225 20.7305 19.39
      vertex 33.0678 20.4322 18.2
      vertex 33.0678 20.4322 19.39
    endloop
  endfacet
  facet normal 0.522532 0.85262 -0
    outer loop
      vertex -32.435 19.9725 18.2
      vertex -32.7695 20.1775 19.39
      vertex -32.435 19.9725 19.39
    endloop
  endfacet
  facet normal 0.522532 0.85262 0
    outer loop
      vertex -32.7695 20.1775 19.39
      vertex -32.435 19.9725 18.2
      vertex -32.7695 20.1775 18.2
    endloop
  endfacet
  facet normal -0.649342 0.760497 0
    outer loop
      vertex 33.0678 20.4322 18.2
      vertex 32.7695 20.1775 19.39
      vertex 33.0678 20.4322 19.39
    endloop
  endfacet
  facet normal -0.649342 0.760497 0
    outer loop
      vertex 32.7695 20.1775 19.39
      vertex 33.0678 20.4322 18.2
      vertex 32.7695 20.1775 18.2
    endloop
  endfacet
  facet normal -0.233527 0.97235 0
    outer loop
      vertex 32.0725 19.8224 18.2
      vertex 31.6911 19.7308 19.39
      vertex 32.0725 19.8224 19.39
    endloop
  endfacet
  facet normal -0.233527 0.97235 0
    outer loop
      vertex 31.6911 19.7308 19.39
      vertex 32.0725 19.8224 18.2
      vertex 31.6911 19.7308 18.2
    endloop
  endfacet
  facet normal 0.382569 0.923927 -0
    outer loop
      vertex -32.0725 19.8224 18.2
      vertex -32.435 19.9725 19.39
      vertex -32.0725 19.8224 19.39
    endloop
  endfacet
  facet normal 0.382569 0.923927 0
    outer loop
      vertex -32.435 19.9725 19.39
      vertex -32.0725 19.8224 18.2
      vertex -32.435 19.9725 18.2
    endloop
  endfacet
  facet normal 0.923927 0.382569 0
    outer loop
      vertex -33.5275 21.065 19.39
      vertex -33.6776 21.4275 18.2
      vertex -33.6776 21.4275 19.39
    endloop
  endfacet
  facet normal 0.923927 0.382569 0
    outer loop
      vertex -33.6776 21.4275 18.2
      vertex -33.5275 21.065 19.39
      vertex -33.5275 21.065 18.2
    endloop
  endfacet
  facet normal 0.85262 0.522532 0
    outer loop
      vertex -33.3225 20.7305 19.39
      vertex -33.5275 21.065 18.2
      vertex -33.5275 21.065 19.39
    endloop
  endfacet
  facet normal 0.85262 0.522532 0
    outer loop
      vertex -33.5275 21.065 18.2
      vertex -33.3225 20.7305 19.39
      vertex -33.3225 20.7305 18.2
    endloop
  endfacet
  facet normal 0.0785092 0.996913 -0
    outer loop
      vertex -31.3 19.7 18.2
      vertex -31.6911 19.7308 19.39
      vertex -31.3 19.7 19.39
    endloop
  endfacet
  facet normal 0.0785092 0.996913 0
    outer loop
      vertex -31.6911 19.7308 19.39
      vertex -31.3 19.7 18.2
      vertex -31.6911 19.7308 18.2
    endloop
  endfacet
  facet normal 0.649342 0.760497 -0
    outer loop
      vertex -32.7695 20.1775 18.2
      vertex -33.0678 20.4322 19.39
      vertex -32.7695 20.1775 19.39
    endloop
  endfacet
  facet normal 0.649342 0.760497 0
    outer loop
      vertex -33.0678 20.4322 19.39
      vertex -32.7695 20.1775 18.2
      vertex -33.0678 20.4322 18.2
    endloop
  endfacet
  facet normal 0.793072 0.19047 0.578582
    outer loop
      vertex -34.5524 21.3944 20.6
      vertex -33.6776 21.4275 19.39
      vertex -33.7692 21.8089 19.39
    endloop
  endfacet
  facet normal 0.793212 0.18965 0.57866
    outer loop
      vertex -33.6776 21.4275 19.39
      vertex -34.5524 21.3944 20.6
      vertex -34.5261 21.2844 20.6
    endloop
  endfacet
  facet normal 0.798781 0.172875 0.576249
    outer loop
      vertex -34.5524 21.3944 20.6
      vertex -33.7692 21.8089 19.39
      vertex -34.6117 21.6684 20.6
    endloop
  endfacet
  facet normal 0.0642674 0.813813 0.577562
    outer loop
      vertex -31.3 19.7 19.39
      vertex -31.4828 18.8557 20.6
      vertex -31.3701 18.8468 20.6
    endloop
  endfacet
  facet normal 0.0640913 0.813835 0.577551
    outer loop
      vertex -31.4828 18.8557 20.6
      vertex -31.3 19.7 19.39
      vertex -31.6911 19.7308 19.39
    endloop
  endfacet
  facet normal -0.695174 0.426041 0.578983
    outer loop
      vertex 33.3225 20.7305 19.39
      vertex 34.211 20.5359 20.6
      vertex 33.5275 21.065 19.39
    endloop
  endfacet
  facet normal -0.69512 0.426158 0.578962
    outer loop
      vertex 34.211 20.5359 20.6
      vertex 33.3225 20.7305 19.39
      vertex 34.1519 20.4395 20.6
    endloop
  endfacet
  facet normal -0.792975 -0.190314 0.578767
    outer loop
      vertex 33.6776 106.773 19.39
      vertex 34.5857 106.669 20.6
      vertex 34.5593 106.779 20.6
    endloop
  endfacet
  facet normal -0.792994 -0.190152 0.578795
    outer loop
      vertex 34.5857 106.669 20.6
      vertex 33.6776 106.773 19.39
      vertex 33.7692 106.391 19.39
    endloop
  endfacet
  facet normal 0.812948 0.0641991 0.578787
    outer loop
      vertex -34.6415 21.9471 20.6
      vertex -33.8 22.2 19.39
      vertex -34.6504 22.0598 20.6
    endloop
  endfacet
  facet normal 0.812975 0.0640236 0.578768
    outer loop
      vertex -33.8 22.2 19.39
      vertex -34.6415 21.9471 20.6
      vertex -33.7692 21.8089 19.39
    endloop
  endfacet
  facet normal 0.81297 -0.0640304 0.578775
    outer loop
      vertex -34.6504 106.14 20.6
      vertex -33.7692 106.391 19.39
      vertex -34.6415 106.253 20.6
    endloop
  endfacet
  facet normal 0.81297 -0.0640396 0.578773
    outer loop
      vertex -33.7692 106.391 19.39
      vertex -34.6504 106.14 20.6
      vertex -33.8 106 19.39
    endloop
  endfacet
  facet normal -0.72623 -0.376823 0.574973
    outer loop
      vertex 34.3402 107.415 20.6
      vertex 34.211 107.664 20.6
      vertex 33.5275 107.135 19.39
    endloop
  endfacet
  facet normal -0.570568 0.586328 0.575041
    outer loop
      vertex 33.5437 19.7086 20.6
      vertex 33.7446 19.9041 20.6
      vertex 33.0678 20.4322 19.39
    endloop
  endfacet
  facet normal -0.753102 -0.313551 0.57838
    outer loop
      vertex 33.5275 107.135 19.39
      vertex 34.3835 107.311 20.6
      vertex 34.3402 107.415 20.6
    endloop
  endfacet
  facet normal -0.753486 -0.312426 0.578488
    outer loop
      vertex 34.3835 107.311 20.6
      vertex 33.5275 107.135 19.39
      vertex 33.6776 106.773 19.39
    endloop
  endfacet
  facet normal 0.81815 0 0.575004
    outer loop
      vertex -34.6504 106.14 20.6
      vertex -33.8 22.2 19.39
      vertex -33.8 106 19.39
    endloop
  endfacet
  facet normal 0.81815 0 0.575004
    outer loop
      vertex -33.8 22.2 19.39
      vertex -34.6504 106.14 20.6
      vertex -34.6504 22.0598 20.6
    endloop
  endfacet
  facet normal 0.538638 -0.614338 0.576592
    outer loop
      vertex -33.0678 107.768 19.39
      vertex -33.4358 108.581 20.6
      vertex -33.6468 108.396 20.6
    endloop
  endfacet
  facet normal -0.761047 0.297598 0.576405
    outer loop
      vertex 34.3835 20.8891 20.6
      vertex 34.4856 21.1502 20.6
      vertex 33.6776 21.4275 19.39
    endloop
  endfacet
  facet normal 0 -0.817323 0.576179
    outer loop
      vertex -31.3 108.5 19.39
      vertex 31.2299 109.353 20.6
      vertex -31.3701 109.353 20.6
    endloop
  endfacet
  facet normal 0 -0.817323 0.576179
    outer loop
      vertex 31.2299 109.353 20.6
      vertex -31.3 108.5 19.39
      vertex 31.3 108.5 19.39
    endloop
  endfacet
  facet normal 0.425997 0.695103 0.579102
    outer loop
      vertex -32.7695 20.1775 19.39
      vertex -33.024 19.3254 20.6
      vertex -32.435 19.9725 19.39
    endloop
  endfacet
  facet normal 0.426112 0.695046 0.579086
    outer loop
      vertex -33.024 19.3254 20.6
      vertex -32.7695 20.1775 19.39
      vertex -33.1204 19.3845 20.6
    endloop
  endfacet
  facet normal 0.31727 -0.752795 0.576749
    outer loop
      vertex -32.435 108.228 19.39
      vertex -32.4161 109.163 20.6
      vertex -32.5205 109.119 20.6
    endloop
  endfacet
  facet normal 0.312051 -0.754124 0.577858
    outer loop
      vertex -32.4161 109.163 20.6
      vertex -32.435 108.228 19.39
      vertex -32.0725 108.378 19.39
    endloop
  endfacet
  facet normal -0.0644066 -0.812562 0.579305
    outer loop
      vertex 31.6911 108.469 19.39
      vertex 31.5101 109.346 20.6
      vertex 31.3 108.5 19.39
    endloop
  endfacet
  facet normal -0.0648903 -0.812571 0.579239
    outer loop
      vertex 31.5101 109.346 20.6
      vertex 31.6911 108.469 19.39
      vertex 31.6228 109.337 20.6
    endloop
  endfacet
  facet normal -0.433881 -0.692172 0.576754
    outer loop
      vertex 33.2373 108.738 20.6
      vertex 32.9996 108.887 20.6
      vertex 32.7695 108.023 19.39
    endloop
  endfacet
  facet normal -0 0.81726 0.576269
    outer loop
      vertex -31.3 19.7 19.39
      vertex 31.2299 18.8468 20.6
      vertex 31.3 19.7 19.39
    endloop
  endfacet
  facet normal 0 0.81726 0.576269
    outer loop
      vertex 31.2299 18.8468 20.6
      vertex -31.3 19.7 19.39
      vertex -31.3701 18.8468 20.6
    endloop
  endfacet
  facet normal 0.064061 -0.813866 0.577511
    outer loop
      vertex -31.6911 108.469 19.39
      vertex -31.4828 109.344 20.6
      vertex -31.7623 109.322 20.6
    endloop
  endfacet
  facet normal -0.816973 0 0.576675
    outer loop
      vertex 33.8 22.2 19.39
      vertex 34.6541 106 20.6
      vertex 33.8 106 19.39
    endloop
  endfacet
  facet normal -0.816973 0 0.576675
    outer loop
      vertex 34.6541 106 20.6
      vertex 33.8 22.2 19.39
      vertex 34.6541 22.2 20.6
    endloop
  endfacet
  facet normal -0.433185 0.692455 0.576938
    outer loop
      vertex 32.9996 19.3133 20.6
      vertex 33.2373 19.462 20.6
      vertex 32.7695 20.1775 19.39
    endloop
  endfacet
  facet normal -0.356413 -0.73649 0.574936
    outer loop
      vertex 32.9032 108.946 20.6
      vertex 32.6511 109.068 20.6
      vertex 32.435 108.228 19.39
    endloop
  endfacet
  facet normal -0.277459 0.769359 0.575416
    outer loop
      vertex 32.2829 18.9933 20.6
      vertex 32.5466 19.0884 20.6
      vertex 32.0725 19.8224 19.39
    endloop
  endfacet
  facet normal 0.753354 0.31194 0.578923
    outer loop
      vertex -34.438 21.0183 20.6
      vertex -33.5275 21.065 19.39
      vertex -33.6776 21.4275 19.39
    endloop
  endfacet
  facet normal 0.7533 0.312133 0.578889
    outer loop
      vertex -33.5275 21.065 19.39
      vertex -34.438 21.0183 20.6
      vertex -34.3947 20.9138 20.6
    endloop
  endfacet
  facet normal 0.812798 0.0869084 0.576027
    outer loop
      vertex -34.6117 21.6684 20.6
      vertex -33.7692 21.8089 19.39
      vertex -34.6415 21.9471 20.6
    endloop
  endfacet
  facet normal -0.694422 -0.427504 0.578808
    outer loop
      vertex 33.3225 107.469 19.39
      vertex 34.211 107.664 20.6
      vertex 34.1519 107.76 20.6
    endloop
  endfacet
  facet normal -0.694887 -0.426503 0.578988
    outer loop
      vertex 34.211 107.664 20.6
      vertex 33.3225 107.469 19.39
      vertex 33.5275 107.135 19.39
    endloop
  endfacet
  facet normal 0.656648 -0.487963 0.57507
    outer loop
      vertex -33.3225 107.469 19.39
      vertex -33.9103 108.104 20.6
      vertex -34.0775 107.879 20.6
    endloop
  endfacet
  facet normal -0.816202 0.0434491 0.576131
    outer loop
      vertex 34.6392 21.9201 20.6
      vertex 34.6541 22.2 20.6
      vertex 33.8 22.2 19.39
    endloop
  endfacet
  facet normal 0.694685 -0.427666 0.578372
    outer loop
      vertex -34.1366 107.783 20.6
      vertex -33.3225 107.469 19.39
      vertex -34.0775 107.879 20.6
    endloop
  endfacet
  facet normal 0.695202 -0.426696 0.578468
    outer loop
      vertex -33.3225 107.469 19.39
      vertex -34.1366 107.783 20.6
      vertex -33.5275 107.135 19.39
    endloop
  endfacet
  facet normal 0.470101 -0.669821 0.574757
    outer loop
      vertex -32.7695 108.023 19.39
      vertex -33.1204 108.815 20.6
      vertex -33.3498 108.654 20.6
    endloop
  endfacet
  facet normal -0.761042 -0.29771 0.576354
    outer loop
      vertex 34.4856 107.05 20.6
      vertex 34.3835 107.311 20.6
      vertex 33.6776 106.773 19.39
    endloop
  endfacet
  facet normal -0.0641808 0.812716 0.579115
    outer loop
      vertex 31.6911 19.7308 19.39
      vertex 31.5101 18.8543 20.6
      vertex 31.6228 18.8632 20.6
    endloop
  endfacet
  facet normal -0.0640029 0.812713 0.579139
    outer loop
      vertex 31.5101 18.8543 20.6
      vertex 31.6911 19.7308 19.39
      vertex 31.3 19.7 19.39
    endloop
  endfacet
  facet normal 0.620051 0.529423 0.579006
    outer loop
      vertex -33.9103 20.0956 20.6
      vertex -33.0678 20.4322 19.39
      vertex -33.3225 20.7305 19.39
    endloop
  endfacet
  facet normal 0.620144 0.529286 0.579032
    outer loop
      vertex -33.0678 20.4322 19.39
      vertex -33.9103 20.0956 20.6
      vertex -33.8369 20.0096 20.6
    endloop
  endfacet
  facet normal 0.776651 -0.257229 0.575018
    outer loop
      vertex -33.6776 106.773 19.39
      vertex -34.438 107.182 20.6
      vertex -34.5261 106.916 20.6
    endloop
  endfacet
  facet normal -0.753626 0.312053 0.578507
    outer loop
      vertex 33.5275 21.065 19.39
      vertex 34.3835 20.8891 20.6
      vertex 33.6776 21.4275 19.39
    endloop
  endfacet
  facet normal -0.753472 0.312503 0.578464
    outer loop
      vertex 34.3835 20.8891 20.6
      vertex 33.5275 21.065 19.39
      vertex 34.3402 20.7847 20.6
    endloop
  endfacet
  facet normal 0.470156 0.669483 0.575105
    outer loop
      vertex -33.1204 19.3845 20.6
      vertex -32.7695 20.1775 19.39
      vertex -33.3498 19.5456 20.6
    endloop
  endfacet
  facet normal 0.527897 -0.621906 0.57841
    outer loop
      vertex -33.0678 107.768 19.39
      vertex -33.3498 108.654 20.6
      vertex -33.4358 108.581 20.6
    endloop
  endfacet
  facet normal 0.530318 -0.620368 0.577847
    outer loop
      vertex -33.3498 108.654 20.6
      vertex -33.0678 107.768 19.39
      vertex -32.7695 108.023 19.39
    endloop
  endfacet
  facet normal -0.021886 0.817661 0.575284
    outer loop
      vertex 31.5101 18.8543 20.6
      vertex 31.3 19.7 19.39
      vertex 31.2299 18.8468 20.6
    endloop
  endfacet
  facet normal -0.107935 -0.810681 0.575454
    outer loop
      vertex 31.6911 108.469 19.39
      vertex 31.9007 109.3 20.6
      vertex 31.6228 109.337 20.6
    endloop
  endfacet
  facet normal 0.600807 0.554703 0.575618
    outer loop
      vertex -33.6468 19.8037 20.6
      vertex -33.0678 20.4322 19.39
      vertex -33.8369 20.0096 20.6
    endloop
  endfacet
  facet normal -0.311714 -0.75331 0.579102
    outer loop
      vertex 32.435 108.228 19.39
      vertex 32.5466 109.112 20.6
      vertex 32.0725 108.378 19.39
    endloop
  endfacet
  facet normal -0.316547 -0.751799 0.578444
    outer loop
      vertex 32.5466 109.112 20.6
      vertex 32.435 108.228 19.39
      vertex 32.6511 109.068 20.6
    endloop
  endfacet
  facet normal 0.704406 -0.414202 0.57641
    outer loop
      vertex -33.5275 107.135 19.39
      vertex -34.1366 107.783 20.6
      vertex -34.2789 107.541 20.6
    endloop
  endfacet
  facet normal -0.569866 -0.587108 0.574941
    outer loop
      vertex 33.7446 108.296 20.6
      vertex 33.5437 108.491 20.6
      vertex 33.0678 107.768 19.39
    endloop
  endfacet
  facet normal 0.236342 -0.783139 0.575183
    outer loop
      vertex -32.0725 108.378 19.39
      vertex -32.1477 109.244 20.6
      vertex -32.4161 109.163 20.6
    endloop
  endfacet
  facet normal 0.620238 -0.529366 0.578858
    outer loop
      vertex -33.9103 108.104 20.6
      vertex -33.0678 107.768 19.39
      vertex -33.8369 108.19 20.6
    endloop
  endfacet
  facet normal 0.620676 -0.528716 0.578982
    outer loop
      vertex -33.0678 107.768 19.39
      vertex -33.9103 108.104 20.6
      vertex -33.3225 107.469 19.39
    endloop
  endfacet
  facet normal -0.788871 -0.214538 0.575896
    outer loop
      vertex 34.5593 106.779 20.6
      vertex 34.4856 107.05 20.6
      vertex 33.6776 106.773 19.39
    endloop
  endfacet
  facet normal 0.695528 0.426258 0.578398
    outer loop
      vertex -34.1366 20.417 20.6
      vertex -33.3225 20.7305 19.39
      vertex -33.5275 21.065 19.39
    endloop
  endfacet
  facet normal 0.695468 0.426371 0.578387
    outer loop
      vertex -33.3225 20.7305 19.39
      vertex -34.1366 20.417 20.6
      vertex -34.0775 20.3206 20.6
    endloop
  endfacet
  facet normal -0.426517 0.695707 0.577993
    outer loop
      vertex 32.7695 20.1775 19.39
      vertex 32.9032 19.2542 20.6
      vertex 32.9996 19.3133 20.6
    endloop
  endfacet
  facet normal -0.426399 0.695758 0.578019
    outer loop
      vertex 32.9032 19.2542 20.6
      vertex 32.7695 20.1775 19.39
      vertex 32.435 19.9725 19.39
    endloop
  endfacet
  facet normal -0.189393 -0.793784 0.57796
    outer loop
      vertex 32.0725 108.378 19.39
      vertex 31.9007 109.3 20.6
      vertex 31.6911 108.469 19.39
    endloop
  endfacet
  facet normal -0.194894 -0.793293 0.576804
    outer loop
      vertex 31.9007 109.3 20.6
      vertex 32.0725 108.378 19.39
      vertex 32.0106 109.273 20.6
    endloop
  endfacet
  facet normal -0.816203 -0.0434336 0.576131
    outer loop
      vertex 34.6541 106 20.6
      vertex 34.6392 106.28 20.6
      vertex 33.8 106 19.39
    endloop
  endfacet
  facet normal -0.813025 -0.0640347 0.578697
    outer loop
      vertex 33.7692 106.391 19.39
      vertex 34.6392 106.28 20.6
      vertex 34.6303 106.393 20.6
    endloop
  endfacet
  facet normal -0.813025 -0.0640439 0.578696
    outer loop
      vertex 34.6392 106.28 20.6
      vertex 33.7692 106.391 19.39
      vertex 33.8 106 19.39
    endloop
  endfacet
  facet normal -0.807676 -0.130516 0.575
    outer loop
      vertex 34.6303 106.393 20.6
      vertex 34.5857 106.669 20.6
      vertex 33.7692 106.391 19.39
    endloop
  endfacet
  facet normal 0.752887 -0.313462 0.578708
    outer loop
      vertex -34.438 107.182 20.6
      vertex -33.5275 107.135 19.39
      vertex -34.3947 107.286 20.6
    endloop
  endfacet
  facet normal 0.753211 -0.312312 0.578907
    outer loop
      vertex -33.5275 107.135 19.39
      vertex -34.438 107.182 20.6
      vertex -33.6776 106.773 19.39
    endloop
  endfacet
  facet normal 0.656664 0.487974 0.575043
    outer loop
      vertex -33.9103 20.0956 20.6
      vertex -33.3225 20.7305 19.39
      vertex -34.0775 20.3206 20.6
    endloop
  endfacet
  facet normal 0.394527 -0.716578 0.575208
    outer loop
      vertex -32.435 108.228 19.39
      vertex -32.7788 109.01 20.6
      vertex -33.024 108.875 20.6
    endloop
  endfacet
  facet normal 0.317626 -0.752686 0.576695
    outer loop
      vertex -32.435 108.228 19.39
      vertex -32.5205 109.119 20.6
      vertex -32.7788 109.01 20.6
    endloop
  endfacet
  facet normal 0.431076 -0.692595 0.578347
    outer loop
      vertex -32.7695 108.023 19.39
      vertex -33.024 108.875 20.6
      vertex -33.1204 108.815 20.6
    endloop
  endfacet
  facet normal 0.426011 -0.695126 0.579064
    outer loop
      vertex -33.024 108.875 20.6
      vertex -32.7695 108.023 19.39
      vertex -32.435 108.228 19.39
    endloop
  endfacet
  facet normal 0.151739 -0.803632 0.575456
    outer loop
      vertex -31.6911 108.469 19.39
      vertex -31.7623 109.322 20.6
      vertex -32.0377 109.27 20.6
    endloop
  endfacet
  facet normal 0.793219 -0.189651 0.57865
    outer loop
      vertex -34.5524 106.806 20.6
      vertex -33.6776 106.773 19.39
      vertex -34.5261 106.916 20.6
    endloop
  endfacet
  facet normal 0.793129 -0.190185 0.578599
    outer loop
      vertex -33.6776 106.773 19.39
      vertex -34.5524 106.806 20.6
      vertex -33.7692 106.391 19.39
    endloop
  endfacet
  facet normal -0.426441 -0.695827 0.577904
    outer loop
      vertex 32.7695 108.023 19.39
      vertex 32.9032 108.946 20.6
      vertex 32.435 108.228 19.39
    endloop
  endfacet
  facet normal -0.425989 -0.696022 0.578003
    outer loop
      vertex 32.9032 108.946 20.6
      vertex 32.7695 108.023 19.39
      vertex 32.9996 108.887 20.6
    endloop
  endfacet
  facet normal -0.620575 -0.529654 0.578233
    outer loop
      vertex 33.0678 107.768 19.39
      vertex 33.818 108.21 20.6
      vertex 33.7446 108.296 20.6
    endloop
  endfacet
  facet normal -0.621046 -0.529031 0.578298
    outer loop
      vertex 33.818 108.21 20.6
      vertex 33.0678 107.768 19.39
      vertex 33.3225 107.469 19.39
    endloop
  endfacet
  facet normal -0.529809 -0.619772 0.578951
    outer loop
      vertex 33.0678 107.768 19.39
      vertex 33.4577 108.565 20.6
      vertex 32.7695 108.023 19.39
    endloop
  endfacet
  facet normal -0.531963 -0.618227 0.578628
    outer loop
      vertex 33.4577 108.565 20.6
      vertex 33.0678 107.768 19.39
      vertex 33.5437 108.491 20.6
    endloop
  endfacet
  facet normal -0.0204282 -0.81771 0.575268
    outer loop
      vertex 31.3 108.5 19.39
      vertex 31.5101 109.346 20.6
      vertex 31.2299 109.353 20.6
    endloop
  endfacet
  facet normal -0.726079 0.377047 0.575017
    outer loop
      vertex 34.211 20.5359 20.6
      vertex 34.3402 20.7847 20.6
      vertex 33.5275 21.065 19.39
    endloop
  endfacet
  facet normal -0.529719 0.619807 0.578996
    outer loop
      vertex 33.0678 20.4322 19.39
      vertex 33.4577 19.6351 20.6
      vertex 33.5437 19.7086 20.6
    endloop
  endfacet
  facet normal -0.529406 0.620031 0.579043
    outer loop
      vertex 33.4577 19.6351 20.6
      vertex 33.0678 20.4322 19.39
      vertex 32.7695 20.1775 19.39
    endloop
  endfacet
  facet normal -0.681306 0.452065 0.575724
    outer loop
      vertex 33.9969 20.2059 20.6
      vertex 34.1519 20.4395 20.6
      vertex 33.3225 20.7305 19.39
    endloop
  endfacet
  facet normal 0.0645109 -0.813878 0.577443
    outer loop
      vertex -31.3 108.5 19.39
      vertex -31.4828 109.344 20.6
      vertex -31.6911 108.469 19.39
    endloop
  endfacet
  facet normal 0.0649899 -0.813819 0.577474
    outer loop
      vertex -31.4828 109.344 20.6
      vertex -31.3 108.5 19.39
      vertex -31.3701 109.353 20.6
    endloop
  endfacet
  facet normal -0.190655 0.793674 0.577696
    outer loop
      vertex 32.0725 19.8224 19.39
      vertex 31.9007 18.9004 20.6
      vertex 32.0106 18.9268 20.6
    endloop
  endfacet
  facet normal -0.190616 0.793677 0.577704
    outer loop
      vertex 31.9007 18.9004 20.6
      vertex 32.0725 19.8224 19.39
      vertex 31.6911 19.7308 19.39
    endloop
  endfacet
  facet normal -0.277208 -0.769472 0.575386
    outer loop
      vertex 32.5466 109.112 20.6
      vertex 32.2829 109.207 20.6
      vertex 32.0725 108.378 19.39
    endloop
  endfacet
  facet normal -0.192361 -0.793633 0.577186
    outer loop
      vertex 32.0725 108.378 19.39
      vertex 32.2829 109.207 20.6
      vertex 32.0106 109.273 20.6
    endloop
  endfacet
  facet normal 0.190377 0.792684 0.579145
    outer loop
      vertex -32.0725 19.8224 19.39
      vertex -32.0377 18.93 20.6
      vertex -31.6911 19.7308 19.39
    endloop
  endfacet
  facet normal 0.190248 0.792702 0.579162
    outer loop
      vertex -32.0377 18.93 20.6
      vertex -32.0725 19.8224 19.39
      vertex -32.1477 18.9564 20.6
    endloop
  endfacet
  facet normal -0.312077 0.753166 0.579093
    outer loop
      vertex 32.435 19.9725 19.39
      vertex 32.5466 19.0884 20.6
      vertex 32.6511 19.1317 20.6
    endloop
  endfacet
  facet normal -0.311887 0.753225 0.579118
    outer loop
      vertex 32.5466 19.0884 20.6
      vertex 32.435 19.9725 19.39
      vertex 32.0725 19.8224 19.39
    endloop
  endfacet
  facet normal -0.792895 0.190428 0.578839
    outer loop
      vertex 33.6776 21.4275 19.39
      vertex 34.5857 21.5306 20.6
      vertex 33.7692 21.8089 19.39
    endloop
  endfacet
  facet normal -0.79291 0.190298 0.578861
    outer loop
      vertex 34.5857 21.5306 20.6
      vertex 33.6776 21.4275 19.39
      vertex 34.5593 21.4206 20.6
    endloop
  endfacet
  facet normal -0.504991 -0.643352 0.575398
    outer loop
      vertex 33.4577 108.565 20.6
      vertex 33.2373 108.738 20.6
      vertex 32.7695 108.023 19.39
    endloop
  endfacet
  facet normal 0.601024 -0.554634 0.575457
    outer loop
      vertex -33.0678 107.768 19.39
      vertex -33.6468 108.396 20.6
      vertex -33.8369 108.19 20.6
    endloop
  endfacet
  facet normal -0.81303 0.0640279 0.578691
    outer loop
      vertex 33.7692 21.8089 19.39
      vertex 34.6392 21.9201 20.6
      vertex 33.8 22.2 19.39
    endloop
  endfacet
  facet normal -0.813028 0.0642054 0.578673
    outer loop
      vertex 34.6392 21.9201 20.6
      vertex 33.7692 21.8089 19.39
      vertex 34.6303 21.8074 20.6
    endloop
  endfacet
  facet normal -0.681617 -0.451499 0.575801
    outer loop
      vertex 34.1519 107.76 20.6
      vertex 33.9969 107.994 20.6
      vertex 33.3225 107.469 19.39
    endloop
  endfacet
  facet normal -0.629148 -0.521086 0.57675
    outer loop
      vertex 33.9969 107.994 20.6
      vertex 33.818 108.21 20.6
      vertex 33.3225 107.469 19.39
    endloop
  endfacet
  facet normal -0.620459 0.529772 0.578249
    outer loop
      vertex 33.0678 20.4322 19.39
      vertex 33.818 19.9901 20.6
      vertex 33.3225 20.7305 19.39
    endloop
  endfacet
  facet normal -0.620559 0.52964 0.578262
    outer loop
      vertex 33.818 19.9901 20.6
      vertex 33.0678 20.4322 19.39
      vertex 33.7446 19.9041 20.6
    endloop
  endfacet
  facet normal 0.312217 0.754023 0.577902
    outer loop
      vertex -32.435 19.9725 19.39
      vertex -32.4161 19.0373 20.6
      vertex -32.0725 19.8224 19.39
    endloop
  endfacet
  facet normal 0.312683 0.753905 0.577803
    outer loop
      vertex -32.4161 19.0373 20.6
      vertex -32.435 19.9725 19.39
      vertex -32.5205 19.0806 20.6
    endloop
  endfacet
  facet normal 0.744464 -0.338074 0.575742
    outer loop
      vertex -33.5275 107.135 19.39
      vertex -34.2789 107.541 20.6
      vertex -34.3947 107.286 20.6
    endloop
  endfacet
  facet normal 0.236069 0.783201 0.57521
    outer loop
      vertex -32.1477 18.9564 20.6
      vertex -32.0725 19.8224 19.39
      vertex -32.4161 19.0373 20.6
    endloop
  endfacet
  facet normal -0.357534 0.73579 0.575137
    outer loop
      vertex 32.6511 19.1317 20.6
      vertex 32.9032 19.2542 20.6
      vertex 32.435 19.9725 19.39
    endloop
  endfacet
  facet normal 0.537905 0.614831 0.576751
    outer loop
      vertex -33.4358 19.6191 20.6
      vertex -33.0678 20.4322 19.39
      vertex -33.6468 19.8037 20.6
    endloop
  endfacet
  facet normal 0.529819 0.620515 0.578146
    outer loop
      vertex -33.0678 20.4322 19.39
      vertex -33.3498 19.5456 20.6
      vertex -32.7695 20.1775 19.39
    endloop
  endfacet
  facet normal 0.530146 0.620307 0.57807
    outer loop
      vertex -33.3498 19.5456 20.6
      vertex -33.0678 20.4322 19.39
      vertex -33.4358 19.6191 20.6
    endloop
  endfacet
  facet normal 0.776666 0.257137 0.575039
    outer loop
      vertex -34.438 21.0183 20.6
      vertex -33.6776 21.4275 19.39
      vertex -34.5261 21.2844 20.6
    endloop
  endfacet
  facet normal -0.807741 0.130149 0.574992
    outer loop
      vertex 34.5857 21.5306 20.6
      vertex 34.6303 21.8074 20.6
      vertex 33.7692 21.8089 19.39
    endloop
  endfacet
  facet normal 0.187487 -0.793216 0.579359
    outer loop
      vertex -32.0725 108.378 19.39
      vertex -32.0377 109.27 20.6
      vertex -32.1477 109.244 20.6
    endloop
  endfacet
  facet normal 0.1892 -0.792975 0.579132
    outer loop
      vertex -32.0377 109.27 20.6
      vertex -32.0725 108.378 19.39
      vertex -31.6911 108.469 19.39
    endloop
  endfacet
  facet normal 0.798748 -0.172868 0.576297
    outer loop
      vertex -33.7692 106.391 19.39
      vertex -34.5524 106.806 20.6
      vertex -34.6117 106.532 20.6
    endloop
  endfacet
  facet normal 0.812792 -0.0868144 0.576048
    outer loop
      vertex -33.7692 106.391 19.39
      vertex -34.6117 106.532 20.6
      vertex -34.6415 106.253 20.6
    endloop
  endfacet
  facet normal 0.151473 0.803768 0.575337
    outer loop
      vertex -31.7623 18.8781 20.6
      vertex -31.6911 19.7308 19.39
      vertex -32.0377 18.93 20.6
    endloop
  endfacet
  facet normal 0.0652258 0.813867 0.577379
    outer loop
      vertex -31.4828 18.8557 20.6
      vertex -31.6911 19.7308 19.39
      vertex -31.7623 18.8781 20.6
    endloop
  endfacet
  facet normal 0.744521 0.337835 0.575809
    outer loop
      vertex -34.2789 20.6586 20.6
      vertex -33.5275 21.065 19.39
      vertex -34.3947 20.9138 20.6
    endloop
  endfacet
  facet normal 0.704057 0.414682 0.576492
    outer loop
      vertex -34.1366 20.417 20.6
      vertex -33.5275 21.065 19.39
      vertex -34.2789 20.6586 20.6
    endloop
  endfacet
  facet normal -0.788716 0.214972 0.575946
    outer loop
      vertex 34.4856 21.1502 20.6
      vertex 34.5593 21.4206 20.6
      vertex 33.6776 21.4275 19.39
    endloop
  endfacet
  facet normal 0.396226 0.715424 0.575477
    outer loop
      vertex -32.7788 19.1896 20.6
      vertex -32.435 19.9725 19.39
      vertex -33.024 19.3254 20.6
    endloop
  endfacet
  facet normal 0.317524 0.752443 0.577068
    outer loop
      vertex -32.5205 19.0806 20.6
      vertex -32.435 19.9725 19.39
      vertex -32.7788 19.1896 20.6
    endloop
  endfacet
  facet normal -0.505098 0.643117 0.575566
    outer loop
      vertex 33.2373 19.462 20.6
      vertex 33.4577 19.6351 20.6
      vertex 32.7695 20.1775 19.39
    endloop
  endfacet
  facet normal -0.193728 0.793264 0.577236
    outer loop
      vertex 32.2829 18.9933 20.6
      vertex 32.0725 19.8224 19.39
      vertex 32.0106 18.9268 20.6
    endloop
  endfacet
  facet normal -0.108531 0.81077 0.575216
    outer loop
      vertex 31.9007 18.9004 20.6
      vertex 31.6911 19.7308 19.39
      vertex 31.6228 18.8632 20.6
    endloop
  endfacet
  facet normal -0.628977 0.521427 0.57663
    outer loop
      vertex 33.818 19.9901 20.6
      vertex 33.9969 20.2059 20.6
      vertex 33.3225 20.7305 19.39
    endloop
  endfacet
  facet normal 0 -0.819147 -0.573584
    outer loop
      vertex -51.546 57.8779 8.35861
      vertex -47.35 54.7232 12.8639
      vertex -51.546 54.7232 12.8639
    endloop
  endfacet
  facet normal 0 -0.819147 -0.573584
    outer loop
      vertex -47.35 54.7232 12.8639
      vertex -51.546 57.8779 8.35861
      vertex -47.35 57.8779 8.35861
    endloop
  endfacet
  facet normal 0 0.819149 0.573581
    outer loop
      vertex -47.35 49.2768 2.33606
      vertex -51.546 46.1221 6.84139
      vertex -47.35 46.1221 6.84139
    endloop
  endfacet
  facet normal 0 0.819149 0.573581
    outer loop
      vertex -51.546 46.1221 6.84139
      vertex -47.35 49.2768 2.33606
      vertex -51.546 49.2768 2.33606
    endloop
  endfacet
  facet normal 0 -0.573576 0.819152
    outer loop
      vertex -51.546 57.8779 8.35861
      vertex -47.35 49.2768 2.33606
      vertex -47.35 57.8779 8.35861
    endloop
  endfacet
  facet normal 0 -0.573576 0.819152
    outer loop
      vertex -47.35 49.2768 2.33606
      vertex -51.546 57.8779 8.35861
      vertex -51.546 49.2768 2.33606
    endloop
  endfacet
  facet normal 0 0.573574 -0.819154
    outer loop
      vertex -51.546 46.1221 6.84139
      vertex -47.35 54.7232 12.8639
      vertex -47.35 46.1221 6.84139
    endloop
  endfacet
  facet normal 0 0.573574 -0.819154
    outer loop
      vertex -47.35 54.7232 12.8639
      vertex -51.546 46.1221 6.84139
      vertex -51.546 54.7232 12.8639
    endloop
  endfacet
  facet normal -1 0 0
    outer loop
      vertex -47.35 49.2768 2.33606
      vertex -47.35 54.7232 12.8639
      vertex -47.35 57.8779 8.35861
    endloop
  endfacet
  facet normal -1 0 0
    outer loop
      vertex -47.35 54.7232 12.8639
      vertex -47.35 49.2768 2.33606
      vertex -47.35 46.1221 6.84139
    endloop
  endfacet
  facet normal 1 0 0
    outer loop
      vertex 47.35 54.7232 12.8639
      vertex 47.35 49.2768 2.33606
      vertex 47.35 57.8779 8.35861
    endloop
  endfacet
  facet normal 1 0 -0
    outer loop
      vertex 47.35 49.2768 2.33606
      vertex 47.35 54.7232 12.8639
      vertex 47.35 46.1221 6.84139
    endloop
  endfacet
  facet normal 0 -0.819147 -0.573584
    outer loop
      vertex 47.35 57.8779 8.35861
      vertex 51.55 54.7232 12.8639
      vertex 47.35 54.7232 12.8639
    endloop
  endfacet
  facet normal 0 -0.819147 -0.573584
    outer loop
      vertex 51.55 54.7232 12.8639
      vertex 47.35 57.8779 8.35861
      vertex 51.55 57.8779 8.35861
    endloop
  endfacet
  facet normal 0 0.819149 0.573581
    outer loop
      vertex 51.55 49.2768 2.33606
      vertex 47.35 46.1221 6.84139
      vertex 51.55 46.1221 6.84139
    endloop
  endfacet
  facet normal 0 0.819149 0.573581
    outer loop
      vertex 47.35 46.1221 6.84139
      vertex 51.55 49.2768 2.33606
      vertex 47.35 49.2768 2.33606
    endloop
  endfacet
  facet normal 0 -0.573576 0.819152
    outer loop
      vertex 47.35 57.8779 8.35861
      vertex 51.55 49.2768 2.33606
      vertex 51.55 57.8779 8.35861
    endloop
  endfacet
  facet normal 0 -0.573576 0.819152
    outer loop
      vertex 51.55 49.2768 2.33606
      vertex 47.35 57.8779 8.35861
      vertex 47.35 49.2768 2.33606
    endloop
  endfacet
  facet normal 0 0.573574 -0.819154
    outer loop
      vertex 47.35 46.1221 6.84139
      vertex 51.55 54.7232 12.8639
      vertex 51.55 46.1221 6.84139
    endloop
  endfacet
  facet normal 0 0.573574 -0.819154
    outer loop
      vertex 51.55 54.7232 12.8639
      vertex 47.35 46.1221 6.84139
      vertex 47.35 54.7232 12.8639
    endloop
  endfacet
  facet normal -0.273694 -0.961817 0
    outer loop
      vertex -47.4531 9.54552 5.72205e-07
      vertex -47.082 9.43992 7.9
      vertex -47.4531 9.54552 7.9
    endloop
  endfacet
  facet normal -0.273694 -0.961817 -0
    outer loop
      vertex -47.082 9.43992 7.9
      vertex -47.4531 9.54552 5.72205e-07
      vertex -47.082 9.43992 5.72205e-07
    endloop
  endfacet
  facet normal -0.850262 0.52636 0
    outer loop
      vertex -46.774 7.79262 5.72205e-07
      vertex -46.5709 8.1207 7.9
      vertex -46.5709 8.1207 5.72205e-07
    endloop
  endfacet
  facet normal -0.850262 0.52636 0
    outer loop
      vertex -46.5709 8.1207 7.9
      vertex -46.774 7.79262 5.72205e-07
      vertex -46.774 7.79262 7.9
    endloop
  endfacet
  facet normal -0.850262 -0.52636 0
    outer loop
      vertex -46.5709 8.8793 5.72205e-07
      vertex -46.774 9.20738 7.9
      vertex -46.774 9.20738 5.72205e-07
    endloop
  endfacet
  facet normal -0.850262 -0.52636 0
    outer loop
      vertex -46.774 9.20738 7.9
      vertex -46.5709 8.8793 5.72205e-07
      vertex -46.5709 8.8793 7.9
    endloop
  endfacet
  facet normal -0.982975 -0.183741 0
    outer loop
      vertex -46.5 8.5 5.72205e-07
      vertex -46.5709 8.8793 7.9
      vertex -46.5709 8.8793 5.72205e-07
    endloop
  endfacet
  facet normal -0.982975 -0.183741 0
    outer loop
      vertex -46.5709 8.8793 7.9
      vertex -46.5 8.5 5.72205e-07
      vertex -46.5 8.5 7.9
    endloop
  endfacet
  facet normal -0.602551 0.798081 0
    outer loop
      vertex -46.774 7.79262 5.72205e-07
      vertex -47.082 7.56008 7.9
      vertex -46.774 7.79262 7.9
    endloop
  endfacet
  facet normal -0.602551 0.798081 0
    outer loop
      vertex -47.082 7.56008 7.9
      vertex -46.774 7.79262 5.72205e-07
      vertex -47.082 7.56008 5.72205e-07
    endloop
  endfacet
  facet normal 0.739095 -0.673601 0
    outer loop
      vertex -48.4427 9.05275 7.9
      vertex -48.1828 9.33792 5.72205e-07
      vertex -48.1828 9.33792 7.9
    endloop
  endfacet
  facet normal 0.739095 -0.673601 0
    outer loop
      vertex -48.1828 9.33792 5.72205e-07
      vertex -48.4427 9.05275 7.9
      vertex -48.4427 9.05275 5.72205e-07
    endloop
  endfacet
  facet normal -0.602551 -0.798081 0
    outer loop
      vertex -47.082 9.43992 5.72205e-07
      vertex -46.774 9.20738 7.9
      vertex -47.082 9.43992 7.9
    endloop
  endfacet
  facet normal -0.602551 -0.798081 -0
    outer loop
      vertex -46.774 9.20738 7.9
      vertex -47.082 9.43992 5.72205e-07
      vertex -46.774 9.20738 5.72205e-07
    endloop
  endfacet
  facet normal 0.0922648 -0.995735 0
    outer loop
      vertex -47.8373 9.50992 5.72205e-07
      vertex -47.4531 9.54552 7.9
      vertex -47.8373 9.50992 7.9
    endloop
  endfacet
  facet normal 0.0922648 -0.995735 0
    outer loop
      vertex -47.4531 9.54552 7.9
      vertex -47.8373 9.50992 5.72205e-07
      vertex -47.4531 9.54552 5.72205e-07
    endloop
  endfacet
  facet normal 0.0922648 0.995735 -0
    outer loop
      vertex -47.4531 7.45448 5.72205e-07
      vertex -47.8373 7.49008 7.9
      vertex -47.4531 7.45448 7.9
    endloop
  endfacet
  facet normal 0.0922648 0.995735 0
    outer loop
      vertex -47.8373 7.49008 7.9
      vertex -47.4531 7.45448 5.72205e-07
      vertex -47.8373 7.49008 5.72205e-07
    endloop
  endfacet
  facet normal 0 0 -1
    outer loop
      vertex -46.5709 8.1207 7.9
      vertex -46.5709 8.8793 7.9
      vertex -46.5 8.5 7.9
    endloop
  endfacet
  facet normal 0 0 -1
    outer loop
      vertex -46.774 7.79262 7.9
      vertex -46.5709 8.8793 7.9
      vertex -46.5709 8.1207 7.9
    endloop
  endfacet
  facet normal 0 0 -1
    outer loop
      vertex -46.774 7.79262 7.9
      vertex -46.774 9.20738 7.9
      vertex -46.5709 8.8793 7.9
    endloop
  endfacet
  facet normal 0 0 -1
    outer loop
      vertex -47.082 7.56008 7.9
      vertex -46.774 9.20738 7.9
      vertex -46.774 7.79262 7.9
    endloop
  endfacet
  facet normal 0 0 -1
    outer loop
      vertex -47.082 7.56008 7.9
      vertex -47.082 9.43992 7.9
      vertex -46.774 9.20738 7.9
    endloop
  endfacet
  facet normal 0 0 -1
    outer loop
      vertex -47.4531 7.45448 7.9
      vertex -47.082 9.43992 7.9
      vertex -47.082 7.56008 7.9
    endloop
  endfacet
  facet normal 0 0 -1
    outer loop
      vertex -47.4531 7.45448 7.9
      vertex -47.4531 9.54552 7.9
      vertex -47.082 9.43992 7.9
    endloop
  endfacet
  facet normal 0 0 -1
    outer loop
      vertex -47.8373 7.49008 7.9
      vertex -47.4531 9.54552 7.9
      vertex -47.4531 7.45448 7.9
    endloop
  endfacet
  facet normal 0 0 -1
    outer loop
      vertex -47.8373 7.49008 7.9
      vertex -47.8373 9.50992 7.9
      vertex -47.4531 9.54552 7.9
    endloop
  endfacet
  facet normal 0 0 -1
    outer loop
      vertex -48.1828 7.66208 7.9
      vertex -47.8373 9.50992 7.9
      vertex -47.8373 7.49008 7.9
    endloop
  endfacet
  facet normal 0 0 -1
    outer loop
      vertex -48.1828 7.66208 7.9
      vertex -48.1828 9.33792 7.9
      vertex -47.8373 9.50992 7.9
    endloop
  endfacet
  facet normal 0 0 -1
    outer loop
      vertex -48.4427 7.94725 7.9
      vertex -48.1828 9.33792 7.9
      vertex -48.1828 7.66208 7.9
    endloop
  endfacet
  facet normal 0 0 -1
    outer loop
      vertex -48.4427 7.94725 7.9
      vertex -48.4427 9.05275 7.9
      vertex -48.1828 9.33792 7.9
    endloop
  endfacet
  facet normal 0 0 -1
    outer loop
      vertex -48.5821 8.30706 7.9
      vertex -48.4427 9.05275 7.9
      vertex -48.4427 7.94725 7.9
    endloop
  endfacet
  facet normal 0 0 -1
    outer loop
      vertex -48.4427 9.05275 7.9
      vertex -48.5821 8.30706 7.9
      vertex -48.5821 8.69294 7.9
    endloop
  endfacet
  facet normal 0.932464 -0.361262 0
    outer loop
      vertex -48.5821 8.69294 7.9
      vertex -48.4427 9.05275 5.72205e-07
      vertex -48.4427 9.05275 7.9
    endloop
  endfacet
  facet normal 0.932464 -0.361262 0
    outer loop
      vertex -48.4427 9.05275 5.72205e-07
      vertex -48.5821 8.69294 7.9
      vertex -48.5821 8.69294 5.72205e-07
    endloop
  endfacet
  facet normal 1 -0 0
    outer loop
      vertex -48.5821 8.30706 7.9
      vertex -48.5821 8.69294 5.72205e-07
      vertex -48.5821 8.69294 7.9
    endloop
  endfacet
  facet normal 1 0 0
    outer loop
      vertex -48.5821 8.69294 5.72205e-07
      vertex -48.5821 8.30706 7.9
      vertex -48.5821 8.30706 5.72205e-07
    endloop
  endfacet
  facet normal -0.982975 0.183741 0
    outer loop
      vertex -46.5709 8.1207 5.72205e-07
      vertex -46.5 8.5 7.9
      vertex -46.5 8.5 5.72205e-07
    endloop
  endfacet
  facet normal -0.982975 0.183741 0
    outer loop
      vertex -46.5 8.5 7.9
      vertex -46.5709 8.1207 5.72205e-07
      vertex -46.5709 8.1207 7.9
    endloop
  endfacet
  facet normal 0.445658 -0.895203 0
    outer loop
      vertex -48.1828 9.33792 5.72205e-07
      vertex -47.8373 9.50992 7.9
      vertex -48.1828 9.33792 7.9
    endloop
  endfacet
  facet normal 0.445658 -0.895203 0
    outer loop
      vertex -47.8373 9.50992 7.9
      vertex -48.1828 9.33792 5.72205e-07
      vertex -47.8373 9.50992 5.72205e-07
    endloop
  endfacet
  facet normal 0.739095 0.673601 0
    outer loop
      vertex -48.1828 7.66208 7.9
      vertex -48.4427 7.94725 5.72205e-07
      vertex -48.4427 7.94725 7.9
    endloop
  endfacet
  facet normal 0.739095 0.673601 0
    outer loop
      vertex -48.4427 7.94725 5.72205e-07
      vertex -48.1828 7.66208 7.9
      vertex -48.1828 7.66208 5.72205e-07
    endloop
  endfacet
  facet normal -0.273694 0.961817 0
    outer loop
      vertex -47.082 7.56008 5.72205e-07
      vertex -47.4531 7.45448 7.9
      vertex -47.082 7.56008 7.9
    endloop
  endfacet
  facet normal -0.273694 0.961817 0
    outer loop
      vertex -47.4531 7.45448 7.9
      vertex -47.082 7.56008 5.72205e-07
      vertex -47.4531 7.45448 5.72205e-07
    endloop
  endfacet
  facet normal 0.445658 0.895203 -0
    outer loop
      vertex -47.8373 7.49008 5.72205e-07
      vertex -48.1828 7.66208 7.9
      vertex -47.8373 7.49008 7.9
    endloop
  endfacet
  facet normal 0.445658 0.895203 0
    outer loop
      vertex -48.1828 7.66208 7.9
      vertex -47.8373 7.49008 5.72205e-07
      vertex -48.1828 7.66208 5.72205e-07
    endloop
  endfacet
  facet normal 0.932464 0.361262 0
    outer loop
      vertex -48.4427 7.94725 7.9
      vertex -48.5821 8.30706 5.72205e-07
      vertex -48.5821 8.30706 7.9
    endloop
  endfacet
  facet normal 0.932464 0.361262 0
    outer loop
      vertex -48.5821 8.30706 5.72205e-07
      vertex -48.4427 7.94725 7.9
      vertex -48.4427 7.94725 5.72205e-07
    endloop
  endfacet
  facet normal -0.850204 -0.526453 0
    outer loop
      vertex -46.5709 119.579 5.72205e-07
      vertex -46.774 119.907 7.9
      vertex -46.774 119.907 5.72205e-07
    endloop
  endfacet
  facet normal -0.850204 -0.526453 0
    outer loop
      vertex -46.774 119.907 7.9
      vertex -46.5709 119.579 5.72205e-07
      vertex -46.5709 119.579 7.9
    endloop
  endfacet
  facet normal -0.982948 -0.183881 0
    outer loop
      vertex -46.5 119.2 5.72205e-07
      vertex -46.5709 119.579 7.9
      vertex -46.5709 119.579 5.72205e-07
    endloop
  endfacet
  facet normal -0.982948 -0.183881 0
    outer loop
      vertex -46.5709 119.579 7.9
      vertex -46.5 119.2 5.72205e-07
      vertex -46.5 119.2 7.9
    endloop
  endfacet
  facet normal -0.850204 0.526453 0
    outer loop
      vertex -46.774 118.493 5.72205e-07
      vertex -46.5709 118.821 7.9
      vertex -46.5709 118.821 5.72205e-07
    endloop
  endfacet
  facet normal -0.850204 0.526453 0
    outer loop
      vertex -46.5709 118.821 7.9
      vertex -46.774 118.493 5.72205e-07
      vertex -46.774 118.493 7.9
    endloop
  endfacet
  facet normal 0.738895 -0.67382 0
    outer loop
      vertex -48.4427 119.753 7.9
      vertex -48.1828 120.038 5.72205e-07
      vertex -48.1828 120.038 7.9
    endloop
  endfacet
  facet normal 0.738895 -0.67382 0
    outer loop
      vertex -48.1828 120.038 5.72205e-07
      vertex -48.4427 119.753 7.9
      vertex -48.4427 119.753 5.72205e-07
    endloop
  endfacet
  facet normal -0.603309 0.797507 0
    outer loop
      vertex -46.774 118.493 5.72205e-07
      vertex -47.082 118.26 7.9
      vertex -46.774 118.493 7.9
    endloop
  endfacet
  facet normal -0.603309 0.797507 0
    outer loop
      vertex -47.082 118.26 7.9
      vertex -46.774 118.493 5.72205e-07
      vertex -47.082 118.26 5.72205e-07
    endloop
  endfacet
  facet normal -0.603309 -0.797507 0
    outer loop
      vertex -47.082 120.14 5.72205e-07
      vertex -46.774 119.907 7.9
      vertex -47.082 120.14 7.9
    endloop
  endfacet
  facet normal -0.603309 -0.797507 -0
    outer loop
      vertex -46.774 119.907 7.9
      vertex -47.082 120.14 5.72205e-07
      vertex -46.774 119.907 5.72205e-07
    endloop
  endfacet
  facet normal 0.0932925 -0.995639 0
    outer loop
      vertex -47.8373 120.21 5.72205e-07
      vertex -47.4531 120.246 7.9
      vertex -47.8373 120.21 7.9
    endloop
  endfacet
  facet normal 0.0932925 -0.995639 0
    outer loop
      vertex -47.4531 120.246 7.9
      vertex -47.8373 120.21 5.72205e-07
      vertex -47.4531 120.246 5.72205e-07
    endloop
  endfacet
  facet normal 0 0 -1
    outer loop
      vertex -46.5709 118.821 7.9
      vertex -46.5709 119.579 7.9
      vertex -46.5 119.2 7.9
    endloop
  endfacet
  facet normal 0 0 -1
    outer loop
      vertex -46.774 118.493 7.9
      vertex -46.5709 119.579 7.9
      vertex -46.5709 118.821 7.9
    endloop
  endfacet
  facet normal 0 0 -1
    outer loop
      vertex -46.774 118.493 7.9
      vertex -46.774 119.907 7.9
      vertex -46.5709 119.579 7.9
    endloop
  endfacet
  facet normal 0 0 -1
    outer loop
      vertex -47.082 118.26 7.9
      vertex -46.774 119.907 7.9
      vertex -46.774 118.493 7.9
    endloop
  endfacet
  facet normal 0 0 -1
    outer loop
      vertex -47.082 118.26 7.9
      vertex -47.082 120.14 7.9
      vertex -46.774 119.907 7.9
    endloop
  endfacet
  facet normal 0 0 -1
    outer loop
      vertex -47.4531 118.154 7.9
      vertex -47.082 120.14 7.9
      vertex -47.082 118.26 7.9
    endloop
  endfacet
  facet normal 0 0 -1
    outer loop
      vertex -47.4531 118.154 7.9
      vertex -47.4531 120.246 7.9
      vertex -47.082 120.14 7.9
    endloop
  endfacet
  facet normal 0 0 -1
    outer loop
      vertex -47.8373 118.19 7.9
      vertex -47.4531 120.246 7.9
      vertex -47.4531 118.154 7.9
    endloop
  endfacet
  facet normal 0 0 -1
    outer loop
      vertex -47.8373 118.19 7.9
      vertex -47.8373 120.21 7.9
      vertex -47.4531 120.246 7.9
    endloop
  endfacet
  facet normal 0 0 -1
    outer loop
      vertex -48.1828 118.362 7.9
      vertex -47.8373 120.21 7.9
      vertex -47.8373 118.19 7.9
    endloop
  endfacet
  facet normal 0 0 -1
    outer loop
      vertex -48.1828 118.362 7.9
      vertex -48.1828 120.038 7.9
      vertex -47.8373 120.21 7.9
    endloop
  endfacet
  facet normal 0 0 -1
    outer loop
      vertex -48.4427 118.647 7.9
      vertex -48.1828 120.038 7.9
      vertex -48.1828 118.362 7.9
    endloop
  endfacet
  facet normal 0 0 -1
    outer loop
      vertex -48.4427 118.647 7.9
      vertex -48.4427 119.753 7.9
      vertex -48.1828 120.038 7.9
    endloop
  endfacet
  facet normal 0 0 -1
    outer loop
      vertex -48.5821 119.007 7.9
      vertex -48.4427 119.753 7.9
      vertex -48.4427 118.647 7.9
    endloop
  endfacet
  facet normal 0 0 -1
    outer loop
      vertex -48.4427 119.753 7.9
      vertex -48.5821 119.007 7.9
      vertex -48.5821 119.393 7.9
    endloop
  endfacet
  facet normal 0.0932925 0.995639 -0
    outer loop
      vertex -47.4531 118.154 5.72205e-07
      vertex -47.8373 118.19 7.9
      vertex -47.4531 118.154 7.9
    endloop
  endfacet
  facet normal 0.0932925 0.995639 0
    outer loop
      vertex -47.8373 118.19 7.9
      vertex -47.4531 118.154 5.72205e-07
      vertex -47.8373 118.19 5.72205e-07
    endloop
  endfacet
  facet normal 0.932529 -0.361096 0
    outer loop
      vertex -48.5821 119.393 7.9
      vertex -48.4427 119.753 5.72205e-07
      vertex -48.4427 119.753 7.9
    endloop
  endfacet
  facet normal 0.932529 -0.361096 0
    outer loop
      vertex -48.4427 119.753 5.72205e-07
      vertex -48.5821 119.393 7.9
      vertex -48.5821 119.393 5.72205e-07
    endloop
  endfacet
  facet normal -0.274653 -0.961544 0
    outer loop
      vertex -47.4531 120.246 5.72205e-07
      vertex -47.082 120.14 7.9
      vertex -47.4531 120.246 7.9
    endloop
  endfacet
  facet normal -0.274653 -0.961544 -0
    outer loop
      vertex -47.082 120.14 7.9
      vertex -47.4531 120.246 5.72205e-07
      vertex -47.082 120.14 5.72205e-07
    endloop
  endfacet
  facet normal 1 -0 0
    outer loop
      vertex -48.5821 119.007 7.9
      vertex -48.5821 119.393 5.72205e-07
      vertex -48.5821 119.393 7.9
    endloop
  endfacet
  facet normal 1 0 0
    outer loop
      vertex -48.5821 119.393 5.72205e-07
      vertex -48.5821 119.007 7.9
      vertex -48.5821 119.007 5.72205e-07
    endloop
  endfacet
  facet normal 0.445658 -0.895203 0
    outer loop
      vertex -48.1828 120.038 5.72205e-07
      vertex -47.8373 120.21 7.9
      vertex -48.1828 120.038 7.9
    endloop
  endfacet
  facet normal 0.445658 -0.895203 0
    outer loop
      vertex -47.8373 120.21 7.9
      vertex -48.1828 120.038 5.72205e-07
      vertex -47.8373 120.21 5.72205e-07
    endloop
  endfacet
  facet normal -0.982948 0.183881 0
    outer loop
      vertex -46.5709 118.821 5.72205e-07
      vertex -46.5 119.2 7.9
      vertex -46.5 119.2 5.72205e-07
    endloop
  endfacet
  facet normal -0.982948 0.183881 0
    outer loop
      vertex -46.5 119.2 7.9
      vertex -46.5709 118.821 5.72205e-07
      vertex -46.5709 118.821 7.9
    endloop
  endfacet
  facet normal 0.738895 0.67382 0
    outer loop
      vertex -48.1828 118.362 7.9
      vertex -48.4427 118.647 5.72205e-07
      vertex -48.4427 118.647 7.9
    endloop
  endfacet
  facet normal 0.738895 0.67382 0
    outer loop
      vertex -48.4427 118.647 5.72205e-07
      vertex -48.1828 118.362 7.9
      vertex -48.1828 118.362 5.72205e-07
    endloop
  endfacet
  facet normal -0.274653 0.961544 0
    outer loop
      vertex -47.082 118.26 5.72205e-07
      vertex -47.4531 118.154 7.9
      vertex -47.082 118.26 7.9
    endloop
  endfacet
  facet normal -0.274653 0.961544 0
    outer loop
      vertex -47.4531 118.154 7.9
      vertex -47.082 118.26 5.72205e-07
      vertex -47.4531 118.154 5.72205e-07
    endloop
  endfacet
  facet normal 0.445658 0.895203 -0
    outer loop
      vertex -47.8373 118.19 5.72205e-07
      vertex -48.1828 118.362 7.9
      vertex -47.8373 118.19 7.9
    endloop
  endfacet
  facet normal 0.445658 0.895203 0
    outer loop
      vertex -48.1828 118.362 7.9
      vertex -47.8373 118.19 5.72205e-07
      vertex -48.1828 118.362 5.72205e-07
    endloop
  endfacet
  facet normal 0.932529 0.361096 0
    outer loop
      vertex -48.4427 118.647 7.9
      vertex -48.5821 119.007 5.72205e-07
      vertex -48.5821 119.007 7.9
    endloop
  endfacet
  facet normal 0.932529 0.361096 0
    outer loop
      vertex -48.5821 119.007 5.72205e-07
      vertex -48.4427 118.647 7.9
      vertex -48.4427 118.647 5.72205e-07
    endloop
  endfacet
  facet normal 1 -0 0
    outer loop
      vertex 46.5179 8.30706 7.9
      vertex 46.5179 8.69294 5.72205e-07
      vertex 46.5179 8.69294 7.9
    endloop
  endfacet
  facet normal 1 0 0
    outer loop
      vertex 46.5179 8.69294 5.72205e-07
      vertex 46.5179 8.30706 7.9
      vertex 46.5179 8.30706 5.72205e-07
    endloop
  endfacet
  facet normal -0.850262 -0.52636 0
    outer loop
      vertex 48.5291 8.8793 5.72205e-07
      vertex 48.326 9.20738 7.9
      vertex 48.326 9.20738 5.72205e-07
    endloop
  endfacet
  facet normal -0.850262 -0.52636 0
    outer loop
      vertex 48.326 9.20738 7.9
      vertex 48.5291 8.8793 5.72205e-07
      vertex 48.5291 8.8793 7.9
    endloop
  endfacet
  facet normal -0.982975 -0.183741 0
    outer loop
      vertex 48.6 8.5 5.72205e-07
      vertex 48.5291 8.8793 7.9
      vertex 48.5291 8.8793 5.72205e-07
    endloop
  endfacet
  facet normal -0.982975 -0.183741 0
    outer loop
      vertex 48.5291 8.8793 7.9
      vertex 48.6 8.5 5.72205e-07
      vertex 48.6 8.5 7.9
    endloop
  endfacet
  facet normal -0.982975 0.183741 0
    outer loop
      vertex 48.5291 8.1207 5.72205e-07
      vertex 48.6 8.5 7.9
      vertex 48.6 8.5 5.72205e-07
    endloop
  endfacet
  facet normal -0.982975 0.183741 0
    outer loop
      vertex 48.6 8.5 7.9
      vertex 48.5291 8.1207 5.72205e-07
      vertex 48.5291 8.1207 7.9
    endloop
  endfacet
  facet normal 0.445658 -0.895203 0
    outer loop
      vertex 46.9172 9.33792 5.72205e-07
      vertex 47.2627 9.50992 7.9
      vertex 46.9172 9.33792 7.9
    endloop
  endfacet
  facet normal 0.445658 -0.895203 0
    outer loop
      vertex 47.2627 9.50992 7.9
      vertex 46.9172 9.33792 5.72205e-07
      vertex 47.2627 9.50992 5.72205e-07
    endloop
  endfacet
  facet normal 0.932464 -0.361262 0
    outer loop
      vertex 46.5179 8.69294 7.9
      vertex 46.6573 9.05275 5.72205e-07
      vertex 46.6573 9.05275 7.9
    endloop
  endfacet
  facet normal 0.932464 -0.361262 0
    outer loop
      vertex 46.6573 9.05275 5.72205e-07
      vertex 46.5179 8.69294 7.9
      vertex 46.5179 8.69294 5.72205e-07
    endloop
  endfacet
  facet normal 0.0922648 -0.995735 0
    outer loop
      vertex 47.2627 9.50992 5.72205e-07
      vertex 47.6469 9.54552 7.9
      vertex 47.2627 9.50992 7.9
    endloop
  endfacet
  facet normal 0.0922648 -0.995735 0
    outer loop
      vertex 47.6469 9.54552 7.9
      vertex 47.2627 9.50992 5.72205e-07
      vertex 47.6469 9.54552 5.72205e-07
    endloop
  endfacet
  facet normal 0 0 -1
    outer loop
      vertex 48.5291 8.1207 7.9
      vertex 48.5291 8.8793 7.9
      vertex 48.6 8.5 7.9
    endloop
  endfacet
  facet normal 0 0 -1
    outer loop
      vertex 48.326 7.79262 7.9
      vertex 48.5291 8.8793 7.9
      vertex 48.5291 8.1207 7.9
    endloop
  endfacet
  facet normal 0 0 -1
    outer loop
      vertex 48.326 7.79262 7.9
      vertex 48.326 9.20738 7.9
      vertex 48.5291 8.8793 7.9
    endloop
  endfacet
  facet normal 0 0 -1
    outer loop
      vertex 48.018 7.56008 7.9
      vertex 48.326 9.20738 7.9
      vertex 48.326 7.79262 7.9
    endloop
  endfacet
  facet normal 0 0 -1
    outer loop
      vertex 48.018 7.56008 7.9
      vertex 48.018 9.43992 7.9
      vertex 48.326 9.20738 7.9
    endloop
  endfacet
  facet normal 0 0 -1
    outer loop
      vertex 47.6469 7.45448 7.9
      vertex 48.018 9.43992 7.9
      vertex 48.018 7.56008 7.9
    endloop
  endfacet
  facet normal 0 0 -1
    outer loop
      vertex 47.6469 7.45448 7.9
      vertex 47.6469 9.54552 7.9
      vertex 48.018 9.43992 7.9
    endloop
  endfacet
  facet normal 0 0 -1
    outer loop
      vertex 47.2627 7.49008 7.9
      vertex 47.6469 9.54552 7.9
      vertex 47.6469 7.45448 7.9
    endloop
  endfacet
  facet normal 0 0 -1
    outer loop
      vertex 47.2627 7.49008 7.9
      vertex 47.2627 9.50992 7.9
      vertex 47.6469 9.54552 7.9
    endloop
  endfacet
  facet normal 0 0 -1
    outer loop
      vertex 46.9172 7.66208 7.9
      vertex 47.2627 9.50992 7.9
      vertex 47.2627 7.49008 7.9
    endloop
  endfacet
  facet normal 0 0 -1
    outer loop
      vertex 46.9172 7.66208 7.9
      vertex 46.9172 9.33792 7.9
      vertex 47.2627 9.50992 7.9
    endloop
  endfacet
  facet normal 0 0 -1
    outer loop
      vertex 46.6573 7.94725 7.9
      vertex 46.9172 9.33792 7.9
      vertex 46.9172 7.66208 7.9
    endloop
  endfacet
  facet normal 0 0 -1
    outer loop
      vertex 46.6573 7.94725 7.9
      vertex 46.6573 9.05275 7.9
      vertex 46.9172 9.33792 7.9
    endloop
  endfacet
  facet normal 0 0 -1
    outer loop
      vertex 46.5179 8.30706 7.9
      vertex 46.6573 9.05275 7.9
      vertex 46.6573 7.94725 7.9
    endloop
  endfacet
  facet normal 0 0 -1
    outer loop
      vertex 46.6573 9.05275 7.9
      vertex 46.5179 8.30706 7.9
      vertex 46.5179 8.69294 7.9
    endloop
  endfacet
  facet normal -0.602551 -0.798081 0
    outer loop
      vertex 48.018 9.43992 5.72205e-07
      vertex 48.326 9.20738 7.9
      vertex 48.018 9.43992 7.9
    endloop
  endfacet
  facet normal -0.602551 -0.798081 -0
    outer loop
      vertex 48.326 9.20738 7.9
      vertex 48.018 9.43992 5.72205e-07
      vertex 48.326 9.20738 5.72205e-07
    endloop
  endfacet
  facet normal -0.850262 0.52636 0
    outer loop
      vertex 48.326 7.79262 5.72205e-07
      vertex 48.5291 8.1207 7.9
      vertex 48.5291 8.1207 5.72205e-07
    endloop
  endfacet
  facet normal -0.850262 0.52636 0
    outer loop
      vertex 48.5291 8.1207 7.9
      vertex 48.326 7.79262 5.72205e-07
      vertex 48.326 7.79262 7.9
    endloop
  endfacet
  facet normal 0.739095 -0.673601 0
    outer loop
      vertex 46.6573 9.05275 7.9
      vertex 46.9172 9.33792 5.72205e-07
      vertex 46.9172 9.33792 7.9
    endloop
  endfacet
  facet normal 0.739095 -0.673601 0
    outer loop
      vertex 46.9172 9.33792 5.72205e-07
      vertex 46.6573 9.05275 7.9
      vertex 46.6573 9.05275 5.72205e-07
    endloop
  endfacet
  facet normal 0.0922648 0.995735 -0
    outer loop
      vertex 47.6469 7.45448 5.72205e-07
      vertex 47.2627 7.49008 7.9
      vertex 47.6469 7.45448 7.9
    endloop
  endfacet
  facet normal 0.0922648 0.995735 0
    outer loop
      vertex 47.2627 7.49008 7.9
      vertex 47.6469 7.45448 5.72205e-07
      vertex 47.2627 7.49008 5.72205e-07
    endloop
  endfacet
  facet normal -0.273694 0.961817 0
    outer loop
      vertex 48.018 7.56008 5.72205e-07
      vertex 47.6469 7.45448 7.9
      vertex 48.018 7.56008 7.9
    endloop
  endfacet
  facet normal -0.273694 0.961817 0
    outer loop
      vertex 47.6469 7.45448 7.9
      vertex 48.018 7.56008 5.72205e-07
      vertex 47.6469 7.45448 5.72205e-07
    endloop
  endfacet
  facet normal -0.602551 0.798081 0
    outer loop
      vertex 48.326 7.79262 5.72205e-07
      vertex 48.018 7.56008 7.9
      vertex 48.326 7.79262 7.9
    endloop
  endfacet
  facet normal -0.602551 0.798081 0
    outer loop
      vertex 48.018 7.56008 7.9
      vertex 48.326 7.79262 5.72205e-07
      vertex 48.018 7.56008 5.72205e-07
    endloop
  endfacet
  facet normal -0.273694 -0.961817 0
    outer loop
      vertex 47.6469 9.54552 5.72205e-07
      vertex 48.018 9.43992 7.9
      vertex 47.6469 9.54552 7.9
    endloop
  endfacet
  facet normal -0.273694 -0.961817 -0
    outer loop
      vertex 48.018 9.43992 7.9
      vertex 47.6469 9.54552 5.72205e-07
      vertex 48.018 9.43992 5.72205e-07
    endloop
  endfacet
  facet normal 0.932464 0.361262 0
    outer loop
      vertex 46.6573 7.94725 7.9
      vertex 46.5179 8.30706 5.72205e-07
      vertex 46.5179 8.30706 7.9
    endloop
  endfacet
  facet normal 0.932464 0.361262 0
    outer loop
      vertex 46.5179 8.30706 5.72205e-07
      vertex 46.6573 7.94725 7.9
      vertex 46.6573 7.94725 5.72205e-07
    endloop
  endfacet
  facet normal 0.739095 0.673601 0
    outer loop
      vertex 46.9172 7.66208 7.9
      vertex 46.6573 7.94725 5.72205e-07
      vertex 46.6573 7.94725 7.9
    endloop
  endfacet
  facet normal 0.739095 0.673601 0
    outer loop
      vertex 46.6573 7.94725 5.72205e-07
      vertex 46.9172 7.66208 7.9
      vertex 46.9172 7.66208 5.72205e-07
    endloop
  endfacet
  facet normal 0.445658 0.895203 -0
    outer loop
      vertex 47.2627 7.49008 5.72205e-07
      vertex 46.9172 7.66208 7.9
      vertex 47.2627 7.49008 7.9
    endloop
  endfacet
  facet normal 0.445658 0.895203 0
    outer loop
      vertex 46.9172 7.66208 7.9
      vertex 47.2627 7.49008 5.72205e-07
      vertex 46.9172 7.66208 5.72205e-07
    endloop
  endfacet
  facet normal 1 -0 0
    outer loop
      vertex 46.5179 119.007 7.9
      vertex 46.5179 119.393 5.72205e-07
      vertex 46.5179 119.393 7.9
    endloop
  endfacet
  facet normal 1 0 0
    outer loop
      vertex 46.5179 119.393 5.72205e-07
      vertex 46.5179 119.007 7.9
      vertex 46.5179 119.007 5.72205e-07
    endloop
  endfacet
  facet normal -0.850204 -0.526453 0
    outer loop
      vertex 48.5291 119.579 5.72205e-07
      vertex 48.326 119.907 7.9
      vertex 48.326 119.907 5.72205e-07
    endloop
  endfacet
  facet normal -0.850204 -0.526453 0
    outer loop
      vertex 48.326 119.907 7.9
      vertex 48.5291 119.579 5.72205e-07
      vertex 48.5291 119.579 7.9
    endloop
  endfacet
  facet normal -0.982948 -0.183881 0
    outer loop
      vertex 48.6 119.2 5.72205e-07
      vertex 48.5291 119.579 7.9
      vertex 48.5291 119.579 5.72205e-07
    endloop
  endfacet
  facet normal -0.982948 -0.183881 0
    outer loop
      vertex 48.5291 119.579 7.9
      vertex 48.6 119.2 5.72205e-07
      vertex 48.6 119.2 7.9
    endloop
  endfacet
  facet normal -0.603309 -0.797507 0
    outer loop
      vertex 48.018 120.14 5.72205e-07
      vertex 48.326 119.907 7.9
      vertex 48.018 120.14 7.9
    endloop
  endfacet
  facet normal -0.603309 -0.797507 -0
    outer loop
      vertex 48.326 119.907 7.9
      vertex 48.018 120.14 5.72205e-07
      vertex 48.326 119.907 5.72205e-07
    endloop
  endfacet
  facet normal 0.0932925 -0.995639 0
    outer loop
      vertex 47.2627 120.21 5.72205e-07
      vertex 47.6469 120.246 7.9
      vertex 47.2627 120.21 7.9
    endloop
  endfacet
  facet normal 0.0932925 -0.995639 0
    outer loop
      vertex 47.6469 120.246 7.9
      vertex 47.2627 120.21 5.72205e-07
      vertex 47.6469 120.246 5.72205e-07
    endloop
  endfacet
  facet normal -0.982948 0.183881 0
    outer loop
      vertex 48.5291 118.821 5.72205e-07
      vertex 48.6 119.2 7.9
      vertex 48.6 119.2 5.72205e-07
    endloop
  endfacet
  facet normal -0.982948 0.183881 0
    outer loop
      vertex 48.6 119.2 7.9
      vertex 48.5291 118.821 5.72205e-07
      vertex 48.5291 118.821 7.9
    endloop
  endfacet
  facet normal 0.738895 -0.67382 0
    outer loop
      vertex 46.6573 119.753 7.9
      vertex 46.9172 120.038 5.72205e-07
      vertex 46.9172 120.038 7.9
    endloop
  endfacet
  facet normal 0.738895 -0.67382 0
    outer loop
      vertex 46.9172 120.038 5.72205e-07
      vertex 46.6573 119.753 7.9
      vertex 46.6573 119.753 5.72205e-07
    endloop
  endfacet
  facet normal -0.603309 0.797507 0
    outer loop
      vertex 48.326 118.493 5.72205e-07
      vertex 48.018 118.26 7.9
      vertex 48.326 118.493 7.9
    endloop
  endfacet
  facet normal -0.603309 0.797507 0
    outer loop
      vertex 48.018 118.26 7.9
      vertex 48.326 118.493 5.72205e-07
      vertex 48.018 118.26 5.72205e-07
    endloop
  endfacet
  facet normal 0.0932925 0.995639 -0
    outer loop
      vertex 47.6469 118.154 5.72205e-07
      vertex 47.2627 118.19 7.9
      vertex 47.6469 118.154 7.9
    endloop
  endfacet
  facet normal 0.0932925 0.995639 0
    outer loop
      vertex 47.2627 118.19 7.9
      vertex 47.6469 118.154 5.72205e-07
      vertex 47.2627 118.19 5.72205e-07
    endloop
  endfacet
  facet normal -0.274653 0.961544 0
    outer loop
      vertex 48.018 118.26 5.72205e-07
      vertex 47.6469 118.154 7.9
      vertex 48.018 118.26 7.9
    endloop
  endfacet
  facet normal -0.274653 0.961544 0
    outer loop
      vertex 47.6469 118.154 7.9
      vertex 48.018 118.26 5.72205e-07
      vertex 47.6469 118.154 5.72205e-07
    endloop
  endfacet
  facet normal 0 0 -1
    outer loop
      vertex 48.5291 118.821 7.9
      vertex 48.5291 119.579 7.9
      vertex 48.6 119.2 7.9
    endloop
  endfacet
  facet normal 0 0 -1
    outer loop
      vertex 48.326 118.493 7.9
      vertex 48.5291 119.579 7.9
      vertex 48.5291 118.821 7.9
    endloop
  endfacet
  facet normal 0 0 -1
    outer loop
      vertex 48.326 118.493 7.9
      vertex 48.326 119.907 7.9
      vertex 48.5291 119.579 7.9
    endloop
  endfacet
  facet normal 0 0 -1
    outer loop
      vertex 48.018 118.26 7.9
      vertex 48.326 119.907 7.9
      vertex 48.326 118.493 7.9
    endloop
  endfacet
  facet normal 0 0 -1
    outer loop
      vertex 48.018 118.26 7.9
      vertex 48.018 120.14 7.9
      vertex 48.326 119.907 7.9
    endloop
  endfacet
  facet normal 0 0 -1
    outer loop
      vertex 47.6469 118.154 7.9
      vertex 48.018 120.14 7.9
      vertex 48.018 118.26 7.9
    endloop
  endfacet
  facet normal 0 0 -1
    outer loop
      vertex 47.6469 118.154 7.9
      vertex 47.6469 120.246 7.9
      vertex 48.018 120.14 7.9
    endloop
  endfacet
  facet normal 0 0 -1
    outer loop
      vertex 47.2627 118.19 7.9
      vertex 47.6469 120.246 7.9
      vertex 47.6469 118.154 7.9
    endloop
  endfacet
  facet normal 0 0 -1
    outer loop
      vertex 47.2627 118.19 7.9
      vertex 47.2627 120.21 7.9
      vertex 47.6469 120.246 7.9
    endloop
  endfacet
  facet normal 0 0 -1
    outer loop
      vertex 46.9172 118.362 7.9
      vertex 47.2627 120.21 7.9
      vertex 47.2627 118.19 7.9
    endloop
  endfacet
  facet normal 0 0 -1
    outer loop
      vertex 46.9172 118.362 7.9
      vertex 46.9172 120.038 7.9
      vertex 47.2627 120.21 7.9
    endloop
  endfacet
  facet normal 0 0 -1
    outer loop
      vertex 46.6573 118.647 7.9
      vertex 46.9172 120.038 7.9
      vertex 46.9172 118.362 7.9
    endloop
  endfacet
  facet normal 0 0 -1
    outer loop
      vertex 46.6573 118.647 7.9
      vertex 46.6573 119.753 7.9
      vertex 46.9172 120.038 7.9
    endloop
  endfacet
  facet normal 0 0 -1
    outer loop
      vertex 46.5179 119.007 7.9
      vertex 46.6573 119.753 7.9
      vertex 46.6573 118.647 7.9
    endloop
  endfacet
  facet normal 0 0 -1
    outer loop
      vertex 46.6573 119.753 7.9
      vertex 46.5179 119.007 7.9
      vertex 46.5179 119.393 7.9
    endloop
  endfacet
  facet normal -0.274653 -0.961544 0
    outer loop
      vertex 47.6469 120.246 5.72205e-07
      vertex 48.018 120.14 7.9
      vertex 47.6469 120.246 7.9
    endloop
  endfacet
  facet normal -0.274653 -0.961544 -0
    outer loop
      vertex 48.018 120.14 7.9
      vertex 47.6469 120.246 5.72205e-07
      vertex 48.018 120.14 5.72205e-07
    endloop
  endfacet
  facet normal -0.850204 0.526453 0
    outer loop
      vertex 48.326 118.493 5.72205e-07
      vertex 48.5291 118.821 7.9
      vertex 48.5291 118.821 5.72205e-07
    endloop
  endfacet
  facet normal -0.850204 0.526453 0
    outer loop
      vertex 48.5291 118.821 7.9
      vertex 48.326 118.493 5.72205e-07
      vertex 48.326 118.493 7.9
    endloop
  endfacet
  facet normal 0.932529 0.361096 0
    outer loop
      vertex 46.6573 118.647 7.9
      vertex 46.5179 119.007 5.72205e-07
      vertex 46.5179 119.007 7.9
    endloop
  endfacet
  facet normal 0.932529 0.361096 0
    outer loop
      vertex 46.5179 119.007 5.72205e-07
      vertex 46.6573 118.647 7.9
      vertex 46.6573 118.647 5.72205e-07
    endloop
  endfacet
  facet normal 0.445658 -0.895203 0
    outer loop
      vertex 46.9172 120.038 5.72205e-07
      vertex 47.2627 120.21 7.9
      vertex 46.9172 120.038 7.9
    endloop
  endfacet
  facet normal 0.445658 -0.895203 0
    outer loop
      vertex 47.2627 120.21 7.9
      vertex 46.9172 120.038 5.72205e-07
      vertex 47.2627 120.21 5.72205e-07
    endloop
  endfacet
  facet normal 0.738895 0.67382 0
    outer loop
      vertex 46.9172 118.362 7.9
      vertex 46.6573 118.647 5.72205e-07
      vertex 46.6573 118.647 7.9
    endloop
  endfacet
  facet normal 0.738895 0.67382 0
    outer loop
      vertex 46.6573 118.647 5.72205e-07
      vertex 46.9172 118.362 7.9
      vertex 46.9172 118.362 5.72205e-07
    endloop
  endfacet
  facet normal 0.932529 -0.361096 0
    outer loop
      vertex 46.5179 119.393 7.9
      vertex 46.6573 119.753 5.72205e-07
      vertex 46.6573 119.753 7.9
    endloop
  endfacet
  facet normal 0.932529 -0.361096 0
    outer loop
      vertex 46.6573 119.753 5.72205e-07
      vertex 46.5179 119.393 7.9
      vertex 46.5179 119.393 5.72205e-07
    endloop
  endfacet
  facet normal 0.445658 0.895203 -0
    outer loop
      vertex 47.2627 118.19 5.72205e-07
      vertex 46.9172 118.362 7.9
      vertex 47.2627 118.19 7.9
    endloop
  endfacet
  facet normal 0.445658 0.895203 0
    outer loop
      vertex 46.9172 118.362 7.9
      vertex 47.2627 118.19 5.72205e-07
      vertex 46.9172 118.362 5.72205e-07
    endloop
  endfacet
  facet normal -0.92173 0.387832 0
    outer loop
      vertex -51.2332 121.952 5.72205e-07
      vertex -51.0792 122.318 20.6
      vertex -51.0792 122.318 5.72205e-07
    endloop
  endfacet
  facet normal -0.92173 0.387832 0
    outer loop
      vertex -51.0792 122.318 20.6
      vertex -51.2332 121.952 5.72205e-07
      vertex -51.2332 121.952 20.6
    endloop
  endfacet
  facet normal -0.216344 0.976317 0
    outer loop
      vertex -47.44 125.12 5.72205e-07
      vertex -47.8281 125.034 20.6
      vertex -47.44 125.12 20.6
    endloop
  endfacet
  facet normal -0.216344 0.976317 0
    outer loop
      vertex -47.8281 125.034 20.6
      vertex -47.44 125.12 5.72205e-07
      vertex -47.8281 125.034 5.72205e-07
    endloop
  endfacet
  facet normal -0.971649 -0.236429 0
    outer loop
      vertex -51.3575 3.62606 3.54072
      vertex -51.4515 4.01237 20.6
      vertex -51.4515 4.01237 1.72329
    endloop
  endfacet
  facet normal -0.971649 -0.236429 0
    outer loop
      vertex -51.4515 4.01237 20.6
      vertex -51.3575 3.62606 3.54072
      vertex -51.3575 3.62606 20.6
    endloop
  endfacet
  facet normal 0.869555 0.493837 0
    outer loop
      vertex 50.9914 122.496 20.6
      vertex 50.7949 122.842 5.72205e-07
      vertex 50.7949 122.842 20.6
    endloop
  endfacet
  facet normal 0.869555 0.493837 0
    outer loop
      vertex 50.7949 122.842 5.72205e-07
      vertex 50.9914 122.496 20.6
      vertex 50.9914 122.496 5.72205e-07
    endloop
  endfacet
  facet normal -0.578087 -0.815975 0
    outer loop
      vertex -49.6004 1.03829 20.6
      vertex -49.276 0.808465 16.7965
      vertex -49.276 0.808465 20.6
    endloop
  endfacet
  facet normal -0.578087 -0.815975 0
    outer loop
      vertex -49.276 0.808465 16.7965
      vertex -49.6004 1.03829 20.6
      vertex -49.6004 1.03829 15.7152
    endloop
  endfacet
  facet normal 0.961535 -0.274681 0
    outer loop
      vertex 51.2991 3.43603 4.43476
      vertex 51.4083 3.81829 20.6
      vertex 51.2991 3.43603 20.6
    endloop
  endfacet
  facet normal 0.961535 -0.274681 0
    outer loop
      vertex 51.4083 3.81829 20.6
      vertex 51.2991 3.43603 4.43476
      vertex 51.4083 3.81829 2.63635
    endloop
  endfacet
  facet normal -0.0595988 -0.998222 0
    outer loop
      vertex -47.0463 0.0246973 20.6
      vertex -46.6494 0.0010004 20.5953
      vertex -46.6494 0.0010004 20.6
    endloop
  endfacet
  facet normal -0.0595988 -0.998222 0
    outer loop
      vertex -46.6494 0.0010004 20.5953
      vertex -47.0463 0.0246973 20.6
      vertex -47.0463 0.0246973 20.4838
    endloop
  endfacet
  facet normal -0.641297 0.767293 0
    outer loop
      vertex -49.6004 124.162 5.72205e-07
      vertex -49.9055 123.907 20.6
      vertex -49.6004 124.162 20.6
    endloop
  endfacet
  facet normal -0.641297 0.767293 0
    outer loop
      vertex -49.9055 123.907 20.6
      vertex -49.6004 124.162 5.72205e-07
      vertex -49.9055 123.907 5.72205e-07
    endloop
  endfacet
  facet normal 0.17798 -0.984034 0
    outer loop
      vertex 47.2437 0.0483637 20.3725
      vertex 47.6349 0.119119 20.6
      vertex 47.2437 0.0483637 20.6
    endloop
  endfacet
  facet normal 0.17798 -0.984034 0
    outer loop
      vertex 47.6349 0.119119 20.6
      vertex 47.2437 0.0483637 20.3725
      vertex 47.6349 0.119119 20.0396
    endloop
  endfacet
  facet normal 0.256535 0.966535 -0
    outer loop
      vertex 48.0192 124.979 5.72205e-07
      vertex 47.6349 125.081 20.6
      vertex 48.0192 124.979 20.6
    endloop
  endfacet
  facet normal 0.256535 0.966535 0
    outer loop
      vertex 47.6349 125.081 20.6
      vertex 48.0192 124.979 5.72205e-07
      vertex 47.6349 125.081 5.72205e-07
    endloop
  endfacet
  facet normal 0 1 -0
    outer loop
      vertex 46.4506 125.199 5.72205e-07
      vertex -46.6494 125.199 20.6
      vertex 46.4506 125.199 20.6
    endloop
  endfacet
  facet normal 0 1 0
    outer loop
      vertex -46.6494 125.199 20.6
      vertex 46.4506 125.199 5.72205e-07
      vertex -46.6494 125.199 5.72205e-07
    endloop
  endfacet
  facet normal 0.405064 0.914288 -0
    outer loop
      vertex 48.7577 124.686 5.72205e-07
      vertex 48.3943 124.847 20.6
      vertex 48.7577 124.686 20.6
    endloop
  endfacet
  facet normal 0.405064 0.914288 0
    outer loop
      vertex 48.3943 124.847 20.6
      vertex 48.7577 124.686 5.72205e-07
      vertex 48.3943 124.847 5.72205e-07
    endloop
  endfacet
  facet normal 0.0198805 -0.999802 0
    outer loop
      vertex 46.4506 0.0010004 20.5953
      vertex 46.8481 0.00890446 20.6
      vertex 46.4506 0.0010004 20.6
    endloop
  endfacet
  facet normal 0.0198805 -0.999802 0
    outer loop
      vertex 46.8481 0.00890446 20.6
      vertex 46.4506 0.0010004 20.5953
      vertex 46.8481 0.00890446 20.5581
    endloop
  endfacet
  facet normal -0.888283 -0.459296 0
    outer loop
      vertex -50.8966 2.52876 8.70314
      vertex -51.0792 2.88191 20.6
      vertex -51.0792 2.88191 7.0417
    endloop
  endfacet
  facet normal -0.888283 -0.459296 0
    outer loop
      vertex -51.0792 2.88191 20.6
      vertex -50.8966 2.52876 8.70314
      vertex -50.8966 2.52876 20.6
    endloop
  endfacet
  facet normal -1 0 0
    outer loop
      vertex -51.546 27.23 5.72205e-07
      vertex -51.546 4.80122 5.72205e-07
      vertex -51.546 27.23 10.1
    endloop
  endfacet
  facet normal -1 0 0
    outer loop
      vertex -51.546 120.399 5.72205e-07
      vertex -51.546 57.8779 8.35861
      vertex -51.546 120.399 20.6
    endloop
  endfacet
  facet normal -1 0 0
    outer loop
      vertex -51.546 120.399 5.72205e-07
      vertex -51.546 49.2768 2.33606
      vertex -51.546 57.8779 8.35861
    endloop
  endfacet
  facet normal -1 -0 0
    outer loop
      vertex -51.546 49.2768 2.33606
      vertex -51.546 40.23 5.72205e-07
      vertex -51.546 46.1221 6.84139
    endloop
  endfacet
  facet normal -1 0 0
    outer loop
      vertex -51.546 40.23 5.72205e-07
      vertex -51.546 49.2768 2.33606
      vertex -51.546 120.399 5.72205e-07
    endloop
  endfacet
  facet normal -1 0 0
    outer loop
      vertex -51.546 54.7232 12.8639
      vertex -51.546 120.399 20.6
      vertex -51.546 57.8779 8.35861
    endloop
  endfacet
  facet normal -1 0 0
    outer loop
      vertex -51.546 40.23 10.1
      vertex -51.546 46.1221 6.84139
      vertex -51.546 40.23 5.72205e-07
    endloop
  endfacet
  facet normal -1 0 0
    outer loop
      vertex -51.546 40.23 10.1
      vertex -51.546 54.7232 12.8639
      vertex -51.546 46.1221 6.84139
    endloop
  endfacet
  facet normal -1 0 0
    outer loop
      vertex -51.546 4.80122 20.6
      vertex -51.546 40.23 10.1
      vertex -51.546 27.23 10.1
    endloop
  endfacet
  facet normal -1 0 0
    outer loop
      vertex -51.546 40.23 10.1
      vertex -51.546 4.80122 20.6
      vertex -51.546 54.7232 12.8639
    endloop
  endfacet
  facet normal -1 0 0
    outer loop
      vertex -51.546 54.7232 12.8639
      vertex -51.546 4.80122 20.6
      vertex -51.546 120.399 20.6
    endloop
  endfacet
  facet normal -1 0 0
    outer loop
      vertex -51.546 4.80122 20.6
      vertex -51.546 27.23 10.1
      vertex -51.546 4.80122 5.72205e-07
    endloop
  endfacet
  facet normal -0.987394 0.158284 0
    outer loop
      vertex -51.5145 120.795 5.72205e-07
      vertex -51.4515 121.188 20.6
      vertex -51.4515 121.188 5.72205e-07
    endloop
  endfacet
  facet normal -0.987394 0.158284 0
    outer loop
      vertex -51.4515 121.188 20.6
      vertex -51.5145 120.795 5.72205e-07
      vertex -51.5145 120.795 20.6
    endloop
  endfacet
  facet normal 0.0992528 -0.995062 0
    outer loop
      vertex 46.8481 0.00890446 20.5581
      vertex 47.2437 0.0483637 20.6
      vertex 46.8481 0.00890446 20.6
    endloop
  endfacet
  facet normal 0.0992528 -0.995062 0
    outer loop
      vertex 47.2437 0.0483637 20.6
      vertex 46.8481 0.00890446 20.5581
      vertex 47.2437 0.0483637 20.3725
    endloop
  endfacet
  facet normal 0 -1 0
    outer loop
      vertex -46.6494 0.0010004 20.5953
      vertex 46.4506 0.0010004 20.6
      vertex -46.6494 0.0010004 20.6
    endloop
  endfacet
  facet normal 0 -1 -0
    outer loop
      vertex 46.4506 0.0010004 20.6
      vertex -46.6494 0.0010004 20.5953
      vertex 46.4506 0.0010004 20.5953
    endloop
  endfacet
  facet normal -0.986857 -0.161595 -0.000732397
    outer loop
      vertex -51.4515 4.01237 1.72329
      vertex -51.5145 4.40492 5.72205e-07
      vertex -51.5102 4.37866 5.72205e-07
    endloop
  endfacet
  facet normal -0.987365 -0.158461 0
    outer loop
      vertex -51.5145 4.40492 5.72205e-07
      vertex -51.4515 4.01237 1.72329
      vertex -51.5145 4.40492 20.6
    endloop
  endfacet
  facet normal -0.987365 -0.158461 0
    outer loop
      vertex -51.5145 4.40492 20.6
      vertex -51.4515 4.01237 1.72329
      vertex -51.4515 4.01237 20.6
    endloop
  endfacet
  facet normal 0.178576 0.983926 -0
    outer loop
      vertex 47.6349 125.081 5.72205e-07
      vertex 47.2437 125.152 20.6
      vertex 47.6349 125.081 20.6
    endloop
  endfacet
  facet normal 0.178576 0.983926 0
    outer loop
      vertex 47.2437 125.152 20.6
      vertex 47.6349 125.081 5.72205e-07
      vertex 47.2437 125.152 5.72205e-07
    endloop
  endfacet
  facet normal 0.779886 0.625921 0
    outer loop
      vertex 50.5716 123.171 20.6
      vertex 50.3228 123.481 5.72205e-07
      vertex 50.3228 123.481 20.6
    endloop
  endfacet
  facet normal 0.779886 0.625921 0
    outer loop
      vertex 50.3228 123.481 5.72205e-07
      vertex 50.5716 123.171 20.6
      vertex 50.5716 123.171 5.72205e-07
    endloop
  endfacet
  facet normal -0.996856 -0.0792353 0
    outer loop
      vertex -51.5145 4.40492 5.72205e-07
      vertex -51.546 4.80122 20.6
      vertex -51.546 4.80122 5.72205e-07
    endloop
  endfacet
  facet normal -0.996856 -0.0792353 0
    outer loop
      vertex -51.546 4.80122 20.6
      vertex -51.5145 4.40492 5.72205e-07
      vertex -51.5145 4.40492 20.6
    endloop
  endfacet
  facet normal 0.0981088 0.995176 -0
    outer loop
      vertex 47.2437 125.152 5.72205e-07
      vertex 46.8481 125.191 20.6
      vertex 47.2437 125.152 20.6
    endloop
  endfacet
  facet normal 0.0981088 0.995176 0
    outer loop
      vertex 46.8481 125.191 20.6
      vertex 47.2437 125.152 5.72205e-07
      vertex 46.8481 125.191 5.72205e-07
    endloop
  endfacet
  facet normal 0.0201217 0.999798 -0
    outer loop
      vertex 46.8481 125.191 5.72205e-07
      vertex 46.4506 125.199 20.6
      vertex 46.8481 125.191 20.6
    endloop
  endfacet
  facet normal 0.0201217 0.999798 0
    outer loop
      vertex 46.4506 125.199 20.6
      vertex 46.8481 125.191 5.72205e-07
      vertex 46.4506 125.199 5.72205e-07
    endloop
  endfacet
  facet normal -0.849294 0.527919 0
    outer loop
      vertex -50.8966 122.671 5.72205e-07
      vertex -50.6865 123.009 20.6
      vertex -50.6865 123.009 5.72205e-07
    endloop
  endfacet
  facet normal -0.849294 0.527919 0
    outer loop
      vertex -50.6865 123.009 20.6
      vertex -50.8966 122.671 5.72205e-07
      vertex -50.8966 122.671 20.6
    endloop
  endfacet
  facet normal -0.369656 0.929169 0
    outer loop
      vertex -48.2081 124.917 5.72205e-07
      vertex -48.5776 124.77 20.6
      vertex -48.2081 124.917 20.6
    endloop
  endfacet
  facet normal -0.369656 0.929169 0
    outer loop
      vertex -48.5776 124.77 20.6
      vertex -48.2081 124.917 5.72205e-07
      vertex -48.5776 124.77 5.72205e-07
    endloop
  endfacet
  facet normal 0.99921 -0.039742 0
    outer loop
      vertex 51.5342 4.60276 20.6
      vertex 51.55 5.00001 5.72205e-07
      vertex 51.55 5.00001 20.6
    endloop
  endfacet
  facet normal 0.99921 -0.039742 0
    outer loop
      vertex 51.55 5.00001 5.72205e-07
      vertex 51.5342 4.60276 20.6
      vertex 51.5342 4.60276 5.72205e-07
    endloop
  endfacet
  facet normal 0.992907 0.118897 0
    outer loop
      vertex 51.5342 120.597 20.6
      vertex 51.4869 120.992 5.72205e-07
      vertex 51.4869 120.992 20.6
    endloop
  endfacet
  facet normal 0.992907 0.118897 0
    outer loop
      vertex 51.4869 120.992 5.72205e-07
      vertex 51.5342 120.597 20.6
      vertex 51.5342 120.597 5.72205e-07
    endloop
  endfacet
  facet normal 0.780004 -0.625774 0
    outer loop
      vertex 50.3228 1.71888 12.5133
      vertex 50.5716 2.029 20.6
      vertex 50.3228 1.71888 20.6
    endloop
  endfacet
  facet normal 0.780004 -0.625774 0
    outer loop
      vertex 50.5716 2.029 20.6
      vertex 50.3228 1.71888 12.5133
      vertex 50.5716 2.029 11.0543
    endloop
  endfacet
  facet normal 0.827417 0.561588 0
    outer loop
      vertex 50.7949 122.842 20.6
      vertex 50.5716 123.171 5.72205e-07
      vertex 50.5716 123.171 20.6
    endloop
  endfacet
  facet normal 0.827417 0.561588 0
    outer loop
      vertex 50.5716 123.171 5.72205e-07
      vertex 50.7949 122.842 20.6
      vertex 50.7949 122.842 5.72205e-07
    endloop
  endfacet
  facet normal -0.510754 0.859727 0
    outer loop
      vertex -48.9343 124.595 5.72205e-07
      vertex -49.276 124.392 20.6
      vertex -48.9343 124.595 20.6
    endloop
  endfacet
  facet normal -0.510754 0.859727 0
    outer loop
      vertex -49.276 124.392 20.6
      vertex -48.9343 124.595 5.72205e-07
      vertex -49.276 124.392 5.72205e-07
    endloop
  endfacet
  facet normal 1 0 0
    outer loop
      vertex 51.55 120.2 20.6
      vertex 51.55 57.8779 8.35861
      vertex 51.55 120.2 5.72205e-07
    endloop
  endfacet
  facet normal 1 0 0
    outer loop
      vertex 51.55 120.2 20.6
      vertex 51.55 54.7232 12.8639
      vertex 51.55 57.8779 8.35861
    endloop
  endfacet
  facet normal 1 0 0
    outer loop
      vertex 51.55 54.7232 12.8639
      vertex 51.55 5.00001 20.6
      vertex 51.55 46.1221 6.84139
    endloop
  endfacet
  facet normal 1 -0 0
    outer loop
      vertex 51.55 5.00001 20.6
      vertex 51.55 54.7232 12.8639
      vertex 51.55 120.2 20.6
    endloop
  endfacet
  facet normal 1 -0 0
    outer loop
      vertex 51.55 49.2768 2.33606
      vertex 51.55 120.2 5.72205e-07
      vertex 51.55 57.8779 8.35861
    endloop
  endfacet
  facet normal 1 0 0
    outer loop
      vertex 51.55 5.00001 5.72205e-07
      vertex 51.55 46.1221 6.84139
      vertex 51.55 5.00001 20.6
    endloop
  endfacet
  facet normal 1 0 0
    outer loop
      vertex 51.55 49.2768 2.33606
      vertex 51.55 5.00001 5.72205e-07
      vertex 51.55 120.2 5.72205e-07
    endloop
  endfacet
  facet normal 1 0 0
    outer loop
      vertex 51.55 46.1221 6.84139
      vertex 51.55 5.00001 5.72205e-07
      vertex 51.55 49.2768 2.33606
    endloop
  endfacet
  facet normal 0.936612 -0.350368 0
    outer loop
      vertex 51.1598 3.06365 6.18665
      vertex 51.2991 3.43603 20.6
      vertex 51.1598 3.06365 20.6
    endloop
  endfacet
  facet normal 0.936612 -0.350368 0
    outer loop
      vertex 51.2991 3.43603 20.6
      vertex 51.1598 3.06365 6.18665
      vertex 51.2991 3.43603 4.43476
    endloop
  endfacet
  facet normal -0.754568 0.656222 0
    outer loop
      vertex -50.4503 123.329 5.72205e-07
      vertex -50.1894 123.629 20.6
      vertex -50.1894 123.629 5.72205e-07
    endloop
  endfacet
  facet normal -0.754568 0.656222 0
    outer loop
      vertex -50.1894 123.629 20.6
      vertex -50.4503 123.329 5.72205e-07
      vertex -50.4503 123.329 20.6
    endloop
  endfacet
  facet normal -0.804563 0.593868 0
    outer loop
      vertex -50.6865 123.009 5.72205e-07
      vertex -50.4503 123.329 20.6
      vertex -50.4503 123.329 5.72205e-07
    endloop
  endfacet
  facet normal -0.804563 0.593868 0
    outer loop
      vertex -50.4503 123.329 20.6
      vertex -50.6865 123.009 5.72205e-07
      vertex -50.6865 123.009 20.6
    endloop
  endfacet
  facet normal 0.999209 0.039767 0
    outer loop
      vertex 51.55 120.2 20.6
      vertex 51.5342 120.597 5.72205e-07
      vertex 51.5342 120.597 20.6
    endloop
  endfacet
  facet normal 0.999209 0.039767 0
    outer loop
      vertex 51.5342 120.597 5.72205e-07
      vertex 51.55 120.2 20.6
      vertex 51.55 120.2 5.72205e-07
    endloop
  endfacet
  facet normal -0.888203 0.45945 0
    outer loop
      vertex -51.0792 122.318 5.72205e-07
      vertex -50.8966 122.671 20.6
      vertex -50.8966 122.671 5.72205e-07
    endloop
  endfacet
  facet normal -0.888203 0.45945 0
    outer loop
      vertex -50.8966 122.671 20.6
      vertex -51.0792 122.318 5.72205e-07
      vertex -51.0792 122.318 20.6
    endloop
  endfacet
  facet normal 0.331952 0.943296 -0
    outer loop
      vertex 48.3943 124.847 5.72205e-07
      vertex 48.0192 124.979 20.6
      vertex 48.3943 124.847 20.6
    endloop
  endfacet
  facet normal 0.331952 0.943296 0
    outer loop
      vertex 48.0192 124.979 20.6
      vertex 48.3943 124.847 5.72205e-07
      vertex 48.0192 124.979 5.72205e-07
    endloop
  endfacet
  facet normal 0.670036 0.742329 -0
    outer loop
      vertex 50.0502 123.771 5.72205e-07
      vertex 49.7555 124.037 20.6
      vertex 50.0502 123.771 20.6
    endloop
  endfacet
  facet normal 0.670036 0.742329 0
    outer loop
      vertex 49.7555 124.037 20.6
      vertex 50.0502 123.771 5.72205e-07
      vertex 49.7555 124.037 5.72205e-07
    endloop
  endfacet
  facet normal 0.476794 -0.879015 0
    outer loop
      vertex 48.7577 0.513818 18.1827
      vertex 49.1072 0.703393 20.6
      vertex 48.7577 0.513818 20.6
    endloop
  endfacet
  facet normal 0.476794 -0.879015 0
    outer loop
      vertex 49.1072 0.703393 20.6
      vertex 48.7577 0.513818 18.1827
      vertex 49.1072 0.703393 17.2908
    endloop
  endfacet
  facet normal -0.294263 0.955725 0
    outer loop
      vertex -47.8281 125.034 5.72205e-07
      vertex -48.2081 124.917 20.6
      vertex -47.8281 125.034 20.6
    endloop
  endfacet
  facet normal -0.294263 0.955725 0
    outer loop
      vertex -48.2081 124.917 20.6
      vertex -47.8281 125.034 5.72205e-07
      vertex -48.2081 124.917 5.72205e-07
    endloop
  endfacet
  facet normal 0.545291 -0.838247 0
    outer loop
      vertex 49.1072 0.703393 17.2908
      vertex 49.4404 0.920144 20.6
      vertex 49.1072 0.703393 20.6
    endloop
  endfacet
  facet normal 0.545291 -0.838247 0
    outer loop
      vertex 49.4404 0.920144 20.6
      vertex 49.1072 0.703393 17.2908
      vertex 49.4404 0.920144 16.2711
    endloop
  endfacet
  facet normal -0.848965 -0.528449 0
    outer loop
      vertex -50.6865 2.19123 10.2911
      vertex -50.8966 2.52876 20.6
      vertex -50.8966 2.52876 8.70314
    endloop
  endfacet
  facet normal -0.848965 -0.528449 0
    outer loop
      vertex -50.8966 2.52876 20.6
      vertex -50.6865 2.19123 10.2911
      vertex -50.6865 2.19123 20.6
    endloop
  endfacet
  facet normal -0.971605 0.236608 0
    outer loop
      vertex -51.4515 121.188 5.72205e-07
      vertex -51.3575 121.574 20.6
      vertex -51.3575 121.574 5.72205e-07
    endloop
  endfacet
  facet normal -0.971605 0.236608 0
    outer loop
      vertex -51.3575 121.574 20.6
      vertex -51.4515 121.188 5.72205e-07
      vertex -51.4515 121.188 20.6
    endloop
  endfacet
  facet normal -0.441544 -0.89724 0
    outer loop
      vertex -48.9343 0.605126 20.6
      vertex -48.5776 0.429589 18.5789
      vertex -48.5776 0.429589 20.6
    endloop
  endfacet
  facet normal -0.441544 -0.89724 0
    outer loop
      vertex -48.5776 0.429589 18.5789
      vertex -48.9343 0.605126 20.6
      vertex -48.9343 0.605126 17.7531
    endloop
  endfacet
  facet normal 0.545731 0.837961 -0
    outer loop
      vertex 49.4404 124.28 5.72205e-07
      vertex 49.1072 124.497 20.6
      vertex 49.4404 124.28 20.6
    endloop
  endfacet
  facet normal 0.545731 0.837961 0
    outer loop
      vertex 49.1072 124.497 20.6
      vertex 49.4404 124.28 5.72205e-07
      vertex 49.1072 124.497 5.72205e-07
    endloop
  endfacet
  facet normal -0.511384 -0.859352 0
    outer loop
      vertex -49.276 0.808465 20.6
      vertex -48.9343 0.605126 17.7531
      vertex -48.9343 0.605126 20.6
    endloop
  endfacet
  facet normal -0.511384 -0.859352 0
    outer loop
      vertex -48.9343 0.605126 17.7531
      vertex -49.276 0.808465 20.6
      vertex -49.276 0.808465 16.7965
    endloop
  endfacet
  facet normal 0.671144 -0.741327 0
    outer loop
      vertex 49.7555 1.1627 15.1299
      vertex 50.0502 1.4295 20.6
      vertex 49.7555 1.1627 20.6
    endloop
  endfacet
  facet normal 0.671144 -0.741327 0
    outer loop
      vertex 50.0502 1.4295 20.6
      vertex 49.7555 1.1627 15.1299
      vertex 50.0502 1.4295 13.8747
    endloop
  endfacet
  facet normal 0.331618 -0.943414 0
    outer loop
      vertex 48.0192 0.220742 19.5615
      vertex 48.3943 0.352593 20.6
      vertex 48.0192 0.220742 20.6
    endloop
  endfacet
  facet normal 0.331618 -0.943414 0
    outer loop
      vertex 48.3943 0.352593 20.6
      vertex 48.0192 0.220742 19.5615
      vertex 48.3943 0.352593 18.9412
    endloop
  endfacet
  facet normal 0.961486 0.274854 0
    outer loop
      vertex 51.4083 121.382 20.6
      vertex 51.2991 121.764 5.72205e-07
      vertex 51.2991 121.764 20.6
    endloop
  endfacet
  facet normal 0.961486 0.274854 0
    outer loop
      vertex 51.2991 121.764 5.72205e-07
      vertex 51.4083 121.382 20.6
      vertex 51.4083 121.382 5.72205e-07
    endloop
  endfacet
  facet normal 0.936495 0.350682 0
    outer loop
      vertex 51.2991 121.764 20.6
      vertex 51.1598 122.136 5.72205e-07
      vertex 51.1598 122.136 20.6
    endloop
  endfacet
  facet normal 0.936495 0.350682 0
    outer loop
      vertex 51.1598 122.136 5.72205e-07
      vertex 51.2991 121.764 20.6
      vertex 51.2991 121.764 5.72205e-07
    endloop
  endfacet
  facet normal -0.921934 -0.387346 0
    outer loop
      vertex -51.0792 2.88191 7.0417
      vertex -51.2332 3.24845 20.6
      vertex -51.2332 3.24845 5.31723
    endloop
  endfacet
  facet normal -0.921934 -0.387346 0
    outer loop
      vertex -51.2332 3.24845 20.6
      vertex -51.0792 2.88191 7.0417
      vertex -51.0792 2.88191 20.6
    endloop
  endfacet
  facet normal -0.949861 -0.312671 0
    outer loop
      vertex -51.2332 3.24845 5.31723
      vertex -51.3575 3.62606 20.6
      vertex -51.3575 3.62606 3.54072
    endloop
  endfacet
  facet normal -0.949861 -0.312671 0
    outer loop
      vertex -51.3575 3.62606 20.6
      vertex -51.2332 3.24845 5.31723
      vertex -51.2332 3.24845 20.6
    endloop
  endfacet
  facet normal -0.996851 0.079295 0
    outer loop
      vertex -51.546 120.399 5.72205e-07
      vertex -51.5145 120.795 20.6
      vertex -51.5145 120.795 5.72205e-07
    endloop
  endfacet
  facet normal -0.996851 0.079295 0
    outer loop
      vertex -51.5145 120.795 20.6
      vertex -51.546 120.399 5.72205e-07
      vertex -51.546 120.399 20.6
    endloop
  endfacet
  facet normal -0.293851 -0.955851 0
    outer loop
      vertex -48.2081 0.282937 20.6
      vertex -47.8281 0.166116 19.8185
      vertex -47.8281 0.166116 20.6
    endloop
  endfacet
  facet normal -0.293851 -0.955851 0
    outer loop
      vertex -47.8281 0.166116 19.8185
      vertex -48.2081 0.282937 20.6
      vertex -48.2081 0.282937 19.2689
    endloop
  endfacet
  facet normal 0.255649 -0.96677 0
    outer loop
      vertex 47.6349 0.119119 20.0396
      vertex 48.0192 0.220742 20.6
      vertex 47.6349 0.119119 20.6
    endloop
  endfacet
  facet normal 0.255649 -0.96677 0
    outer loop
      vertex 48.0192 0.220742 20.6
      vertex 47.6349 0.119119 20.0396
      vertex 48.0192 0.220742 19.5615
    endloop
  endfacet
  facet normal -0.700054 -0.71409 0
    outer loop
      vertex -50.1894 1.57148 20.6
      vertex -49.9055 1.29316 14.5162
      vertex -49.9055 1.29316 20.6
    endloop
  endfacet
  facet normal -0.700054 -0.71409 0
    outer loop
      vertex -49.9055 1.29316 14.5162
      vertex -50.1894 1.57148 20.6
      vertex -50.1894 1.57148 13.2068
    endloop
  endfacet
  facet normal 0.905797 0.423712 0
    outer loop
      vertex 51.1598 122.136 20.6
      vertex 50.9914 122.496 5.72205e-07
      vertex 50.9914 122.496 20.6
    endloop
  endfacet
  facet normal 0.905797 0.423712 0
    outer loop
      vertex 50.9914 122.496 5.72205e-07
      vertex 51.1598 122.136 20.6
      vertex 51.1598 122.136 5.72205e-07
    endloop
  endfacet
  facet normal 0.98029 0.197566 0
    outer loop
      vertex 51.4869 120.992 20.6
      vertex 51.4083 121.382 5.72205e-07
      vertex 51.4083 121.382 20.6
    endloop
  endfacet
  facet normal 0.98029 0.197566 0
    outer loop
      vertex 51.4083 121.382 5.72205e-07
      vertex 51.4869 120.992 20.6
      vertex 51.4869 120.992 5.72205e-07
    endloop
  endfacet
  facet normal 0.727896 -0.685688 0
    outer loop
      vertex 50.0502 1.4295 13.8747
      vertex 50.3228 1.71888 20.6
      vertex 50.0502 1.4295 20.6
    endloop
  endfacet
  facet normal 0.727896 -0.685688 0
    outer loop
      vertex 50.3228 1.71888 20.6
      vertex 50.0502 1.4295 13.8747
      vertex 50.3228 1.71888 12.5133
    endloop
  endfacet
  facet normal -0.216963 -0.97618 0
    outer loop
      vertex -47.8281 0.166116 20.6
      vertex -47.44 0.0798578 20.2243
      vertex -47.44 0.0798578 20.6
    endloop
  endfacet
  facet normal -0.216963 -0.97618 0
    outer loop
      vertex -47.44 0.0798578 20.2243
      vertex -47.8281 0.166116 20.6
      vertex -47.8281 0.166116 19.8185
    endloop
  endfacet
  facet normal -0.0603584 0.998177 0
    outer loop
      vertex -46.6494 125.199 5.72205e-07
      vertex -47.0463 125.175 20.6
      vertex -46.6494 125.199 20.6
    endloop
  endfacet
  facet normal -0.0603584 0.998177 0
    outer loop
      vertex -47.0463 125.175 20.6
      vertex -46.6494 125.199 5.72205e-07
      vertex -47.0463 125.175 5.72205e-07
    endloop
  endfacet
  facet normal 0.980263 -0.197698 0
    outer loop
      vertex 51.4083 3.81829 2.63635
      vertex 51.4869 4.20802 20.6
      vertex 51.4083 3.81829 20.6
    endloop
  endfacet
  facet normal 0.980263 -0.197698 0
    outer loop
      vertex 51.4869 4.20802 20.6
      vertex 51.4083 3.81829 2.63635
      vertex 51.4869 4.20802 0.802839
    endloop
  endfacet
  facet normal 0.610682 0.791876 -0
    outer loop
      vertex 49.7555 124.037 5.72205e-07
      vertex 49.4404 124.28 20.6
      vertex 49.7555 124.037 20.6
    endloop
  endfacet
  facet normal 0.610682 0.791876 0
    outer loop
      vertex 49.4404 124.28 20.6
      vertex 49.7555 124.037 5.72205e-07
      vertex 49.4404 124.28 5.72205e-07
    endloop
  endfacet
  facet normal -0.754557 -0.656235 0
    outer loop
      vertex -50.1894 1.57148 13.2068
      vertex -50.4503 1.87147 20.6
      vertex -50.4503 1.87147 11.7954
    endloop
  endfacet
  facet normal -0.754557 -0.656235 0
    outer loop
      vertex -50.4503 1.87147 20.6
      vertex -50.1894 1.57148 13.2068
      vertex -50.1894 1.57148 20.6
    endloop
  endfacet
  facet normal 0.609982 -0.792416 0
    outer loop
      vertex 49.4404 0.920144 16.2711
      vertex 49.7555 1.1627 20.6
      vertex 49.4404 0.920144 20.6
    endloop
  endfacet
  facet normal 0.609982 -0.792416 0
    outer loop
      vertex 49.7555 1.1627 20.6
      vertex 49.4404 0.920144 16.2711
      vertex 49.7555 1.1627 15.1299
    endloop
  endfacet
  facet normal 0.475675 0.879621 -0
    outer loop
      vertex 49.1072 124.497 5.72205e-07
      vertex 48.7577 124.686 20.6
      vertex 49.1072 124.497 20.6
    endloop
  endfacet
  facet normal 0.475675 0.879621 0
    outer loop
      vertex 48.7577 124.686 20.6
      vertex 49.1072 124.497 5.72205e-07
      vertex 48.7577 124.686 5.72205e-07
    endloop
  endfacet
  facet normal -0.641104 -0.767454 0
    outer loop
      vertex -49.9055 1.29316 20.6
      vertex -49.6004 1.03829 15.7152
      vertex -49.6004 1.03829 20.6
    endloop
  endfacet
  facet normal -0.641104 -0.767454 0
    outer loop
      vertex -49.6004 1.03829 15.7152
      vertex -49.9055 1.29316 20.6
      vertex -49.9055 1.29316 14.5162
    endloop
  endfacet
  facet normal 0.869321 -0.494247 0
    outer loop
      vertex 50.7949 2.3579 9.50694
      vertex 50.9914 2.70352 20.6
      vertex 50.7949 2.3579 20.6
    endloop
  endfacet
  facet normal 0.869321 -0.494247 0
    outer loop
      vertex 50.9914 2.70352 20.6
      vertex 50.7949 2.3579 9.50694
      vertex 50.9914 2.70352 7.88096
    endloop
  endfacet
  facet normal -0.699644 0.714492 0
    outer loop
      vertex -49.9055 123.907 5.72205e-07
      vertex -50.1894 123.629 20.6
      vertex -49.9055 123.907 20.6
    endloop
  endfacet
  facet normal -0.699644 0.714492 0
    outer loop
      vertex -50.1894 123.629 20.6
      vertex -49.9055 123.907 5.72205e-07
      vertex -50.1894 123.629 5.72205e-07
    endloop
  endfacet
  facet normal -0.80435 -0.594156 0
    outer loop
      vertex -50.4503 1.87147 11.7954
      vertex -50.6865 2.19123 20.6
      vertex -50.6865 2.19123 10.2911
    endloop
  endfacet
  facet normal -0.80435 -0.594156 0
    outer loop
      vertex -50.6865 2.19123 20.6
      vertex -50.4503 1.87147 11.7954
      vertex -50.4503 1.87147 20.6
    endloop
  endfacet
  facet normal -0.949957 0.31238 0
    outer loop
      vertex -51.3575 121.574 5.72205e-07
      vertex -51.2332 121.952 20.6
      vertex -51.2332 121.952 5.72205e-07
    endloop
  endfacet
  facet normal -0.949957 0.31238 0
    outer loop
      vertex -51.2332 121.952 20.6
      vertex -51.3575 121.574 5.72205e-07
      vertex -51.3575 121.574 20.6
    endloop
  endfacet
  facet normal 0.905856 -0.423586 0
    outer loop
      vertex 50.9914 2.70352 7.88096
      vertex 51.1598 3.06365 20.6
      vertex 50.9914 2.70352 20.6
    endloop
  endfacet
  facet normal 0.905856 -0.423586 0
    outer loop
      vertex 51.1598 3.06365 20.6
      vertex 50.9914 2.70352 7.88096
      vertex 51.1598 3.06365 6.18665
    endloop
  endfacet
  facet normal 0.728628 0.68491 0
    outer loop
      vertex 50.3228 123.481 20.6
      vertex 50.0502 123.771 5.72205e-07
      vertex 50.0502 123.771 20.6
    endloop
  endfacet
  facet normal 0.728628 0.68491 0
    outer loop
      vertex 50.0502 123.771 5.72205e-07
      vertex 50.3228 123.481 20.6
      vertex 50.3228 123.481 5.72205e-07
    endloop
  endfacet
  facet normal -0.138753 -0.990327 0
    outer loop
      vertex -47.44 0.0798578 20.6
      vertex -47.0463 0.0246973 20.4838
      vertex -47.0463 0.0246973 20.6
    endloop
  endfacet
  facet normal -0.138753 -0.990327 0
    outer loop
      vertex -47.0463 0.0246973 20.4838
      vertex -47.44 0.0798578 20.6
      vertex -47.44 0.0798578 20.2243
    endloop
  endfacet
  facet normal 0.827338 -0.561704 0
    outer loop
      vertex 50.5716 2.029 11.0543
      vertex 50.7949 2.3579 20.6
      vertex 50.5716 2.029 20.6
    endloop
  endfacet
  facet normal 0.827338 -0.561704 0
    outer loop
      vertex 50.7949 2.3579 20.6
      vertex 50.5716 2.029 11.0543
      vertex 50.7949 2.3579 9.50694
    endloop
  endfacet
  facet normal -0.3689 -0.929469 0
    outer loop
      vertex -48.5776 0.429589 20.6
      vertex -48.2081 0.282937 19.2689
      vertex -48.2081 0.282937 20.6
    endloop
  endfacet
  facet normal -0.3689 -0.929469 0
    outer loop
      vertex -48.2081 0.282937 19.2689
      vertex -48.5776 0.429589 20.6
      vertex -48.5776 0.429589 18.5789
    endloop
  endfacet
  facet normal -0.138357 0.990382 0
    outer loop
      vertex -47.0463 125.175 5.72205e-07
      vertex -47.44 125.12 20.6
      vertex -47.0463 125.175 20.6
    endloop
  endfacet
  facet normal -0.138357 0.990382 0
    outer loop
      vertex -47.44 125.12 20.6
      vertex -47.0463 125.175 5.72205e-07
      vertex -47.44 125.12 5.72205e-07
    endloop
  endfacet
  facet normal 0.405537 -0.914078 0
    outer loop
      vertex 48.3943 0.352593 18.9412
      vertex 48.7577 0.513818 20.6
      vertex 48.3943 0.352593 20.6
    endloop
  endfacet
  facet normal 0.405537 -0.914078 0
    outer loop
      vertex 48.7577 0.513818 20.6
      vertex 48.3943 0.352593 18.9412
      vertex 48.7577 0.513818 18.1827
    endloop
  endfacet
  facet normal -0.440456 0.897774 0
    outer loop
      vertex -48.5776 124.77 5.72205e-07
      vertex -48.9343 124.595 20.6
      vertex -48.5776 124.77 20.6
    endloop
  endfacet
  facet normal -0.440456 0.897774 0
    outer loop
      vertex -48.9343 124.595 20.6
      vertex -48.5776 124.77 5.72205e-07
      vertex -48.9343 124.595 5.72205e-07
    endloop
  endfacet
  facet normal -0.57838 0.815767 0
    outer loop
      vertex -49.276 124.392 5.72205e-07
      vertex -49.6004 124.162 20.6
      vertex -49.276 124.392 20.6
    endloop
  endfacet
  facet normal -0.57838 0.815767 0
    outer loop
      vertex -49.6004 124.162 20.6
      vertex -49.276 124.392 5.72205e-07
      vertex -49.6004 124.162 5.72205e-07
    endloop
  endfacet
  facet normal 0.992897 -0.118975 0
    outer loop
      vertex 51.4869 4.20802 0.802839
      vertex 51.5342 4.60276 5.72205e-07
      vertex 51.5342 4.60276 20.6
    endloop
  endfacet
  facet normal 0.992897 -0.118975 0
    outer loop
      vertex 51.4869 4.20802 0.802839
      vertex 51.5342 4.60276 20.6
      vertex 51.4869 4.20802 20.6
    endloop
  endfacet
  facet normal 0.992873 -0.11918 -0.000102512
    outer loop
      vertex 51.5342 4.60276 5.72205e-07
      vertex 51.4869 4.20802 0.802839
      vertex 51.5073 4.37866 5.72205e-07
    endloop
  endfacet
  facet normal 0 0 -1
    outer loop
      vertex -51.546 40.23 5.72205e-07
      vertex -44.1424 114.399 5.72205e-07
      vertex -44.1424 40.23 5.72205e-07
    endloop
  endfacet
  facet normal 0 0 -1
    outer loop
      vertex -44.1424 114.399 5.72205e-07
      vertex -46.5709 118.821 5.72205e-07
      vertex -46.5 119.2 5.72205e-07
    endloop
  endfacet
  facet normal 0 0 -1
    outer loop
      vertex -44.1424 114.399 5.72205e-07
      vertex -46.774 118.493 5.72205e-07
      vertex -46.5709 118.821 5.72205e-07
    endloop
  endfacet
  facet normal 0 0 -1
    outer loop
      vertex -44.1424 114.399 5.72205e-07
      vertex -47.082 118.26 5.72205e-07
      vertex -46.774 118.493 5.72205e-07
    endloop
  endfacet
  facet normal 0 0 -1
    outer loop
      vertex -44.1424 114.399 5.72205e-07
      vertex -47.4531 118.154 5.72205e-07
      vertex -47.082 118.26 5.72205e-07
    endloop
  endfacet
  facet normal 0 0 -1
    outer loop
      vertex -51.546 120.399 5.72205e-07
      vertex -44.1424 114.399 5.72205e-07
      vertex -51.546 40.23 5.72205e-07
    endloop
  endfacet
  facet normal 0 0 -1
    outer loop
      vertex -44.1424 114.399 5.72205e-07
      vertex -47.8373 118.19 5.72205e-07
      vertex -47.4531 118.154 5.72205e-07
    endloop
  endfacet
  facet normal 0 0 -1
    outer loop
      vertex -44.1424 114.399 5.72205e-07
      vertex -48.1828 118.362 5.72205e-07
      vertex -47.8373 118.19 5.72205e-07
    endloop
  endfacet
  facet normal 0 0 -1
    outer loop
      vertex -44.1424 114.399 5.72205e-07
      vertex -51.546 120.399 5.72205e-07
      vertex -48.1828 118.362 5.72205e-07
    endloop
  endfacet
  facet normal 0 0 -1
    outer loop
      vertex -51.546 120.399 5.72205e-07
      vertex -48.5821 119.393 5.72205e-07
      vertex -48.5821 119.007 5.72205e-07
    endloop
  endfacet
  facet normal 0 0 -1
    outer loop
      vertex -48.1828 118.362 5.72205e-07
      vertex -51.546 120.399 5.72205e-07
      vertex -48.4427 118.647 5.72205e-07
    endloop
  endfacet
  facet normal 0 0 -1
    outer loop
      vertex -48.5821 119.393 5.72205e-07
      vertex -51.546 120.399 5.72205e-07
      vertex -51.5145 120.795 5.72205e-07
    endloop
  endfacet
  facet normal 0 0 -1
    outer loop
      vertex -48.5821 119.393 5.72205e-07
      vertex -49.276 124.392 5.72205e-07
      vertex -48.9343 124.595 5.72205e-07
    endloop
  endfacet
  facet normal 0 0 -1
    outer loop
      vertex -48.5821 119.393 5.72205e-07
      vertex -49.6004 124.162 5.72205e-07
      vertex -49.276 124.392 5.72205e-07
    endloop
  endfacet
  facet normal 0 0 -1
    outer loop
      vertex -48.5821 119.393 5.72205e-07
      vertex -49.9055 123.907 5.72205e-07
      vertex -49.6004 124.162 5.72205e-07
    endloop
  endfacet
  facet normal 0 0 -1
    outer loop
      vertex -48.5821 119.393 5.72205e-07
      vertex -50.1894 123.629 5.72205e-07
      vertex -49.9055 123.907 5.72205e-07
    endloop
  endfacet
  facet normal 0 0 -1
    outer loop
      vertex -48.5821 119.393 5.72205e-07
      vertex -50.4503 123.329 5.72205e-07
      vertex -50.1894 123.629 5.72205e-07
    endloop
  endfacet
  facet normal 0 0 -1
    outer loop
      vertex -48.5821 119.393 5.72205e-07
      vertex -50.6865 123.009 5.72205e-07
      vertex -50.4503 123.329 5.72205e-07
    endloop
  endfacet
  facet normal 0 0 -1
    outer loop
      vertex -48.5821 119.393 5.72205e-07
      vertex -50.8966 122.671 5.72205e-07
      vertex -50.6865 123.009 5.72205e-07
    endloop
  endfacet
  facet normal 0 0 -1
    outer loop
      vertex -48.5821 119.393 5.72205e-07
      vertex -51.0792 122.318 5.72205e-07
      vertex -50.8966 122.671 5.72205e-07
    endloop
  endfacet
  facet normal 0 0 -1
    outer loop
      vertex -48.5821 119.393 5.72205e-07
      vertex -51.2332 121.952 5.72205e-07
      vertex -51.0792 122.318 5.72205e-07
    endloop
  endfacet
  facet normal 0 0 -1
    outer loop
      vertex -48.5821 119.393 5.72205e-07
      vertex -51.3575 121.574 5.72205e-07
      vertex -51.2332 121.952 5.72205e-07
    endloop
  endfacet
  facet normal 0 0 -1
    outer loop
      vertex -48.5821 119.393 5.72205e-07
      vertex -51.4515 121.188 5.72205e-07
      vertex -51.3575 121.574 5.72205e-07
    endloop
  endfacet
  facet normal 0 0 -1
    outer loop
      vertex -48.4427 118.647 5.72205e-07
      vertex -51.546 120.399 5.72205e-07
      vertex -48.5821 119.007 5.72205e-07
    endloop
  endfacet
  facet normal 0 0 -1
    outer loop
      vertex -48.5821 119.393 5.72205e-07
      vertex -51.5145 120.795 5.72205e-07
      vertex -51.4515 121.188 5.72205e-07
    endloop
  endfacet
  facet normal 0 0 -1
    outer loop
      vertex 51.55 5.00001 5.72205e-07
      vertex 48.326 9.20738 5.72205e-07
      vertex 51.55 120.2 5.72205e-07
    endloop
  endfacet
  facet normal 0 0 -1
    outer loop
      vertex 51.55 120.2 5.72205e-07
      vertex 48.5291 118.821 5.72205e-07
      vertex 48.6 119.2 5.72205e-07
    endloop
  endfacet
  facet normal 0 0 -1
    outer loop
      vertex 48.018 9.43992 5.72205e-07
      vertex 51.55 120.2 5.72205e-07
      vertex 48.326 9.20738 5.72205e-07
    endloop
  endfacet
  facet normal 0 0 -1
    outer loop
      vertex 51.55 120.2 5.72205e-07
      vertex 48.326 118.493 5.72205e-07
      vertex 48.5291 118.821 5.72205e-07
    endloop
  endfacet
  facet normal 0 0 -1
    outer loop
      vertex 48.018 118.26 5.72205e-07
      vertex 51.55 120.2 5.72205e-07
      vertex 48.018 9.43992 5.72205e-07
    endloop
  endfacet
  facet normal 0 0 -1
    outer loop
      vertex 51.55 120.2 5.72205e-07
      vertex 48.018 118.26 5.72205e-07
      vertex 48.326 118.493 5.72205e-07
    endloop
  endfacet
  facet normal 0 0 -1
    outer loop
      vertex 47.6469 9.54552 5.72205e-07
      vertex 48.018 118.26 5.72205e-07
      vertex 48.018 9.43992 5.72205e-07
    endloop
  endfacet
  facet normal 0 0 -1
    outer loop
      vertex 47.6469 9.54552 5.72205e-07
      vertex 47.6469 118.154 5.72205e-07
      vertex 48.018 118.26 5.72205e-07
    endloop
  endfacet
  facet normal 0 0 -1
    outer loop
      vertex 36.75 14 5.72205e-07
      vertex 47.6469 9.54552 5.72205e-07
      vertex 47.2627 9.50992 5.72205e-07
    endloop
  endfacet
  facet normal 0 0 -1
    outer loop
      vertex 47.6469 9.54552 5.72205e-07
      vertex 36.75 14 5.72205e-07
      vertex 47.6469 118.154 5.72205e-07
    endloop
  endfacet
  facet normal 0 0 -1
    outer loop
      vertex 36.75 14 5.72205e-07
      vertex 47.2627 9.50992 5.72205e-07
      vertex 46.9172 9.33792 5.72205e-07
    endloop
  endfacet
  facet normal 0 0 -1
    outer loop
      vertex 36.75 114.2 5.72205e-07
      vertex 47.6469 118.154 5.72205e-07
      vertex 36.75 14 5.72205e-07
    endloop
  endfacet
  facet normal 0 0 -1
    outer loop
      vertex 36.7195 13.6031 5.72205e-07
      vertex 46.9172 9.33792 5.72205e-07
      vertex 46.6573 9.05275 5.72205e-07
    endloop
  endfacet
  facet normal -0 0 -1
    outer loop
      vertex 47.6469 118.154 5.72205e-07
      vertex 36.75 114.2 5.72205e-07
      vertex 47.2627 118.19 5.72205e-07
    endloop
  endfacet
  facet normal 0 0 -1
    outer loop
      vertex 36.48 12.8463 5.72205e-07
      vertex 46.6573 9.05275 5.72205e-07
      vertex 46.5179 8.69294 5.72205e-07
    endloop
  endfacet
  facet normal -0 0 -1
    outer loop
      vertex 47.2627 118.19 5.72205e-07
      vertex 36.75 114.2 5.72205e-07
      vertex 46.9172 118.362 5.72205e-07
    endloop
  endfacet
  facet normal 0 0 -1
    outer loop
      vertex 48.018 7.56008 5.72205e-07
      vertex 51.55 5.00001 5.72205e-07
      vertex 51.5342 4.60276 5.72205e-07
    endloop
  endfacet
  facet normal 0 0 -1
    outer loop
      vertex 48.5291 8.8793 5.72205e-07
      vertex 51.55 5.00001 5.72205e-07
      vertex 48.6 8.5 5.72205e-07
    endloop
  endfacet
  facet normal 0 0 -1
    outer loop
      vertex 48.018 7.56008 5.72205e-07
      vertex 51.5342 4.60276 5.72205e-07
      vertex 51.5073 4.37866 5.72205e-07
    endloop
  endfacet
  facet normal 0 0 -1
    outer loop
      vertex 48.326 9.20738 5.72205e-07
      vertex 51.55 5.00001 5.72205e-07
      vertex 48.5291 8.8793 5.72205e-07
    endloop
  endfacet
  facet normal 0 0 -1
    outer loop
      vertex 48.5291 119.579 5.72205e-07
      vertex 51.55 120.2 5.72205e-07
      vertex 48.6 119.2 5.72205e-07
    endloop
  endfacet
  facet normal -0 0 -1
    outer loop
      vertex 51.55 120.2 5.72205e-07
      vertex 48.5291 119.579 5.72205e-07
      vertex 51.5342 120.597 5.72205e-07
    endloop
  endfacet
  facet normal -0 0 -1
    outer loop
      vertex 51.5342 120.597 5.72205e-07
      vertex 48.5291 119.579 5.72205e-07
      vertex 51.4869 120.992 5.72205e-07
    endloop
  endfacet
  facet normal 0 0 -1
    outer loop
      vertex 48.326 119.907 5.72205e-07
      vertex 51.4869 120.992 5.72205e-07
      vertex 48.5291 119.579 5.72205e-07
    endloop
  endfacet
  facet normal -0 0 -1
    outer loop
      vertex 51.4869 120.992 5.72205e-07
      vertex 48.326 119.907 5.72205e-07
      vertex 51.4083 121.382 5.72205e-07
    endloop
  endfacet
  facet normal -0 0 -1
    outer loop
      vertex 51.2991 121.764 5.72205e-07
      vertex 48.326 119.907 5.72205e-07
      vertex 51.1598 122.136 5.72205e-07
    endloop
  endfacet
  facet normal -0 0 -1
    outer loop
      vertex 51.1598 122.136 5.72205e-07
      vertex 48.326 119.907 5.72205e-07
      vertex 50.9914 122.496 5.72205e-07
    endloop
  endfacet
  facet normal 0 0 -1
    outer loop
      vertex 48.018 120.14 5.72205e-07
      vertex 50.9914 122.496 5.72205e-07
      vertex 48.326 119.907 5.72205e-07
    endloop
  endfacet
  facet normal -0 0 -1
    outer loop
      vertex 50.9914 122.496 5.72205e-07
      vertex 48.018 120.14 5.72205e-07
      vertex 50.7949 122.842 5.72205e-07
    endloop
  endfacet
  facet normal -0 0 -1
    outer loop
      vertex 50.7949 122.842 5.72205e-07
      vertex 48.018 120.14 5.72205e-07
      vertex 50.5716 123.171 5.72205e-07
    endloop
  endfacet
  facet normal -0 0 -1
    outer loop
      vertex 50.5716 123.171 5.72205e-07
      vertex 48.018 120.14 5.72205e-07
      vertex 50.3228 123.481 5.72205e-07
    endloop
  endfacet
  facet normal -0 0 -1
    outer loop
      vertex 50.3228 123.481 5.72205e-07
      vertex 48.018 120.14 5.72205e-07
      vertex 50.0502 123.771 5.72205e-07
    endloop
  endfacet
  facet normal -0 0 -1
    outer loop
      vertex 51.4083 121.382 5.72205e-07
      vertex 48.326 119.907 5.72205e-07
      vertex 51.2991 121.764 5.72205e-07
    endloop
  endfacet
  facet normal 0 0 -1
    outer loop
      vertex 51.55 5.00001 5.72205e-07
      vertex 48.5291 8.1207 5.72205e-07
      vertex 48.6 8.5 5.72205e-07
    endloop
  endfacet
  facet normal 0 0 -1
    outer loop
      vertex 51.55 5.00001 5.72205e-07
      vertex 48.326 7.79262 5.72205e-07
      vertex 48.5291 8.1207 5.72205e-07
    endloop
  endfacet
  facet normal 0 0 -1
    outer loop
      vertex 51.55 5.00001 5.72205e-07
      vertex 48.018 7.56008 5.72205e-07
      vertex 48.326 7.79262 5.72205e-07
    endloop
  endfacet
  facet normal 0 0 -1
    outer loop
      vertex 51.5073 4.37866 5.72205e-07
      vertex 47.6469 7.45448 5.72205e-07
      vertex 48.018 7.56008 5.72205e-07
    endloop
  endfacet
  facet normal 0 0 -1
    outer loop
      vertex 51.5073 4.37866 5.72205e-07
      vertex 47.2627 7.49008 5.72205e-07
      vertex 47.6469 7.45448 5.72205e-07
    endloop
  endfacet
  facet normal 0 0 -1
    outer loop
      vertex 51.5073 4.37866 5.72205e-07
      vertex 46.9172 7.66208 5.72205e-07
      vertex 47.2627 7.49008 5.72205e-07
    endloop
  endfacet
  facet normal 0 0 -1
    outer loop
      vertex 36.0233 12.1971 5.72205e-07
      vertex 46.5179 8.69294 5.72205e-07
      vertex 46.5179 8.30706 5.72205e-07
    endloop
  endfacet
  facet normal -0 0 -1
    outer loop
      vertex 46.9172 118.362 5.72205e-07
      vertex 36.75 114.2 5.72205e-07
      vertex 46.6573 118.647 5.72205e-07
    endloop
  endfacet
  facet normal 0 0 -1
    outer loop
      vertex 36.7195 114.597 5.72205e-07
      vertex 46.6573 118.647 5.72205e-07
      vertex 36.75 114.2 5.72205e-07
    endloop
  endfacet
  facet normal 0 0 -1
    outer loop
      vertex 36.6288 114.984 5.72205e-07
      vertex 46.6573 118.647 5.72205e-07
      vertex 36.7195 114.597 5.72205e-07
    endloop
  endfacet
  facet normal 0 0 -1
    outer loop
      vertex 35.3921 11.7159 5.72205e-07
      vertex 46.5179 8.30706 5.72205e-07
      vertex 46.6573 7.94725 5.72205e-07
    endloop
  endfacet
  facet normal 0 0 -1
    outer loop
      vertex 34.645 11.4476 5.72205e-07
      vertex 46.6573 7.94725 5.72205e-07
      vertex 46.9172 7.66208 5.72205e-07
    endloop
  endfacet
  facet normal 0 0 -1
    outer loop
      vertex 34.2496 11.4019 5.72205e-07
      vertex 46.9172 7.66208 5.72205e-07
      vertex 51.5073 4.37866 5.72205e-07
    endloop
  endfacet
  facet normal 0 0 -1
    outer loop
      vertex 46.9172 9.33792 5.72205e-07
      vertex 36.7195 13.6031 5.72205e-07
      vertex 36.75 14 5.72205e-07
    endloop
  endfacet
  facet normal 0 0 -1
    outer loop
      vertex 46.6573 9.05275 5.72205e-07
      vertex 36.6288 13.2155 5.72205e-07
      vertex 36.7195 13.6031 5.72205e-07
    endloop
  endfacet
  facet normal 0 0 -1
    outer loop
      vertex 46.6573 9.05275 5.72205e-07
      vertex 36.48 12.8463 5.72205e-07
      vertex 36.6288 13.2155 5.72205e-07
    endloop
  endfacet
  facet normal 0 0 -1
    outer loop
      vertex 46.5179 8.69294 5.72205e-07
      vertex 36.2766 12.5042 5.72205e-07
      vertex 36.48 12.8463 5.72205e-07
    endloop
  endfacet
  facet normal 0 0 -1
    outer loop
      vertex 46.5179 8.69294 5.72205e-07
      vertex 36.0233 12.1971 5.72205e-07
      vertex 36.2766 12.5042 5.72205e-07
    endloop
  endfacet
  facet normal 0 0 -1
    outer loop
      vertex 46.5179 8.30706 5.72205e-07
      vertex 35.7262 11.9322 5.72205e-07
      vertex 36.0233 12.1971 5.72205e-07
    endloop
  endfacet
  facet normal 0 0 -1
    outer loop
      vertex 46.5179 8.30706 5.72205e-07
      vertex 35.3921 11.7159 5.72205e-07
      vertex 35.7262 11.9322 5.72205e-07
    endloop
  endfacet
  facet normal 0 0 -1
    outer loop
      vertex 46.6573 7.94725 5.72205e-07
      vertex 35.0288 11.553 5.72205e-07
      vertex 35.3921 11.7159 5.72205e-07
    endloop
  endfacet
  facet normal 0 0 -1
    outer loop
      vertex 46.6573 7.94725 5.72205e-07
      vertex 34.645 11.4476 5.72205e-07
      vertex 35.0288 11.553 5.72205e-07
    endloop
  endfacet
  facet normal 0 0 -1
    outer loop
      vertex 46.9172 7.66208 5.72205e-07
      vertex 34.2496 11.4019 5.72205e-07
      vertex 34.645 11.4476 5.72205e-07
    endloop
  endfacet
  facet normal 0 0 -1
    outer loop
      vertex -51.5102 4.37866 5.72205e-07
      vertex 34.2496 11.4019 5.72205e-07
      vertex 51.5073 4.37866 5.72205e-07
    endloop
  endfacet
  facet normal -0 0 -1
    outer loop
      vertex 34.2496 11.4019 5.72205e-07
      vertex -46.774 7.79262 5.72205e-07
      vertex -41.4504 11.4019 5.72205e-07
    endloop
  endfacet
  facet normal -0 0 -1
    outer loop
      vertex -43.7849 12.6714 5.72205e-07
      vertex -47.082 9.43992 5.72205e-07
      vertex -43.9615 13.0281 5.72205e-07
    endloop
  endfacet
  facet normal -0 0 -1
    outer loop
      vertex -43.5559 12.3458 5.72205e-07
      vertex -47.082 9.43992 5.72205e-07
      vertex -43.7849 12.6714 5.72205e-07
    endloop
  endfacet
  facet normal 0 0 -1
    outer loop
      vertex -47.082 9.43992 5.72205e-07
      vertex -43.5559 12.3458 5.72205e-07
      vertex -46.774 9.20738 5.72205e-07
    endloop
  endfacet
  facet normal -0 0 -1
    outer loop
      vertex -43.2798 12.059 5.72205e-07
      vertex -46.774 9.20738 5.72205e-07
      vertex -43.5559 12.3458 5.72205e-07
    endloop
  endfacet
  facet normal 0 0 -1
    outer loop
      vertex -46.774 9.20738 5.72205e-07
      vertex -43.2798 12.059 5.72205e-07
      vertex -46.5709 8.8793 5.72205e-07
    endloop
  endfacet
  facet normal -0 0 -1
    outer loop
      vertex -42.9633 11.8177 5.72205e-07
      vertex -46.5709 8.8793 5.72205e-07
      vertex -43.2798 12.059 5.72205e-07
    endloop
  endfacet
  facet normal -0 0 -1
    outer loop
      vertex -42.6136 11.6275 5.72205e-07
      vertex -46.5709 8.8793 5.72205e-07
      vertex -42.9633 11.8177 5.72205e-07
    endloop
  endfacet
  facet normal 0 0 -1
    outer loop
      vertex -46.5709 8.8793 5.72205e-07
      vertex -42.6136 11.6275 5.72205e-07
      vertex -46.5 8.5 5.72205e-07
    endloop
  endfacet
  facet normal -0 0 -1
    outer loop
      vertex -42.2389 11.4929 5.72205e-07
      vertex -46.5 8.5 5.72205e-07
      vertex -42.6136 11.6275 5.72205e-07
    endloop
  endfacet
  facet normal -0 0 -1
    outer loop
      vertex -41.8482 11.4172 5.72205e-07
      vertex -46.5 8.5 5.72205e-07
      vertex -42.2389 11.4929 5.72205e-07
    endloop
  endfacet
  facet normal 0 -0 -1
    outer loop
      vertex -46.5709 8.1207 5.72205e-07
      vertex -41.4504 11.4019 5.72205e-07
      vertex -46.774 7.79262 5.72205e-07
    endloop
  endfacet
  facet normal 0 0 -1
    outer loop
      vertex -41.8482 11.4172 5.72205e-07
      vertex -46.5709 8.1207 5.72205e-07
      vertex -46.5 8.5 5.72205e-07
    endloop
  endfacet
  facet normal -0 0 -1
    outer loop
      vertex -41.4504 11.4019 5.72205e-07
      vertex -46.5709 8.1207 5.72205e-07
      vertex -41.8482 11.4172 5.72205e-07
    endloop
  endfacet
  facet normal 0 0 -1
    outer loop
      vertex 34.2496 11.4019 5.72205e-07
      vertex -47.082 7.56008 5.72205e-07
      vertex -46.774 7.79262 5.72205e-07
    endloop
  endfacet
  facet normal 0 0 -1
    outer loop
      vertex 34.2496 11.4019 5.72205e-07
      vertex -51.5102 4.37866 5.72205e-07
      vertex -47.082 7.56008 5.72205e-07
    endloop
  endfacet
  facet normal -0 0 -1
    outer loop
      vertex -48.4427 7.94725 5.72205e-07
      vertex -51.546 4.80122 5.72205e-07
      vertex -48.5821 8.30706 5.72205e-07
    endloop
  endfacet
  facet normal -0 0 -1
    outer loop
      vertex -48.1828 7.66208 5.72205e-07
      vertex -51.546 4.80122 5.72205e-07
      vertex -48.4427 7.94725 5.72205e-07
    endloop
  endfacet
  facet normal -0 0 -1
    outer loop
      vertex -47.8373 7.49008 5.72205e-07
      vertex -51.546 4.80122 5.72205e-07
      vertex -48.1828 7.66208 5.72205e-07
    endloop
  endfacet
  facet normal 0 0 -1
    outer loop
      vertex -51.546 4.80122 5.72205e-07
      vertex -47.8373 7.49008 5.72205e-07
      vertex -51.5102 4.37866 5.72205e-07
    endloop
  endfacet
  facet normal -0 0 -1
    outer loop
      vertex -47.4531 7.45448 5.72205e-07
      vertex -51.5102 4.37866 5.72205e-07
      vertex -47.8373 7.49008 5.72205e-07
    endloop
  endfacet
  facet normal 0 0 -1
    outer loop
      vertex -47.082 7.56008 5.72205e-07
      vertex -51.5102 4.37866 5.72205e-07
      vertex -47.4531 7.45448 5.72205e-07
    endloop
  endfacet
  facet normal -0 0 -1
    outer loop
      vertex 50.0502 123.771 5.72205e-07
      vertex 48.018 120.14 5.72205e-07
      vertex 49.7555 124.037 5.72205e-07
    endloop
  endfacet
  facet normal 0 0 -1
    outer loop
      vertex 47.6469 120.246 5.72205e-07
      vertex 49.7555 124.037 5.72205e-07
      vertex 48.018 120.14 5.72205e-07
    endloop
  endfacet
  facet normal -0 0 -1
    outer loop
      vertex 49.7555 124.037 5.72205e-07
      vertex 47.6469 120.246 5.72205e-07
      vertex 49.4404 124.28 5.72205e-07
    endloop
  endfacet
  facet normal -0 0 -1
    outer loop
      vertex 49.4404 124.28 5.72205e-07
      vertex 47.6469 120.246 5.72205e-07
      vertex 49.1072 124.497 5.72205e-07
    endloop
  endfacet
  facet normal -0 0 -1
    outer loop
      vertex 49.1072 124.497 5.72205e-07
      vertex 47.6469 120.246 5.72205e-07
      vertex 48.7577 124.686 5.72205e-07
    endloop
  endfacet
  facet normal -0 0 -1
    outer loop
      vertex 48.7577 124.686 5.72205e-07
      vertex 47.6469 120.246 5.72205e-07
      vertex 48.3943 124.847 5.72205e-07
    endloop
  endfacet
  facet normal -0 0 -1
    outer loop
      vertex 48.3943 124.847 5.72205e-07
      vertex 47.6469 120.246 5.72205e-07
      vertex 48.0192 124.979 5.72205e-07
    endloop
  endfacet
  facet normal 0 0 -1
    outer loop
      vertex 47.2627 120.21 5.72205e-07
      vertex 48.0192 124.979 5.72205e-07
      vertex 47.6469 120.246 5.72205e-07
    endloop
  endfacet
  facet normal -0 0 -1
    outer loop
      vertex 48.0192 124.979 5.72205e-07
      vertex 47.2627 120.21 5.72205e-07
      vertex 47.6349 125.081 5.72205e-07
    endloop
  endfacet
  facet normal 0 0 -1
    outer loop
      vertex 47.2627 120.21 5.72205e-07
      vertex 47.2437 125.152 5.72205e-07
      vertex 47.6349 125.081 5.72205e-07
    endloop
  endfacet
  facet normal 0 0 -1
    outer loop
      vertex 46.4506 125.199 5.72205e-07
      vertex 47.2627 120.21 5.72205e-07
      vertex 46.9172 120.038 5.72205e-07
    endloop
  endfacet
  facet normal 0 0 -1
    outer loop
      vertex 47.2627 120.21 5.72205e-07
      vertex 46.8481 125.191 5.72205e-07
      vertex 47.2437 125.152 5.72205e-07
    endloop
  endfacet
  facet normal 0 0 -1
    outer loop
      vertex 46.4506 125.199 5.72205e-07
      vertex 46.9172 120.038 5.72205e-07
      vertex 46.6573 119.753 5.72205e-07
    endloop
  endfacet
  facet normal 0 0 -1
    outer loop
      vertex 46.4506 125.199 5.72205e-07
      vertex 46.6573 119.753 5.72205e-07
      vertex 46.5179 119.393 5.72205e-07
    endloop
  endfacet
  facet normal 0 0 -1
    outer loop
      vertex 47.2627 120.21 5.72205e-07
      vertex 46.4506 125.199 5.72205e-07
      vertex 46.8481 125.191 5.72205e-07
    endloop
  endfacet
  facet normal -0 0 -1
    outer loop
      vertex 46.6573 118.647 5.72205e-07
      vertex 36.6288 114.984 5.72205e-07
      vertex 46.5179 119.007 5.72205e-07
    endloop
  endfacet
  facet normal 0 0 -1
    outer loop
      vertex 36.48 115.354 5.72205e-07
      vertex 46.5179 119.007 5.72205e-07
      vertex 36.6288 114.984 5.72205e-07
    endloop
  endfacet
  facet normal 0 0 -1
    outer loop
      vertex 36.2766 115.696 5.72205e-07
      vertex 46.5179 119.007 5.72205e-07
      vertex 36.48 115.354 5.72205e-07
    endloop
  endfacet
  facet normal -0 0 -1
    outer loop
      vertex 46.5179 119.007 5.72205e-07
      vertex 36.2766 115.696 5.72205e-07
      vertex 46.5179 119.393 5.72205e-07
    endloop
  endfacet
  facet normal 0 0 -1
    outer loop
      vertex 36.0233 116.003 5.72205e-07
      vertex 46.5179 119.393 5.72205e-07
      vertex 36.2766 115.696 5.72205e-07
    endloop
  endfacet
  facet normal 0 0 -1
    outer loop
      vertex 35.7262 116.268 5.72205e-07
      vertex 46.5179 119.393 5.72205e-07
      vertex 36.0233 116.003 5.72205e-07
    endloop
  endfacet
  facet normal -0 0 -1
    outer loop
      vertex 46.5179 119.393 5.72205e-07
      vertex 35.7262 116.268 5.72205e-07
      vertex 46.4506 125.199 5.72205e-07
    endloop
  endfacet
  facet normal 0 0 -1
    outer loop
      vertex 35.3921 116.484 5.72205e-07
      vertex 46.4506 125.199 5.72205e-07
      vertex 35.7262 116.268 5.72205e-07
    endloop
  endfacet
  facet normal 0 0 -1
    outer loop
      vertex 35.0288 116.647 5.72205e-07
      vertex 46.4506 125.199 5.72205e-07
      vertex 35.3921 116.484 5.72205e-07
    endloop
  endfacet
  facet normal 0 0 -1
    outer loop
      vertex 34.645 116.752 5.72205e-07
      vertex 46.4506 125.199 5.72205e-07
      vertex 35.0288 116.647 5.72205e-07
    endloop
  endfacet
  facet normal 0 0 -1
    outer loop
      vertex 34.2496 116.798 5.72205e-07
      vertex 46.4506 125.199 5.72205e-07
      vertex 34.645 116.752 5.72205e-07
    endloop
  endfacet
  facet normal 0 0 -1
    outer loop
      vertex -46.6494 125.199 5.72205e-07
      vertex 34.2496 116.798 5.72205e-07
      vertex -41.4504 116.798 5.72205e-07
    endloop
  endfacet
  facet normal 0 0 -1
    outer loop
      vertex -46.5709 119.579 5.72205e-07
      vertex -41.4504 116.798 5.72205e-07
      vertex -41.8482 116.783 5.72205e-07
    endloop
  endfacet
  facet normal 0 0 -1
    outer loop
      vertex -46.5 119.2 5.72205e-07
      vertex -44.0816 114.792 5.72205e-07
      vertex -44.1424 114.399 5.72205e-07
    endloop
  endfacet
  facet normal 0 0 -1
    outer loop
      vertex -46.5 119.2 5.72205e-07
      vertex -43.9615 115.172 5.72205e-07
      vertex -44.0816 114.792 5.72205e-07
    endloop
  endfacet
  facet normal 0 0 -1
    outer loop
      vertex -46.5 119.2 5.72205e-07
      vertex -43.7849 115.529 5.72205e-07
      vertex -43.9615 115.172 5.72205e-07
    endloop
  endfacet
  facet normal 0 0 -1
    outer loop
      vertex -46.5 119.2 5.72205e-07
      vertex -43.5559 115.854 5.72205e-07
      vertex -43.7849 115.529 5.72205e-07
    endloop
  endfacet
  facet normal 0 0 -1
    outer loop
      vertex -46.5 119.2 5.72205e-07
      vertex -43.2798 116.141 5.72205e-07
      vertex -43.5559 115.854 5.72205e-07
    endloop
  endfacet
  facet normal 0 0 -1
    outer loop
      vertex -46.5 119.2 5.72205e-07
      vertex -42.9633 116.382 5.72205e-07
      vertex -43.2798 116.141 5.72205e-07
    endloop
  endfacet
  facet normal 0 0 -1
    outer loop
      vertex -46.5 119.2 5.72205e-07
      vertex -42.6136 116.573 5.72205e-07
      vertex -42.9633 116.382 5.72205e-07
    endloop
  endfacet
  facet normal 0 0 -1
    outer loop
      vertex -46.5 119.2 5.72205e-07
      vertex -42.2389 116.707 5.72205e-07
      vertex -42.6136 116.573 5.72205e-07
    endloop
  endfacet
  facet normal 0 0 -1
    outer loop
      vertex -46.5709 119.579 5.72205e-07
      vertex -42.2389 116.707 5.72205e-07
      vertex -46.5 119.2 5.72205e-07
    endloop
  endfacet
  facet normal 0 0 -1
    outer loop
      vertex -42.2389 116.707 5.72205e-07
      vertex -46.5709 119.579 5.72205e-07
      vertex -41.8482 116.783 5.72205e-07
    endloop
  endfacet
  facet normal 0 0 -1
    outer loop
      vertex -41.4504 116.798 5.72205e-07
      vertex -46.5709 119.579 5.72205e-07
      vertex -46.6494 125.199 5.72205e-07
    endloop
  endfacet
  facet normal 0 0 -1
    outer loop
      vertex 34.2496 116.798 5.72205e-07
      vertex -46.6494 125.199 5.72205e-07
      vertex 46.4506 125.199 5.72205e-07
    endloop
  endfacet
  facet normal 0 0 -1
    outer loop
      vertex -46.774 119.907 5.72205e-07
      vertex -46.6494 125.199 5.72205e-07
      vertex -46.5709 119.579 5.72205e-07
    endloop
  endfacet
  facet normal 0 0 -1
    outer loop
      vertex -47.082 120.14 5.72205e-07
      vertex -46.6494 125.199 5.72205e-07
      vertex -46.774 119.907 5.72205e-07
    endloop
  endfacet
  facet normal 0 0 -1
    outer loop
      vertex -47.4531 120.246 5.72205e-07
      vertex -46.6494 125.199 5.72205e-07
      vertex -47.082 120.14 5.72205e-07
    endloop
  endfacet
  facet normal 0 0 -1
    outer loop
      vertex -46.6494 125.199 5.72205e-07
      vertex -47.4531 120.246 5.72205e-07
      vertex -47.0463 125.175 5.72205e-07
    endloop
  endfacet
  facet normal 0 0 -1
    outer loop
      vertex -47.0463 125.175 5.72205e-07
      vertex -47.4531 120.246 5.72205e-07
      vertex -47.44 125.12 5.72205e-07
    endloop
  endfacet
  facet normal 0 0 -1
    outer loop
      vertex -47.4531 120.246 5.72205e-07
      vertex -47.8281 125.034 5.72205e-07
      vertex -47.44 125.12 5.72205e-07
    endloop
  endfacet
  facet normal 0 0 -1
    outer loop
      vertex -48.9343 124.595 5.72205e-07
      vertex -47.4531 120.246 5.72205e-07
      vertex -47.8373 120.21 5.72205e-07
    endloop
  endfacet
  facet normal 0 0 -1
    outer loop
      vertex -48.9343 124.595 5.72205e-07
      vertex -47.8373 120.21 5.72205e-07
      vertex -48.1828 120.038 5.72205e-07
    endloop
  endfacet
  facet normal 0 0 -1
    outer loop
      vertex -47.4531 120.246 5.72205e-07
      vertex -48.2081 124.917 5.72205e-07
      vertex -47.8281 125.034 5.72205e-07
    endloop
  endfacet
  facet normal 0 0 -1
    outer loop
      vertex -48.9343 124.595 5.72205e-07
      vertex -48.1828 120.038 5.72205e-07
      vertex -48.4427 119.753 5.72205e-07
    endloop
  endfacet
  facet normal 0 0 -1
    outer loop
      vertex -47.4531 120.246 5.72205e-07
      vertex -48.5776 124.77 5.72205e-07
      vertex -48.2081 124.917 5.72205e-07
    endloop
  endfacet
  facet normal 0 0 -1
    outer loop
      vertex -48.9343 124.595 5.72205e-07
      vertex -48.4427 119.753 5.72205e-07
      vertex -48.5821 119.393 5.72205e-07
    endloop
  endfacet
  facet normal 0 0 -1
    outer loop
      vertex -47.4531 120.246 5.72205e-07
      vertex -48.9343 124.595 5.72205e-07
      vertex -48.5776 124.77 5.72205e-07
    endloop
  endfacet
  facet normal 0 0 -1
    outer loop
      vertex -47.4531 9.54552 5.72205e-07
      vertex -43.9615 13.0281 5.72205e-07
      vertex -47.082 9.43992 5.72205e-07
    endloop
  endfacet
  facet normal -0 0 -1
    outer loop
      vertex -43.9615 13.0281 5.72205e-07
      vertex -47.4531 9.54552 5.72205e-07
      vertex -44.0816 13.4076 5.72205e-07
    endloop
  endfacet
  facet normal -0 0 -1
    outer loop
      vertex -44.0816 13.4076 5.72205e-07
      vertex -47.4531 9.54552 5.72205e-07
      vertex -44.1424 13.801 5.72205e-07
    endloop
  endfacet
  facet normal 0 0 -1
    outer loop
      vertex -47.8373 9.50992 5.72205e-07
      vertex -44.1424 13.801 5.72205e-07
      vertex -47.4531 9.54552 5.72205e-07
    endloop
  endfacet
  facet normal 0 0 -1
    outer loop
      vertex -48.1828 9.33792 5.72205e-07
      vertex -44.1424 13.801 5.72205e-07
      vertex -47.8373 9.50992 5.72205e-07
    endloop
  endfacet
  facet normal -0 0 -1
    outer loop
      vertex -44.1424 13.801 5.72205e-07
      vertex -48.1828 9.33792 5.72205e-07
      vertex -51.546 27.23 5.72205e-07
    endloop
  endfacet
  facet normal 0 0 -1
    outer loop
      vertex -51.546 27.23 5.72205e-07
      vertex -48.1828 9.33792 5.72205e-07
      vertex -48.4427 9.05275 5.72205e-07
    endloop
  endfacet
  facet normal 0 0 -1
    outer loop
      vertex -51.546 4.80122 5.72205e-07
      vertex -48.4427 9.05275 5.72205e-07
      vertex -48.5821 8.69294 5.72205e-07
    endloop
  endfacet
  facet normal -0 0 -1
    outer loop
      vertex -48.5821 8.30706 5.72205e-07
      vertex -51.546 4.80122 5.72205e-07
      vertex -48.5821 8.69294 5.72205e-07
    endloop
  endfacet
  facet normal 0 0 -1
    outer loop
      vertex -51.546 4.80122 5.72205e-07
      vertex -51.5102 4.37866 5.72205e-07
      vertex -51.5145 4.40492 5.72205e-07
    endloop
  endfacet
  facet normal -0 0 -1
    outer loop
      vertex -48.4427 9.05275 5.72205e-07
      vertex -51.546 4.80122 5.72205e-07
      vertex -51.546 27.23 5.72205e-07
    endloop
  endfacet
  facet normal 0 0 -1
    outer loop
      vertex -44.1424 13.801 5.72205e-07
      vertex -51.546 27.23 5.72205e-07
      vertex -44.1424 27.23 5.72205e-07
    endloop
  endfacet
  facet normal 0 0 1
    outer loop
      vertex 46.4506 125.199 20.6
      vertex 51.55 120.2 20.6
      vertex 51.5342 120.597 20.6
    endloop
  endfacet
  facet normal 0 0 1
    outer loop
      vertex 51.55 120.2 20.6
      vertex 34.6541 22.2 20.6
      vertex 51.55 5.00001 20.6
    endloop
  endfacet
  facet normal 0 0 1
    outer loop
      vertex 46.4506 125.199 20.6
      vertex 51.5342 120.597 20.6
      vertex 51.4869 120.992 20.6
    endloop
  endfacet
  facet normal -0 0 1
    outer loop
      vertex 34.6392 21.9201 20.6
      vertex 51.55 5.00001 20.6
      vertex 34.6541 22.2 20.6
    endloop
  endfacet
  facet normal 0 0 1
    outer loop
      vertex 46.4506 125.199 20.6
      vertex 51.4869 120.992 20.6
      vertex 51.4083 121.382 20.6
    endloop
  endfacet
  facet normal -0 0 1
    outer loop
      vertex 34.6303 21.8074 20.6
      vertex 51.55 5.00001 20.6
      vertex 34.6392 21.9201 20.6
    endloop
  endfacet
  facet normal 0 0 1
    outer loop
      vertex 46.4506 125.199 20.6
      vertex 51.4083 121.382 20.6
      vertex 51.2991 121.764 20.6
    endloop
  endfacet
  facet normal -0 0 1
    outer loop
      vertex 34.5857 21.5306 20.6
      vertex 51.55 5.00001 20.6
      vertex 34.6303 21.8074 20.6
    endloop
  endfacet
  facet normal 0 0 1
    outer loop
      vertex 46.4506 125.199 20.6
      vertex 51.2991 121.764 20.6
      vertex 51.1598 122.136 20.6
    endloop
  endfacet
  facet normal -0 0 1
    outer loop
      vertex 34.5593 21.4206 20.6
      vertex 51.55 5.00001 20.6
      vertex 34.5857 21.5306 20.6
    endloop
  endfacet
  facet normal 0 0 1
    outer loop
      vertex 46.4506 125.199 20.6
      vertex 51.1598 122.136 20.6
      vertex 50.9914 122.496 20.6
    endloop
  endfacet
  facet normal -0 0 1
    outer loop
      vertex 34.4856 21.1502 20.6
      vertex 51.55 5.00001 20.6
      vertex 34.5593 21.4206 20.6
    endloop
  endfacet
  facet normal 0 0 1
    outer loop
      vertex 46.4506 125.199 20.6
      vertex 50.9914 122.496 20.6
      vertex 50.7949 122.842 20.6
    endloop
  endfacet
  facet normal -0 0 1
    outer loop
      vertex 34.3835 20.8891 20.6
      vertex 51.55 5.00001 20.6
      vertex 34.4856 21.1502 20.6
    endloop
  endfacet
  facet normal 0 0 1
    outer loop
      vertex 46.4506 125.199 20.6
      vertex 50.7949 122.842 20.6
      vertex 50.5716 123.171 20.6
    endloop
  endfacet
  facet normal -0 0 1
    outer loop
      vertex 34.3402 20.7847 20.6
      vertex 51.55 5.00001 20.6
      vertex 34.3835 20.8891 20.6
    endloop
  endfacet
  facet normal 0 0 1
    outer loop
      vertex 46.4506 125.199 20.6
      vertex 50.5716 123.171 20.6
      vertex 50.3228 123.481 20.6
    endloop
  endfacet
  facet normal -0 0 1
    outer loop
      vertex 34.211 20.5359 20.6
      vertex 51.55 5.00001 20.6
      vertex 34.3402 20.7847 20.6
    endloop
  endfacet
  facet normal 0 0 1
    outer loop
      vertex 46.4506 125.199 20.6
      vertex 50.3228 123.481 20.6
      vertex 50.0502 123.771 20.6
    endloop
  endfacet
  facet normal -0 0 1
    outer loop
      vertex 34.1519 20.4395 20.6
      vertex 51.55 5.00001 20.6
      vertex 34.211 20.5359 20.6
    endloop
  endfacet
  facet normal 0 0 1
    outer loop
      vertex 46.4506 125.199 20.6
      vertex 50.0502 123.771 20.6
      vertex 49.7555 124.037 20.6
    endloop
  endfacet
  facet normal -0 0 1
    outer loop
      vertex 33.9969 20.2059 20.6
      vertex 51.55 5.00001 20.6
      vertex 34.1519 20.4395 20.6
    endloop
  endfacet
  facet normal 0 0 1
    outer loop
      vertex 46.4506 125.199 20.6
      vertex 49.7555 124.037 20.6
      vertex 49.4404 124.28 20.6
    endloop
  endfacet
  facet normal -0 0 1
    outer loop
      vertex 33.818 19.9901 20.6
      vertex 51.55 5.00001 20.6
      vertex 33.9969 20.2059 20.6
    endloop
  endfacet
  facet normal 0 0 1
    outer loop
      vertex 46.4506 125.199 20.6
      vertex 49.4404 124.28 20.6
      vertex 49.1072 124.497 20.6
    endloop
  endfacet
  facet normal -0 0 1
    outer loop
      vertex 33.7446 19.9041 20.6
      vertex 51.55 5.00001 20.6
      vertex 33.818 19.9901 20.6
    endloop
  endfacet
  facet normal 0 0 1
    outer loop
      vertex 46.4506 125.199 20.6
      vertex 49.1072 124.497 20.6
      vertex 48.7577 124.686 20.6
    endloop
  endfacet
  facet normal -0 0 1
    outer loop
      vertex 33.5437 19.7086 20.6
      vertex 51.55 5.00001 20.6
      vertex 33.7446 19.9041 20.6
    endloop
  endfacet
  facet normal 0 0 1
    outer loop
      vertex 46.4506 125.199 20.6
      vertex 48.7577 124.686 20.6
      vertex 48.3943 124.847 20.6
    endloop
  endfacet
  facet normal -0 0 1
    outer loop
      vertex 33.4577 19.6351 20.6
      vertex 51.55 5.00001 20.6
      vertex 33.5437 19.7086 20.6
    endloop
  endfacet
  facet normal 0 0 1
    outer loop
      vertex 46.4506 125.199 20.6
      vertex 48.3943 124.847 20.6
      vertex 48.0192 124.979 20.6
    endloop
  endfacet
  facet normal 0 0 1
    outer loop
      vertex 51.55 5.00001 20.6
      vertex 46.4506 0.0010004 20.6
      vertex 51.5342 4.60276 20.6
    endloop
  endfacet
  facet normal 0 0 1
    outer loop
      vertex 46.4506 125.199 20.6
      vertex 48.0192 124.979 20.6
      vertex 47.6349 125.081 20.6
    endloop
  endfacet
  facet normal 0 0 1
    outer loop
      vertex 51.5342 4.60276 20.6
      vertex 46.4506 0.0010004 20.6
      vertex 51.4869 4.20802 20.6
    endloop
  endfacet
  facet normal 0 0 1
    outer loop
      vertex 46.4506 125.199 20.6
      vertex 47.6349 125.081 20.6
      vertex 47.2437 125.152 20.6
    endloop
  endfacet
  facet normal 0 0 1
    outer loop
      vertex 51.4083 3.81829 20.6
      vertex 46.4506 0.0010004 20.6
      vertex 51.2991 3.43603 20.6
    endloop
  endfacet
  facet normal 0 0 1
    outer loop
      vertex 46.4506 125.199 20.6
      vertex 47.2437 125.152 20.6
      vertex 46.8481 125.191 20.6
    endloop
  endfacet
  facet normal 0 0 1
    outer loop
      vertex 51.2991 3.43603 20.6
      vertex 46.4506 0.0010004 20.6
      vertex 51.1598 3.06365 20.6
    endloop
  endfacet
  facet normal 0 0 1
    outer loop
      vertex 33.7446 108.296 20.6
      vertex 51.55 120.2 20.6
      vertex 46.4506 125.199 20.6
    endloop
  endfacet
  facet normal 0 0 1
    outer loop
      vertex 51.1598 3.06365 20.6
      vertex 46.4506 0.0010004 20.6
      vertex 50.9914 2.70352 20.6
    endloop
  endfacet
  facet normal 0 0 1
    outer loop
      vertex 51.55 120.2 20.6
      vertex 34.6541 106 20.6
      vertex 34.6541 22.2 20.6
    endloop
  endfacet
  facet normal 0 0 1
    outer loop
      vertex 51.55 120.2 20.6
      vertex 34.6392 106.28 20.6
      vertex 34.6541 106 20.6
    endloop
  endfacet
  facet normal 0 0 1
    outer loop
      vertex 51.55 120.2 20.6
      vertex 34.6303 106.393 20.6
      vertex 34.6392 106.28 20.6
    endloop
  endfacet
  facet normal 0 0 1
    outer loop
      vertex 51.55 120.2 20.6
      vertex 34.5857 106.669 20.6
      vertex 34.6303 106.393 20.6
    endloop
  endfacet
  facet normal 0 0 1
    outer loop
      vertex 51.55 120.2 20.6
      vertex 34.5593 106.779 20.6
      vertex 34.5857 106.669 20.6
    endloop
  endfacet
  facet normal 0 0 1
    outer loop
      vertex 51.55 120.2 20.6
      vertex 34.4856 107.05 20.6
      vertex 34.5593 106.779 20.6
    endloop
  endfacet
  facet normal 0 0 1
    outer loop
      vertex 51.55 120.2 20.6
      vertex 34.3835 107.311 20.6
      vertex 34.4856 107.05 20.6
    endloop
  endfacet
  facet normal 0 0 1
    outer loop
      vertex 51.55 120.2 20.6
      vertex 34.3402 107.415 20.6
      vertex 34.3835 107.311 20.6
    endloop
  endfacet
  facet normal 0 0 1
    outer loop
      vertex 51.55 120.2 20.6
      vertex 34.211 107.664 20.6
      vertex 34.3402 107.415 20.6
    endloop
  endfacet
  facet normal 0 0 1
    outer loop
      vertex 51.55 120.2 20.6
      vertex 34.1519 107.76 20.6
      vertex 34.211 107.664 20.6
    endloop
  endfacet
  facet normal 0 0 1
    outer loop
      vertex 51.55 120.2 20.6
      vertex 33.9969 107.994 20.6
      vertex 34.1519 107.76 20.6
    endloop
  endfacet
  facet normal 0 0 1
    outer loop
      vertex 51.55 120.2 20.6
      vertex 33.818 108.21 20.6
      vertex 33.9969 107.994 20.6
    endloop
  endfacet
  facet normal 0 0 1
    outer loop
      vertex 51.55 120.2 20.6
      vertex 33.7446 108.296 20.6
      vertex 33.818 108.21 20.6
    endloop
  endfacet
  facet normal 0 0 1
    outer loop
      vertex 46.4506 125.199 20.6
      vertex 33.5437 108.491 20.6
      vertex 33.7446 108.296 20.6
    endloop
  endfacet
  facet normal 0 0 1
    outer loop
      vertex 46.4506 125.199 20.6
      vertex 33.4577 108.565 20.6
      vertex 33.5437 108.491 20.6
    endloop
  endfacet
  facet normal 0 0 1
    outer loop
      vertex 46.4506 125.199 20.6
      vertex 33.2373 108.738 20.6
      vertex 33.4577 108.565 20.6
    endloop
  endfacet
  facet normal 0 0 1
    outer loop
      vertex 46.4506 125.199 20.6
      vertex 32.9996 108.887 20.6
      vertex 33.2373 108.738 20.6
    endloop
  endfacet
  facet normal 0 0 1
    outer loop
      vertex 46.4506 125.199 20.6
      vertex 32.9032 108.946 20.6
      vertex 32.9996 108.887 20.6
    endloop
  endfacet
  facet normal 0 0 1
    outer loop
      vertex 46.4506 125.199 20.6
      vertex 32.6511 109.068 20.6
      vertex 32.9032 108.946 20.6
    endloop
  endfacet
  facet normal 0 0 1
    outer loop
      vertex 46.4506 125.199 20.6
      vertex 32.5466 109.112 20.6
      vertex 32.6511 109.068 20.6
    endloop
  endfacet
  facet normal 0 0 1
    outer loop
      vertex 46.4506 125.199 20.6
      vertex 32.2829 109.207 20.6
      vertex 32.5466 109.112 20.6
    endloop
  endfacet
  facet normal 0 0 1
    outer loop
      vertex 46.4506 125.199 20.6
      vertex 32.0106 109.273 20.6
      vertex 32.2829 109.207 20.6
    endloop
  endfacet
  facet normal 0 0 1
    outer loop
      vertex 46.4506 125.199 20.6
      vertex 31.9007 109.3 20.6
      vertex 32.0106 109.273 20.6
    endloop
  endfacet
  facet normal 0 0 1
    outer loop
      vertex 46.4506 125.199 20.6
      vertex 31.6228 109.337 20.6
      vertex 31.9007 109.3 20.6
    endloop
  endfacet
  facet normal 0 0 1
    outer loop
      vertex 46.4506 125.199 20.6
      vertex 31.5101 109.346 20.6
      vertex 31.6228 109.337 20.6
    endloop
  endfacet
  facet normal 0 0 1
    outer loop
      vertex 46.4506 125.199 20.6
      vertex 31.2299 109.353 20.6
      vertex 31.5101 109.346 20.6
    endloop
  endfacet
  facet normal 0 0 1
    outer loop
      vertex 46.4506 125.199 20.6
      vertex -31.3701 109.353 20.6
      vertex 31.2299 109.353 20.6
    endloop
  endfacet
  facet normal -0 0 1
    outer loop
      vertex -46.6494 125.199 20.6
      vertex -31.3701 109.353 20.6
      vertex 46.4506 125.199 20.6
    endloop
  endfacet
  facet normal 0 0 1
    outer loop
      vertex -31.3701 109.353 20.6
      vertex -46.6494 125.199 20.6
      vertex -31.4828 109.344 20.6
    endloop
  endfacet
  facet normal 0 0 1
    outer loop
      vertex -31.4828 109.344 20.6
      vertex -46.6494 125.199 20.6
      vertex -31.7623 109.322 20.6
    endloop
  endfacet
  facet normal 0 0 1
    outer loop
      vertex -34.6415 106.253 20.6
      vertex -51.546 120.399 20.6
      vertex -34.6504 106.14 20.6
    endloop
  endfacet
  facet normal 0 0 1
    outer loop
      vertex -34.6117 106.532 20.6
      vertex -51.546 120.399 20.6
      vertex -34.6415 106.253 20.6
    endloop
  endfacet
  facet normal 0 0 1
    outer loop
      vertex -34.5524 106.806 20.6
      vertex -51.546 120.399 20.6
      vertex -34.6117 106.532 20.6
    endloop
  endfacet
  facet normal 0 0 1
    outer loop
      vertex -34.5261 106.916 20.6
      vertex -51.546 120.399 20.6
      vertex -34.5524 106.806 20.6
    endloop
  endfacet
  facet normal 0 0 1
    outer loop
      vertex -34.438 107.182 20.6
      vertex -51.546 120.399 20.6
      vertex -34.5261 106.916 20.6
    endloop
  endfacet
  facet normal 0 0 1
    outer loop
      vertex -34.3947 107.286 20.6
      vertex -51.546 120.399 20.6
      vertex -34.438 107.182 20.6
    endloop
  endfacet
  facet normal 0 0 1
    outer loop
      vertex -34.2789 107.541 20.6
      vertex -51.546 120.399 20.6
      vertex -34.3947 107.286 20.6
    endloop
  endfacet
  facet normal 0 0 1
    outer loop
      vertex -34.1366 107.783 20.6
      vertex -51.546 120.399 20.6
      vertex -34.2789 107.541 20.6
    endloop
  endfacet
  facet normal 0 0 1
    outer loop
      vertex -34.0775 107.879 20.6
      vertex -51.546 120.399 20.6
      vertex -34.1366 107.783 20.6
    endloop
  endfacet
  facet normal 0 0 1
    outer loop
      vertex -33.9103 108.104 20.6
      vertex -51.546 120.399 20.6
      vertex -34.0775 107.879 20.6
    endloop
  endfacet
  facet normal 0 0 1
    outer loop
      vertex -33.8369 108.19 20.6
      vertex -51.546 120.399 20.6
      vertex -33.9103 108.104 20.6
    endloop
  endfacet
  facet normal -0 0 1
    outer loop
      vertex -51.546 120.399 20.6
      vertex -33.8369 108.19 20.6
      vertex -46.6494 125.199 20.6
    endloop
  endfacet
  facet normal 0 0 1
    outer loop
      vertex -33.6468 108.396 20.6
      vertex -46.6494 125.199 20.6
      vertex -33.8369 108.19 20.6
    endloop
  endfacet
  facet normal 0 0 1
    outer loop
      vertex -33.4358 108.581 20.6
      vertex -46.6494 125.199 20.6
      vertex -33.6468 108.396 20.6
    endloop
  endfacet
  facet normal 0 0 1
    outer loop
      vertex -33.3498 108.654 20.6
      vertex -46.6494 125.199 20.6
      vertex -33.4358 108.581 20.6
    endloop
  endfacet
  facet normal 0 0 1
    outer loop
      vertex -33.1204 108.815 20.6
      vertex -46.6494 125.199 20.6
      vertex -33.3498 108.654 20.6
    endloop
  endfacet
  facet normal 0 0 1
    outer loop
      vertex -33.024 108.875 20.6
      vertex -46.6494 125.199 20.6
      vertex -33.1204 108.815 20.6
    endloop
  endfacet
  facet normal 0 0 1
    outer loop
      vertex -32.7788 109.01 20.6
      vertex -46.6494 125.199 20.6
      vertex -33.024 108.875 20.6
    endloop
  endfacet
  facet normal 0 0 1
    outer loop
      vertex -32.5205 109.119 20.6
      vertex -46.6494 125.199 20.6
      vertex -32.7788 109.01 20.6
    endloop
  endfacet
  facet normal 0 0 1
    outer loop
      vertex -32.4161 109.163 20.6
      vertex -46.6494 125.199 20.6
      vertex -32.5205 109.119 20.6
    endloop
  endfacet
  facet normal 0 0 1
    outer loop
      vertex -32.1477 109.244 20.6
      vertex -46.6494 125.199 20.6
      vertex -32.4161 109.163 20.6
    endloop
  endfacet
  facet normal 0 0 1
    outer loop
      vertex -32.0377 109.27 20.6
      vertex -46.6494 125.199 20.6
      vertex -32.1477 109.244 20.6
    endloop
  endfacet
  facet normal 0 0 1
    outer loop
      vertex -31.7623 109.322 20.6
      vertex -46.6494 125.199 20.6
      vertex -32.0377 109.27 20.6
    endloop
  endfacet
  facet normal 0 0 1
    outer loop
      vertex 50.5716 2.029 20.6
      vertex 46.4506 0.0010004 20.6
      vertex 50.3228 1.71888 20.6
    endloop
  endfacet
  facet normal 0 0 1
    outer loop
      vertex 50.3228 1.71888 20.6
      vertex 46.4506 0.0010004 20.6
      vertex 50.0502 1.4295 20.6
    endloop
  endfacet
  facet normal 0 0 1
    outer loop
      vertex 50.0502 1.4295 20.6
      vertex 46.4506 0.0010004 20.6
      vertex 49.7555 1.1627 20.6
    endloop
  endfacet
  facet normal 0 0 1
    outer loop
      vertex 49.7555 1.1627 20.6
      vertex 46.4506 0.0010004 20.6
      vertex 49.4404 0.920144 20.6
    endloop
  endfacet
  facet normal 0 0 1
    outer loop
      vertex 49.4404 0.920144 20.6
      vertex 46.4506 0.0010004 20.6
      vertex 49.1072 0.703393 20.6
    endloop
  endfacet
  facet normal 0 0 1
    outer loop
      vertex 48.7577 0.513818 20.6
      vertex 46.4506 0.0010004 20.6
      vertex 48.3943 0.352593 20.6
    endloop
  endfacet
  facet normal 0 0 1
    outer loop
      vertex 48.0192 0.220742 20.6
      vertex 46.4506 0.0010004 20.6
      vertex 47.6349 0.119119 20.6
    endloop
  endfacet
  facet normal 0 0 1
    outer loop
      vertex 47.6349 0.119119 20.6
      vertex 46.4506 0.0010004 20.6
      vertex 47.2437 0.0483637 20.6
    endloop
  endfacet
  facet normal 0 0 1
    outer loop
      vertex 47.2437 0.0483637 20.6
      vertex 46.4506 0.0010004 20.6
      vertex 46.8481 0.00890446 20.6
    endloop
  endfacet
  facet normal 0 0 1
    outer loop
      vertex 48.3943 0.352593 20.6
      vertex 46.4506 0.0010004 20.6
      vertex 48.0192 0.220742 20.6
    endloop
  endfacet
  facet normal 0 0 1
    outer loop
      vertex 49.1072 0.703393 20.6
      vertex 46.4506 0.0010004 20.6
      vertex 48.7577 0.513818 20.6
    endloop
  endfacet
  facet normal 0 0 1
    outer loop
      vertex 50.7949 2.3579 20.6
      vertex 46.4506 0.0010004 20.6
      vertex 50.5716 2.029 20.6
    endloop
  endfacet
  facet normal 0 0 1
    outer loop
      vertex 50.9914 2.70352 20.6
      vertex 46.4506 0.0010004 20.6
      vertex 50.7949 2.3579 20.6
    endloop
  endfacet
  facet normal 0 0 1
    outer loop
      vertex 51.4869 4.20802 20.6
      vertex 46.4506 0.0010004 20.6
      vertex 51.4083 3.81829 20.6
    endloop
  endfacet
  facet normal 0 0 1
    outer loop
      vertex 51.55 5.00001 20.6
      vertex 33.4577 19.6351 20.6
      vertex 46.4506 0.0010004 20.6
    endloop
  endfacet
  facet normal -0 0 1
    outer loop
      vertex 33.2373 19.462 20.6
      vertex 46.4506 0.0010004 20.6
      vertex 33.4577 19.6351 20.6
    endloop
  endfacet
  facet normal -0 0 1
    outer loop
      vertex 32.9996 19.3133 20.6
      vertex 46.4506 0.0010004 20.6
      vertex 33.2373 19.462 20.6
    endloop
  endfacet
  facet normal -0 0 1
    outer loop
      vertex 32.9032 19.2542 20.6
      vertex 46.4506 0.0010004 20.6
      vertex 32.9996 19.3133 20.6
    endloop
  endfacet
  facet normal -0 0 1
    outer loop
      vertex 32.6511 19.1317 20.6
      vertex 46.4506 0.0010004 20.6
      vertex 32.9032 19.2542 20.6
    endloop
  endfacet
  facet normal -0 0 1
    outer loop
      vertex 32.5466 19.0884 20.6
      vertex 46.4506 0.0010004 20.6
      vertex 32.6511 19.1317 20.6
    endloop
  endfacet
  facet normal -0 0 1
    outer loop
      vertex 32.2829 18.9933 20.6
      vertex 46.4506 0.0010004 20.6
      vertex 32.5466 19.0884 20.6
    endloop
  endfacet
  facet normal -0 0 1
    outer loop
      vertex 32.0106 18.9268 20.6
      vertex 46.4506 0.0010004 20.6
      vertex 32.2829 18.9933 20.6
    endloop
  endfacet
  facet normal -0 0 1
    outer loop
      vertex 31.9007 18.9004 20.6
      vertex 46.4506 0.0010004 20.6
      vertex 32.0106 18.9268 20.6
    endloop
  endfacet
  facet normal -0 0 1
    outer loop
      vertex 31.6228 18.8632 20.6
      vertex 46.4506 0.0010004 20.6
      vertex 31.9007 18.9004 20.6
    endloop
  endfacet
  facet normal -0 0 1
    outer loop
      vertex 31.5101 18.8543 20.6
      vertex 46.4506 0.0010004 20.6
      vertex 31.6228 18.8632 20.6
    endloop
  endfacet
  facet normal -0 0 1
    outer loop
      vertex 31.2299 18.8468 20.6
      vertex 46.4506 0.0010004 20.6
      vertex 31.5101 18.8543 20.6
    endloop
  endfacet
  facet normal -0 0 1
    outer loop
      vertex -31.3701 18.8468 20.6
      vertex 46.4506 0.0010004 20.6
      vertex 31.2299 18.8468 20.6
    endloop
  endfacet
  facet normal 0 0 1
    outer loop
      vertex -46.6494 0.0010004 20.6
      vertex -31.3701 18.8468 20.6
      vertex -31.4828 18.8557 20.6
    endloop
  endfacet
  facet normal 0 0 1
    outer loop
      vertex -46.6494 0.0010004 20.6
      vertex -31.4828 18.8557 20.6
      vertex -31.7623 18.8781 20.6
    endloop
  endfacet
  facet normal 0 0 1
    outer loop
      vertex -46.6494 0.0010004 20.6
      vertex -31.7623 18.8781 20.6
      vertex -32.0377 18.93 20.6
    endloop
  endfacet
  facet normal 0 0 1
    outer loop
      vertex -46.6494 0.0010004 20.6
      vertex -32.0377 18.93 20.6
      vertex -32.1477 18.9564 20.6
    endloop
  endfacet
  facet normal 0 0 1
    outer loop
      vertex -34.6504 106.14 20.6
      vertex -51.546 120.399 20.6
      vertex -34.6504 22.0598 20.6
    endloop
  endfacet
  facet normal 0 0 1
    outer loop
      vertex -51.546 4.80122 20.6
      vertex -34.6504 22.0598 20.6
      vertex -51.546 120.399 20.6
    endloop
  endfacet
  facet normal 0 0 1
    outer loop
      vertex -31.3701 18.8468 20.6
      vertex -46.6494 0.0010004 20.6
      vertex 46.4506 0.0010004 20.6
    endloop
  endfacet
  facet normal 0 0 1
    outer loop
      vertex -32.4161 19.0373 20.6
      vertex -46.6494 0.0010004 20.6
      vertex -32.1477 18.9564 20.6
    endloop
  endfacet
  facet normal 0 0 1
    outer loop
      vertex -32.5205 19.0806 20.6
      vertex -46.6494 0.0010004 20.6
      vertex -32.4161 19.0373 20.6
    endloop
  endfacet
  facet normal 0 0 1
    outer loop
      vertex -32.7788 19.1896 20.6
      vertex -46.6494 0.0010004 20.6
      vertex -32.5205 19.0806 20.6
    endloop
  endfacet
  facet normal 0 0 1
    outer loop
      vertex -33.024 19.3254 20.6
      vertex -46.6494 0.0010004 20.6
      vertex -32.7788 19.1896 20.6
    endloop
  endfacet
  facet normal 0 0 1
    outer loop
      vertex -33.1204 19.3845 20.6
      vertex -46.6494 0.0010004 20.6
      vertex -33.024 19.3254 20.6
    endloop
  endfacet
  facet normal 0 0 1
    outer loop
      vertex -33.3498 19.5456 20.6
      vertex -46.6494 0.0010004 20.6
      vertex -33.1204 19.3845 20.6
    endloop
  endfacet
  facet normal 0 0 1
    outer loop
      vertex -33.4358 19.6191 20.6
      vertex -46.6494 0.0010004 20.6
      vertex -33.3498 19.5456 20.6
    endloop
  endfacet
  facet normal 0 0 1
    outer loop
      vertex -51.546 4.80122 20.6
      vertex -33.4358 19.6191 20.6
      vertex -33.6468 19.8037 20.6
    endloop
  endfacet
  facet normal 0 0 1
    outer loop
      vertex -51.546 4.80122 20.6
      vertex -33.6468 19.8037 20.6
      vertex -33.8369 20.0096 20.6
    endloop
  endfacet
  facet normal 0 0 1
    outer loop
      vertex -51.546 4.80122 20.6
      vertex -33.8369 20.0096 20.6
      vertex -33.9103 20.0956 20.6
    endloop
  endfacet
  facet normal 0 0 1
    outer loop
      vertex -51.546 4.80122 20.6
      vertex -33.9103 20.0956 20.6
      vertex -34.0775 20.3206 20.6
    endloop
  endfacet
  facet normal 0 0 1
    outer loop
      vertex -51.546 4.80122 20.6
      vertex -34.0775 20.3206 20.6
      vertex -34.1366 20.417 20.6
    endloop
  endfacet
  facet normal 0 0 1
    outer loop
      vertex -51.546 4.80122 20.6
      vertex -34.1366 20.417 20.6
      vertex -34.2789 20.6586 20.6
    endloop
  endfacet
  facet normal 0 0 1
    outer loop
      vertex -51.546 4.80122 20.6
      vertex -34.2789 20.6586 20.6
      vertex -34.3947 20.9138 20.6
    endloop
  endfacet
  facet normal 0 0 1
    outer loop
      vertex -51.546 4.80122 20.6
      vertex -34.3947 20.9138 20.6
      vertex -34.438 21.0183 20.6
    endloop
  endfacet
  facet normal 0 0 1
    outer loop
      vertex -51.546 4.80122 20.6
      vertex -34.438 21.0183 20.6
      vertex -34.5261 21.2844 20.6
    endloop
  endfacet
  facet normal 0 0 1
    outer loop
      vertex -51.546 4.80122 20.6
      vertex -34.5261 21.2844 20.6
      vertex -34.5524 21.3944 20.6
    endloop
  endfacet
  facet normal 0 0 1
    outer loop
      vertex -51.546 4.80122 20.6
      vertex -34.5524 21.3944 20.6
      vertex -34.6117 21.6684 20.6
    endloop
  endfacet
  facet normal 0 0 1
    outer loop
      vertex -34.6504 22.0598 20.6
      vertex -51.546 4.80122 20.6
      vertex -34.6415 21.9471 20.6
    endloop
  endfacet
  facet normal 0 0 1
    outer loop
      vertex -51.546 120.399 20.6
      vertex -46.6494 125.199 20.6
      vertex -47.0463 125.175 20.6
    endloop
  endfacet
  facet normal 0 0 1
    outer loop
      vertex -34.6415 21.9471 20.6
      vertex -51.546 4.80122 20.6
      vertex -34.6117 21.6684 20.6
    endloop
  endfacet
  facet normal 0 0 1
    outer loop
      vertex -51.546 120.399 20.6
      vertex -47.0463 125.175 20.6
      vertex -47.44 125.12 20.6
    endloop
  endfacet
  facet normal 0 0 1
    outer loop
      vertex -33.4358 19.6191 20.6
      vertex -51.546 4.80122 20.6
      vertex -46.6494 0.0010004 20.6
    endloop
  endfacet
  facet normal 0 0 1
    outer loop
      vertex -51.546 120.399 20.6
      vertex -47.44 125.12 20.6
      vertex -47.8281 125.034 20.6
    endloop
  endfacet
  facet normal 0 0 1
    outer loop
      vertex -46.6494 0.0010004 20.6
      vertex -51.546 4.80122 20.6
      vertex -47.0463 0.0246973 20.6
    endloop
  endfacet
  facet normal 0 0 1
    outer loop
      vertex -51.546 120.399 20.6
      vertex -47.8281 125.034 20.6
      vertex -48.2081 124.917 20.6
    endloop
  endfacet
  facet normal 0 0 1
    outer loop
      vertex -47.0463 0.0246973 20.6
      vertex -51.546 4.80122 20.6
      vertex -47.44 0.0798578 20.6
    endloop
  endfacet
  facet normal 0 0 1
    outer loop
      vertex -51.546 120.399 20.6
      vertex -48.2081 124.917 20.6
      vertex -48.5776 124.77 20.6
    endloop
  endfacet
  facet normal 0 0 1
    outer loop
      vertex -47.44 0.0798578 20.6
      vertex -51.546 4.80122 20.6
      vertex -47.8281 0.166116 20.6
    endloop
  endfacet
  facet normal 0 0 1
    outer loop
      vertex -51.546 120.399 20.6
      vertex -48.5776 124.77 20.6
      vertex -48.9343 124.595 20.6
    endloop
  endfacet
  facet normal 0 0 1
    outer loop
      vertex -47.8281 0.166116 20.6
      vertex -51.546 4.80122 20.6
      vertex -48.2081 0.282937 20.6
    endloop
  endfacet
  facet normal 0 0 1
    outer loop
      vertex -51.546 120.399 20.6
      vertex -48.9343 124.595 20.6
      vertex -49.276 124.392 20.6
    endloop
  endfacet
  facet normal 0 0 1
    outer loop
      vertex -48.2081 0.282937 20.6
      vertex -51.546 4.80122 20.6
      vertex -48.5776 0.429589 20.6
    endloop
  endfacet
  facet normal 0 0 1
    outer loop
      vertex -51.546 120.399 20.6
      vertex -49.276 124.392 20.6
      vertex -49.6004 124.162 20.6
    endloop
  endfacet
  facet normal 0 0 1
    outer loop
      vertex -48.5776 0.429589 20.6
      vertex -51.546 4.80122 20.6
      vertex -48.9343 0.605126 20.6
    endloop
  endfacet
  facet normal 0 0 1
    outer loop
      vertex -51.546 120.399 20.6
      vertex -49.6004 124.162 20.6
      vertex -49.9055 123.907 20.6
    endloop
  endfacet
  facet normal 0 0 1
    outer loop
      vertex -48.9343 0.605126 20.6
      vertex -51.546 4.80122 20.6
      vertex -49.276 0.808465 20.6
    endloop
  endfacet
  facet normal 0 0 1
    outer loop
      vertex -51.546 120.399 20.6
      vertex -49.9055 123.907 20.6
      vertex -50.1894 123.629 20.6
    endloop
  endfacet
  facet normal 0 0 1
    outer loop
      vertex -49.276 0.808465 20.6
      vertex -51.546 4.80122 20.6
      vertex -49.6004 1.03829 20.6
    endloop
  endfacet
  facet normal 0 0 1
    outer loop
      vertex -51.546 120.399 20.6
      vertex -50.1894 123.629 20.6
      vertex -50.4503 123.329 20.6
    endloop
  endfacet
  facet normal 0 0 1
    outer loop
      vertex -49.6004 1.03829 20.6
      vertex -51.546 4.80122 20.6
      vertex -49.9055 1.29316 20.6
    endloop
  endfacet
  facet normal 0 0 1
    outer loop
      vertex -51.546 120.399 20.6
      vertex -50.4503 123.329 20.6
      vertex -50.6865 123.009 20.6
    endloop
  endfacet
  facet normal 0 0 1
    outer loop
      vertex -49.9055 1.29316 20.6
      vertex -51.546 4.80122 20.6
      vertex -50.1894 1.57148 20.6
    endloop
  endfacet
  facet normal 0 0 1
    outer loop
      vertex -51.546 120.399 20.6
      vertex -50.6865 123.009 20.6
      vertex -50.8966 122.671 20.6
    endloop
  endfacet
  facet normal 0 0 1
    outer loop
      vertex -50.1894 1.57148 20.6
      vertex -51.546 4.80122 20.6
      vertex -50.4503 1.87147 20.6
    endloop
  endfacet
  facet normal 0 0 1
    outer loop
      vertex -51.546 120.399 20.6
      vertex -50.8966 122.671 20.6
      vertex -51.0792 122.318 20.6
    endloop
  endfacet
  facet normal 0 0 1
    outer loop
      vertex -50.4503 1.87147 20.6
      vertex -51.546 4.80122 20.6
      vertex -50.6865 2.19123 20.6
    endloop
  endfacet
  facet normal 0 0 1
    outer loop
      vertex -51.546 120.399 20.6
      vertex -51.0792 122.318 20.6
      vertex -51.2332 121.952 20.6
    endloop
  endfacet
  facet normal 0 0 1
    outer loop
      vertex -50.6865 2.19123 20.6
      vertex -51.546 4.80122 20.6
      vertex -50.8966 2.52876 20.6
    endloop
  endfacet
  facet normal 0 0 1
    outer loop
      vertex -51.546 120.399 20.6
      vertex -51.2332 121.952 20.6
      vertex -51.3575 121.574 20.6
    endloop
  endfacet
  facet normal 0 0 1
    outer loop
      vertex -50.8966 2.52876 20.6
      vertex -51.546 4.80122 20.6
      vertex -51.0792 2.88191 20.6
    endloop
  endfacet
  facet normal 0 0 1
    outer loop
      vertex -51.546 120.399 20.6
      vertex -51.3575 121.574 20.6
      vertex -51.4515 121.188 20.6
    endloop
  endfacet
  facet normal 0 0 1
    outer loop
      vertex -51.0792 2.88191 20.6
      vertex -51.546 4.80122 20.6
      vertex -51.2332 3.24845 20.6
    endloop
  endfacet
  facet normal 0 0 1
    outer loop
      vertex -51.546 120.399 20.6
      vertex -51.4515 121.188 20.6
      vertex -51.5145 120.795 20.6
    endloop
  endfacet
  facet normal 0 0 1
    outer loop
      vertex -51.2332 3.24845 20.6
      vertex -51.546 4.80122 20.6
      vertex -51.3575 3.62606 20.6
    endloop
  endfacet
  facet normal 0 0 1
    outer loop
      vertex -51.3575 3.62606 20.6
      vertex -51.546 4.80122 20.6
      vertex -51.4515 4.01237 20.6
    endloop
  endfacet
  facet normal 0 0 1
    outer loop
      vertex -51.4515 4.01237 20.6
      vertex -51.546 4.80122 20.6
      vertex -51.5145 4.40492 20.6
    endloop
  endfacet
  facet normal 0.995188 -0.0979877 0
    outer loop
      vertex -43.55 114.2 18.2
      vertex -43.5116 114.59 0.800001
      vertex -43.5116 114.59 18.2
    endloop
  endfacet
  facet normal 0.995188 -0.0979877 0
    outer loop
      vertex -43.5116 114.59 0.800001
      vertex -43.55 114.2 18.2
      vertex -43.55 114.2 0.800001
    endloop
  endfacet
  facet normal 0.956951 0.290248 0
    outer loop
      vertex -43.3978 13.2346 18.2
      vertex -43.5116 13.6098 0.800001
      vertex -43.5116 13.6098 18.2
    endloop
  endfacet
  facet normal 0.956951 0.290248 0
    outer loop
      vertex -43.5116 13.6098 0.800001
      vertex -43.3978 13.2346 18.2
      vertex -43.3978 13.2346 0.800001
    endloop
  endfacet
  facet normal 0.995193 0.097938 0
    outer loop
      vertex -43.5116 13.6098 18.2
      vertex -43.55 14 0.800001
      vertex -43.55 14 18.2
    endloop
  endfacet
  facet normal 0.995193 0.097938 0
    outer loop
      vertex -43.55 14 0.800001
      vertex -43.5116 13.6098 18.2
      vertex -43.5116 13.6098 0.800001
    endloop
  endfacet
  facet normal 0 -1 0
    outer loop
      vertex -41.55 116.2 0.800001
      vertex 34.15 116.2 18.2
      vertex -41.55 116.2 18.2
    endloop
  endfacet
  facet normal 0 -1 -0
    outer loop
      vertex 34.15 116.2 18.2
      vertex -41.55 116.2 0.800001
      vertex 34.15 116.2 0.800001
    endloop
  endfacet
  facet normal 0.471832 -0.881688 0
    outer loop
      vertex -42.6611 115.863 0.800001
      vertex -42.3154 116.048 18.2
      vertex -42.6611 115.863 18.2
    endloop
  endfacet
  facet normal 0.471832 -0.881688 0
    outer loop
      vertex -42.3154 116.048 18.2
      vertex -42.6611 115.863 0.800001
      vertex -42.3154 116.048 0.800001
    endloop
  endfacet
  facet normal 0.956908 -0.29039 0
    outer loop
      vertex -43.5116 114.59 18.2
      vertex -43.3978 114.965 0.800001
      vertex -43.3978 114.965 18.2
    endloop
  endfacet
  facet normal 0.956908 -0.29039 0
    outer loop
      vertex -43.3978 114.965 0.800001
      vertex -43.5116 114.59 18.2
      vertex -43.5116 114.59 0.800001
    endloop
  endfacet
  facet normal 1 0 0
    outer loop
      vertex -43.55 114.2 18.2
      vertex -43.55 40.23 10.1
      vertex -43.55 114.2 0.800001
    endloop
  endfacet
  facet normal 1 -0 0
    outer loop
      vertex -43.55 14 18.2
      vertex -43.55 40.23 10.1
      vertex -43.55 114.2 18.2
    endloop
  endfacet
  facet normal 1 0 0
    outer loop
      vertex -43.55 40.23 10.1
      vertex -43.55 14 18.2
      vertex -43.55 27.23 10.1
    endloop
  endfacet
  facet normal 1 0 0
    outer loop
      vertex -43.55 14 0.800001
      vertex -43.55 27.23 10.1
      vertex -43.55 14 18.2
    endloop
  endfacet
  facet normal 1 0 0
    outer loop
      vertex -43.55 27.23 10.1
      vertex -43.55 14 0.800001
      vertex -43.55 27.23 0.800001
    endloop
  endfacet
  facet normal 1 0 0
    outer loop
      vertex -43.55 114.2 0.800001
      vertex -43.55 40.23 10.1
      vertex -43.55 40.23 0.800001
    endloop
  endfacet
  facet normal 0.772968 -0.634446 0
    outer loop
      vertex -43.2129 115.311 18.2
      vertex -42.9642 115.614 0.800001
      vertex -42.9642 115.614 18.2
    endloop
  endfacet
  facet normal 0.772968 -0.634446 0
    outer loop
      vertex -42.9642 115.614 0.800001
      vertex -43.2129 115.311 18.2
      vertex -43.2129 115.311 0.800001
    endloop
  endfacet
  facet normal -0.634777 -0.772695 0
    outer loop
      vertex 35.2611 115.863 0.800001
      vertex 35.5642 115.614 18.2
      vertex 35.2611 115.863 18.2
    endloop
  endfacet
  facet normal -0.634777 -0.772695 -0
    outer loop
      vertex 35.5642 115.614 18.2
      vertex 35.2611 115.863 0.800001
      vertex 35.5642 115.614 0.800001
    endloop
  endfacet
  facet normal -0.881795 0.471634 0
    outer loop
      vertex 35.8129 12.8889 0.800001
      vertex 35.9978 13.2346 18.2
      vertex 35.9978 13.2346 0.800001
    endloop
  endfacet
  facet normal -0.881795 0.471634 0
    outer loop
      vertex 35.9978 13.2346 18.2
      vertex 35.8129 12.8889 0.800001
      vertex 35.8129 12.8889 18.2
    endloop
  endfacet
  facet normal 0.881965 -0.471316 0
    outer loop
      vertex -43.3978 114.965 18.2
      vertex -43.2129 115.311 0.800001
      vertex -43.2129 115.311 18.2
    endloop
  endfacet
  facet normal 0.881965 -0.471316 0
    outer loop
      vertex -43.2129 115.311 0.800001
      vertex -43.3978 114.965 18.2
      vertex -43.3978 114.965 0.800001
    endloop
  endfacet
  facet normal 0 0 -1
    outer loop
      vertex 34.15 12 18.2
      vertex 36.15 14 18.2
      vertex 36.1116 13.6098 18.2
    endloop
  endfacet
  facet normal 0 0 -1
    outer loop
      vertex 36.15 14 18.2
      vertex 33.8 22.2 18.2
      vertex 36.15 114.2 18.2
    endloop
  endfacet
  facet normal 0 0 -1
    outer loop
      vertex 34.15 12 18.2
      vertex 36.1116 13.6098 18.2
      vertex 35.9978 13.2346 18.2
    endloop
  endfacet
  facet normal 0 0 -1
    outer loop
      vertex 33.8 106 18.2
      vertex 36.15 114.2 18.2
      vertex 33.8 22.2 18.2
    endloop
  endfacet
  facet normal 0 0 -1
    outer loop
      vertex 34.15 12 18.2
      vertex 35.9978 13.2346 18.2
      vertex 35.8129 12.8889 18.2
    endloop
  endfacet
  facet normal 0 0 -1
    outer loop
      vertex 33.7692 106.391 18.2
      vertex 36.15 114.2 18.2
      vertex 33.8 106 18.2
    endloop
  endfacet
  facet normal 0 0 -1
    outer loop
      vertex 34.15 12 18.2
      vertex 35.8129 12.8889 18.2
      vertex 35.5642 12.5858 18.2
    endloop
  endfacet
  facet normal 0 0 -1
    outer loop
      vertex 33.6776 106.773 18.2
      vertex 36.15 114.2 18.2
      vertex 33.7692 106.391 18.2
    endloop
  endfacet
  facet normal 0 0 -1
    outer loop
      vertex 34.15 12 18.2
      vertex 35.5642 12.5858 18.2
      vertex 35.2611 12.3371 18.2
    endloop
  endfacet
  facet normal 0 0 -1
    outer loop
      vertex 33.5275 107.135 18.2
      vertex 36.15 114.2 18.2
      vertex 33.6776 106.773 18.2
    endloop
  endfacet
  facet normal 0 0 -1
    outer loop
      vertex 34.15 12 18.2
      vertex 35.2611 12.3371 18.2
      vertex 34.9154 12.1522 18.2
    endloop
  endfacet
  facet normal 0 0 -1
    outer loop
      vertex 33.3225 107.469 18.2
      vertex 36.15 114.2 18.2
      vertex 33.5275 107.135 18.2
    endloop
  endfacet
  facet normal 0 0 -1
    outer loop
      vertex 34.15 12 18.2
      vertex 34.9154 12.1522 18.2
      vertex 34.5402 12.0384 18.2
    endloop
  endfacet
  facet normal 0 0 -1
    outer loop
      vertex 33.0678 107.768 18.2
      vertex 36.15 114.2 18.2
      vertex 33.3225 107.469 18.2
    endloop
  endfacet
  facet normal -0 0 -1
    outer loop
      vertex 36.15 14 18.2
      vertex 34.15 12 18.2
      vertex 31.6911 19.7308 18.2
    endloop
  endfacet
  facet normal 0 0 -1
    outer loop
      vertex 32.7695 108.023 18.2
      vertex 36.15 114.2 18.2
      vertex 33.0678 107.768 18.2
    endloop
  endfacet
  facet normal 0 0 -1
    outer loop
      vertex 32.435 108.228 18.2
      vertex 36.15 114.2 18.2
      vertex 32.7695 108.023 18.2
    endloop
  endfacet
  facet normal 0 0 -1
    outer loop
      vertex 36.15 14 18.2
      vertex 33.7692 21.8089 18.2
      vertex 33.8 22.2 18.2
    endloop
  endfacet
  facet normal 0 0 -1
    outer loop
      vertex 36.15 14 18.2
      vertex 33.6776 21.4275 18.2
      vertex 33.7692 21.8089 18.2
    endloop
  endfacet
  facet normal 0 0 -1
    outer loop
      vertex 36.15 14 18.2
      vertex 33.5275 21.065 18.2
      vertex 33.6776 21.4275 18.2
    endloop
  endfacet
  facet normal 0 0 -1
    outer loop
      vertex 36.15 14 18.2
      vertex 33.3225 20.7305 18.2
      vertex 33.5275 21.065 18.2
    endloop
  endfacet
  facet normal 0 0 -1
    outer loop
      vertex 36.15 14 18.2
      vertex 33.0678 20.4322 18.2
      vertex 33.3225 20.7305 18.2
    endloop
  endfacet
  facet normal 0 0 -1
    outer loop
      vertex 36.15 14 18.2
      vertex 32.7695 20.1775 18.2
      vertex 33.0678 20.4322 18.2
    endloop
  endfacet
  facet normal 0 0 -1
    outer loop
      vertex 36.15 14 18.2
      vertex 32.435 19.9725 18.2
      vertex 32.7695 20.1775 18.2
    endloop
  endfacet
  facet normal 0 0 -1
    outer loop
      vertex 36.15 14 18.2
      vertex 32.0725 19.8224 18.2
      vertex 32.435 19.9725 18.2
    endloop
  endfacet
  facet normal 0 0 -1
    outer loop
      vertex 36.15 14 18.2
      vertex 31.6911 19.7308 18.2
      vertex 32.0725 19.8224 18.2
    endloop
  endfacet
  facet normal 0 0 -1
    outer loop
      vertex 34.15 12 18.2
      vertex 31.3 19.7 18.2
      vertex 31.6911 19.7308 18.2
    endloop
  endfacet
  facet normal 0 0 -1
    outer loop
      vertex 34.15 12 18.2
      vertex -31.3 19.7 18.2
      vertex 31.3 19.7 18.2
    endloop
  endfacet
  facet normal 0 0 -1
    outer loop
      vertex -41.55 12 18.2
      vertex -31.3 19.7 18.2
      vertex 34.15 12 18.2
    endloop
  endfacet
  facet normal -0 0 -1
    outer loop
      vertex -33.7692 21.8089 18.2
      vertex -43.55 14 18.2
      vertex -33.8 22.2 18.2
    endloop
  endfacet
  facet normal -0 0 -1
    outer loop
      vertex -33.6776 21.4275 18.2
      vertex -43.55 14 18.2
      vertex -33.7692 21.8089 18.2
    endloop
  endfacet
  facet normal -0 0 -1
    outer loop
      vertex -33.5275 21.065 18.2
      vertex -43.55 14 18.2
      vertex -33.6776 21.4275 18.2
    endloop
  endfacet
  facet normal -0 0 -1
    outer loop
      vertex -33.3225 20.7305 18.2
      vertex -43.55 14 18.2
      vertex -33.5275 21.065 18.2
    endloop
  endfacet
  facet normal 0 0 -1
    outer loop
      vertex -43.55 14 18.2
      vertex -33.3225 20.7305 18.2
      vertex -41.55 12 18.2
    endloop
  endfacet
  facet normal -0 0 -1
    outer loop
      vertex -33.0678 20.4322 18.2
      vertex -41.55 12 18.2
      vertex -33.3225 20.7305 18.2
    endloop
  endfacet
  facet normal -0 0 -1
    outer loop
      vertex -32.7695 20.1775 18.2
      vertex -41.55 12 18.2
      vertex -33.0678 20.4322 18.2
    endloop
  endfacet
  facet normal -0 0 -1
    outer loop
      vertex -32.435 19.9725 18.2
      vertex -41.55 12 18.2
      vertex -32.7695 20.1775 18.2
    endloop
  endfacet
  facet normal -0 0 -1
    outer loop
      vertex -32.0725 19.8224 18.2
      vertex -41.55 12 18.2
      vertex -32.435 19.9725 18.2
    endloop
  endfacet
  facet normal -0 0 -1
    outer loop
      vertex -31.6911 19.7308 18.2
      vertex -41.55 12 18.2
      vertex -32.0725 19.8224 18.2
    endloop
  endfacet
  facet normal -0 0 -1
    outer loop
      vertex -31.3 19.7 18.2
      vertex -41.55 12 18.2
      vertex -31.6911 19.7308 18.2
    endloop
  endfacet
  facet normal 0 0 -1
    outer loop
      vertex 32.0725 108.378 18.2
      vertex 36.15 114.2 18.2
      vertex 32.435 108.228 18.2
    endloop
  endfacet
  facet normal 0 0 -1
    outer loop
      vertex 31.6911 108.469 18.2
      vertex 36.15 114.2 18.2
      vertex 32.0725 108.378 18.2
    endloop
  endfacet
  facet normal 0 -0 -1
    outer loop
      vertex 34.15 116.2 18.2
      vertex 36.15 114.2 18.2
      vertex 31.6911 108.469 18.2
    endloop
  endfacet
  facet normal 0 0 -1
    outer loop
      vertex 36.1116 114.59 18.2
      vertex 34.15 116.2 18.2
      vertex 35.9978 114.965 18.2
    endloop
  endfacet
  facet normal 0 0 -1
    outer loop
      vertex 35.9978 114.965 18.2
      vertex 34.15 116.2 18.2
      vertex 35.8129 115.311 18.2
    endloop
  endfacet
  facet normal 0 0 -1
    outer loop
      vertex 35.8129 115.311 18.2
      vertex 34.15 116.2 18.2
      vertex 35.5642 115.614 18.2
    endloop
  endfacet
  facet normal 0 0 -1
    outer loop
      vertex 35.5642 115.614 18.2
      vertex 34.15 116.2 18.2
      vertex 35.2611 115.863 18.2
    endloop
  endfacet
  facet normal 0 0 -1
    outer loop
      vertex 34.9154 116.048 18.2
      vertex 34.15 116.2 18.2
      vertex 34.5402 116.162 18.2
    endloop
  endfacet
  facet normal 0 0 -1
    outer loop
      vertex 35.2611 115.863 18.2
      vertex 34.15 116.2 18.2
      vertex 34.9154 116.048 18.2
    endloop
  endfacet
  facet normal 0 0 -1
    outer loop
      vertex 36.15 114.2 18.2
      vertex 34.15 116.2 18.2
      vertex 36.1116 114.59 18.2
    endloop
  endfacet
  facet normal 0 0 -1
    outer loop
      vertex 31.3 108.5 18.2
      vertex 34.15 116.2 18.2
      vertex 31.6911 108.469 18.2
    endloop
  endfacet
  facet normal 0 0 -1
    outer loop
      vertex -31.3 108.5 18.2
      vertex 34.15 116.2 18.2
      vertex 31.3 108.5 18.2
    endloop
  endfacet
  facet normal 0 0 -1
    outer loop
      vertex -41.55 116.2 18.2
      vertex -31.3 108.5 18.2
      vertex -31.6911 108.469 18.2
    endloop
  endfacet
  facet normal -0 0 -1
    outer loop
      vertex -33.8 22.2 18.2
      vertex -43.55 14 18.2
      vertex -33.8 106 18.2
    endloop
  endfacet
  facet normal 0 0 -1
    outer loop
      vertex -31.3 108.5 18.2
      vertex -41.55 116.2 18.2
      vertex 34.15 116.2 18.2
    endloop
  endfacet
  facet normal 0 0 -1
    outer loop
      vertex -32.0725 108.378 18.2
      vertex -41.55 116.2 18.2
      vertex -31.6911 108.469 18.2
    endloop
  endfacet
  facet normal 0 0 -1
    outer loop
      vertex -32.435 108.228 18.2
      vertex -41.55 116.2 18.2
      vertex -32.0725 108.378 18.2
    endloop
  endfacet
  facet normal 0 0 -1
    outer loop
      vertex -32.7695 108.023 18.2
      vertex -41.55 116.2 18.2
      vertex -32.435 108.228 18.2
    endloop
  endfacet
  facet normal 0 0 -1
    outer loop
      vertex -33.0678 107.768 18.2
      vertex -41.55 116.2 18.2
      vertex -32.7695 108.023 18.2
    endloop
  endfacet
  facet normal 0 0 -1
    outer loop
      vertex -33.3225 107.469 18.2
      vertex -41.55 116.2 18.2
      vertex -33.0678 107.768 18.2
    endloop
  endfacet
  facet normal 0 0 -1
    outer loop
      vertex -43.55 114.2 18.2
      vertex -33.3225 107.469 18.2
      vertex -33.5275 107.135 18.2
    endloop
  endfacet
  facet normal 0 0 -1
    outer loop
      vertex -43.55 114.2 18.2
      vertex -33.5275 107.135 18.2
      vertex -33.6776 106.773 18.2
    endloop
  endfacet
  facet normal 0 0 -1
    outer loop
      vertex -43.55 114.2 18.2
      vertex -33.6776 106.773 18.2
      vertex -33.7692 106.391 18.2
    endloop
  endfacet
  facet normal 0 0 -1
    outer loop
      vertex -43.55 114.2 18.2
      vertex -33.8 106 18.2
      vertex -43.55 14 18.2
    endloop
  endfacet
  facet normal 0 0 -1
    outer loop
      vertex -43.55 14 18.2
      vertex -41.55 12 18.2
      vertex -41.9402 12.0384 18.2
    endloop
  endfacet
  facet normal 0 0 -1
    outer loop
      vertex -33.8 106 18.2
      vertex -43.55 114.2 18.2
      vertex -33.7692 106.391 18.2
    endloop
  endfacet
  facet normal 0 0 -1
    outer loop
      vertex -43.55 14 18.2
      vertex -41.9402 12.0384 18.2
      vertex -42.3154 12.1522 18.2
    endloop
  endfacet
  facet normal 0 0 -1
    outer loop
      vertex -33.3225 107.469 18.2
      vertex -43.55 114.2 18.2
      vertex -41.55 116.2 18.2
    endloop
  endfacet
  facet normal 0 0 -1
    outer loop
      vertex -43.55 14 18.2
      vertex -42.3154 12.1522 18.2
      vertex -42.6611 12.3371 18.2
    endloop
  endfacet
  facet normal 0 0 -1
    outer loop
      vertex -41.55 116.2 18.2
      vertex -43.55 114.2 18.2
      vertex -41.9402 116.162 18.2
    endloop
  endfacet
  facet normal 0 0 -1
    outer loop
      vertex -43.55 14 18.2
      vertex -42.6611 12.3371 18.2
      vertex -42.9642 12.5858 18.2
    endloop
  endfacet
  facet normal 0 0 -1
    outer loop
      vertex -41.9402 116.162 18.2
      vertex -43.55 114.2 18.2
      vertex -42.3154 116.048 18.2
    endloop
  endfacet
  facet normal 0 0 -1
    outer loop
      vertex -43.55 14 18.2
      vertex -42.9642 12.5858 18.2
      vertex -43.2129 12.8889 18.2
    endloop
  endfacet
  facet normal 0 0 -1
    outer loop
      vertex -42.3154 116.048 18.2
      vertex -43.55 114.2 18.2
      vertex -42.6611 115.863 18.2
    endloop
  endfacet
  facet normal 0 0 -1
    outer loop
      vertex -43.55 14 18.2
      vertex -43.2129 12.8889 18.2
      vertex -43.3978 13.2346 18.2
    endloop
  endfacet
  facet normal 0 0 -1
    outer loop
      vertex -42.6611 115.863 18.2
      vertex -43.55 114.2 18.2
      vertex -42.9642 115.614 18.2
    endloop
  endfacet
  facet normal 0 0 -1
    outer loop
      vertex -43.55 14 18.2
      vertex -43.3978 13.2346 18.2
      vertex -43.5116 13.6098 18.2
    endloop
  endfacet
  facet normal 0 0 -1
    outer loop
      vertex -42.9642 115.614 18.2
      vertex -43.55 114.2 18.2
      vertex -43.2129 115.311 18.2
    endloop
  endfacet
  facet normal 0 0 -1
    outer loop
      vertex -43.2129 115.311 18.2
      vertex -43.55 114.2 18.2
      vertex -43.3978 114.965 18.2
    endloop
  endfacet
  facet normal 0 0 -1
    outer loop
      vertex -43.3978 114.965 18.2
      vertex -43.55 114.2 18.2
      vertex -43.5116 114.59 18.2
    endloop
  endfacet
  facet normal 0.097938 0.995193 -0
    outer loop
      vertex -41.55 12 0.800001
      vertex -41.9402 12.0384 18.2
      vertex -41.55 12 18.2
    endloop
  endfacet
  facet normal 0.097938 0.995193 0
    outer loop
      vertex -41.9402 12.0384 18.2
      vertex -41.55 12 0.800001
      vertex -41.9402 12.0384 0.800001
    endloop
  endfacet
  facet normal -0.995188 -0.0979877 0
    outer loop
      vertex 36.15 114.2 0.800001
      vertex 36.1116 114.59 18.2
      vertex 36.1116 114.59 0.800001
    endloop
  endfacet
  facet normal -0.995188 -0.0979877 0
    outer loop
      vertex 36.1116 114.59 18.2
      vertex 36.15 114.2 0.800001
      vertex 36.15 114.2 18.2
    endloop
  endfacet
  facet normal 0 1 -0
    outer loop
      vertex 34.15 12 0.800001
      vertex -41.55 12 18.2
      vertex 34.15 12 18.2
    endloop
  endfacet
  facet normal 0 1 0
    outer loop
      vertex -41.55 12 18.2
      vertex 34.15 12 0.800001
      vertex -41.55 12 0.800001
    endloop
  endfacet
  facet normal -0.956951 0.290248 0
    outer loop
      vertex 35.9978 13.2346 0.800001
      vertex 36.1116 13.6098 18.2
      vertex 36.1116 13.6098 0.800001
    endloop
  endfacet
  facet normal -0.956951 0.290248 0
    outer loop
      vertex 36.1116 13.6098 18.2
      vertex 35.9978 13.2346 0.800001
      vertex 35.9978 13.2346 18.2
    endloop
  endfacet
  facet normal -1 0 0
    outer loop
      vertex 36.15 14 0.800001
      vertex 36.15 114.2 18.2
      vertex 36.15 114.2 0.800001
    endloop
  endfacet
  facet normal -1 -0 0
    outer loop
      vertex 36.15 114.2 18.2
      vertex 36.15 14 0.800001
      vertex 36.15 14 18.2
    endloop
  endfacet
  facet normal -0.772968 -0.634446 0
    outer loop
      vertex 35.8129 115.311 0.800001
      vertex 35.5642 115.614 18.2
      vertex 35.5642 115.614 0.800001
    endloop
  endfacet
  facet normal -0.772968 -0.634446 0
    outer loop
      vertex 35.5642 115.614 18.2
      vertex 35.8129 115.311 0.800001
      vertex 35.8129 115.311 18.2
    endloop
  endfacet
  facet normal -0.471832 -0.881688 0
    outer loop
      vertex 34.9154 116.048 0.800001
      vertex 35.2611 115.863 18.2
      vertex 34.9154 116.048 18.2
    endloop
  endfacet
  facet normal -0.471832 -0.881688 -0
    outer loop
      vertex 35.2611 115.863 18.2
      vertex 34.9154 116.048 0.800001
      vertex 35.2611 115.863 0.800001
    endloop
  endfacet
  facet normal -0.956908 -0.29039 0
    outer loop
      vertex 36.1116 114.59 0.800001
      vertex 35.9978 114.965 18.2
      vertex 35.9978 114.965 0.800001
    endloop
  endfacet
  facet normal -0.956908 -0.29039 0
    outer loop
      vertex 35.9978 114.965 18.2
      vertex 36.1116 114.59 0.800001
      vertex 36.1116 114.59 18.2
    endloop
  endfacet
  facet normal 0.881795 0.471634 0
    outer loop
      vertex -43.2129 12.8889 18.2
      vertex -43.3978 13.2346 0.800001
      vertex -43.3978 13.2346 18.2
    endloop
  endfacet
  facet normal 0.881795 0.471634 0
    outer loop
      vertex -43.3978 13.2346 0.800001
      vertex -43.2129 12.8889 18.2
      vertex -43.2129 12.8889 0.800001
    endloop
  endfacet
  facet normal -0.097938 0.995193 0
    outer loop
      vertex 34.5402 12.0384 0.800001
      vertex 34.15 12 18.2
      vertex 34.5402 12.0384 18.2
    endloop
  endfacet
  facet normal -0.097938 0.995193 0
    outer loop
      vertex 34.15 12 18.2
      vertex 34.5402 12.0384 0.800001
      vertex 34.15 12 0.800001
    endloop
  endfacet
  facet normal -0.471634 0.881795 0
    outer loop
      vertex 35.2611 12.3371 0.800001
      vertex 34.9154 12.1522 18.2
      vertex 35.2611 12.3371 18.2
    endloop
  endfacet
  facet normal -0.471634 0.881795 0
    outer loop
      vertex 34.9154 12.1522 18.2
      vertex 35.2611 12.3371 0.800001
      vertex 34.9154 12.1522 0.800001
    endloop
  endfacet
  facet normal 0.290715 -0.95681 0
    outer loop
      vertex -42.3154 116.048 0.800001
      vertex -41.9402 116.162 18.2
      vertex -42.3154 116.048 18.2
    endloop
  endfacet
  facet normal 0.290715 -0.95681 0
    outer loop
      vertex -41.9402 116.162 18.2
      vertex -42.3154 116.048 0.800001
      vertex -41.9402 116.162 0.800001
    endloop
  endfacet
  facet normal -0.290248 0.956951 0
    outer loop
      vertex 34.9154 12.1522 0.800001
      vertex 34.5402 12.0384 18.2
      vertex 34.9154 12.1522 18.2
    endloop
  endfacet
  facet normal -0.290248 0.956951 0
    outer loop
      vertex 34.5402 12.0384 18.2
      vertex 34.9154 12.1522 0.800001
      vertex 34.5402 12.0384 0.800001
    endloop
  endfacet
  facet normal -0.881965 -0.471316 0
    outer loop
      vertex 35.9978 114.965 0.800001
      vertex 35.8129 115.311 18.2
      vertex 35.8129 115.311 0.800001
    endloop
  endfacet
  facet normal -0.881965 -0.471316 0
    outer loop
      vertex 35.8129 115.311 18.2
      vertex 35.9978 114.965 0.800001
      vertex 35.9978 114.965 18.2
    endloop
  endfacet
  facet normal -0.995193 0.097938 0
    outer loop
      vertex 36.1116 13.6098 0.800001
      vertex 36.15 14 18.2
      vertex 36.15 14 0.800001
    endloop
  endfacet
  facet normal -0.995193 0.097938 0
    outer loop
      vertex 36.15 14 18.2
      vertex 36.1116 13.6098 0.800001
      vertex 36.1116 13.6098 18.2
    endloop
  endfacet
  facet normal 0.77307 0.634321 0
    outer loop
      vertex -42.9642 12.5858 18.2
      vertex -43.2129 12.8889 0.800001
      vertex -43.2129 12.8889 18.2
    endloop
  endfacet
  facet normal 0.77307 0.634321 0
    outer loop
      vertex -43.2129 12.8889 0.800001
      vertex -42.9642 12.5858 18.2
      vertex -42.9642 12.5858 0.800001
    endloop
  endfacet
  facet normal 0.290248 0.956951 -0
    outer loop
      vertex -41.9402 12.0384 0.800001
      vertex -42.3154 12.1522 18.2
      vertex -41.9402 12.0384 18.2
    endloop
  endfacet
  facet normal 0.290248 0.956951 0
    outer loop
      vertex -42.3154 12.1522 18.2
      vertex -41.9402 12.0384 0.800001
      vertex -42.3154 12.1522 0.800001
    endloop
  endfacet
  facet normal -0.77307 0.634321 0
    outer loop
      vertex 35.5642 12.5858 0.800001
      vertex 35.8129 12.8889 18.2
      vertex 35.8129 12.8889 0.800001
    endloop
  endfacet
  facet normal -0.77307 0.634321 0
    outer loop
      vertex 35.8129 12.8889 18.2
      vertex 35.5642 12.5858 0.800001
      vertex 35.5642 12.5858 18.2
    endloop
  endfacet
  facet normal 0.634321 0.77307 -0
    outer loop
      vertex -42.6611 12.3371 0.800001
      vertex -42.9642 12.5858 18.2
      vertex -42.6611 12.3371 18.2
    endloop
  endfacet
  facet normal 0.634321 0.77307 0
    outer loop
      vertex -42.9642 12.5858 18.2
      vertex -42.6611 12.3371 0.800001
      vertex -42.9642 12.5858 0.800001
    endloop
  endfacet
  facet normal 0.471634 0.881795 -0
    outer loop
      vertex -42.3154 12.1522 0.800001
      vertex -42.6611 12.3371 18.2
      vertex -42.3154 12.1522 18.2
    endloop
  endfacet
  facet normal 0.471634 0.881795 0
    outer loop
      vertex -42.6611 12.3371 18.2
      vertex -42.3154 12.1522 0.800001
      vertex -42.6611 12.3371 0.800001
    endloop
  endfacet
  facet normal 0.0969274 -0.995291 0
    outer loop
      vertex -41.9402 116.162 0.800001
      vertex -41.55 116.2 18.2
      vertex -41.9402 116.162 18.2
    endloop
  endfacet
  facet normal 0.0969274 -0.995291 0
    outer loop
      vertex -41.55 116.2 18.2
      vertex -41.9402 116.162 0.800001
      vertex -41.55 116.2 0.800001
    endloop
  endfacet
  facet normal -0.290715 -0.95681 0
    outer loop
      vertex 34.5402 116.162 0.800001
      vertex 34.9154 116.048 18.2
      vertex 34.5402 116.162 18.2
    endloop
  endfacet
  facet normal -0.290715 -0.95681 -0
    outer loop
      vertex 34.9154 116.048 18.2
      vertex 34.5402 116.162 0.800001
      vertex 34.9154 116.048 0.800001
    endloop
  endfacet
  facet normal -0.0969274 -0.995291 0
    outer loop
      vertex 34.15 116.2 0.800001
      vertex 34.5402 116.162 18.2
      vertex 34.15 116.2 18.2
    endloop
  endfacet
  facet normal -0.0969274 -0.995291 -0
    outer loop
      vertex 34.5402 116.162 18.2
      vertex 34.15 116.2 0.800001
      vertex 34.5402 116.162 0.800001
    endloop
  endfacet
  facet normal 0.634777 -0.772695 0
    outer loop
      vertex -42.9642 115.614 0.800001
      vertex -42.6611 115.863 18.2
      vertex -42.9642 115.614 18.2
    endloop
  endfacet
  facet normal 0.634777 -0.772695 0
    outer loop
      vertex -42.6611 115.863 18.2
      vertex -42.9642 115.614 0.800001
      vertex -42.6611 115.863 0.800001
    endloop
  endfacet
  facet normal -0.634321 0.77307 0
    outer loop
      vertex 35.5642 12.5858 0.800001
      vertex 35.2611 12.3371 18.2
      vertex 35.5642 12.5858 18.2
    endloop
  endfacet
  facet normal -0.634321 0.77307 0
    outer loop
      vertex 35.2611 12.3371 18.2
      vertex 35.5642 12.5858 0.800001
      vertex 35.2611 12.3371 0.800001
    endloop
  endfacet
  facet normal 0 -1 0
    outer loop
      vertex -51.546 40.23 10.1
      vertex -44.1424 40.23 0.800001
      vertex -43.55 40.23 10.1
    endloop
  endfacet
  facet normal 0 -1 0
    outer loop
      vertex -51.546 40.23 5.72205e-07
      vertex -44.1424 40.23 0.800001
      vertex -51.546 40.23 10.1
    endloop
  endfacet
  facet normal 0 -1 -0
    outer loop
      vertex -44.1424 40.23 0.800001
      vertex -51.546 40.23 5.72205e-07
      vertex -44.1424 40.23 5.72205e-07
    endloop
  endfacet
  facet normal 0 -1 -0
    outer loop
      vertex -43.55 40.23 10.1
      vertex -44.1424 40.23 0.800001
      vertex -43.55 40.23 0.800001
    endloop
  endfacet
  facet normal 0 1 0
    outer loop
      vertex -44.1424 27.23 0.800001
      vertex -43.55 27.23 10.1
      vertex -43.55 27.23 0.800001
    endloop
  endfacet
  facet normal 0 1 0
    outer loop
      vertex -43.55 27.23 10.1
      vertex -44.1424 27.23 0.800001
      vertex -51.546 27.23 10.1
    endloop
  endfacet
  facet normal 0 1 0
    outer loop
      vertex -51.546 27.23 5.72205e-07
      vertex -44.1424 27.23 0.800001
      vertex -44.1424 27.23 5.72205e-07
    endloop
  endfacet
  facet normal 0 1 0
    outer loop
      vertex -44.1424 27.23 0.800001
      vertex -51.546 27.23 5.72205e-07
      vertex -51.546 27.23 10.1
    endloop
  endfacet
  facet normal 0 0 -1
    outer loop
      vertex -51.546 27.23 10.1
      vertex -43.55 40.23 10.1
      vertex -43.55 27.23 10.1
    endloop
  endfacet
  facet normal -0 0 -1
    outer loop
      vertex -43.55 40.23 10.1
      vertex -51.546 27.23 10.1
      vertex -51.546 40.23 10.1
    endloop
  endfacet
  facet normal -0.973618 -0.228184 0
    outer loop
      vertex 36.7195 114.597 5.72205e-07
      vertex 36.6288 114.984 0.800001
      vertex 36.6288 114.984 5.72205e-07
    endloop
  endfacet
  facet normal -0.973618 -0.228184 0
    outer loop
      vertex 36.6288 114.984 0.800001
      vertex 36.7195 114.597 5.72205e-07
      vertex 36.7195 114.597 0.800001
    endloop
  endfacet
  facet normal -0.927503 0.373815 0
    outer loop
      vertex 36.48 12.8463 5.72205e-07
      vertex 36.6288 13.2155 0.800001
      vertex 36.6288 13.2155 5.72205e-07
    endloop
  endfacet
  facet normal -0.927503 0.373815 0
    outer loop
      vertex 36.6288 13.2155 0.800001
      vertex 36.48 12.8463 5.72205e-07
      vertex 36.48 12.8463 0.800001
    endloop
  endfacet
  facet normal 0.988267 0.152737 0
    outer loop
      vertex -44.0816 13.4076 0.800001
      vertex -44.1424 13.801 5.72205e-07
      vertex -44.1424 13.801 0.800001
    endloop
  endfacet
  facet normal 0.988267 0.152737 0
    outer loop
      vertex -44.1424 13.801 5.72205e-07
      vertex -44.0816 13.4076 0.800001
      vertex -44.0816 13.4076 5.72205e-07
    endloop
  endfacet
  facet normal 0.190944 -0.981601 0
    outer loop
      vertex -42.2389 116.707 5.72205e-07
      vertex -41.8482 116.783 0.800001
      vertex -42.2389 116.707 0.800001
    endloop
  endfacet
  facet normal 0.190944 -0.981601 0
    outer loop
      vertex -41.8482 116.783 0.800001
      vertex -42.2389 116.707 5.72205e-07
      vertex -41.8482 116.783 5.72205e-07
    endloop
  endfacet
  facet normal 1 -0 0
    outer loop
      vertex -44.1424 40.23 0.800001
      vertex -44.1424 114.399 5.72205e-07
      vertex -44.1424 114.399 0.800001
    endloop
  endfacet
  facet normal 1 0 0
    outer loop
      vertex -44.1424 114.399 5.72205e-07
      vertex -44.1424 40.23 0.800001
      vertex -44.1424 40.23 5.72205e-07
    endloop
  endfacet
  facet normal 1 -0 0
    outer loop
      vertex -44.1424 13.801 0.800001
      vertex -44.1424 27.23 5.72205e-07
      vertex -44.1424 27.23 0.800001
    endloop
  endfacet
  facet normal 1 0 0
    outer loop
      vertex -44.1424 27.23 5.72205e-07
      vertex -44.1424 13.801 0.800001
      vertex -44.1424 13.801 5.72205e-07
    endloop
  endfacet
  facet normal -0.665641 -0.746272 0
    outer loop
      vertex 35.7262 116.268 5.72205e-07
      vertex 36.0233 116.003 0.800001
      vertex 35.7262 116.268 0.800001
    endloop
  endfacet
  facet normal -0.665641 -0.746272 -0
    outer loop
      vertex 36.0233 116.003 0.800001
      vertex 35.7262 116.268 5.72205e-07
      vertex 36.0233 116.003 5.72205e-07
    endloop
  endfacet
  facet normal -0.263883 -0.964555 0
    outer loop
      vertex 34.645 116.752 5.72205e-07
      vertex 35.0288 116.647 0.800001
      vertex 34.645 116.752 0.800001
    endloop
  endfacet
  facet normal -0.263883 -0.964555 -0
    outer loop
      vertex 35.0288 116.647 0.800001
      vertex 34.645 116.752 5.72205e-07
      vertex 35.0288 116.647 5.72205e-07
    endloop
  endfacet
  facet normal 0.33807 0.941121 -0
    outer loop
      vertex -42.2389 11.4929 5.72205e-07
      vertex -42.6136 11.6275 0.800001
      vertex -42.2389 11.4929 0.800001
    endloop
  endfacet
  facet normal 0.33807 0.941121 0
    outer loop
      vertex -42.6136 11.6275 0.800001
      vertex -42.2389 11.4929 5.72205e-07
      vertex -42.6136 11.6275 5.72205e-07
    endloop
  endfacet
  facet normal -0.973696 0.227849 0
    outer loop
      vertex 36.6288 13.2155 5.72205e-07
      vertex 36.7195 13.6031 0.800001
      vertex 36.7195 13.6031 5.72205e-07
    endloop
  endfacet
  facet normal -0.973696 0.227849 0
    outer loop
      vertex 36.7195 13.6031 0.800001
      vertex 36.6288 13.2155 5.72205e-07
      vertex 36.6288 13.2155 0.800001
    endloop
  endfacet
  facet normal 0.190217 0.981742 -0
    outer loop
      vertex -41.8482 11.4172 5.72205e-07
      vertex -42.2389 11.4929 0.800001
      vertex -41.8482 11.4172 0.800001
    endloop
  endfacet
  facet normal 0.190217 0.981742 0
    outer loop
      vertex -42.2389 11.4929 0.800001
      vertex -41.8482 11.4172 5.72205e-07
      vertex -42.2389 11.4929 5.72205e-07
    endloop
  endfacet
  facet normal -0.542928 -0.839779 0
    outer loop
      vertex 35.3921 116.484 5.72205e-07
      vertex 35.7262 116.268 0.800001
      vertex 35.3921 116.484 0.800001
    endloop
  endfacet
  facet normal -0.542928 -0.839779 -0
    outer loop
      vertex 35.7262 116.268 0.800001
      vertex 35.3921 116.484 5.72205e-07
      vertex 35.7262 116.268 5.72205e-07
    endloop
  endfacet
  facet normal 0.817955 0.575282 0
    outer loop
      vertex -43.5559 12.3458 0.800001
      vertex -43.7849 12.6714 5.72205e-07
      vertex -43.7849 12.6714 0.800001
    endloop
  endfacet
  facet normal 0.817955 0.575282 0
    outer loop
      vertex -43.7849 12.6714 5.72205e-07
      vertex -43.5559 12.3458 0.800001
      vertex -43.5559 12.3458 5.72205e-07
    endloop
  endfacet
  facet normal 0.953396 0.30172 0
    outer loop
      vertex -43.9615 13.0281 0.800001
      vertex -44.0816 13.4076 5.72205e-07
      vertex -44.0816 13.4076 0.800001
    endloop
  endfacet
  facet normal 0.953396 0.30172 0
    outer loop
      vertex -44.0816 13.4076 5.72205e-07
      vertex -43.9615 13.0281 0.800001
      vertex -43.9615 13.0281 5.72205e-07
    endloop
  endfacet
  facet normal 0.720659 -0.693289 0
    outer loop
      vertex -43.5559 115.854 0.800001
      vertex -43.2798 116.141 5.72205e-07
      vertex -43.2798 116.141 0.800001
    endloop
  endfacet
  facet normal 0.720659 -0.693289 0
    outer loop
      vertex -43.2798 116.141 5.72205e-07
      vertex -43.5559 115.854 0.800001
      vertex -43.5559 115.854 5.72205e-07
    endloop
  endfacet
  facet normal -0.771342 -0.63642 0
    outer loop
      vertex 36.2766 115.696 5.72205e-07
      vertex 36.0233 116.003 0.800001
      vertex 36.0233 116.003 5.72205e-07
    endloop
  endfacet
  facet normal -0.771342 -0.63642 0
    outer loop
      vertex 36.0233 116.003 0.800001
      vertex 36.2766 115.696 5.72205e-07
      vertex 36.2766 115.696 0.800001
    endloop
  endfacet
  facet normal 0.479344 -0.877627 0
    outer loop
      vertex -42.9633 116.382 5.72205e-07
      vertex -42.6136 116.573 0.800001
      vertex -42.9633 116.382 0.800001
    endloop
  endfacet
  facet normal 0.479344 -0.877627 0
    outer loop
      vertex -42.6136 116.573 0.800001
      vertex -42.9633 116.382 5.72205e-07
      vertex -42.6136 116.573 5.72205e-07
    endloop
  endfacet
  facet normal -0.99706 0.0766197 0
    outer loop
      vertex 36.7195 13.6031 5.72205e-07
      vertex 36.75 14 0.800001
      vertex 36.75 14 5.72205e-07
    endloop
  endfacet
  facet normal -0.99706 0.0766197 0
    outer loop
      vertex 36.75 14 0.800001
      vertex 36.7195 13.6031 5.72205e-07
      vertex 36.7195 13.6031 0.800001
    endloop
  endfacet
  facet normal -0.859482 -0.511166 0
    outer loop
      vertex 36.48 115.354 5.72205e-07
      vertex 36.2766 115.696 0.800001
      vertex 36.2766 115.696 5.72205e-07
    endloop
  endfacet
  facet normal -0.859482 -0.511166 0
    outer loop
      vertex 36.2766 115.696 0.800001
      vertex 36.48 115.354 5.72205e-07
      vertex 36.48 115.354 0.800001
    endloop
  endfacet
  facet normal 0 1 -0
    outer loop
      vertex 34.2496 11.4019 5.72205e-07
      vertex -41.4504 11.4019 0.800001
      vertex 34.2496 11.4019 0.800001
    endloop
  endfacet
  facet normal 0 1 0
    outer loop
      vertex -41.4504 11.4019 0.800001
      vertex 34.2496 11.4019 5.72205e-07
      vertex -41.4504 11.4019 5.72205e-07
    endloop
  endfacet
  facet normal -1 0 0
    outer loop
      vertex 36.75 14 5.72205e-07
      vertex 36.75 114.2 0.800001
      vertex 36.75 114.2 5.72205e-07
    endloop
  endfacet
  facet normal -1 -0 0
    outer loop
      vertex 36.75 114.2 0.800001
      vertex 36.75 14 5.72205e-07
      vertex 36.75 14 0.800001
    endloop
  endfacet
  facet normal 0 -1 0
    outer loop
      vertex -41.4504 116.798 5.72205e-07
      vertex 34.2496 116.798 0.800001
      vertex -41.4504 116.798 0.800001
    endloop
  endfacet
  facet normal 0 -1 -0
    outer loop
      vertex 34.2496 116.798 0.800001
      vertex -41.4504 116.798 5.72205e-07
      vertex 34.2496 116.798 5.72205e-07
    endloop
  endfacet
  facet normal -0.409142 0.912471 0
    outer loop
      vertex 35.3921 11.7159 5.72205e-07
      vertex 35.0288 11.553 0.800001
      vertex 35.3921 11.7159 0.800001
    endloop
  endfacet
  facet normal -0.409142 0.912471 0
    outer loop
      vertex 35.0288 11.553 0.800001
      vertex 35.3921 11.7159 5.72205e-07
      vertex 35.0288 11.553 5.72205e-07
    endloop
  endfacet
  facet normal -0.264818 0.964298 0
    outer loop
      vertex 35.0288 11.553 5.72205e-07
      vertex 34.645 11.4476 0.800001
      vertex 35.0288 11.553 0.800001
    endloop
  endfacet
  facet normal -0.264818 0.964298 0
    outer loop
      vertex 34.645 11.4476 0.800001
      vertex 35.0288 11.553 5.72205e-07
      vertex 34.645 11.4476 5.72205e-07
    endloop
  endfacet
  facet normal 0.896179 0.443693 0
    outer loop
      vertex -43.7849 12.6714 0.800001
      vertex -43.9615 13.0281 5.72205e-07
      vertex -43.9615 13.0281 0.800001
    endloop
  endfacet
  facet normal 0.896179 0.443693 0
    outer loop
      vertex -43.9615 13.0281 5.72205e-07
      vertex -43.7849 12.6714 0.800001
      vertex -43.7849 12.6714 5.72205e-07
    endloop
  endfacet
  facet normal 0.477796 0.878471 -0
    outer loop
      vertex -42.6136 11.6275 5.72205e-07
      vertex -42.9633 11.8177 0.800001
      vertex -42.6136 11.6275 0.800001
    endloop
  endfacet
  facet normal 0.477796 0.878471 0
    outer loop
      vertex -42.9633 11.8177 0.800001
      vertex -42.6136 11.6275 5.72205e-07
      vertex -42.9633 11.8177 5.72205e-07
    endloop
  endfacet
  facet normal -0.54346 0.839435 0
    outer loop
      vertex 35.7262 11.9322 5.72205e-07
      vertex 35.3921 11.7159 0.800001
      vertex 35.7262 11.9322 0.800001
    endloop
  endfacet
  facet normal -0.54346 0.839435 0
    outer loop
      vertex 35.3921 11.7159 0.800001
      vertex 35.7262 11.9322 5.72205e-07
      vertex 35.3921 11.7159 5.72205e-07
    endloop
  endfacet
  facet normal -0.114815 0.993387 0
    outer loop
      vertex 34.645 11.4476 5.72205e-07
      vertex 34.2496 11.4019 0.800001
      vertex 34.645 11.4476 0.800001
    endloop
  endfacet
  facet normal -0.114815 0.993387 0
    outer loop
      vertex 34.2496 11.4019 0.800001
      vertex 34.645 11.4476 5.72205e-07
      vertex 34.2496 11.4019 5.72205e-07
    endloop
  endfacet
  facet normal -0.927783 -0.373119 0
    outer loop
      vertex 36.6288 114.984 5.72205e-07
      vertex 36.48 115.354 0.800001
      vertex 36.48 115.354 5.72205e-07
    endloop
  endfacet
  facet normal -0.927783 -0.373119 0
    outer loop
      vertex 36.48 115.354 0.800001
      vertex 36.6288 114.984 5.72205e-07
      vertex 36.6288 114.984 0.800001
    endloop
  endfacet
  facet normal -0.771444 0.636297 0
    outer loop
      vertex 36.0233 12.1971 5.72205e-07
      vertex 36.2766 12.5042 0.800001
      vertex 36.2766 12.5042 5.72205e-07
    endloop
  endfacet
  facet normal -0.771444 0.636297 0
    outer loop
      vertex 36.2766 12.5042 0.800001
      vertex 36.0233 12.1971 5.72205e-07
      vertex 36.0233 12.1971 0.800001
    endloop
  endfacet
  facet normal 0.988243 -0.152889 0
    outer loop
      vertex -44.1424 114.399 0.800001
      vertex -44.0816 114.792 5.72205e-07
      vertex -44.0816 114.792 0.800001
    endloop
  endfacet
  facet normal 0.988243 -0.152889 0
    outer loop
      vertex -44.0816 114.792 5.72205e-07
      vertex -44.1424 114.399 0.800001
      vertex -44.1424 114.399 5.72205e-07
    endloop
  endfacet
  facet normal 0.953511 -0.30136 0
    outer loop
      vertex -44.0816 114.792 0.800001
      vertex -43.9615 115.172 5.72205e-07
      vertex -43.9615 115.172 0.800001
    endloop
  endfacet
  facet normal 0.953511 -0.30136 0
    outer loop
      vertex -43.9615 115.172 5.72205e-07
      vertex -44.0816 114.792 0.800001
      vertex -44.0816 114.792 5.72205e-07
    endloop
  endfacet
  facet normal -0.665501 0.746397 0
    outer loop
      vertex 36.0233 12.1971 5.72205e-07
      vertex 35.7262 11.9322 0.800001
      vertex 36.0233 12.1971 0.800001
    endloop
  endfacet
  facet normal -0.665501 0.746397 0
    outer loop
      vertex 35.7262 11.9322 0.800001
      vertex 36.0233 12.1971 5.72205e-07
      vertex 35.7262 11.9322 5.72205e-07
    endloop
  endfacet
  facet normal -0.997062 -0.0766005 0
    outer loop
      vertex 36.75 114.2 5.72205e-07
      vertex 36.7195 114.597 0.800001
      vertex 36.7195 114.597 5.72205e-07
    endloop
  endfacet
  facet normal -0.997062 -0.0766005 0
    outer loop
      vertex 36.7195 114.597 0.800001
      vertex 36.75 114.2 5.72205e-07
      vertex 36.75 114.2 0.800001
    endloop
  endfacet
  facet normal 0.896327 -0.443393 0
    outer loop
      vertex -43.9615 115.172 0.800001
      vertex -43.7849 115.529 5.72205e-07
      vertex -43.7849 115.529 0.800001
    endloop
  endfacet
  facet normal 0.896327 -0.443393 0
    outer loop
      vertex -43.7849 115.529 5.72205e-07
      vertex -43.9615 115.172 0.800001
      vertex -43.9615 115.172 5.72205e-07
    endloop
  endfacet
  facet normal 0.605816 -0.795605 0
    outer loop
      vertex -43.2798 116.141 5.72205e-07
      vertex -42.9633 116.382 0.800001
      vertex -43.2798 116.141 0.800001
    endloop
  endfacet
  facet normal 0.605816 -0.795605 0
    outer loop
      vertex -42.9633 116.382 0.800001
      vertex -43.2798 116.141 5.72205e-07
      vertex -42.9633 116.382 5.72205e-07
    endloop
  endfacet
  facet normal 0.336734 -0.9416 0
    outer loop
      vertex -42.6136 116.573 5.72205e-07
      vertex -42.2389 116.707 0.800001
      vertex -42.6136 116.573 0.800001
    endloop
  endfacet
  facet normal 0.336734 -0.9416 0
    outer loop
      vertex -42.2389 116.707 0.800001
      vertex -42.6136 116.573 5.72205e-07
      vertex -42.2389 116.707 5.72205e-07
    endloop
  endfacet
  facet normal 0.0376806 -0.99929 0
    outer loop
      vertex -41.8482 116.783 5.72205e-07
      vertex -41.4504 116.798 0.800001
      vertex -41.8482 116.783 0.800001
    endloop
  endfacet
  facet normal 0.0376806 -0.99929 0
    outer loop
      vertex -41.4504 116.798 0.800001
      vertex -41.8482 116.783 5.72205e-07
      vertex -41.4504 116.798 5.72205e-07
    endloop
  endfacet
  facet normal 0.0384331 0.999261 -0
    outer loop
      vertex -41.4504 11.4019 5.72205e-07
      vertex -41.8482 11.4172 0.800001
      vertex -41.4504 11.4019 0.800001
    endloop
  endfacet
  facet normal 0.0384331 0.999261 0
    outer loop
      vertex -41.8482 11.4172 0.800001
      vertex -41.4504 11.4019 5.72205e-07
      vertex -41.8482 11.4172 5.72205e-07
    endloop
  endfacet
  facet normal -0.859548 0.511055 0
    outer loop
      vertex 36.2766 12.5042 5.72205e-07
      vertex 36.48 12.8463 0.800001
      vertex 36.48 12.8463 5.72205e-07
    endloop
  endfacet
  facet normal -0.859548 0.511055 0
    outer loop
      vertex 36.48 12.8463 0.800001
      vertex 36.2766 12.5042 5.72205e-07
      vertex 36.2766 12.5042 0.800001
    endloop
  endfacet
  facet normal 0.817456 -0.575992 0
    outer loop
      vertex -43.7849 115.529 0.800001
      vertex -43.5559 115.854 5.72205e-07
      vertex -43.5559 115.854 0.800001
    endloop
  endfacet
  facet normal 0.817456 -0.575992 0
    outer loop
      vertex -43.5559 115.854 5.72205e-07
      vertex -43.7849 115.529 0.800001
      vertex -43.7849 115.529 5.72205e-07
    endloop
  endfacet
  facet normal 0.720418 0.69354 0
    outer loop
      vertex -43.2798 12.059 0.800001
      vertex -43.5559 12.3458 5.72205e-07
      vertex -43.5559 12.3458 0.800001
    endloop
  endfacet
  facet normal 0.720418 0.69354 0
    outer loop
      vertex -43.5559 12.3458 5.72205e-07
      vertex -43.2798 12.059 0.800001
      vertex -43.2798 12.059 5.72205e-07
    endloop
  endfacet
  facet normal 0 0 -1
    outer loop
      vertex -44.1424 40.23 0.800001
      vertex -43.55 114.2 0.800001
      vertex -43.55 40.23 0.800001
    endloop
  endfacet
  facet normal 0 -0 -1
    outer loop
      vertex -44.0816 114.792 0.800001
      vertex -43.55 114.2 0.800001
      vertex -44.1424 114.399 0.800001
    endloop
  endfacet
  facet normal 0 0 -1
    outer loop
      vertex -43.55 114.2 0.800001
      vertex -43.7849 115.529 0.800001
      vertex -43.5559 115.854 0.800001
    endloop
  endfacet
  facet normal 0 0 -1
    outer loop
      vertex -43.55 114.2 0.800001
      vertex -43.9615 115.172 0.800001
      vertex -43.7849 115.529 0.800001
    endloop
  endfacet
  facet normal -0 0 -1
    outer loop
      vertex -43.55 114.2 0.800001
      vertex -44.1424 40.23 0.800001
      vertex -44.1424 114.399 0.800001
    endloop
  endfacet
  facet normal 0 0 -1
    outer loop
      vertex -43.55 114.2 0.800001
      vertex -44.0816 114.792 0.800001
      vertex -43.9615 115.172 0.800001
    endloop
  endfacet
  facet normal 0 0 -1
    outer loop
      vertex 36.15 14 0.800001
      vertex 36.75 14 0.800001
      vertex 36.7195 13.6031 0.800001
    endloop
  endfacet
  facet normal 0 0 -1
    outer loop
      vertex 36.75 14 0.800001
      vertex 36.15 14 0.800001
      vertex 36.75 114.2 0.800001
    endloop
  endfacet
  facet normal 0 0 -1
    outer loop
      vertex 36.1116 13.6098 0.800001
      vertex 36.7195 13.6031 0.800001
      vertex 36.6288 13.2155 0.800001
    endloop
  endfacet
  facet normal 0 0 -1
    outer loop
      vertex 36.15 114.2 0.800001
      vertex 36.75 114.2 0.800001
      vertex 36.15 14 0.800001
    endloop
  endfacet
  facet normal 0 0 -1
    outer loop
      vertex 35.9978 13.2346 0.800001
      vertex 36.6288 13.2155 0.800001
      vertex 36.48 12.8463 0.800001
    endloop
  endfacet
  facet normal 0 0 -1
    outer loop
      vertex 36.75 114.2 0.800001
      vertex 36.15 114.2 0.800001
      vertex 36.7195 114.597 0.800001
    endloop
  endfacet
  facet normal 0 0 -1
    outer loop
      vertex 35.8129 12.8889 0.800001
      vertex 36.48 12.8463 0.800001
      vertex 36.2766 12.5042 0.800001
    endloop
  endfacet
  facet normal 0 0 -1
    outer loop
      vertex 36.1116 114.59 0.800001
      vertex 36.7195 114.597 0.800001
      vertex 36.15 114.2 0.800001
    endloop
  endfacet
  facet normal -0 0 -1
    outer loop
      vertex 36.7195 114.597 0.800001
      vertex 36.1116 114.59 0.800001
      vertex 36.6288 114.984 0.800001
    endloop
  endfacet
  facet normal 0 0 -1
    outer loop
      vertex 36.7195 13.6031 0.800001
      vertex 36.1116 13.6098 0.800001
      vertex 36.15 14 0.800001
    endloop
  endfacet
  facet normal 0 0 -1
    outer loop
      vertex 35.5642 12.5858 0.800001
      vertex 36.2766 12.5042 0.800001
      vertex 36.0233 12.1971 0.800001
    endloop
  endfacet
  facet normal 0 0 -1
    outer loop
      vertex 36.6288 13.2155 0.800001
      vertex 35.9978 13.2346 0.800001
      vertex 36.1116 13.6098 0.800001
    endloop
  endfacet
  facet normal 0 0 -1
    outer loop
      vertex 36.48 12.8463 0.800001
      vertex 35.8129 12.8889 0.800001
      vertex 35.9978 13.2346 0.800001
    endloop
  endfacet
  facet normal 0 0 -1
    outer loop
      vertex 35.5642 12.5858 0.800001
      vertex 36.0233 12.1971 0.800001
      vertex 35.7262 11.9322 0.800001
    endloop
  endfacet
  facet normal 0 0 -1
    outer loop
      vertex 36.2766 12.5042 0.800001
      vertex 35.5642 12.5858 0.800001
      vertex 35.8129 12.8889 0.800001
    endloop
  endfacet
  facet normal 0 0 -1
    outer loop
      vertex 35.2611 12.3371 0.800001
      vertex 35.7262 11.9322 0.800001
      vertex 35.3921 11.7159 0.800001
    endloop
  endfacet
  facet normal 0 0 -1
    outer loop
      vertex 35.7262 11.9322 0.800001
      vertex 35.2611 12.3371 0.800001
      vertex 35.5642 12.5858 0.800001
    endloop
  endfacet
  facet normal 0 0 -1
    outer loop
      vertex 34.9154 12.1522 0.800001
      vertex 35.3921 11.7159 0.800001
      vertex 35.0288 11.553 0.800001
    endloop
  endfacet
  facet normal 0 0 -1
    outer loop
      vertex 35.3921 11.7159 0.800001
      vertex 34.9154 12.1522 0.800001
      vertex 35.2611 12.3371 0.800001
    endloop
  endfacet
  facet normal 0 0 -1
    outer loop
      vertex 34.5402 12.0384 0.800001
      vertex 35.0288 11.553 0.800001
      vertex 34.645 11.4476 0.800001
    endloop
  endfacet
  facet normal 0 0 -1
    outer loop
      vertex 35.0288 11.553 0.800001
      vertex 34.5402 12.0384 0.800001
      vertex 34.9154 12.1522 0.800001
    endloop
  endfacet
  facet normal 0 0 -1
    outer loop
      vertex 34.2496 11.4019 0.800001
      vertex 34.5402 12.0384 0.800001
      vertex 34.645 11.4476 0.800001
    endloop
  endfacet
  facet normal 0 0 -1
    outer loop
      vertex 34.2496 11.4019 0.800001
      vertex 34.15 12 0.800001
      vertex 34.5402 12.0384 0.800001
    endloop
  endfacet
  facet normal 0 0 -1
    outer loop
      vertex -41.4504 11.4019 0.800001
      vertex 34.15 12 0.800001
      vertex 34.2496 11.4019 0.800001
    endloop
  endfacet
  facet normal 0 0 -1
    outer loop
      vertex -41.4504 11.4019 0.800001
      vertex -41.55 12 0.800001
      vertex 34.15 12 0.800001
    endloop
  endfacet
  facet normal 0 0 -1
    outer loop
      vertex -41.8482 11.4172 0.800001
      vertex -41.55 12 0.800001
      vertex -41.4504 11.4019 0.800001
    endloop
  endfacet
  facet normal 0 0 -1
    outer loop
      vertex -41.8482 11.4172 0.800001
      vertex -41.9402 12.0384 0.800001
      vertex -41.55 12 0.800001
    endloop
  endfacet
  facet normal 0 0 -1
    outer loop
      vertex -42.2389 11.4929 0.800001
      vertex -41.9402 12.0384 0.800001
      vertex -41.8482 11.4172 0.800001
    endloop
  endfacet
  facet normal 0 0 -1
    outer loop
      vertex -42.2389 11.4929 0.800001
      vertex -42.3154 12.1522 0.800001
      vertex -41.9402 12.0384 0.800001
    endloop
  endfacet
  facet normal 0 0 -1
    outer loop
      vertex -42.6136 11.6275 0.800001
      vertex -42.3154 12.1522 0.800001
      vertex -42.2389 11.4929 0.800001
    endloop
  endfacet
  facet normal 0 0 -1
    outer loop
      vertex -42.6136 11.6275 0.800001
      vertex -42.6611 12.3371 0.800001
      vertex -42.3154 12.1522 0.800001
    endloop
  endfacet
  facet normal 0 0 -1
    outer loop
      vertex -42.9633 11.8177 0.800001
      vertex -42.6611 12.3371 0.800001
      vertex -42.6136 11.6275 0.800001
    endloop
  endfacet
  facet normal 0 0 -1
    outer loop
      vertex -43.2798 12.059 0.800001
      vertex -42.6611 12.3371 0.800001
      vertex -42.9633 11.8177 0.800001
    endloop
  endfacet
  facet normal -0 0 -1
    outer loop
      vertex -42.6611 12.3371 0.800001
      vertex -43.2798 12.059 0.800001
      vertex -42.9642 12.5858 0.800001
    endloop
  endfacet
  facet normal 0 0 -1
    outer loop
      vertex -43.5559 12.3458 0.800001
      vertex -42.9642 12.5858 0.800001
      vertex -43.2798 12.059 0.800001
    endloop
  endfacet
  facet normal -0 0 -1
    outer loop
      vertex -42.9642 12.5858 0.800001
      vertex -43.5559 12.3458 0.800001
      vertex -43.2129 12.8889 0.800001
    endloop
  endfacet
  facet normal 0 0 -1
    outer loop
      vertex -43.7849 12.6714 0.800001
      vertex -43.2129 12.8889 0.800001
      vertex -43.5559 12.3458 0.800001
    endloop
  endfacet
  facet normal -0 0 -1
    outer loop
      vertex -43.2129 12.8889 0.800001
      vertex -43.7849 12.6714 0.800001
      vertex -43.3978 13.2346 0.800001
    endloop
  endfacet
  facet normal 0 0 -1
    outer loop
      vertex -43.9615 13.0281 0.800001
      vertex -43.3978 13.2346 0.800001
      vertex -43.7849 12.6714 0.800001
    endloop
  endfacet
  facet normal 0 0 -1
    outer loop
      vertex -44.0816 13.4076 0.800001
      vertex -43.3978 13.2346 0.800001
      vertex -43.9615 13.0281 0.800001
    endloop
  endfacet
  facet normal 0 0 -1
    outer loop
      vertex -43.3978 13.2346 0.800001
      vertex -44.0816 13.4076 0.800001
      vertex -43.5116 13.6098 0.800001
    endloop
  endfacet
  facet normal 0 0 -1
    outer loop
      vertex -44.1424 13.801 0.800001
      vertex -43.5116 13.6098 0.800001
      vertex -44.0816 13.4076 0.800001
    endloop
  endfacet
  facet normal 0 0 -1
    outer loop
      vertex -43.5116 13.6098 0.800001
      vertex -44.1424 13.801 0.800001
      vertex -43.55 14 0.800001
    endloop
  endfacet
  facet normal 0 0 -1
    outer loop
      vertex -44.1424 27.23 0.800001
      vertex -43.55 14 0.800001
      vertex -44.1424 13.801 0.800001
    endloop
  endfacet
  facet normal 0 0 -1
    outer loop
      vertex -43.55 14 0.800001
      vertex -44.1424 27.23 0.800001
      vertex -43.55 27.23 0.800001
    endloop
  endfacet
  facet normal 0 0 -1
    outer loop
      vertex 35.9978 114.965 0.800001
      vertex 36.6288 114.984 0.800001
      vertex 36.1116 114.59 0.800001
    endloop
  endfacet
  facet normal -0 0 -1
    outer loop
      vertex 36.6288 114.984 0.800001
      vertex 35.9978 114.965 0.800001
      vertex 36.48 115.354 0.800001
    endloop
  endfacet
  facet normal 0 0 -1
    outer loop
      vertex 35.8129 115.311 0.800001
      vertex 36.48 115.354 0.800001
      vertex 35.9978 114.965 0.800001
    endloop
  endfacet
  facet normal -0 0 -1
    outer loop
      vertex 36.48 115.354 0.800001
      vertex 35.8129 115.311 0.800001
      vertex 36.2766 115.696 0.800001
    endloop
  endfacet
  facet normal 0 0 -1
    outer loop
      vertex 35.5642 115.614 0.800001
      vertex 36.2766 115.696 0.800001
      vertex 35.8129 115.311 0.800001
    endloop
  endfacet
  facet normal -0 0 -1
    outer loop
      vertex 36.2766 115.696 0.800001
      vertex 35.5642 115.614 0.800001
      vertex 36.0233 116.003 0.800001
    endloop
  endfacet
  facet normal -0 0 -1
    outer loop
      vertex 36.0233 116.003 0.800001
      vertex 35.5642 115.614 0.800001
      vertex 35.7262 116.268 0.800001
    endloop
  endfacet
  facet normal 0 0 -1
    outer loop
      vertex 35.2611 115.863 0.800001
      vertex 35.7262 116.268 0.800001
      vertex 35.5642 115.614 0.800001
    endloop
  endfacet
  facet normal -0 0 -1
    outer loop
      vertex 35.7262 116.268 0.800001
      vertex 35.2611 115.863 0.800001
      vertex 35.3921 116.484 0.800001
    endloop
  endfacet
  facet normal 0 0 -1
    outer loop
      vertex 34.9154 116.048 0.800001
      vertex 35.3921 116.484 0.800001
      vertex 35.2611 115.863 0.800001
    endloop
  endfacet
  facet normal -0 0 -1
    outer loop
      vertex 35.3921 116.484 0.800001
      vertex 34.9154 116.048 0.800001
      vertex 35.0288 116.647 0.800001
    endloop
  endfacet
  facet normal 0 0 -1
    outer loop
      vertex 34.5402 116.162 0.800001
      vertex 35.0288 116.647 0.800001
      vertex 34.9154 116.048 0.800001
    endloop
  endfacet
  facet normal -0 0 -1
    outer loop
      vertex 35.0288 116.647 0.800001
      vertex 34.5402 116.162 0.800001
      vertex 34.645 116.752 0.800001
    endloop
  endfacet
  facet normal 0 0 -1
    outer loop
      vertex 34.5402 116.162 0.800001
      vertex 34.2496 116.798 0.800001
      vertex 34.645 116.752 0.800001
    endloop
  endfacet
  facet normal 0 0 -1
    outer loop
      vertex 34.15 116.2 0.800001
      vertex 34.2496 116.798 0.800001
      vertex 34.5402 116.162 0.800001
    endloop
  endfacet
  facet normal 0 0 -1
    outer loop
      vertex 34.15 116.2 0.800001
      vertex -41.4504 116.798 0.800001
      vertex 34.2496 116.798 0.800001
    endloop
  endfacet
  facet normal 0 0 -1
    outer loop
      vertex -41.55 116.2 0.800001
      vertex -41.4504 116.798 0.800001
      vertex 34.15 116.2 0.800001
    endloop
  endfacet
  facet normal 0 0 -1
    outer loop
      vertex -41.55 116.2 0.800001
      vertex -41.8482 116.783 0.800001
      vertex -41.4504 116.798 0.800001
    endloop
  endfacet
  facet normal 0 0 -1
    outer loop
      vertex -41.9402 116.162 0.800001
      vertex -41.8482 116.783 0.800001
      vertex -41.55 116.2 0.800001
    endloop
  endfacet
  facet normal 0 0 -1
    outer loop
      vertex -41.9402 116.162 0.800001
      vertex -42.2389 116.707 0.800001
      vertex -41.8482 116.783 0.800001
    endloop
  endfacet
  facet normal 0 0 -1
    outer loop
      vertex -42.3154 116.048 0.800001
      vertex -42.2389 116.707 0.800001
      vertex -41.9402 116.162 0.800001
    endloop
  endfacet
  facet normal 0 0 -1
    outer loop
      vertex -42.3154 116.048 0.800001
      vertex -42.6136 116.573 0.800001
      vertex -42.2389 116.707 0.800001
    endloop
  endfacet
  facet normal 0 0 -1
    outer loop
      vertex -42.6611 115.863 0.800001
      vertex -42.6136 116.573 0.800001
      vertex -42.3154 116.048 0.800001
    endloop
  endfacet
  facet normal 0 0 -1
    outer loop
      vertex -42.6611 115.863 0.800001
      vertex -42.9633 116.382 0.800001
      vertex -42.6136 116.573 0.800001
    endloop
  endfacet
  facet normal 0 0 -1
    outer loop
      vertex -43.2798 116.141 0.800001
      vertex -42.6611 115.863 0.800001
      vertex -42.9642 115.614 0.800001
    endloop
  endfacet
  facet normal 0 0 -1
    outer loop
      vertex -43.5559 115.854 0.800001
      vertex -42.9642 115.614 0.800001
      vertex -43.2129 115.311 0.800001
    endloop
  endfacet
  facet normal 0 0 -1
    outer loop
      vertex -42.6611 115.863 0.800001
      vertex -43.2798 116.141 0.800001
      vertex -42.9633 116.382 0.800001
    endloop
  endfacet
  facet normal 0 0 -1
    outer loop
      vertex -43.5559 115.854 0.800001
      vertex -43.2129 115.311 0.800001
      vertex -43.3978 114.965 0.800001
    endloop
  endfacet
  facet normal 0 0 -1
    outer loop
      vertex -43.5559 115.854 0.800001
      vertex -43.3978 114.965 0.800001
      vertex -43.5116 114.59 0.800001
    endloop
  endfacet
  facet normal 0 0 -1
    outer loop
      vertex -42.9642 115.614 0.800001
      vertex -43.5559 115.854 0.800001
      vertex -43.2798 116.141 0.800001
    endloop
  endfacet
  facet normal 0 0 -1
    outer loop
      vertex -43.5559 115.854 0.800001
      vertex -43.5116 114.59 0.800001
      vertex -43.55 114.2 0.800001
    endloop
  endfacet
  facet normal 0.606293 0.795241 -0
    outer loop
      vertex -42.9633 11.8177 5.72205e-07
      vertex -43.2798 12.059 0.800001
      vertex -42.9633 11.8177 0.800001
    endloop
  endfacet
  facet normal 0.606293 0.795241 0
    outer loop
      vertex -43.2798 12.059 0.800001
      vertex -42.9633 11.8177 5.72205e-07
      vertex -43.2798 12.059 5.72205e-07
    endloop
  endfacet
  facet normal -0.115559 -0.993301 0
    outer loop
      vertex 34.2496 116.798 5.72205e-07
      vertex 34.645 116.752 0.800001
      vertex 34.2496 116.798 0.800001
    endloop
  endfacet
  facet normal -0.115559 -0.993301 -0
    outer loop
      vertex 34.645 116.752 0.800001
      vertex 34.2496 116.798 5.72205e-07
      vertex 34.645 116.752 5.72205e-07
    endloop
  endfacet
  facet normal -0.409352 -0.912377 0
    outer loop
      vertex 35.0288 116.647 5.72205e-07
      vertex 35.3921 116.484 0.800001
      vertex 35.0288 116.647 0.800001
    endloop
  endfacet
  facet normal -0.409352 -0.912377 -0
    outer loop
      vertex 35.3921 116.484 0.800001
      vertex 35.0288 116.647 5.72205e-07
      vertex 35.3921 116.484 5.72205e-07
    endloop
  endfacet
  facet normal 0 -0.978148 -0.207912
    outer loop
      vertex 51.4869 4.20802 0.802839
      vertex 46.4506 0.0010004 20.5953
      vertex -46.6494 0.0010004 20.5953
    endloop
  endfacet
  facet normal 1.7382e-05 -0.978141 -0.207944
    outer loop
      vertex -47.44 0.0798578 20.2243
      vertex -46.6494 0.0010004 20.5953
      vertex -47.0463 0.0246973 20.4838
    endloop
  endfacet
  facet normal 8.93959e-06 -0.978148 -0.207909
    outer loop
      vertex 51.2991 3.43603 4.43476
      vertex 46.4506 0.0010004 20.5953
      vertex 51.4083 3.81829 2.63635
    endloop
  endfacet
  facet normal 8.07161e-06 -0.978145 -0.207925
    outer loop
      vertex -46.6494 0.0010004 20.5953
      vertex -47.44 0.0798578 20.2243
      vertex -47.8281 0.166116 19.8185
    endloop
  endfacet
  facet normal 1.59816e-05 -0.978149 -0.207906
    outer loop
      vertex 50.9914 2.70352 7.88096
      vertex 46.4506 0.0010004 20.5953
      vertex 51.1598 3.06365 6.18665
    endloop
  endfacet
  facet normal -2.72105e-06 -0.978148 -0.20791
    outer loop
      vertex -46.6494 0.0010004 20.5953
      vertex -47.8281 0.166116 19.8185
      vertex -48.2081 0.282937 19.2689
    endloop
  endfacet
  facet normal 2.43285e-06 -0.978148 -0.20791
    outer loop
      vertex 50.5716 2.029 11.0543
      vertex 46.4506 0.0010004 20.5953
      vertex 50.7949 2.3579 9.50694
    endloop
  endfacet
  facet normal -2.84745e-05 -0.978154 -0.207881
    outer loop
      vertex -46.6494 0.0010004 20.5953
      vertex -48.2081 0.282937 19.2689
      vertex -48.5776 0.429589 18.5789
    endloop
  endfacet
  facet normal -1.52605e-05 -0.978146 -0.207918
    outer loop
      vertex 50.0502 1.4295 13.8747
      vertex 46.4506 0.0010004 20.5953
      vertex 50.3228 1.71888 12.5133
    endloop
  endfacet
  facet normal 2.72707e-05 -0.978143 -0.207932
    outer loop
      vertex -46.6494 0.0010004 20.5953
      vertex -48.5776 0.429589 18.5789
      vertex -48.9343 0.605126 17.7531
    endloop
  endfacet
  facet normal -1.30363e-06 -0.978148 -0.207911
    outer loop
      vertex 49.7555 1.1627 15.1299
      vertex 46.4506 0.0010004 20.5953
      vertex 50.0502 1.4295 13.8747
    endloop
  endfacet
  facet normal 1.89715e-05 -0.978145 -0.207925
    outer loop
      vertex -46.6494 0.0010004 20.5953
      vertex -48.9343 0.605126 17.7531
      vertex -49.276 0.808465 16.7965
    endloop
  endfacet
  facet normal -1.4567e-05 -0.978145 -0.207923
    outer loop
      vertex 49.1072 0.703393 17.2908
      vertex 46.4506 0.0010004 20.5953
      vertex 49.4404 0.920144 16.2711
    endloop
  endfacet
  facet normal -3.17949e-05 -0.978152 -0.207892
    outer loop
      vertex -46.6494 0.0010004 20.5953
      vertex -49.276 0.808465 16.7965
      vertex -49.6004 1.03829 15.7152
    endloop
  endfacet
  facet normal 8.00489e-07 -0.978147 -0.207912
    outer loop
      vertex 48.3943 0.352593 18.9412
      vertex 46.4506 0.0010004 20.5953
      vertex 48.7577 0.513818 18.1827
    endloop
  endfacet
  facet normal 3.85928e-05 -0.978143 -0.207933
    outer loop
      vertex -46.6494 0.0010004 20.5953
      vertex -49.6004 1.03829 15.7152
      vertex -49.9055 1.29316 14.5162
    endloop
  endfacet
  facet normal -1.47431e-05 -0.978132 -0.207986
    outer loop
      vertex 46.4506 0.0010004 20.5953
      vertex 47.2437 0.0483637 20.3725
      vertex 46.8481 0.00890446 20.5581
    endloop
  endfacet
  facet normal -7.19567e-06 -0.978148 -0.207909
    outer loop
      vertex -46.6494 0.0010004 20.5953
      vertex -49.9055 1.29316 14.5162
      vertex -50.1894 1.57148 13.2068
    endloop
  endfacet
  facet normal 1.638e-05 -0.978154 -0.20788
    outer loop
      vertex 47.2437 0.0483637 20.3725
      vertex 46.4506 0.0010004 20.5953
      vertex 47.6349 0.119119 20.0396
    endloop
  endfacet
  facet normal -3.14902e-05 -0.978151 -0.207898
    outer loop
      vertex -46.6494 0.0010004 20.5953
      vertex -50.1894 1.57148 13.2068
      vertex -50.4503 1.87147 11.7954
    endloop
  endfacet
  facet normal 1.66851e-06 -0.978148 -0.20791
    outer loop
      vertex 47.6349 0.119119 20.0396
      vertex 46.4506 0.0010004 20.5953
      vertex 48.0192 0.220742 19.5615
    endloop
  endfacet
  facet normal 2.91911e-05 -0.978145 -0.207923
    outer loop
      vertex -46.6494 0.0010004 20.5953
      vertex -50.4503 1.87147 11.7954
      vertex -50.6865 2.19123 10.2911
    endloop
  endfacet
  facet normal -3.09096e-06 -0.978147 -0.207917
    outer loop
      vertex 48.0192 0.220742 19.5615
      vertex 46.4506 0.0010004 20.5953
      vertex 48.3943 0.352593 18.9412
    endloop
  endfacet
  facet normal -4.69271e-06 -0.978148 -0.20791
    outer loop
      vertex -46.6494 0.0010004 20.5953
      vertex -50.6865 2.19123 10.2911
      vertex -50.8966 2.52876 8.70314
    endloop
  endfacet
  facet normal 1.07701e-05 -0.978149 -0.207903
    outer loop
      vertex 48.7577 0.513818 18.1827
      vertex 46.4506 0.0010004 20.5953
      vertex 49.1072 0.703393 17.2908
    endloop
  endfacet
  facet normal -9.22254e-07 -0.978148 -0.207912
    outer loop
      vertex -46.6494 0.0010004 20.5953
      vertex -50.8966 2.52876 8.70314
      vertex -51.0792 2.88191 7.0417
    endloop
  endfacet
  facet normal 3.15109e-05 -0.978152 -0.207892
    outer loop
      vertex 49.4404 0.920144 16.2711
      vertex 46.4506 0.0010004 20.5953
      vertex 49.7555 1.1627 15.1299
    endloop
  endfacet
  facet normal -1.86112e-05 -0.978149 -0.207906
    outer loop
      vertex -46.6494 0.0010004 20.5953
      vertex -51.0792 2.88191 7.0417
      vertex -51.2332 3.24845 5.31723
    endloop
  endfacet
  facet normal -9.4182e-07 -0.978148 -0.207912
    outer loop
      vertex 50.3228 1.71888 12.5133
      vertex 46.4506 0.0010004 20.5953
      vertex 50.5716 2.029 11.0543
    endloop
  endfacet
  facet normal 3.96701e-06 -0.978147 -0.207913
    outer loop
      vertex -46.6494 0.0010004 20.5953
      vertex -51.2332 3.24845 5.31723
      vertex -51.3575 3.62606 3.54072
    endloop
  endfacet
  facet normal -1.74952e-05 -0.978146 -0.207918
    outer loop
      vertex 50.7949 2.3579 9.50694
      vertex 46.4506 0.0010004 20.5953
      vertex 50.9914 2.70352 7.88096
    endloop
  endfacet
  facet normal 8.82434e-06 -0.978147 -0.207914
    outer loop
      vertex -51.4515 4.01237 1.72329
      vertex -46.6494 0.0010004 20.5953
      vertex -51.3575 3.62606 3.54072
    endloop
  endfacet
  facet normal -1.06355e-05 -0.978147 -0.207915
    outer loop
      vertex 51.1598 3.06365 6.18665
      vertex 46.4506 0.0010004 20.5953
      vertex 51.2991 3.43603 4.43476
    endloop
  endfacet
  facet normal 1.98922e-08 -0.978148 -0.207912
    outer loop
      vertex 51.4869 4.20802 0.802839
      vertex -46.6494 0.0010004 20.5953
      vertex -51.4515 4.01237 1.72329
    endloop
  endfacet
  facet normal -1.26257e-05 -0.978147 -0.207915
    outer loop
      vertex 46.4506 0.0010004 20.5953
      vertex 51.4869 4.20802 0.802839
      vertex 51.4083 3.81829 2.63635
    endloop
  endfacet
  facet normal 5.2807e-08 -0.978148 -0.207908
    outer loop
      vertex -51.5102 4.37866 5.72205e-07
      vertex 51.4869 4.20802 0.802839
      vertex -51.4515 4.01237 1.72329
    endloop
  endfacet
  facet normal 0 -0.97815 -0.207902
    outer loop
      vertex 51.4869 4.20802 0.802839
      vertex -51.5102 4.37866 5.72205e-07
      vertex 51.5073 4.37866 5.72205e-07
    endloop
  endfacet
endsolid OpenSCAD_Model
