solid OpenSCAD_Model
  facet normal 0 1 0
    outer loop
      vertex -10.5 13.5 6.3
      vertex -10 13.5 22.1
      vertex -10 13.5 6.3
    endloop
  endfacet
  facet normal 0 1 0
    outer loop
      vertex -10 13.5 22.1
      vertex -10.5 13.5 6.3
      vertex -25 13.5 22.1
    endloop
  endfacet
  facet normal 0 1 0
    outer loop
      vertex -25 13.5 2.4
      vertex -10.5 13.5 6.3
      vertex -10.5 13.5 2.4
    endloop
  endfacet
  facet normal 0 1 0
    outer loop
      vertex -10.5 13.5 6.3
      vertex -25 13.5 2.4
      vertex -25 13.5 22.1
    endloop
  endfacet
  facet normal -1 0 0
    outer loop
      vertex -25 10 2.4
      vertex -25 13.5 22.1
      vertex -25 13.5 2.4
    endloop
  endfacet
  facet normal -1 -0 0
    outer loop
      vertex -25 13.5 22.1
      vertex -25 10 2.4
      vertex -25 10 22.1
    endloop
  endfacet
  facet normal -0 0 1
    outer loop
      vertex -25 13.5 22.1
      vertex -10 10 22.1
      vertex -10 13.5 22.1
    endloop
  endfacet
  facet normal 0 0 1
    outer loop
      vertex -10 10 22.1
      vertex -25 13.5 22.1
      vertex -25 10 22.1
    endloop
  endfacet
  facet normal 1 -0 0
    outer loop
      vertex -10 10 22.1
      vertex -10 13.5 6.3
      vertex -10 13.5 22.1
    endloop
  endfacet
  facet normal 1 0 0
    outer loop
      vertex -10 13.5 6.3
      vertex -10 10 22.1
      vertex -10 10 6.3
    endloop
  endfacet
  facet normal 0 -1 0
    outer loop
      vertex -25 10 22.1
      vertex -10.5 10 6.3
      vertex -10 10 22.1
    endloop
  endfacet
  facet normal 0 -1 0
    outer loop
      vertex -25 10 2.4
      vertex -10.5 10 6.3
      vertex -25 10 22.1
    endloop
  endfacet
  facet normal 0 -1 -0
    outer loop
      vertex -10.5 10 6.3
      vertex -25 10 2.4
      vertex -10.5 10 2.4
    endloop
  endfacet
  facet normal 0 -1 -0
    outer loop
      vertex -10 10 22.1
      vertex -10.5 10 6.3
      vertex -10 10 6.3
    endloop
  endfacet
  facet normal 0 1 0
    outer loop
      vertex 25 13.5 22.1
      vertex 10.5 13.5 6.3
      vertex 10 13.5 22.1
    endloop
  endfacet
  facet normal 0 1 -0
    outer loop
      vertex 25 13.5 2.4
      vertex 10.5 13.5 6.3
      vertex 25 13.5 22.1
    endloop
  endfacet
  facet normal 0 1 0
    outer loop
      vertex 10.5 13.5 6.3
      vertex 25 13.5 2.4
      vertex 10.5 13.5 2.4
    endloop
  endfacet
  facet normal 0 1 0
    outer loop
      vertex 10 13.5 22.1
      vertex 10.5 13.5 6.3
      vertex 10 13.5 6.3
    endloop
  endfacet
  facet normal -1 0 0
    outer loop
      vertex 10 10 6.3
      vertex 10 13.5 22.1
      vertex 10 13.5 6.3
    endloop
  endfacet
  facet normal -1 -0 0
    outer loop
      vertex 10 13.5 22.1
      vertex 10 10 6.3
      vertex 10 10 22.1
    endloop
  endfacet
  facet normal -0 0 1
    outer loop
      vertex 10 13.5 22.1
      vertex 25 10 22.1
      vertex 25 13.5 22.1
    endloop
  endfacet
  facet normal 0 0 1
    outer loop
      vertex 25 10 22.1
      vertex 10 13.5 22.1
      vertex 10 10 22.1
    endloop
  endfacet
  facet normal 1 -0 0
    outer loop
      vertex 25 10 22.1
      vertex 25 13.5 2.4
      vertex 25 13.5 22.1
    endloop
  endfacet
  facet normal 1 0 0
    outer loop
      vertex 25 13.5 2.4
      vertex 25 10 22.1
      vertex 25 10 2.4
    endloop
  endfacet
  facet normal 0 -1 0
    outer loop
      vertex 10.5 10 6.3
      vertex 10 10 22.1
      vertex 10 10 6.3
    endloop
  endfacet
  facet normal 0 -1 0
    outer loop
      vertex 10 10 22.1
      vertex 10.5 10 6.3
      vertex 25 10 22.1
    endloop
  endfacet
  facet normal 0 -1 0
    outer loop
      vertex 25 10 2.4
      vertex 10.5 10 6.3
      vertex 10.5 10 2.4
    endloop
  endfacet
  facet normal 0 -1 0
    outer loop
      vertex 10.5 10 6.3
      vertex 25 10 2.4
      vertex 25 10 22.1
    endloop
  endfacet
  facet normal 0 1 -0
    outer loop
      vertex -1 100.5 2.4
      vertex -21 100.5 22.1
      vertex -1 100.5 22.1
    endloop
  endfacet
  facet normal 0 1 0
    outer loop
      vertex -21 100.5 22.1
      vertex -1 100.5 2.4
      vertex -21 100.5 2.4
    endloop
  endfacet
  facet normal -1 0 0
    outer loop
      vertex -21 97 2.4
      vertex -21 100.5 22.1
      vertex -21 100.5 2.4
    endloop
  endfacet
  facet normal -1 -0 0
    outer loop
      vertex -21 100.5 22.1
      vertex -21 97 2.4
      vertex -21 97 22.1
    endloop
  endfacet
  facet normal -0 0 1
    outer loop
      vertex -21 100.5 22.1
      vertex -1 97 22.1
      vertex -1 100.5 22.1
    endloop
  endfacet
  facet normal 0 0 1
    outer loop
      vertex -1 97 22.1
      vertex -21 100.5 22.1
      vertex -21 97 22.1
    endloop
  endfacet
  facet normal 1 -0 0
    outer loop
      vertex -1 97 22.1
      vertex -1 100.5 2.4
      vertex -1 100.5 22.1
    endloop
  endfacet
  facet normal 1 0 0
    outer loop
      vertex -1 100.5 2.4
      vertex -1 97 22.1
      vertex -1 97 2.4
    endloop
  endfacet
  facet normal 0 -1 0
    outer loop
      vertex -21 97 2.4
      vertex -1 97 22.1
      vertex -21 97 22.1
    endloop
  endfacet
  facet normal 0 -1 -0
    outer loop
      vertex -1 97 22.1
      vertex -21 97 2.4
      vertex -1 97 2.4
    endloop
  endfacet
  facet normal 0.809017 0.587785 0
    outer loop
      vertex -38.605 16.8762 5.2
      vertex -38.8311 17.1874 2.4
      vertex -38.8311 17.1874 5.2
    endloop
  endfacet
  facet normal 0.809017 0.587785 0
    outer loop
      vertex -38.8311 17.1874 2.4
      vertex -38.605 16.8762 5.2
      vertex -38.605 16.8762 2.4
    endloop
  endfacet
  facet normal 0.978128 0.208002 0
    outer loop
      vertex -38.525 16.5 5.2
      vertex -38.605 16.8762 2.4
      vertex -38.605 16.8762 5.2
    endloop
  endfacet
  facet normal 0.978128 0.208002 0
    outer loop
      vertex -38.605 16.8762 2.4
      vertex -38.525 16.5 5.2
      vertex -38.525 16.5 2.4
    endloop
  endfacet
  facet normal 0.809017 -0.587785 0
    outer loop
      vertex -38.8311 15.8126 5.2
      vertex -38.605 16.1238 2.4
      vertex -38.605 16.1238 5.2
    endloop
  endfacet
  facet normal 0.809017 -0.587785 0
    outer loop
      vertex -38.605 16.1238 2.4
      vertex -38.8311 15.8126 5.2
      vertex -38.8311 15.8126 2.4
    endloop
  endfacet
  facet normal -0.308886 -0.951099 0
    outer loop
      vertex -39.9125 15.6989 2.4
      vertex -39.5467 15.5801 5.2
      vertex -39.9125 15.6989 5.2
    endloop
  endfacet
  facet normal -0.308886 -0.951099 -0
    outer loop
      vertex -39.5467 15.5801 5.2
      vertex -39.9125 15.6989 2.4
      vertex -39.5467 15.5801 2.4
    endloop
  endfacet
  facet normal 0.49997 -0.866043 0
    outer loop
      vertex -39.1642 15.6203 2.4
      vertex -38.8311 15.8126 5.2
      vertex -39.1642 15.6203 5.2
    endloop
  endfacet
  facet normal 0.49997 -0.866043 0
    outer loop
      vertex -38.8311 15.8126 5.2
      vertex -39.1642 15.6203 2.4
      vertex -38.8311 15.8126 2.4
    endloop
  endfacet
  facet normal -0.9135 0.406838 0
    outer loop
      vertex -40.3548 16.6923 2.4
      vertex -40.1983 17.0437 5.2
      vertex -40.1983 17.0437 2.4
    endloop
  endfacet
  facet normal -0.9135 0.406838 0
    outer loop
      vertex -40.1983 17.0437 5.2
      vertex -40.3548 16.6923 2.4
      vertex -40.3548 16.6923 5.2
    endloop
  endfacet
  facet normal 0.49997 0.866043 -0
    outer loop
      vertex -38.8311 17.1874 2.4
      vertex -39.1642 17.3797 5.2
      vertex -38.8311 17.1874 5.2
    endloop
  endfacet
  facet normal 0.49997 0.866043 0
    outer loop
      vertex -39.1642 17.3797 5.2
      vertex -38.8311 17.1874 2.4
      vertex -39.1642 17.3797 2.4
    endloop
  endfacet
  facet normal -1 0 0
    outer loop
      vertex -40.3548 16.3077 2.4
      vertex -40.3548 16.6923 5.2
      vertex -40.3548 16.6923 2.4
    endloop
  endfacet
  facet normal -1 -0 0
    outer loop
      vertex -40.3548 16.6923 5.2
      vertex -40.3548 16.3077 2.4
      vertex -40.3548 16.3077 5.2
    endloop
  endfacet
  facet normal -0.9135 -0.406838 0
    outer loop
      vertex -40.1983 15.9563 2.4
      vertex -40.3548 16.3077 5.2
      vertex -40.3548 16.3077 2.4
    endloop
  endfacet
  facet normal -0.9135 -0.406838 0
    outer loop
      vertex -40.3548 16.3077 5.2
      vertex -40.1983 15.9563 2.4
      vertex -40.1983 15.9563 5.2
    endloop
  endfacet
  facet normal 0 0 1
    outer loop
      vertex -38.605 16.8762 5.2
      vertex -38.605 16.1238 5.2
      vertex -38.525 16.5 5.2
    endloop
  endfacet
  facet normal 0 0 1
    outer loop
      vertex -38.8311 17.1874 5.2
      vertex -38.605 16.1238 5.2
      vertex -38.605 16.8762 5.2
    endloop
  endfacet
  facet normal 0 0 1
    outer loop
      vertex -38.8311 17.1874 5.2
      vertex -38.8311 15.8126 5.2
      vertex -38.605 16.1238 5.2
    endloop
  endfacet
  facet normal 0 0 1
    outer loop
      vertex -39.1642 17.3797 5.2
      vertex -38.8311 15.8126 5.2
      vertex -38.8311 17.1874 5.2
    endloop
  endfacet
  facet normal 0 0 1
    outer loop
      vertex -39.1642 17.3797 5.2
      vertex -39.1642 15.6203 5.2
      vertex -38.8311 15.8126 5.2
    endloop
  endfacet
  facet normal 0 0 1
    outer loop
      vertex -39.5467 17.4199 5.2
      vertex -39.1642 15.6203 5.2
      vertex -39.1642 17.3797 5.2
    endloop
  endfacet
  facet normal 0 0 1
    outer loop
      vertex -39.5467 17.4199 5.2
      vertex -39.5467 15.5801 5.2
      vertex -39.1642 15.6203 5.2
    endloop
  endfacet
  facet normal -0 0 1
    outer loop
      vertex -39.9125 17.3011 5.2
      vertex -39.5467 15.5801 5.2
      vertex -39.5467 17.4199 5.2
    endloop
  endfacet
  facet normal 0 0 1
    outer loop
      vertex -39.9125 17.3011 5.2
      vertex -39.9125 15.6989 5.2
      vertex -39.5467 15.5801 5.2
    endloop
  endfacet
  facet normal -0 0 1
    outer loop
      vertex -40.1983 17.0437 5.2
      vertex -39.9125 15.6989 5.2
      vertex -39.9125 17.3011 5.2
    endloop
  endfacet
  facet normal 0 0 1
    outer loop
      vertex -40.1983 17.0437 5.2
      vertex -40.1983 15.9563 5.2
      vertex -39.9125 15.6989 5.2
    endloop
  endfacet
  facet normal -0 0 1
    outer loop
      vertex -40.3548 16.6923 5.2
      vertex -40.1983 15.9563 5.2
      vertex -40.1983 17.0437 5.2
    endloop
  endfacet
  facet normal 0 0 1
    outer loop
      vertex -40.1983 15.9563 5.2
      vertex -40.3548 16.6923 5.2
      vertex -40.3548 16.3077 5.2
    endloop
  endfacet
  facet normal -0.669223 0.743061 0
    outer loop
      vertex -39.9125 17.3011 2.4
      vertex -40.1983 17.0437 5.2
      vertex -39.9125 17.3011 5.2
    endloop
  endfacet
  facet normal -0.669223 0.743061 0
    outer loop
      vertex -40.1983 17.0437 5.2
      vertex -39.9125 17.3011 2.4
      vertex -40.1983 17.0437 2.4
    endloop
  endfacet
  facet normal 0.104522 0.994523 -0
    outer loop
      vertex -39.1642 17.3797 2.4
      vertex -39.5467 17.4199 5.2
      vertex -39.1642 17.3797 5.2
    endloop
  endfacet
  facet normal 0.104522 0.994523 0
    outer loop
      vertex -39.5467 17.4199 5.2
      vertex -39.1642 17.3797 2.4
      vertex -39.5467 17.4199 2.4
    endloop
  endfacet
  facet normal 0.978128 -0.208002 0
    outer loop
      vertex -38.605 16.1238 5.2
      vertex -38.525 16.5 2.4
      vertex -38.525 16.5 5.2
    endloop
  endfacet
  facet normal 0.978128 -0.208002 0
    outer loop
      vertex -38.525 16.5 2.4
      vertex -38.605 16.1238 5.2
      vertex -38.605 16.1238 2.4
    endloop
  endfacet
  facet normal -0.308886 0.951099 0
    outer loop
      vertex -39.5467 17.4199 2.4
      vertex -39.9125 17.3011 5.2
      vertex -39.5467 17.4199 5.2
    endloop
  endfacet
  facet normal -0.308886 0.951099 0
    outer loop
      vertex -39.9125 17.3011 5.2
      vertex -39.5467 17.4199 2.4
      vertex -39.9125 17.3011 2.4
    endloop
  endfacet
  facet normal 0.104522 -0.994523 0
    outer loop
      vertex -39.5467 15.5801 2.4
      vertex -39.1642 15.6203 5.2
      vertex -39.5467 15.5801 5.2
    endloop
  endfacet
  facet normal 0.104522 -0.994523 0
    outer loop
      vertex -39.1642 15.6203 5.2
      vertex -39.5467 15.5801 2.4
      vertex -39.1642 15.6203 2.4
    endloop
  endfacet
  facet normal -0.669223 -0.743061 0
    outer loop
      vertex -40.1983 15.9563 2.4
      vertex -39.9125 15.6989 5.2
      vertex -40.1983 15.9563 5.2
    endloop
  endfacet
  facet normal -0.669223 -0.743061 -0
    outer loop
      vertex -39.9125 15.6989 5.2
      vertex -40.1983 15.9563 2.4
      vertex -39.9125 15.6989 2.4
    endloop
  endfacet
  facet normal 0 0 1
    outer loop
      vertex -43.3 27.75 2.4
      vertex -39.9125 81.6989 2.4
      vertex -43.3 82.75 2.4
    endloop
  endfacet
  facet normal 0 0 1
    outer loop
      vertex -39.9125 81.6989 2.4
      vertex -43.3 27.75 2.4
      vertex -42.45 27.75 2.4
    endloop
  endfacet
  facet normal 0 0 1
    outer loop
      vertex -39.9125 17.3011 2.4
      vertex -42.45 18.75 2.4
      vertex -40.1983 17.0437 2.4
    endloop
  endfacet
  facet normal 0 0 1
    outer loop
      vertex -40.1983 17.0437 2.4
      vertex -42.45 18.75 2.4
      vertex -40.3548 16.6923 2.4
    endloop
  endfacet
  facet normal -0 0 1
    outer loop
      vertex -43.3 18.75 2.4
      vertex -40.3548 16.6923 2.4
      vertex -42.45 18.75 2.4
    endloop
  endfacet
  facet normal 0 0 1
    outer loop
      vertex -40.3548 16.6923 2.4
      vertex -43.3 10.65 2.4
      vertex -42.2695 8.62747 2.4
    endloop
  endfacet
  facet normal 0 0 1
    outer loop
      vertex -42.2695 8.62747 2.4
      vertex -43.3 10.65 2.4
      vertex -42.5678 8.88225 2.4
    endloop
  endfacet
  facet normal 0 0 1
    outer loop
      vertex -42.5678 8.88225 2.4
      vertex -43.3 10.65 2.4
      vertex -42.8225 9.18054 2.4
    endloop
  endfacet
  facet normal 0 0 1
    outer loop
      vertex -42.8225 9.18054 2.4
      vertex -43.3 10.65 2.4
      vertex -43.0275 9.51503 2.4
    endloop
  endfacet
  facet normal 0 0 1
    outer loop
      vertex -43.0275 9.51503 2.4
      vertex -43.3 10.65 2.4
      vertex -43.1776 9.87747 2.4
    endloop
  endfacet
  facet normal 0 0 1
    outer loop
      vertex -40.3548 16.6923 2.4
      vertex -43.3 18.75 2.4
      vertex -43.3 10.65 2.4
    endloop
  endfacet
  facet normal 0 0 1
    outer loop
      vertex -43.1776 9.87747 2.4
      vertex -43.3 10.65 2.4
      vertex -43.2692 10.2589 2.4
    endloop
  endfacet
  facet normal 0 0 1
    outer loop
      vertex -10.5 63.5 2.4
      vertex -38.525 16.5 2.4
      vertex -25 13.5 2.4
    endloop
  endfacet
  facet normal 0 0 1
    outer loop
      vertex -10.5 63.5 2.4
      vertex -38.605 16.8762 2.4
      vertex -38.525 16.5 2.4
    endloop
  endfacet
  facet normal -0 0 1
    outer loop
      vertex -39.1642 81.6203 2.4
      vertex -10.5 63.5 2.4
      vertex -38.8311 81.8126 2.4
    endloop
  endfacet
  facet normal -0 0 1
    outer loop
      vertex -42.45 27.75 2.4
      vertex -38.605 16.8762 2.4
      vertex -10.5 63.5 2.4
    endloop
  endfacet
  facet normal -0 0 1
    outer loop
      vertex -39.5467 81.5801 2.4
      vertex -10.5 63.5 2.4
      vertex -39.1642 81.6203 2.4
    endloop
  endfacet
  facet normal 0 0 1
    outer loop
      vertex -38.605 16.8762 2.4
      vertex -42.45 27.75 2.4
      vertex -38.8311 17.1874 2.4
    endloop
  endfacet
  facet normal 0 0 1
    outer loop
      vertex -42.45 27.75 2.4
      vertex -10.5 63.5 2.4
      vertex -39.5467 81.5801 2.4
    endloop
  endfacet
  facet normal 0 0 1
    outer loop
      vertex -38.8311 17.1874 2.4
      vertex -42.45 27.75 2.4
      vertex -39.1642 17.3797 2.4
    endloop
  endfacet
  facet normal 0 0 1
    outer loop
      vertex -42.45 27.75 2.4
      vertex -39.5467 81.5801 2.4
      vertex -39.9125 81.6989 2.4
    endloop
  endfacet
  facet normal -0 0 1
    outer loop
      vertex -42.45 18.75 2.4
      vertex -39.1642 17.3797 2.4
      vertex -42.45 27.75 2.4
    endloop
  endfacet
  facet normal 0 0 1
    outer loop
      vertex -42.45 82.75 2.4
      vertex -39.9125 81.6989 2.4
      vertex -40.1983 81.9563 2.4
    endloop
  endfacet
  facet normal -0 0 1
    outer loop
      vertex -43.3 82.75 2.4
      vertex -39.9125 81.6989 2.4
      vertex -42.45 82.75 2.4
    endloop
  endfacet
  facet normal 0 0 1
    outer loop
      vertex -42.45 82.75 2.4
      vertex -40.1983 81.9563 2.4
      vertex -40.3548 82.3077 2.4
    endloop
  endfacet
  facet normal 0 0 1
    outer loop
      vertex -39.1642 17.3797 2.4
      vertex -42.45 18.75 2.4
      vertex -39.5467 17.4199 2.4
    endloop
  endfacet
  facet normal -0 0 1
    outer loop
      vertex -13.1642 81.6203 2.4
      vertex -9.45 67.85 2.4
      vertex -12.8311 81.8126 2.4
    endloop
  endfacet
  facet normal 0 0 1
    outer loop
      vertex -10.5 63.5 2.4
      vertex -12.605 16.8762 2.4
      vertex -12.525 16.5 2.4
    endloop
  endfacet
  facet normal -0 0 1
    outer loop
      vertex -13.5467 81.5801 2.4
      vertex -9.45 67.85 2.4
      vertex -13.1642 81.6203 2.4
    endloop
  endfacet
  facet normal 0 0 1
    outer loop
      vertex -10.5 63.5 2.4
      vertex -12.8311 17.1874 2.4
      vertex -12.605 16.8762 2.4
    endloop
  endfacet
  facet normal 0 0 1
    outer loop
      vertex -13.9125 81.6989 2.4
      vertex -9.45 67.85 2.4
      vertex -13.5467 81.5801 2.4
    endloop
  endfacet
  facet normal 0 0 1
    outer loop
      vertex -10.5 63.5 2.4
      vertex -13.1642 17.3797 2.4
      vertex -12.8311 17.1874 2.4
    endloop
  endfacet
  facet normal 0 0 1
    outer loop
      vertex -14.1983 81.9563 2.4
      vertex -9.45 67.85 2.4
      vertex -13.9125 81.6989 2.4
    endloop
  endfacet
  facet normal 0 0 1
    outer loop
      vertex -10.5 63.5 2.4
      vertex -13.5467 17.4199 2.4
      vertex -13.1642 17.3797 2.4
    endloop
  endfacet
  facet normal 0 0 1
    outer loop
      vertex -38.8311 81.8126 2.4
      vertex -14.1983 81.9563 2.4
      vertex -38.605 82.1238 2.4
    endloop
  endfacet
  facet normal 0 0 1
    outer loop
      vertex -10.5 63.5 2.4
      vertex -13.9125 17.3011 2.4
      vertex -13.5467 17.4199 2.4
    endloop
  endfacet
  facet normal -0 0 1
    outer loop
      vertex -38.605 82.1238 2.4
      vertex -14.1983 81.9563 2.4
      vertex -14.3548 82.3077 2.4
    endloop
  endfacet
  facet normal 0 0 1
    outer loop
      vertex -10.5 63.5 2.4
      vertex -25 13.5 2.4
      vertex -13.9125 17.3011 2.4
    endloop
  endfacet
  facet normal 0 0 1
    outer loop
      vertex -14.1983 81.9563 2.4
      vertex -38.8311 81.8126 2.4
      vertex -9.45 67.85 2.4
    endloop
  endfacet
  facet normal 0 0 1
    outer loop
      vertex -13.9125 17.3011 2.4
      vertex -25 13.5 2.4
      vertex -14.1983 17.0437 2.4
    endloop
  endfacet
  facet normal 0 0 1
    outer loop
      vertex 12.2481 91.15 2.4
      vertex 32.0519 91.15 2.4
      vertex 12.4216 91.502 2.4
    endloop
  endfacet
  facet normal 0 0 1
    outer loop
      vertex 32.2699 75.1763 2.4
      vertex 12.6243 73.7416 2.4
      vertex 12.65 73.35 2.4
    endloop
  endfacet
  facet normal 0 0 1
    outer loop
      vertex 32.0519 91.15 2.4
      vertex 12.2481 91.15 2.4
      vertex 32.2699 90.8237 2.4
    endloop
  endfacet
  facet normal 0 0 1
    outer loop
      vertex 32.2699 75.1763 2.4
      vertex 12.5478 74.1265 2.4
      vertex 12.6243 73.7416 2.4
    endloop
  endfacet
  facet normal 0 0 1
    outer loop
      vertex 12.0301 90.8237 2.4
      vertex 32.2699 90.8237 2.4
      vertex 12.2481 91.15 2.4
    endloop
  endfacet
  facet normal 0 0 1
    outer loop
      vertex 32.2699 75.1763 2.4
      vertex 12.4216 74.498 2.4
      vertex 12.5478 74.1265 2.4
    endloop
  endfacet
  facet normal 0 0 1
    outer loop
      vertex 32.2699 90.8237 2.4
      vertex 12.0301 90.8237 2.4
      vertex 32.2699 75.1763 2.4
    endloop
  endfacet
  facet normal 0 0 1
    outer loop
      vertex 32.2699 75.1763 2.4
      vertex 12.2481 74.85 2.4
      vertex 12.4216 74.498 2.4
    endloop
  endfacet
  facet normal 0 0 1
    outer loop
      vertex 12.0301 75.1763 2.4
      vertex 32.2699 75.1763 2.4
      vertex 12.0301 90.8237 2.4
    endloop
  endfacet
  facet normal 0 0 1
    outer loop
      vertex 32.2699 75.1763 2.4
      vertex 12.0301 75.1763 2.4
      vertex 12.2481 74.85 2.4
    endloop
  endfacet
  facet normal -0 0 1
    outer loop
      vertex 11.7713 90.5287 2.4
      vertex 12.0301 75.1763 2.4
      vertex 12.0301 90.8237 2.4
    endloop
  endfacet
  facet normal 0 0 1
    outer loop
      vertex 11.7713 90.5287 2.4
      vertex 11.7713 75.4713 2.4
      vertex 12.0301 75.1763 2.4
    endloop
  endfacet
  facet normal -0 0 1
    outer loop
      vertex 11.4763 90.2699 2.4
      vertex 11.7713 75.4713 2.4
      vertex 11.7713 90.5287 2.4
    endloop
  endfacet
  facet normal 0 0 1
    outer loop
      vertex 11.4763 90.2699 2.4
      vertex 11.4763 75.7301 2.4
      vertex 11.7713 75.4713 2.4
    endloop
  endfacet
  facet normal -0 0 1
    outer loop
      vertex 11.15 90.0519 2.4
      vertex 11.4763 75.7301 2.4
      vertex 11.4763 90.2699 2.4
    endloop
  endfacet
  facet normal 0 0 1
    outer loop
      vertex 11.15 90.0519 2.4
      vertex 11.15 75.9481 2.4
      vertex 11.4763 75.7301 2.4
    endloop
  endfacet
  facet normal -0 0 1
    outer loop
      vertex 10.798 89.8784 2.4
      vertex 11.15 75.9481 2.4
      vertex 11.15 90.0519 2.4
    endloop
  endfacet
  facet normal 0 0 1
    outer loop
      vertex 10.798 89.8784 2.4
      vertex 10.798 76.1216 2.4
      vertex 11.15 75.9481 2.4
    endloop
  endfacet
  facet normal -0 0 1
    outer loop
      vertex 10.4265 89.7522 2.4
      vertex 10.798 76.1216 2.4
      vertex 10.798 89.8784 2.4
    endloop
  endfacet
  facet normal 0 0 1
    outer loop
      vertex 10.4265 89.7522 2.4
      vertex 10.4265 76.2478 2.4
      vertex 10.798 76.1216 2.4
    endloop
  endfacet
  facet normal -0 0 1
    outer loop
      vertex 10.0416 89.6757 2.4
      vertex 10.4265 76.2478 2.4
      vertex 10.4265 89.7522 2.4
    endloop
  endfacet
  facet normal 0 0 1
    outer loop
      vertex 10.0416 89.6757 2.4
      vertex 10.0416 76.3243 2.4
      vertex 10.4265 76.2478 2.4
    endloop
  endfacet
  facet normal -0 0 1
    outer loop
      vertex 9.65 89.65 2.4
      vertex 10.0416 76.3243 2.4
      vertex 10.0416 89.6757 2.4
    endloop
  endfacet
  facet normal 0 0 1
    outer loop
      vertex 9.65 89.65 2.4
      vertex 9.65 76.35 2.4
      vertex 10.0416 76.3243 2.4
    endloop
  endfacet
  facet normal 0 0 1
    outer loop
      vertex 9.25842 89.6757 2.4
      vertex 9.65 76.35 2.4
      vertex 9.65 89.65 2.4
    endloop
  endfacet
  facet normal 0 0 1
    outer loop
      vertex 9.25842 89.6757 2.4
      vertex 9.25842 76.3243 2.4
      vertex 9.65 76.35 2.4
    endloop
  endfacet
  facet normal 0 0 1
    outer loop
      vertex 8.87354 89.7522 2.4
      vertex 9.25842 76.3243 2.4
      vertex 9.25842 89.6757 2.4
    endloop
  endfacet
  facet normal 0 0 1
    outer loop
      vertex 8.87354 89.7522 2.4
      vertex 8.87354 76.2478 2.4
      vertex 9.25842 76.3243 2.4
    endloop
  endfacet
  facet normal 0 0 1
    outer loop
      vertex 2.75 89 2.4
      vertex 8.87354 89.7522 2.4
      vertex 8.50195 89.8784 2.4
    endloop
  endfacet
  facet normal 0 0 1
    outer loop
      vertex 8.87354 89.7522 2.4
      vertex 2.75 89 2.4
      vertex 8.87354 76.2478 2.4
    endloop
  endfacet
  facet normal 0 0 1
    outer loop
      vertex 2.75 89 2.4
      vertex 8.50195 89.8784 2.4
      vertex 8.15 90.0519 2.4
    endloop
  endfacet
  facet normal 0 0 1
    outer loop
      vertex 8.87354 76.2478 2.4
      vertex 2.75 89 2.4
      vertex 8.50195 76.1216 2.4
    endloop
  endfacet
  facet normal 0 0 1
    outer loop
      vertex 2.75 89 2.4
      vertex 8.15 90.0519 2.4
      vertex 7.82372 90.2699 2.4
    endloop
  endfacet
  facet normal 0 0 1
    outer loop
      vertex 8.50195 76.1216 2.4
      vertex 2.75 89 2.4
      vertex 8.15 75.9481 2.4
    endloop
  endfacet
  facet normal 0 0 1
    outer loop
      vertex 2.75 89 2.4
      vertex 7.82372 90.2699 2.4
      vertex 7.52868 90.5287 2.4
    endloop
  endfacet
  facet normal 0 0 1
    outer loop
      vertex 8.15 75.9481 2.4
      vertex 2.75 89 2.4
      vertex 7.82372 75.7301 2.4
    endloop
  endfacet
  facet normal 0 0 1
    outer loop
      vertex 2.75 89 2.4
      vertex 7.52868 90.5287 2.4
      vertex 7.26994 90.8237 2.4
    endloop
  endfacet
  facet normal 0 0 1
    outer loop
      vertex 7.82372 75.7301 2.4
      vertex 2.75 89 2.4
      vertex 7.52868 75.4713 2.4
    endloop
  endfacet
  facet normal 0 0 1
    outer loop
      vertex 2.75 89 2.4
      vertex 7.26994 90.8237 2.4
      vertex 7.05192 91.15 2.4
    endloop
  endfacet
  facet normal 0 0 1
    outer loop
      vertex 7.52868 75.4713 2.4
      vertex 2.75 89 2.4
      vertex 7.26994 75.1763 2.4
    endloop
  endfacet
  facet normal 0 0 1
    outer loop
      vertex 2.75 89 2.4
      vertex 7.05192 91.15 2.4
      vertex 6.87836 91.502 2.4
    endloop
  endfacet
  facet normal 0 0 1
    outer loop
      vertex 7.26994 75.1763 2.4
      vertex 2.75 89 2.4
      vertex 7.05192 74.85 2.4
    endloop
  endfacet
  facet normal 0 0 1
    outer loop
      vertex 2.75 89 2.4
      vertex 6.87836 91.502 2.4
      vertex 6.75222 91.8735 2.4
    endloop
  endfacet
  facet normal 0 0 1
    outer loop
      vertex -12.605 82.1238 2.4
      vertex 2.75 89 2.4
      vertex -12.525 82.5 2.4
    endloop
  endfacet
  facet normal 0 0 1
    outer loop
      vertex 2.75 89 2.4
      vertex 6.75222 91.8735 2.4
      vertex 6.67566 92.2584 2.4
    endloop
  endfacet
  facet normal 0 0 1
    outer loop
      vertex 2.75 89 2.4
      vertex -12.605 82.1238 2.4
      vertex 7.05192 74.85 2.4
    endloop
  endfacet
  facet normal 0 0 1
    outer loop
      vertex 2.75 95 2.4
      vertex 6.67566 92.2584 2.4
      vertex 6.65 92.65 2.4
    endloop
  endfacet
  facet normal 0 0 1
    outer loop
      vertex 7.05192 74.85 2.4
      vertex -12.605 82.1238 2.4
      vertex 6.87836 74.498 2.4
    endloop
  endfacet
  facet normal 0 0 1
    outer loop
      vertex 37.5478 91.8735 2.4
      vertex 40 99.85 2.4
      vertex 37.6243 92.2584 2.4
    endloop
  endfacet
  facet normal 0 0 1
    outer loop
      vertex 40 99.85 2.4
      vertex 37.6243 73.7416 2.4
      vertex 37.65 73.35 2.4
    endloop
  endfacet
  facet normal 0 0 1
    outer loop
      vertex 37.5478 74.1265 2.4
      vertex 40 99.85 2.4
      vertex 37.5478 91.8735 2.4
    endloop
  endfacet
  facet normal 0 0 1
    outer loop
      vertex 40 99.85 2.4
      vertex 37.5478 74.1265 2.4
      vertex 37.6243 73.7416 2.4
    endloop
  endfacet
  facet normal -0 0 1
    outer loop
      vertex 37.4216 91.502 2.4
      vertex 37.5478 74.1265 2.4
      vertex 37.5478 91.8735 2.4
    endloop
  endfacet
  facet normal 0 0 1
    outer loop
      vertex 37.4216 91.502 2.4
      vertex 37.4216 74.498 2.4
      vertex 37.5478 74.1265 2.4
    endloop
  endfacet
  facet normal -0 0 1
    outer loop
      vertex 37.2481 91.15 2.4
      vertex 37.4216 74.498 2.4
      vertex 37.4216 91.502 2.4
    endloop
  endfacet
  facet normal 0 0 1
    outer loop
      vertex 37.2481 91.15 2.4
      vertex 37.2481 74.85 2.4
      vertex 37.4216 74.498 2.4
    endloop
  endfacet
  facet normal -0 0 1
    outer loop
      vertex 37.0301 90.8237 2.4
      vertex 37.2481 74.85 2.4
      vertex 37.2481 91.15 2.4
    endloop
  endfacet
  facet normal 0 0 1
    outer loop
      vertex 37.0301 90.8237 2.4
      vertex 37.0301 75.1763 2.4
      vertex 37.2481 74.85 2.4
    endloop
  endfacet
  facet normal -0 0 1
    outer loop
      vertex 36.7713 90.5287 2.4
      vertex 37.0301 75.1763 2.4
      vertex 37.0301 90.8237 2.4
    endloop
  endfacet
  facet normal 0 0 1
    outer loop
      vertex 36.7713 90.5287 2.4
      vertex 36.7713 75.4713 2.4
      vertex 37.0301 75.1763 2.4
    endloop
  endfacet
  facet normal -0 0 1
    outer loop
      vertex 36.4763 90.2699 2.4
      vertex 36.7713 75.4713 2.4
      vertex 36.7713 90.5287 2.4
    endloop
  endfacet
  facet normal 0 0 1
    outer loop
      vertex 36.4763 90.2699 2.4
      vertex 36.4763 75.7301 2.4
      vertex 36.7713 75.4713 2.4
    endloop
  endfacet
  facet normal -0 0 1
    outer loop
      vertex 36.15 90.0519 2.4
      vertex 36.4763 75.7301 2.4
      vertex 36.4763 90.2699 2.4
    endloop
  endfacet
  facet normal 0 0 1
    outer loop
      vertex 36.15 90.0519 2.4
      vertex 36.15 75.9481 2.4
      vertex 36.4763 75.7301 2.4
    endloop
  endfacet
  facet normal -0 0 1
    outer loop
      vertex 35.798 89.8784 2.4
      vertex 36.15 75.9481 2.4
      vertex 36.15 90.0519 2.4
    endloop
  endfacet
  facet normal 0 0 1
    outer loop
      vertex 35.798 89.8784 2.4
      vertex 35.798 76.1216 2.4
      vertex 36.15 75.9481 2.4
    endloop
  endfacet
  facet normal -0 0 1
    outer loop
      vertex 35.4265 89.7522 2.4
      vertex 35.798 76.1216 2.4
      vertex 35.798 89.8784 2.4
    endloop
  endfacet
  facet normal 0 0 1
    outer loop
      vertex 35.4265 89.7522 2.4
      vertex 35.4265 76.2478 2.4
      vertex 35.798 76.1216 2.4
    endloop
  endfacet
  facet normal -0 0 1
    outer loop
      vertex 35.0416 89.6757 2.4
      vertex 35.4265 76.2478 2.4
      vertex 35.4265 89.7522 2.4
    endloop
  endfacet
  facet normal 0 0 1
    outer loop
      vertex 35.0416 89.6757 2.4
      vertex 35.0416 76.3243 2.4
      vertex 35.4265 76.2478 2.4
    endloop
  endfacet
  facet normal -0 0 1
    outer loop
      vertex 34.65 89.65 2.4
      vertex 35.0416 76.3243 2.4
      vertex 35.0416 89.6757 2.4
    endloop
  endfacet
  facet normal 0 0 1
    outer loop
      vertex 34.65 89.65 2.4
      vertex 34.65 76.35 2.4
      vertex 35.0416 76.3243 2.4
    endloop
  endfacet
  facet normal 0 0 1
    outer loop
      vertex 34.2584 89.6757 2.4
      vertex 34.65 76.35 2.4
      vertex 34.65 89.65 2.4
    endloop
  endfacet
  facet normal 0 0 1
    outer loop
      vertex 34.2584 89.6757 2.4
      vertex 34.2584 76.3243 2.4
      vertex 34.65 76.35 2.4
    endloop
  endfacet
  facet normal 0 0 1
    outer loop
      vertex 33.8735 89.7522 2.4
      vertex 34.2584 76.3243 2.4
      vertex 34.2584 89.6757 2.4
    endloop
  endfacet
  facet normal 0 0 1
    outer loop
      vertex 33.8735 89.7522 2.4
      vertex 33.8735 76.2478 2.4
      vertex 34.2584 76.3243 2.4
    endloop
  endfacet
  facet normal 0 0 1
    outer loop
      vertex 33.5019 89.8784 2.4
      vertex 33.8735 76.2478 2.4
      vertex 33.8735 89.7522 2.4
    endloop
  endfacet
  facet normal 0 0 1
    outer loop
      vertex 33.5019 89.8784 2.4
      vertex 33.5019 76.1216 2.4
      vertex 33.8735 76.2478 2.4
    endloop
  endfacet
  facet normal 0 0 1
    outer loop
      vertex 33.15 90.0519 2.4
      vertex 33.5019 76.1216 2.4
      vertex 33.5019 89.8784 2.4
    endloop
  endfacet
  facet normal 0 0 1
    outer loop
      vertex 33.15 90.0519 2.4
      vertex 33.15 75.9481 2.4
      vertex 33.5019 76.1216 2.4
    endloop
  endfacet
  facet normal 0 0 1
    outer loop
      vertex 32.8237 90.2699 2.4
      vertex 33.15 75.9481 2.4
      vertex 33.15 90.0519 2.4
    endloop
  endfacet
  facet normal 0 0 1
    outer loop
      vertex 32.8237 90.2699 2.4
      vertex 32.8237 75.7301 2.4
      vertex 33.15 75.9481 2.4
    endloop
  endfacet
  facet normal 0 0 1
    outer loop
      vertex 32.5287 90.5287 2.4
      vertex 32.8237 75.7301 2.4
      vertex 32.8237 90.2699 2.4
    endloop
  endfacet
  facet normal 0 0 1
    outer loop
      vertex 32.5287 90.5287 2.4
      vertex 32.5287 75.4713 2.4
      vertex 32.8237 75.7301 2.4
    endloop
  endfacet
  facet normal 0 0 1
    outer loop
      vertex 32.2699 90.8237 2.4
      vertex 32.5287 75.4713 2.4
      vertex 32.5287 90.5287 2.4
    endloop
  endfacet
  facet normal 0 0 1
    outer loop
      vertex 32.2699 90.8237 2.4
      vertex 32.2699 75.1763 2.4
      vertex 32.5287 75.4713 2.4
    endloop
  endfacet
  facet normal 0 0 1
    outer loop
      vertex 31.7522 91.8735 2.4
      vertex 12.5478 91.8735 2.4
      vertex 31.8784 91.502 2.4
    endloop
  endfacet
  facet normal 0 0 1
    outer loop
      vertex 12.4216 91.502 2.4
      vertex 31.8784 91.502 2.4
      vertex 12.5478 91.8735 2.4
    endloop
  endfacet
  facet normal 0 0 1
    outer loop
      vertex 12.5478 91.8735 2.4
      vertex 31.7522 91.8735 2.4
      vertex 12.6243 92.2584 2.4
    endloop
  endfacet
  facet normal 0 0 1
    outer loop
      vertex 31.8784 91.502 2.4
      vertex 12.4216 91.502 2.4
      vertex 32.0519 91.15 2.4
    endloop
  endfacet
  facet normal 0 0 1
    outer loop
      vertex 31.6757 92.2584 2.4
      vertex 12.6243 92.2584 2.4
      vertex 31.7522 91.8735 2.4
    endloop
  endfacet
  facet normal 0 0 1
    outer loop
      vertex 32.2699 75.1763 2.4
      vertex 12.65 73.35 2.4
      vertex 32.0519 74.85 2.4
    endloop
  endfacet
  facet normal 0 0 1
    outer loop
      vertex 12.6243 92.2584 2.4
      vertex 31.6757 92.2584 2.4
      vertex 12.65 92.65 2.4
    endloop
  endfacet
  facet normal 0 0 1
    outer loop
      vertex 32.0519 74.85 2.4
      vertex 12.65 73.35 2.4
      vertex 31.8784 74.498 2.4
    endloop
  endfacet
  facet normal -0 0 1
    outer loop
      vertex 12.65 92.65 2.4
      vertex 31.6757 92.2584 2.4
      vertex 31.65 92.65 2.4
    endloop
  endfacet
  facet normal 0 0 1
    outer loop
      vertex 31.8784 74.498 2.4
      vertex 12.65 73.35 2.4
      vertex 31.7522 74.1265 2.4
    endloop
  endfacet
  facet normal 0 0 1
    outer loop
      vertex 40 99.85 2.4
      vertex 37.6243 93.0416 2.4
      vertex 37.65 92.65 2.4
    endloop
  endfacet
  facet normal 0 0 1
    outer loop
      vertex 40 99.85 2.4
      vertex 37.5478 93.4265 2.4
      vertex 37.6243 93.0416 2.4
    endloop
  endfacet
  facet normal 0 0 1
    outer loop
      vertex 35.4265 95.5478 2.4
      vertex 40 99.85 2.4
      vertex 37.5 102.35 2.4
    endloop
  endfacet
  facet normal 0 0 1
    outer loop
      vertex 40 99.85 2.4
      vertex 37.4216 93.798 2.4
      vertex 37.5478 93.4265 2.4
    endloop
  endfacet
  facet normal 0 0 1
    outer loop
      vertex 40 99.85 2.4
      vertex 37.2481 94.15 2.4
      vertex 37.4216 93.798 2.4
    endloop
  endfacet
  facet normal 0 0 1
    outer loop
      vertex 40 99.85 2.4
      vertex 37.0301 94.4763 2.4
      vertex 37.2481 94.15 2.4
    endloop
  endfacet
  facet normal 0 0 1
    outer loop
      vertex 40 99.85 2.4
      vertex 36.7713 94.7713 2.4
      vertex 37.0301 94.4763 2.4
    endloop
  endfacet
  facet normal 0 0 1
    outer loop
      vertex 40 99.85 2.4
      vertex 36.4763 95.0301 2.4
      vertex 36.7713 94.7713 2.4
    endloop
  endfacet
  facet normal 0 0 1
    outer loop
      vertex 40 99.85 2.4
      vertex 36.15 95.2481 2.4
      vertex 36.4763 95.0301 2.4
    endloop
  endfacet
  facet normal 0 0 1
    outer loop
      vertex 40 99.85 2.4
      vertex 35.798 95.4216 2.4
      vertex 36.15 95.2481 2.4
    endloop
  endfacet
  facet normal 0 0 1
    outer loop
      vertex 40 99.85 2.4
      vertex 35.4265 95.5478 2.4
      vertex 35.798 95.4216 2.4
    endloop
  endfacet
  facet normal 0 0 1
    outer loop
      vertex 37.5 102.35 2.4
      vertex 35.0416 95.6243 2.4
      vertex 35.4265 95.5478 2.4
    endloop
  endfacet
  facet normal 0 0 1
    outer loop
      vertex 37.5 102.35 2.4
      vertex 34.65 95.65 2.4
      vertex 35.0416 95.6243 2.4
    endloop
  endfacet
  facet normal 0 0 1
    outer loop
      vertex 37.5 102.35 2.4
      vertex 34.2584 95.6243 2.4
      vertex 34.65 95.65 2.4
    endloop
  endfacet
  facet normal 0 0 1
    outer loop
      vertex 37.5 102.35 2.4
      vertex 33.8735 95.5478 2.4
      vertex 34.2584 95.6243 2.4
    endloop
  endfacet
  facet normal 0 0 1
    outer loop
      vertex 37.5 102.35 2.4
      vertex 33.5019 95.4216 2.4
      vertex 33.8735 95.5478 2.4
    endloop
  endfacet
  facet normal 0 0 1
    outer loop
      vertex 37.5 102.35 2.4
      vertex 33.15 95.2481 2.4
      vertex 33.5019 95.4216 2.4
    endloop
  endfacet
  facet normal 0 0 1
    outer loop
      vertex 37.5 102.35 2.4
      vertex 32.8237 95.0301 2.4
      vertex 33.15 95.2481 2.4
    endloop
  endfacet
  facet normal 0 0 1
    outer loop
      vertex 37.5 102.35 2.4
      vertex 32.5287 94.7713 2.4
      vertex 32.8237 95.0301 2.4
    endloop
  endfacet
  facet normal 0 0 1
    outer loop
      vertex 11.7713 94.7713 2.4
      vertex 32.5287 94.7713 2.4
      vertex 37.5 102.35 2.4
    endloop
  endfacet
  facet normal 0 0 1
    outer loop
      vertex 32.5287 94.7713 2.4
      vertex 11.7713 94.7713 2.4
      vertex 32.2699 94.4763 2.4
    endloop
  endfacet
  facet normal 0 0 1
    outer loop
      vertex 31.7522 74.1265 2.4
      vertex 12.65 73.35 2.4
      vertex 31.6757 73.7416 2.4
    endloop
  endfacet
  facet normal 0 0 1
    outer loop
      vertex 31.6757 93.0416 2.4
      vertex 12.65 92.65 2.4
      vertex 31.65 92.65 2.4
    endloop
  endfacet
  facet normal 0 0 1
    outer loop
      vertex 12.6243 93.0416 2.4
      vertex 31.6757 93.0416 2.4
      vertex 31.7522 93.4265 2.4
    endloop
  endfacet
  facet normal 0 0 1
    outer loop
      vertex 12.5478 93.4265 2.4
      vertex 31.7522 93.4265 2.4
      vertex 31.8784 93.798 2.4
    endloop
  endfacet
  facet normal 0 0 1
    outer loop
      vertex 12.4216 93.798 2.4
      vertex 31.8784 93.798 2.4
      vertex 32.0519 94.15 2.4
    endloop
  endfacet
  facet normal 0 -0 1
    outer loop
      vertex 12.0301 94.4763 2.4
      vertex 32.2699 94.4763 2.4
      vertex 11.7713 94.7713 2.4
    endloop
  endfacet
  facet normal 0 0 1
    outer loop
      vertex 31.6757 93.0416 2.4
      vertex 12.6243 93.0416 2.4
      vertex 12.65 92.65 2.4
    endloop
  endfacet
  facet normal 0 0 1
    outer loop
      vertex 31.7522 93.4265 2.4
      vertex 12.5478 93.4265 2.4
      vertex 12.6243 93.0416 2.4
    endloop
  endfacet
  facet normal 0 0 1
    outer loop
      vertex 31.8784 93.798 2.4
      vertex 12.4216 93.798 2.4
      vertex 12.5478 93.4265 2.4
    endloop
  endfacet
  facet normal 0 0 1
    outer loop
      vertex 32.0519 94.15 2.4
      vertex 12.2481 94.15 2.4
      vertex 12.4216 93.798 2.4
    endloop
  endfacet
  facet normal 0 0 1
    outer loop
      vertex 32.0519 94.15 2.4
      vertex 12.0301 94.4763 2.4
      vertex 12.2481 94.15 2.4
    endloop
  endfacet
  facet normal 0 0 1
    outer loop
      vertex 32.2699 94.4763 2.4
      vertex 12.0301 94.4763 2.4
      vertex 32.0519 94.15 2.4
    endloop
  endfacet
  facet normal 0 0 1
    outer loop
      vertex 37.5 102.35 2.4
      vertex 11.4763 95.0301 2.4
      vertex 11.7713 94.7713 2.4
    endloop
  endfacet
  facet normal 0 0 1
    outer loop
      vertex 37.5 102.35 2.4
      vertex 11.15 95.2481 2.4
      vertex 11.4763 95.0301 2.4
    endloop
  endfacet
  facet normal 0 0 1
    outer loop
      vertex 37.5 102.35 2.4
      vertex 10.798 95.4216 2.4
      vertex 11.15 95.2481 2.4
    endloop
  endfacet
  facet normal 0 0 1
    outer loop
      vertex 37.5 102.35 2.4
      vertex 10.4265 95.5478 2.4
      vertex 10.798 95.4216 2.4
    endloop
  endfacet
  facet normal -0 0 1
    outer loop
      vertex -1 100.5 2.4
      vertex 10.4265 95.5478 2.4
      vertex 37.5 102.35 2.4
    endloop
  endfacet
  facet normal 0 0 1
    outer loop
      vertex 10.4265 95.5478 2.4
      vertex -1 100.5 2.4
      vertex 10.0416 95.6243 2.4
    endloop
  endfacet
  facet normal 0 0 1
    outer loop
      vertex 10.0416 95.6243 2.4
      vertex -1 100.5 2.4
      vertex 9.65 95.65 2.4
    endloop
  endfacet
  facet normal 0 0 1
    outer loop
      vertex 9.65 95.65 2.4
      vertex -1 100.5 2.4
      vertex 9.25842 95.6243 2.4
    endloop
  endfacet
  facet normal 0 0 1
    outer loop
      vertex 6.67566 92.2584 2.4
      vertex 2.75 95 2.4
      vertex 2.75 89 2.4
    endloop
  endfacet
  facet normal 0 0 1
    outer loop
      vertex 6.67566 93.0416 2.4
      vertex 2.75 95 2.4
      vertex 6.65 92.65 2.4
    endloop
  endfacet
  facet normal 0 0 1
    outer loop
      vertex 6.75222 93.4265 2.4
      vertex 2.75 95 2.4
      vertex 6.67566 93.0416 2.4
    endloop
  endfacet
  facet normal 0 0 1
    outer loop
      vertex 6.87836 93.798 2.4
      vertex 2.75 95 2.4
      vertex 6.75222 93.4265 2.4
    endloop
  endfacet
  facet normal 0 0 1
    outer loop
      vertex 7.05192 94.15 2.4
      vertex 2.75 95 2.4
      vertex 6.87836 93.798 2.4
    endloop
  endfacet
  facet normal 0 0 1
    outer loop
      vertex 7.26994 94.4763 2.4
      vertex 2.75 95 2.4
      vertex 7.05192 94.15 2.4
    endloop
  endfacet
  facet normal 0 0 1
    outer loop
      vertex 7.52868 94.7713 2.4
      vertex 2.75 95 2.4
      vertex 7.26994 94.4763 2.4
    endloop
  endfacet
  facet normal 0 0 1
    outer loop
      vertex 7.82372 95.0301 2.4
      vertex 2.75 95 2.4
      vertex 7.52868 94.7713 2.4
    endloop
  endfacet
  facet normal 0 0 1
    outer loop
      vertex 8.15 95.2481 2.4
      vertex 2.75 95 2.4
      vertex 7.82372 95.0301 2.4
    endloop
  endfacet
  facet normal 0 0 1
    outer loop
      vertex -1 100.5 2.4
      vertex 8.15 95.2481 2.4
      vertex 8.50195 95.4216 2.4
    endloop
  endfacet
  facet normal 0 0 1
    outer loop
      vertex -1 100.5 2.4
      vertex 8.50195 95.4216 2.4
      vertex 8.87354 95.5478 2.4
    endloop
  endfacet
  facet normal 0 0 1
    outer loop
      vertex 9.25842 95.6243 2.4
      vertex -1 100.5 2.4
      vertex 8.87354 95.5478 2.4
    endloop
  endfacet
  facet normal 0 0 1
    outer loop
      vertex 8.15 95.2481 2.4
      vertex -1 100.5 2.4
      vertex 2.75 95 2.4
    endloop
  endfacet
  facet normal -0 0 1
    outer loop
      vertex -40.8 102.35 2.4
      vertex -1 100.5 2.4
      vertex 37.5 102.35 2.4
    endloop
  endfacet
  facet normal 0 0 1
    outer loop
      vertex -40.8 102.35 2.4
      vertex -21 97 2.4
      vertex -21 100.5 2.4
    endloop
  endfacet
  facet normal 0 0 1
    outer loop
      vertex -9.45 67.85 2.4
      vertex -38.8311 81.8126 2.4
      vertex -10.5 63.5 2.4
    endloop
  endfacet
  facet normal 0 0 1
    outer loop
      vertex -38.605 82.1238 2.4
      vertex -21 97 2.4
      vertex -38.525 82.5 2.4
    endloop
  endfacet
  facet normal 0 0 1
    outer loop
      vertex -21 97 2.4
      vertex -38.605 82.8762 2.4
      vertex -38.525 82.5 2.4
    endloop
  endfacet
  facet normal 0 0 1
    outer loop
      vertex -21 97 2.4
      vertex -38.8311 83.1874 2.4
      vertex -38.605 82.8762 2.4
    endloop
  endfacet
  facet normal 0 0 1
    outer loop
      vertex -21 97 2.4
      vertex -42.45 91.75 2.4
      vertex -38.8311 83.1874 2.4
    endloop
  endfacet
  facet normal 0 0 1
    outer loop
      vertex -38.8311 83.1874 2.4
      vertex -42.45 91.75 2.4
      vertex -39.1642 83.3797 2.4
    endloop
  endfacet
  facet normal 0 0 1
    outer loop
      vertex -39.1642 83.3797 2.4
      vertex -42.45 91.75 2.4
      vertex -39.5467 83.4199 2.4
    endloop
  endfacet
  facet normal 0 0 1
    outer loop
      vertex -39.5467 83.4199 2.4
      vertex -42.45 91.75 2.4
      vertex -39.9125 83.3011 2.4
    endloop
  endfacet
  facet normal 0 0 1
    outer loop
      vertex -40.1983 83.0437 2.4
      vertex -42.45 82.75 2.4
      vertex -40.3548 82.6923 2.4
    endloop
  endfacet
  facet normal 0 0 1
    outer loop
      vertex -39.5467 17.4199 2.4
      vertex -42.45 18.75 2.4
      vertex -39.9125 17.3011 2.4
    endloop
  endfacet
  facet normal 0 0 1
    outer loop
      vertex -39.9125 83.3011 2.4
      vertex -42.45 82.75 2.4
      vertex -40.1983 83.0437 2.4
    endloop
  endfacet
  facet normal 0 0 1
    outer loop
      vertex -42.45 82.75 2.4
      vertex -39.9125 83.3011 2.4
      vertex -42.45 91.75 2.4
    endloop
  endfacet
  facet normal 0 0 1
    outer loop
      vertex -21 97 2.4
      vertex -40.8 102.35 2.4
      vertex -42.45 91.75 2.4
    endloop
  endfacet
  facet normal 0 0 1
    outer loop
      vertex -1 100.5 2.4
      vertex -40.8 102.35 2.4
      vertex -21 100.5 2.4
    endloop
  endfacet
  facet normal 0 0 1
    outer loop
      vertex 37.8911 102.319 2.4
      vertex 40 99.85 2.4
      vertex 39.9692 100.241 2.4
    endloop
  endfacet
  facet normal 0 0 1
    outer loop
      vertex 40 99.85 2.4
      vertex 38.15 67.85 2.4
      vertex 40 10.65 2.4
    endloop
  endfacet
  facet normal 0 0 1
    outer loop
      vertex 37.8911 102.319 2.4
      vertex 39.9692 100.241 2.4
      vertex 39.8776 100.623 2.4
    endloop
  endfacet
  facet normal -0 0 1
    outer loop
      vertex 38.15 17.25 2.4
      vertex 40 10.65 2.4
      vertex 38.15 67.85 2.4
    endloop
  endfacet
  facet normal 0 0 1
    outer loop
      vertex 37.8911 102.319 2.4
      vertex 39.8776 100.623 2.4
      vertex 39.7275 100.985 2.4
    endloop
  endfacet
  facet normal 0 0 1
    outer loop
      vertex 37.5 8.15001 2.4
      vertex 40 10.65 2.4
      vertex 38.15 17.25 2.4
    endloop
  endfacet
  facet normal 0 0 1
    outer loop
      vertex 37.8911 102.319 2.4
      vertex 39.7275 100.985 2.4
      vertex 39.5225 101.319 2.4
    endloop
  endfacet
  facet normal 0 0 1
    outer loop
      vertex 40 10.65 2.4
      vertex 37.5 8.15001 2.4
      vertex 39.9692 10.2589 2.4
    endloop
  endfacet
  facet normal 0 0 1
    outer loop
      vertex 37.8911 102.319 2.4
      vertex 39.5225 101.319 2.4
      vertex 39.2678 101.618 2.4
    endloop
  endfacet
  facet normal 0 0 1
    outer loop
      vertex 39.9692 10.2589 2.4
      vertex 37.5 8.15001 2.4
      vertex 39.8776 9.87747 2.4
    endloop
  endfacet
  facet normal 0 0 1
    outer loop
      vertex 37.8911 102.319 2.4
      vertex 39.2678 101.618 2.4
      vertex 38.9695 101.873 2.4
    endloop
  endfacet
  facet normal 0 0 1
    outer loop
      vertex 39.8776 9.87747 2.4
      vertex 37.5 8.15001 2.4
      vertex 39.7275 9.51503 2.4
    endloop
  endfacet
  facet normal 0 0 1
    outer loop
      vertex 37.8911 102.319 2.4
      vertex 38.9695 101.873 2.4
      vertex 38.635 102.078 2.4
    endloop
  endfacet
  facet normal 0 0 1
    outer loop
      vertex 39.7275 9.51503 2.4
      vertex 37.5 8.15001 2.4
      vertex 39.5225 9.18054 2.4
    endloop
  endfacet
  facet normal 0 0 1
    outer loop
      vertex 37.8911 102.319 2.4
      vertex 38.635 102.078 2.4
      vertex 38.2725 102.228 2.4
    endloop
  endfacet
  facet normal 0 0 1
    outer loop
      vertex 39.5225 9.18054 2.4
      vertex 37.5 8.15001 2.4
      vertex 39.2678 8.88225 2.4
    endloop
  endfacet
  facet normal 0 0 1
    outer loop
      vertex 39.2678 8.88225 2.4
      vertex 37.5 8.15001 2.4
      vertex 38.9695 8.62747 2.4
    endloop
  endfacet
  facet normal 0 0 1
    outer loop
      vertex 37.5 102.35 2.4
      vertex 40 99.85 2.4
      vertex 37.8911 102.319 2.4
    endloop
  endfacet
  facet normal 0 0 1
    outer loop
      vertex 37.6243 92.2584 2.4
      vertex 40 99.85 2.4
      vertex 37.65 92.65 2.4
    endloop
  endfacet
  facet normal 0 0 1
    outer loop
      vertex 40 99.85 2.4
      vertex 37.65 73.35 2.4
      vertex 38.15 67.85 2.4
    endloop
  endfacet
  facet normal -0 0 1
    outer loop
      vertex 37.6243 72.9584 2.4
      vertex 38.15 67.85 2.4
      vertex 37.65 73.35 2.4
    endloop
  endfacet
  facet normal -0 0 1
    outer loop
      vertex 37.5478 72.5735 2.4
      vertex 38.15 67.85 2.4
      vertex 37.6243 72.9584 2.4
    endloop
  endfacet
  facet normal -0 0 1
    outer loop
      vertex 37.4216 72.202 2.4
      vertex 38.15 67.85 2.4
      vertex 37.5478 72.5735 2.4
    endloop
  endfacet
  facet normal -0 0 1
    outer loop
      vertex 37.2481 71.85 2.4
      vertex 38.15 67.85 2.4
      vertex 37.4216 72.202 2.4
    endloop
  endfacet
  facet normal -0 0 1
    outer loop
      vertex 37.0301 71.5237 2.4
      vertex 38.15 67.85 2.4
      vertex 37.2481 71.85 2.4
    endloop
  endfacet
  facet normal -0 0 1
    outer loop
      vertex 36.7713 71.2287 2.4
      vertex 38.15 67.85 2.4
      vertex 37.0301 71.5237 2.4
    endloop
  endfacet
  facet normal -0 0 1
    outer loop
      vertex 36.4763 70.9699 2.4
      vertex 38.15 67.85 2.4
      vertex 36.7713 71.2287 2.4
    endloop
  endfacet
  facet normal -0 0 1
    outer loop
      vertex 36.15 70.7519 2.4
      vertex 38.15 67.85 2.4
      vertex 36.4763 70.9699 2.4
    endloop
  endfacet
  facet normal -0 0 1
    outer loop
      vertex 35.798 70.5784 2.4
      vertex 38.15 67.85 2.4
      vertex 36.15 70.7519 2.4
    endloop
  endfacet
  facet normal -0 0 1
    outer loop
      vertex 35.4265 70.4522 2.4
      vertex 38.15 67.85 2.4
      vertex 35.798 70.5784 2.4
    endloop
  endfacet
  facet normal -0 0 1
    outer loop
      vertex 35.0416 70.3757 2.4
      vertex 38.15 67.85 2.4
      vertex 35.4265 70.4522 2.4
    endloop
  endfacet
  facet normal -0 0 1
    outer loop
      vertex 34.65 70.35 2.4
      vertex 38.15 67.85 2.4
      vertex 35.0416 70.3757 2.4
    endloop
  endfacet
  facet normal 0 0 1
    outer loop
      vertex 34.2584 70.3757 2.4
      vertex 38.15 67.85 2.4
      vertex 34.65 70.35 2.4
    endloop
  endfacet
  facet normal 0 0 1
    outer loop
      vertex 33.8735 70.4522 2.4
      vertex 38.15 67.85 2.4
      vertex 34.2584 70.3757 2.4
    endloop
  endfacet
  facet normal 0 0 1
    outer loop
      vertex 33.5019 70.5784 2.4
      vertex 38.15 67.85 2.4
      vertex 33.8735 70.4522 2.4
    endloop
  endfacet
  facet normal 0 0 1
    outer loop
      vertex 10.798 70.5784 2.4
      vertex 33.5019 70.5784 2.4
      vertex 33.15 70.7519 2.4
    endloop
  endfacet
  facet normal 0 0 1
    outer loop
      vertex 31.6757 73.7416 2.4
      vertex 12.65 73.35 2.4
      vertex 31.65 73.35 2.4
    endloop
  endfacet
  facet normal 0 0 1
    outer loop
      vertex 31.65 73.35 2.4
      vertex 12.65 73.35 2.4
      vertex 31.6757 72.9584 2.4
    endloop
  endfacet
  facet normal 0 0 1
    outer loop
      vertex 12.6243 72.9584 2.4
      vertex 31.6757 72.9584 2.4
      vertex 12.65 73.35 2.4
    endloop
  endfacet
  facet normal 0 0 1
    outer loop
      vertex 31.6757 72.9584 2.4
      vertex 12.6243 72.9584 2.4
      vertex 31.7522 72.5735 2.4
    endloop
  endfacet
  facet normal 0 0 1
    outer loop
      vertex 12.5478 72.5735 2.4
      vertex 31.7522 72.5735 2.4
      vertex 12.6243 72.9584 2.4
    endloop
  endfacet
  facet normal 0 0 1
    outer loop
      vertex 31.7522 72.5735 2.4
      vertex 12.5478 72.5735 2.4
      vertex 31.8784 72.202 2.4
    endloop
  endfacet
  facet normal 0 0 1
    outer loop
      vertex 12.4216 72.202 2.4
      vertex 31.8784 72.202 2.4
      vertex 12.5478 72.5735 2.4
    endloop
  endfacet
  facet normal 0 0 1
    outer loop
      vertex 31.8784 72.202 2.4
      vertex 12.4216 72.202 2.4
      vertex 32.0519 71.85 2.4
    endloop
  endfacet
  facet normal 0 0 1
    outer loop
      vertex 12.2481 71.85 2.4
      vertex 32.0519 71.85 2.4
      vertex 12.4216 72.202 2.4
    endloop
  endfacet
  facet normal 0 0 1
    outer loop
      vertex 32.0519 71.85 2.4
      vertex 12.2481 71.85 2.4
      vertex 32.2699 71.5237 2.4
    endloop
  endfacet
  facet normal 0 0 1
    outer loop
      vertex 12.0301 71.5237 2.4
      vertex 32.2699 71.5237 2.4
      vertex 12.2481 71.85 2.4
    endloop
  endfacet
  facet normal 0 0 1
    outer loop
      vertex 32.2699 71.5237 2.4
      vertex 12.0301 71.5237 2.4
      vertex 32.5287 71.2287 2.4
    endloop
  endfacet
  facet normal 0 0 1
    outer loop
      vertex 11.7713 71.2287 2.4
      vertex 32.5287 71.2287 2.4
      vertex 12.0301 71.5237 2.4
    endloop
  endfacet
  facet normal 0 0 1
    outer loop
      vertex 32.5287 71.2287 2.4
      vertex 11.7713 71.2287 2.4
      vertex 32.8237 70.9699 2.4
    endloop
  endfacet
  facet normal 0 0 1
    outer loop
      vertex 11.4763 70.9699 2.4
      vertex 32.8237 70.9699 2.4
      vertex 11.7713 71.2287 2.4
    endloop
  endfacet
  facet normal 0 0 1
    outer loop
      vertex 32.8237 70.9699 2.4
      vertex 11.4763 70.9699 2.4
      vertex 33.15 70.7519 2.4
    endloop
  endfacet
  facet normal 0 0 1
    outer loop
      vertex 11.15 70.7519 2.4
      vertex 33.15 70.7519 2.4
      vertex 11.4763 70.9699 2.4
    endloop
  endfacet
  facet normal 0 0 1
    outer loop
      vertex 10.798 70.5784 2.4
      vertex 33.15 70.7519 2.4
      vertex 11.15 70.7519 2.4
    endloop
  endfacet
  facet normal 0 0 1
    outer loop
      vertex 33.5019 70.5784 2.4
      vertex 10.798 70.5784 2.4
      vertex 38.15 67.85 2.4
    endloop
  endfacet
  facet normal -0 0 1
    outer loop
      vertex 10.4265 70.4522 2.4
      vertex 38.15 67.85 2.4
      vertex 10.798 70.5784 2.4
    endloop
  endfacet
  facet normal -0 0 1
    outer loop
      vertex 10.0416 70.3757 2.4
      vertex 38.15 67.85 2.4
      vertex 10.4265 70.4522 2.4
    endloop
  endfacet
  facet normal -0 0 1
    outer loop
      vertex 9.65 70.35 2.4
      vertex 38.15 67.85 2.4
      vertex 10.0416 70.3757 2.4
    endloop
  endfacet
  facet normal 0 0 1
    outer loop
      vertex -9.45 67.85 2.4
      vertex 9.65 70.35 2.4
      vertex 9.25842 70.3757 2.4
    endloop
  endfacet
  facet normal 0 0 1
    outer loop
      vertex 6.87836 74.498 2.4
      vertex -12.605 82.1238 2.4
      vertex 6.75222 74.1265 2.4
    endloop
  endfacet
  facet normal 0 0 1
    outer loop
      vertex 6.75222 74.1265 2.4
      vertex -9.45 67.85 2.4
      vertex 6.67566 73.7416 2.4
    endloop
  endfacet
  facet normal 0 0 1
    outer loop
      vertex 6.67566 73.7416 2.4
      vertex -9.45 67.85 2.4
      vertex 6.65 73.35 2.4
    endloop
  endfacet
  facet normal 0 0 1
    outer loop
      vertex 9.65 70.35 2.4
      vertex -9.45 67.85 2.4
      vertex 38.15 67.85 2.4
    endloop
  endfacet
  facet normal 0 0 1
    outer loop
      vertex 8.87354 70.4522 2.4
      vertex -9.45 67.85 2.4
      vertex 9.25842 70.3757 2.4
    endloop
  endfacet
  facet normal 0 0 1
    outer loop
      vertex 8.50195 70.5784 2.4
      vertex -9.45 67.85 2.4
      vertex 8.87354 70.4522 2.4
    endloop
  endfacet
  facet normal 0 0 1
    outer loop
      vertex 8.15 70.7519 2.4
      vertex -9.45 67.85 2.4
      vertex 8.50195 70.5784 2.4
    endloop
  endfacet
  facet normal 0 0 1
    outer loop
      vertex 7.82372 70.9699 2.4
      vertex -9.45 67.85 2.4
      vertex 8.15 70.7519 2.4
    endloop
  endfacet
  facet normal 0 0 1
    outer loop
      vertex 7.52868 71.2287 2.4
      vertex -9.45 67.85 2.4
      vertex 7.82372 70.9699 2.4
    endloop
  endfacet
  facet normal 0 0 1
    outer loop
      vertex 7.26994 71.5237 2.4
      vertex -9.45 67.85 2.4
      vertex 7.52868 71.2287 2.4
    endloop
  endfacet
  facet normal 0 0 1
    outer loop
      vertex 7.05192 71.85 2.4
      vertex -9.45 67.85 2.4
      vertex 7.26994 71.5237 2.4
    endloop
  endfacet
  facet normal 0 0 1
    outer loop
      vertex 6.87836 72.202 2.4
      vertex -9.45 67.85 2.4
      vertex 7.05192 71.85 2.4
    endloop
  endfacet
  facet normal 0 0 1
    outer loop
      vertex 6.75222 72.5735 2.4
      vertex -9.45 67.85 2.4
      vertex 6.87836 72.202 2.4
    endloop
  endfacet
  facet normal 0 0 1
    outer loop
      vertex 6.65 73.35 2.4
      vertex -9.45 67.85 2.4
      vertex 6.67566 72.9584 2.4
    endloop
  endfacet
  facet normal 0 0 1
    outer loop
      vertex -9.45 67.85 2.4
      vertex -10.5 63.5 2.4
      vertex -9.45 63.5 2.4
    endloop
  endfacet
  facet normal -0 0 1
    outer loop
      vertex -12.8311 81.8126 2.4
      vertex -9.45 67.85 2.4
      vertex -12.605 82.1238 2.4
    endloop
  endfacet
  facet normal 0 0 1
    outer loop
      vertex 6.75222 74.1265 2.4
      vertex -12.605 82.1238 2.4
      vertex -9.45 67.85 2.4
    endloop
  endfacet
  facet normal 0 0 1
    outer loop
      vertex 6.67566 72.9584 2.4
      vertex -9.45 67.85 2.4
      vertex 6.75222 72.5735 2.4
    endloop
  endfacet
  facet normal 0 0 1
    outer loop
      vertex 2.75 89 2.4
      vertex -12.605 82.8762 2.4
      vertex -12.525 82.5 2.4
    endloop
  endfacet
  facet normal -0 0 1
    outer loop
      vertex -12.75 89 2.4
      vertex -12.605 82.8762 2.4
      vertex 2.75 89 2.4
    endloop
  endfacet
  facet normal 0 0 1
    outer loop
      vertex -12.605 82.8762 2.4
      vertex -12.75 89 2.4
      vertex -12.8311 83.1874 2.4
    endloop
  endfacet
  facet normal 0 0 1
    outer loop
      vertex 38.9695 8.62747 2.4
      vertex 37.5 8.15001 2.4
      vertex 38.635 8.42249 2.4
    endloop
  endfacet
  facet normal 0 0 1
    outer loop
      vertex 38.635 8.42249 2.4
      vertex 37.5 8.15001 2.4
      vertex 38.2725 8.27237 2.4
    endloop
  endfacet
  facet normal 0 0 1
    outer loop
      vertex 38.2725 8.27237 2.4
      vertex 37.5 8.15001 2.4
      vertex 37.8911 8.18079 2.4
    endloop
  endfacet
  facet normal 0 0 1
    outer loop
      vertex 38.15 17.25 2.4
      vertex 25 13.5 2.4
      vertex 37.5 8.15001 2.4
    endloop
  endfacet
  facet normal -0 0 1
    outer loop
      vertex 10.5 17.25 2.4
      vertex 25 13.5 2.4
      vertex 38.15 17.25 2.4
    endloop
  endfacet
  facet normal 0 0 1
    outer loop
      vertex 25 13.5 2.4
      vertex 10.5 17.25 2.4
      vertex 10.5 13.5 2.4
    endloop
  endfacet
  facet normal -0 0 1
    outer loop
      vertex 25 10 2.4
      vertex 37.5 8.15001 2.4
      vertex 25 13.5 2.4
    endloop
  endfacet
  facet normal 0 0 1
    outer loop
      vertex 10.5 9.5 2.4
      vertex 25 10 2.4
      vertex 10.5 10 2.4
    endloop
  endfacet
  facet normal 0 0 1
    outer loop
      vertex 10.5 8.15001 2.4
      vertex 25 10 2.4
      vertex 10.5 9.5 2.4
    endloop
  endfacet
  facet normal 0 0 1
    outer loop
      vertex 25 10 2.4
      vertex 10.5 8.15001 2.4
      vertex 37.5 8.15001 2.4
    endloop
  endfacet
  facet normal -0 0 1
    outer loop
      vertex 9 9.5 2.4
      vertex 10.5 8.15001 2.4
      vertex 10.5 9.5 2.4
    endloop
  endfacet
  facet normal 0 0 1
    outer loop
      vertex 10.5 8.15001 2.4
      vertex 9 9.5 2.4
      vertex 10.5 0.5 2.4
    endloop
  endfacet
  facet normal -0 0 1
    outer loop
      vertex -9 9.5 2.4
      vertex 10.5 0.5 2.4
      vertex 9 9.5 2.4
    endloop
  endfacet
  facet normal 0 0 1
    outer loop
      vertex -10.5 8.15001 2.4
      vertex -9 9.5 2.4
      vertex -10.5 9.5 2.4
    endloop
  endfacet
  facet normal 0 0 1
    outer loop
      vertex -10.5 0.5 2.4
      vertex -9 9.5 2.4
      vertex -10.5 8.15001 2.4
    endloop
  endfacet
  facet normal 0 0 1
    outer loop
      vertex -9 9.5 2.4
      vertex -10.5 0.5 2.4
      vertex 10.5 0.5 2.4
    endloop
  endfacet
  facet normal -0 0 1
    outer loop
      vertex -1 97 2.4
      vertex 2.75 95 2.4
      vertex -1 100.5 2.4
    endloop
  endfacet
  facet normal 0 0 1
    outer loop
      vertex -1 97 2.4
      vertex -12.75 95 2.4
      vertex 2.75 95 2.4
    endloop
  endfacet
  facet normal 0 0 1
    outer loop
      vertex -21 97 2.4
      vertex -12.75 89 2.4
      vertex -12.75 95 2.4
    endloop
  endfacet
  facet normal 0 0 1
    outer loop
      vertex -12.75 89 2.4
      vertex -13.1642 83.3797 2.4
      vertex -12.8311 83.1874 2.4
    endloop
  endfacet
  facet normal 0 0 1
    outer loop
      vertex -12.75 89 2.4
      vertex -13.5467 83.4199 2.4
      vertex -13.1642 83.3797 2.4
    endloop
  endfacet
  facet normal 0 0 1
    outer loop
      vertex -12.75 89 2.4
      vertex -13.9125 83.3011 2.4
      vertex -13.5467 83.4199 2.4
    endloop
  endfacet
  facet normal 0 -0 1
    outer loop
      vertex -14.1983 83.0437 2.4
      vertex -12.75 89 2.4
      vertex -21 97 2.4
    endloop
  endfacet
  facet normal 0 0 1
    outer loop
      vertex -12.75 89 2.4
      vertex -14.1983 83.0437 2.4
      vertex -13.9125 83.3011 2.4
    endloop
  endfacet
  facet normal 0 0 1
    outer loop
      vertex -38.605 82.1238 2.4
      vertex -14.3548 82.6923 2.4
      vertex -21 97 2.4
    endloop
  endfacet
  facet normal 0 0 1
    outer loop
      vertex -14.1983 17.0437 2.4
      vertex -25 13.5 2.4
      vertex -14.3548 16.6923 2.4
    endloop
  endfacet
  facet normal 0 0 1
    outer loop
      vertex -14.3548 82.6923 2.4
      vertex -38.605 82.1238 2.4
      vertex -14.3548 82.3077 2.4
    endloop
  endfacet
  facet normal 0 0 1
    outer loop
      vertex -14.1983 83.0437 2.4
      vertex -21 97 2.4
      vertex -14.3548 82.6923 2.4
    endloop
  endfacet
  facet normal -0 0 1
    outer loop
      vertex -21 97 2.4
      vertex -12.75 95 2.4
      vertex -1 97 2.4
    endloop
  endfacet
  facet normal -0 0 1
    outer loop
      vertex -25 10 2.4
      vertex -10.5 9.5 2.4
      vertex -10.5 10 2.4
    endloop
  endfacet
  facet normal 0 0 1
    outer loop
      vertex -10.5 9.5 2.4
      vertex -25 10 2.4
      vertex -10.5 8.15001 2.4
    endloop
  endfacet
  facet normal -0 0 1
    outer loop
      vertex -38.605 16.1238 2.4
      vertex -25 13.5 2.4
      vertex -38.525 16.5 2.4
    endloop
  endfacet
  facet normal 0 0 1
    outer loop
      vertex -25 13.5 2.4
      vertex -38.605 16.1238 2.4
      vertex -25 10 2.4
    endloop
  endfacet
  facet normal -0 0 1
    outer loop
      vertex -38.8311 15.8126 2.4
      vertex -25 10 2.4
      vertex -38.605 16.1238 2.4
    endloop
  endfacet
  facet normal 0 0 1
    outer loop
      vertex -40.8 8.15001 2.4
      vertex -38.8311 15.8126 2.4
      vertex -39.1642 15.6203 2.4
    endloop
  endfacet
  facet normal 0 0 1
    outer loop
      vertex -40.8 8.15001 2.4
      vertex -39.1642 15.6203 2.4
      vertex -39.5467 15.5801 2.4
    endloop
  endfacet
  facet normal 0 0 1
    outer loop
      vertex -42.2695 8.62747 2.4
      vertex -39.5467 15.5801 2.4
      vertex -39.9125 15.6989 2.4
    endloop
  endfacet
  facet normal 0 0 1
    outer loop
      vertex -25 10 2.4
      vertex -40.8 8.15001 2.4
      vertex -10.5 8.15001 2.4
    endloop
  endfacet
  facet normal 0 0 1
    outer loop
      vertex -38.8311 15.8126 2.4
      vertex -40.8 8.15001 2.4
      vertex -25 10 2.4
    endloop
  endfacet
  facet normal 0 0 1
    outer loop
      vertex -42.2695 8.62747 2.4
      vertex -39.9125 15.6989 2.4
      vertex -40.1983 15.9563 2.4
    endloop
  endfacet
  facet normal 0 0 1
    outer loop
      vertex -42.2695 8.62747 2.4
      vertex -40.1983 15.9563 2.4
      vertex -40.3548 16.3077 2.4
    endloop
  endfacet
  facet normal 0 0 1
    outer loop
      vertex -40.3548 82.6923 2.4
      vertex -42.45 82.75 2.4
      vertex -40.3548 82.3077 2.4
    endloop
  endfacet
  facet normal 0 0 1
    outer loop
      vertex -43.3 99.85 2.4
      vertex -40.8 102.35 2.4
      vertex -41.1911 102.319 2.4
    endloop
  endfacet
  facet normal 0 0 1
    outer loop
      vertex -40.3548 16.6923 2.4
      vertex -42.2695 8.62747 2.4
      vertex -40.3548 16.3077 2.4
    endloop
  endfacet
  facet normal 0 0 1
    outer loop
      vertex -43.3 99.85 2.4
      vertex -41.1911 102.319 2.4
      vertex -41.5725 102.228 2.4
    endloop
  endfacet
  facet normal 0 0 1
    outer loop
      vertex -39.5467 15.5801 2.4
      vertex -42.2695 8.62747 2.4
      vertex -40.8 8.15001 2.4
    endloop
  endfacet
  facet normal 0 0 1
    outer loop
      vertex -43.3 99.85 2.4
      vertex -41.5725 102.228 2.4
      vertex -41.935 102.078 2.4
    endloop
  endfacet
  facet normal 0 0 1
    outer loop
      vertex -40.8 8.15001 2.4
      vertex -42.2695 8.62747 2.4
      vertex -41.1911 8.18079 2.4
    endloop
  endfacet
  facet normal 0 0 1
    outer loop
      vertex -43.3 99.85 2.4
      vertex -41.935 102.078 2.4
      vertex -42.2695 101.873 2.4
    endloop
  endfacet
  facet normal 0 0 1
    outer loop
      vertex -41.1911 8.18079 2.4
      vertex -42.2695 8.62747 2.4
      vertex -41.5725 8.27237 2.4
    endloop
  endfacet
  facet normal 0 0 1
    outer loop
      vertex -41.5725 8.27237 2.4
      vertex -42.2695 8.62747 2.4
      vertex -41.935 8.42249 2.4
    endloop
  endfacet
  facet normal 0 0 1
    outer loop
      vertex -43.3 99.85 2.4
      vertex -42.2695 101.873 2.4
      vertex -42.5678 101.618 2.4
    endloop
  endfacet
  facet normal 0 0 1
    outer loop
      vertex -43.3 99.85 2.4
      vertex -42.5678 101.618 2.4
      vertex -42.8225 101.319 2.4
    endloop
  endfacet
  facet normal 0 0 1
    outer loop
      vertex -43.3 99.85 2.4
      vertex -42.8225 101.319 2.4
      vertex -43.0275 100.985 2.4
    endloop
  endfacet
  facet normal 0 0 1
    outer loop
      vertex -43.3 99.85 2.4
      vertex -43.0275 100.985 2.4
      vertex -43.1776 100.623 2.4
    endloop
  endfacet
  facet normal 0 0 1
    outer loop
      vertex -43.3 99.85 2.4
      vertex -43.1776 100.623 2.4
      vertex -43.2692 100.241 2.4
    endloop
  endfacet
  facet normal 0 0 1
    outer loop
      vertex -40.8 102.35 2.4
      vertex -43.3 99.85 2.4
      vertex -42.45 91.75 2.4
    endloop
  endfacet
  facet normal 0 0 1
    outer loop
      vertex -42.45 91.75 2.4
      vertex -43.3 99.85 2.4
      vertex -43.3 91.75 2.4
    endloop
  endfacet
  facet normal 0 0 1
    outer loop
      vertex -10.5 63.5 2.4
      vertex -12.525 16.5 2.4
      vertex -10.5 13.5 2.4
    endloop
  endfacet
  facet normal -0 0 1
    outer loop
      vertex -12.605 16.1238 2.4
      vertex -10.5 13.5 2.4
      vertex -12.525 16.5 2.4
    endloop
  endfacet
  facet normal -0 0 1
    outer loop
      vertex -12.8311 15.8126 2.4
      vertex -10.5 13.5 2.4
      vertex -12.605 16.1238 2.4
    endloop
  endfacet
  facet normal -0 0 1
    outer loop
      vertex -13.1642 15.6203 2.4
      vertex -10.5 13.5 2.4
      vertex -12.8311 15.8126 2.4
    endloop
  endfacet
  facet normal -0 0 1
    outer loop
      vertex -13.5467 15.5801 2.4
      vertex -10.5 13.5 2.4
      vertex -13.1642 15.6203 2.4
    endloop
  endfacet
  facet normal 0 0 1
    outer loop
      vertex -13.9125 15.6989 2.4
      vertex -10.5 13.5 2.4
      vertex -13.5467 15.5801 2.4
    endloop
  endfacet
  facet normal 0 0 1
    outer loop
      vertex -13.9125 15.6989 2.4
      vertex -25 13.5 2.4
      vertex -10.5 13.5 2.4
    endloop
  endfacet
  facet normal 0 0 1
    outer loop
      vertex -14.1983 15.9563 2.4
      vertex -25 13.5 2.4
      vertex -13.9125 15.6989 2.4
    endloop
  endfacet
  facet normal 0 0 1
    outer loop
      vertex -14.3548 16.3077 2.4
      vertex -25 13.5 2.4
      vertex -14.1983 15.9563 2.4
    endloop
  endfacet
  facet normal 0 0 1
    outer loop
      vertex -14.3548 16.6923 2.4
      vertex -25 13.5 2.4
      vertex -14.3548 16.3077 2.4
    endloop
  endfacet
  facet normal 0.978128 0.208002 0
    outer loop
      vertex -38.525 82.5 5.2
      vertex -38.605 82.8762 2.4
      vertex -38.605 82.8762 5.2
    endloop
  endfacet
  facet normal 0.978128 0.208002 0
    outer loop
      vertex -38.605 82.8762 2.4
      vertex -38.525 82.5 5.2
      vertex -38.525 82.5 2.4
    endloop
  endfacet
  facet normal 0.809017 -0.587785 0
    outer loop
      vertex -38.8311 81.8126 5.2
      vertex -38.605 82.1238 2.4
      vertex -38.605 82.1238 5.2
    endloop
  endfacet
  facet normal 0.809017 -0.587785 0
    outer loop
      vertex -38.605 82.1238 2.4
      vertex -38.8311 81.8126 5.2
      vertex -38.8311 81.8126 2.4
    endloop
  endfacet
  facet normal -0.308886 -0.951099 0
    outer loop
      vertex -39.9125 81.6989 2.4
      vertex -39.5467 81.5801 5.2
      vertex -39.9125 81.6989 5.2
    endloop
  endfacet
  facet normal -0.308886 -0.951099 -0
    outer loop
      vertex -39.5467 81.5801 5.2
      vertex -39.9125 81.6989 2.4
      vertex -39.5467 81.5801 2.4
    endloop
  endfacet
  facet normal 0.49997 -0.866043 0
    outer loop
      vertex -39.1642 81.6203 2.4
      vertex -38.8311 81.8126 5.2
      vertex -39.1642 81.6203 5.2
    endloop
  endfacet
  facet normal 0.49997 -0.866043 0
    outer loop
      vertex -38.8311 81.8126 5.2
      vertex -39.1642 81.6203 2.4
      vertex -38.8311 81.8126 2.4
    endloop
  endfacet
  facet normal -0.9135 0.406838 0
    outer loop
      vertex -40.3548 82.6923 2.4
      vertex -40.1983 83.0437 5.2
      vertex -40.1983 83.0437 2.4
    endloop
  endfacet
  facet normal -0.9135 0.406838 0
    outer loop
      vertex -40.1983 83.0437 5.2
      vertex -40.3548 82.6923 2.4
      vertex -40.3548 82.6923 5.2
    endloop
  endfacet
  facet normal 0.49997 0.866043 -0
    outer loop
      vertex -38.8311 83.1874 2.4
      vertex -39.1642 83.3797 5.2
      vertex -38.8311 83.1874 5.2
    endloop
  endfacet
  facet normal 0.49997 0.866043 0
    outer loop
      vertex -39.1642 83.3797 5.2
      vertex -38.8311 83.1874 2.4
      vertex -39.1642 83.3797 2.4
    endloop
  endfacet
  facet normal -1 0 0
    outer loop
      vertex -40.3548 82.3077 2.4
      vertex -40.3548 82.6923 5.2
      vertex -40.3548 82.6923 2.4
    endloop
  endfacet
  facet normal -1 -0 0
    outer loop
      vertex -40.3548 82.6923 5.2
      vertex -40.3548 82.3077 2.4
      vertex -40.3548 82.3077 5.2
    endloop
  endfacet
  facet normal 0 0 1
    outer loop
      vertex -38.605 82.8762 5.2
      vertex -38.605 82.1238 5.2
      vertex -38.525 82.5 5.2
    endloop
  endfacet
  facet normal 0 0 1
    outer loop
      vertex -38.8311 83.1874 5.2
      vertex -38.605 82.1238 5.2
      vertex -38.605 82.8762 5.2
    endloop
  endfacet
  facet normal 0 0 1
    outer loop
      vertex -38.8311 83.1874 5.2
      vertex -38.8311 81.8126 5.2
      vertex -38.605 82.1238 5.2
    endloop
  endfacet
  facet normal 0 0 1
    outer loop
      vertex -39.1642 83.3797 5.2
      vertex -38.8311 81.8126 5.2
      vertex -38.8311 83.1874 5.2
    endloop
  endfacet
  facet normal 0 0 1
    outer loop
      vertex -39.1642 83.3797 5.2
      vertex -39.1642 81.6203 5.2
      vertex -38.8311 81.8126 5.2
    endloop
  endfacet
  facet normal 0 0 1
    outer loop
      vertex -39.5467 83.4199 5.2
      vertex -39.1642 81.6203 5.2
      vertex -39.1642 83.3797 5.2
    endloop
  endfacet
  facet normal 0 0 1
    outer loop
      vertex -39.5467 83.4199 5.2
      vertex -39.5467 81.5801 5.2
      vertex -39.1642 81.6203 5.2
    endloop
  endfacet
  facet normal -0 0 1
    outer loop
      vertex -39.9125 83.3011 5.2
      vertex -39.5467 81.5801 5.2
      vertex -39.5467 83.4199 5.2
    endloop
  endfacet
  facet normal 0 0 1
    outer loop
      vertex -39.9125 83.3011 5.2
      vertex -39.9125 81.6989 5.2
      vertex -39.5467 81.5801 5.2
    endloop
  endfacet
  facet normal -0 0 1
    outer loop
      vertex -40.1983 83.0437 5.2
      vertex -39.9125 81.6989 5.2
      vertex -39.9125 83.3011 5.2
    endloop
  endfacet
  facet normal 0 0 1
    outer loop
      vertex -40.1983 83.0437 5.2
      vertex -40.1983 81.9563 5.2
      vertex -39.9125 81.6989 5.2
    endloop
  endfacet
  facet normal -0 0 1
    outer loop
      vertex -40.3548 82.6923 5.2
      vertex -40.1983 81.9563 5.2
      vertex -40.1983 83.0437 5.2
    endloop
  endfacet
  facet normal 0 0 1
    outer loop
      vertex -40.1983 81.9563 5.2
      vertex -40.3548 82.6923 5.2
      vertex -40.3548 82.3077 5.2
    endloop
  endfacet
  facet normal -0.669223 0.743061 0
    outer loop
      vertex -39.9125 83.3011 2.4
      vertex -40.1983 83.0437 5.2
      vertex -39.9125 83.3011 5.2
    endloop
  endfacet
  facet normal -0.669223 0.743061 0
    outer loop
      vertex -40.1983 83.0437 5.2
      vertex -39.9125 83.3011 2.4
      vertex -40.1983 83.0437 2.4
    endloop
  endfacet
  facet normal 0.104522 0.994523 -0
    outer loop
      vertex -39.1642 83.3797 2.4
      vertex -39.5467 83.4199 5.2
      vertex -39.1642 83.3797 5.2
    endloop
  endfacet
  facet normal 0.104522 0.994523 0
    outer loop
      vertex -39.5467 83.4199 5.2
      vertex -39.1642 83.3797 2.4
      vertex -39.5467 83.4199 2.4
    endloop
  endfacet
  facet normal 0.978128 -0.208002 0
    outer loop
      vertex -38.605 82.1238 5.2
      vertex -38.525 82.5 2.4
      vertex -38.525 82.5 5.2
    endloop
  endfacet
  facet normal 0.978128 -0.208002 0
    outer loop
      vertex -38.525 82.5 2.4
      vertex -38.605 82.1238 5.2
      vertex -38.605 82.1238 2.4
    endloop
  endfacet
  facet normal 0.809017 0.587785 0
    outer loop
      vertex -38.605 82.8762 5.2
      vertex -38.8311 83.1874 2.4
      vertex -38.8311 83.1874 5.2
    endloop
  endfacet
  facet normal 0.809017 0.587785 0
    outer loop
      vertex -38.8311 83.1874 2.4
      vertex -38.605 82.8762 5.2
      vertex -38.605 82.8762 2.4
    endloop
  endfacet
  facet normal -0.308886 0.951099 0
    outer loop
      vertex -39.5467 83.4199 2.4
      vertex -39.9125 83.3011 5.2
      vertex -39.5467 83.4199 5.2
    endloop
  endfacet
  facet normal -0.308886 0.951099 0
    outer loop
      vertex -39.9125 83.3011 5.2
      vertex -39.5467 83.4199 2.4
      vertex -39.9125 83.3011 2.4
    endloop
  endfacet
  facet normal 0.104522 -0.994523 0
    outer loop
      vertex -39.5467 81.5801 2.4
      vertex -39.1642 81.6203 5.2
      vertex -39.5467 81.5801 5.2
    endloop
  endfacet
  facet normal 0.104522 -0.994523 0
    outer loop
      vertex -39.1642 81.6203 5.2
      vertex -39.5467 81.5801 2.4
      vertex -39.1642 81.6203 2.4
    endloop
  endfacet
  facet normal -0.669223 -0.743061 0
    outer loop
      vertex -40.1983 81.9563 2.4
      vertex -39.9125 81.6989 5.2
      vertex -40.1983 81.9563 5.2
    endloop
  endfacet
  facet normal -0.669223 -0.743061 -0
    outer loop
      vertex -39.9125 81.6989 5.2
      vertex -40.1983 81.9563 2.4
      vertex -39.9125 81.6989 2.4
    endloop
  endfacet
  facet normal -0.9135 -0.406838 0
    outer loop
      vertex -40.1983 81.9563 2.4
      vertex -40.3548 82.3077 5.2
      vertex -40.3548 82.3077 2.4
    endloop
  endfacet
  facet normal -0.9135 -0.406838 0
    outer loop
      vertex -40.3548 82.3077 5.2
      vertex -40.1983 81.9563 2.4
      vertex -40.1983 81.9563 5.2
    endloop
  endfacet
  facet normal 0.978128 0.208002 0
    outer loop
      vertex -12.525 16.5 5.2
      vertex -12.605 16.8762 2.4
      vertex -12.605 16.8762 5.2
    endloop
  endfacet
  facet normal 0.978128 0.208002 0
    outer loop
      vertex -12.605 16.8762 2.4
      vertex -12.525 16.5 5.2
      vertex -12.525 16.5 2.4
    endloop
  endfacet
  facet normal 0.809017 0.587785 0
    outer loop
      vertex -12.605 16.8762 5.2
      vertex -12.8311 17.1874 2.4
      vertex -12.8311 17.1874 5.2
    endloop
  endfacet
  facet normal 0.809017 0.587785 0
    outer loop
      vertex -12.8311 17.1874 2.4
      vertex -12.605 16.8762 5.2
      vertex -12.605 16.8762 2.4
    endloop
  endfacet
  facet normal 0.49997 -0.866043 0
    outer loop
      vertex -13.1642 15.6203 2.4
      vertex -12.8311 15.8126 5.2
      vertex -13.1642 15.6203 5.2
    endloop
  endfacet
  facet normal 0.49997 -0.866043 0
    outer loop
      vertex -12.8311 15.8126 5.2
      vertex -13.1642 15.6203 2.4
      vertex -12.8311 15.8126 2.4
    endloop
  endfacet
  facet normal -0.669223 0.743061 0
    outer loop
      vertex -13.9125 17.3011 2.4
      vertex -14.1983 17.0437 5.2
      vertex -13.9125 17.3011 5.2
    endloop
  endfacet
  facet normal -0.669223 0.743061 0
    outer loop
      vertex -14.1983 17.0437 5.2
      vertex -13.9125 17.3011 2.4
      vertex -14.1983 17.0437 2.4
    endloop
  endfacet
  facet normal 0.809017 -0.587785 0
    outer loop
      vertex -12.8311 15.8126 5.2
      vertex -12.605 16.1238 2.4
      vertex -12.605 16.1238 5.2
    endloop
  endfacet
  facet normal 0.809017 -0.587785 0
    outer loop
      vertex -12.605 16.1238 2.4
      vertex -12.8311 15.8126 5.2
      vertex -12.8311 15.8126 2.4
    endloop
  endfacet
  facet normal -0.308886 -0.951099 0
    outer loop
      vertex -13.9125 15.6989 2.4
      vertex -13.5467 15.5801 5.2
      vertex -13.9125 15.6989 5.2
    endloop
  endfacet
  facet normal -0.308886 -0.951099 -0
    outer loop
      vertex -13.5467 15.5801 5.2
      vertex -13.9125 15.6989 2.4
      vertex -13.5467 15.5801 2.4
    endloop
  endfacet
  facet normal 0.104522 -0.994523 0
    outer loop
      vertex -13.5467 15.5801 2.4
      vertex -13.1642 15.6203 5.2
      vertex -13.5467 15.5801 5.2
    endloop
  endfacet
  facet normal 0.104522 -0.994523 0
    outer loop
      vertex -13.1642 15.6203 5.2
      vertex -13.5467 15.5801 2.4
      vertex -13.1642 15.6203 2.4
    endloop
  endfacet
  facet normal 0.978128 -0.208002 0
    outer loop
      vertex -12.605 16.1238 5.2
      vertex -12.525 16.5 2.4
      vertex -12.525 16.5 5.2
    endloop
  endfacet
  facet normal 0.978128 -0.208002 0
    outer loop
      vertex -12.525 16.5 2.4
      vertex -12.605 16.1238 5.2
      vertex -12.605 16.1238 2.4
    endloop
  endfacet
  facet normal 0.49997 0.866043 -0
    outer loop
      vertex -12.8311 17.1874 2.4
      vertex -13.1642 17.3797 5.2
      vertex -12.8311 17.1874 5.2
    endloop
  endfacet
  facet normal 0.49997 0.866043 0
    outer loop
      vertex -13.1642 17.3797 5.2
      vertex -12.8311 17.1874 2.4
      vertex -13.1642 17.3797 2.4
    endloop
  endfacet
  facet normal -0.9135 0.406838 0
    outer loop
      vertex -14.3548 16.6923 2.4
      vertex -14.1983 17.0437 5.2
      vertex -14.1983 17.0437 2.4
    endloop
  endfacet
  facet normal -0.9135 0.406838 0
    outer loop
      vertex -14.1983 17.0437 5.2
      vertex -14.3548 16.6923 2.4
      vertex -14.3548 16.6923 5.2
    endloop
  endfacet
  facet normal 0.104522 0.994523 -0
    outer loop
      vertex -13.1642 17.3797 2.4
      vertex -13.5467 17.4199 5.2
      vertex -13.1642 17.3797 5.2
    endloop
  endfacet
  facet normal 0.104522 0.994523 0
    outer loop
      vertex -13.5467 17.4199 5.2
      vertex -13.1642 17.3797 2.4
      vertex -13.5467 17.4199 2.4
    endloop
  endfacet
  facet normal -0.669223 -0.743061 0
    outer loop
      vertex -14.1983 15.9563 2.4
      vertex -13.9125 15.6989 5.2
      vertex -14.1983 15.9563 5.2
    endloop
  endfacet
  facet normal -0.669223 -0.743061 -0
    outer loop
      vertex -13.9125 15.6989 5.2
      vertex -14.1983 15.9563 2.4
      vertex -13.9125 15.6989 2.4
    endloop
  endfacet
  facet normal -0.308886 0.951099 0
    outer loop
      vertex -13.5467 17.4199 2.4
      vertex -13.9125 17.3011 5.2
      vertex -13.5467 17.4199 5.2
    endloop
  endfacet
  facet normal -0.308886 0.951099 0
    outer loop
      vertex -13.9125 17.3011 5.2
      vertex -13.5467 17.4199 2.4
      vertex -13.9125 17.3011 2.4
    endloop
  endfacet
  facet normal -0.9135 -0.406838 0
    outer loop
      vertex -14.1983 15.9563 2.4
      vertex -14.3548 16.3077 5.2
      vertex -14.3548 16.3077 2.4
    endloop
  endfacet
  facet normal -0.9135 -0.406838 0
    outer loop
      vertex -14.3548 16.3077 5.2
      vertex -14.1983 15.9563 2.4
      vertex -14.1983 15.9563 5.2
    endloop
  endfacet
  facet normal -1 0 0
    outer loop
      vertex -14.3548 16.3077 2.4
      vertex -14.3548 16.6923 5.2
      vertex -14.3548 16.6923 2.4
    endloop
  endfacet
  facet normal -1 -0 0
    outer loop
      vertex -14.3548 16.6923 5.2
      vertex -14.3548 16.3077 2.4
      vertex -14.3548 16.3077 5.2
    endloop
  endfacet
  facet normal 0 0 1
    outer loop
      vertex -12.605 16.8762 5.2
      vertex -12.605 16.1238 5.2
      vertex -12.525 16.5 5.2
    endloop
  endfacet
  facet normal 0 0 1
    outer loop
      vertex -12.8311 17.1874 5.2
      vertex -12.605 16.1238 5.2
      vertex -12.605 16.8762 5.2
    endloop
  endfacet
  facet normal 0 0 1
    outer loop
      vertex -12.8311 17.1874 5.2
      vertex -12.8311 15.8126 5.2
      vertex -12.605 16.1238 5.2
    endloop
  endfacet
  facet normal 0 0 1
    outer loop
      vertex -13.1642 17.3797 5.2
      vertex -12.8311 15.8126 5.2
      vertex -12.8311 17.1874 5.2
    endloop
  endfacet
  facet normal 0 0 1
    outer loop
      vertex -13.1642 17.3797 5.2
      vertex -13.1642 15.6203 5.2
      vertex -12.8311 15.8126 5.2
    endloop
  endfacet
  facet normal 0 0 1
    outer loop
      vertex -13.5467 17.4199 5.2
      vertex -13.1642 15.6203 5.2
      vertex -13.1642 17.3797 5.2
    endloop
  endfacet
  facet normal 0 0 1
    outer loop
      vertex -13.5467 17.4199 5.2
      vertex -13.5467 15.5801 5.2
      vertex -13.1642 15.6203 5.2
    endloop
  endfacet
  facet normal -0 0 1
    outer loop
      vertex -13.9125 17.3011 5.2
      vertex -13.5467 15.5801 5.2
      vertex -13.5467 17.4199 5.2
    endloop
  endfacet
  facet normal 0 0 1
    outer loop
      vertex -13.9125 17.3011 5.2
      vertex -13.9125 15.6989 5.2
      vertex -13.5467 15.5801 5.2
    endloop
  endfacet
  facet normal -0 0 1
    outer loop
      vertex -14.1983 17.0437 5.2
      vertex -13.9125 15.6989 5.2
      vertex -13.9125 17.3011 5.2
    endloop
  endfacet
  facet normal 0 0 1
    outer loop
      vertex -14.1983 17.0437 5.2
      vertex -14.1983 15.9563 5.2
      vertex -13.9125 15.6989 5.2
    endloop
  endfacet
  facet normal -0 0 1
    outer loop
      vertex -14.3548 16.6923 5.2
      vertex -14.1983 15.9563 5.2
      vertex -14.1983 17.0437 5.2
    endloop
  endfacet
  facet normal 0 0 1
    outer loop
      vertex -14.1983 15.9563 5.2
      vertex -14.3548 16.6923 5.2
      vertex -14.3548 16.3077 5.2
    endloop
  endfacet
  facet normal 0.978128 0.208002 0
    outer loop
      vertex -12.525 82.5 5.2
      vertex -12.605 82.8762 2.4
      vertex -12.605 82.8762 5.2
    endloop
  endfacet
  facet normal 0.978128 0.208002 0
    outer loop
      vertex -12.605 82.8762 2.4
      vertex -12.525 82.5 5.2
      vertex -12.525 82.5 2.4
    endloop
  endfacet
  facet normal 0.809017 0.587785 0
    outer loop
      vertex -12.605 82.8762 5.2
      vertex -12.8311 83.1874 2.4
      vertex -12.8311 83.1874 5.2
    endloop
  endfacet
  facet normal 0.809017 0.587785 0
    outer loop
      vertex -12.8311 83.1874 2.4
      vertex -12.605 82.8762 5.2
      vertex -12.605 82.8762 2.4
    endloop
  endfacet
  facet normal 0.49997 -0.866043 0
    outer loop
      vertex -13.1642 81.6203 2.4
      vertex -12.8311 81.8126 5.2
      vertex -13.1642 81.6203 5.2
    endloop
  endfacet
  facet normal 0.49997 -0.866043 0
    outer loop
      vertex -12.8311 81.8126 5.2
      vertex -13.1642 81.6203 2.4
      vertex -12.8311 81.8126 2.4
    endloop
  endfacet
  facet normal -0.669223 0.743061 0
    outer loop
      vertex -13.9125 83.3011 2.4
      vertex -14.1983 83.0437 5.2
      vertex -13.9125 83.3011 5.2
    endloop
  endfacet
  facet normal -0.669223 0.743061 0
    outer loop
      vertex -14.1983 83.0437 5.2
      vertex -13.9125 83.3011 2.4
      vertex -14.1983 83.0437 2.4
    endloop
  endfacet
  facet normal -0.308886 0.951099 0
    outer loop
      vertex -13.5467 83.4199 2.4
      vertex -13.9125 83.3011 5.2
      vertex -13.5467 83.4199 5.2
    endloop
  endfacet
  facet normal -0.308886 0.951099 0
    outer loop
      vertex -13.9125 83.3011 5.2
      vertex -13.5467 83.4199 2.4
      vertex -13.9125 83.3011 2.4
    endloop
  endfacet
  facet normal 0.809017 -0.587785 0
    outer loop
      vertex -12.8311 81.8126 5.2
      vertex -12.605 82.1238 2.4
      vertex -12.605 82.1238 5.2
    endloop
  endfacet
  facet normal 0.809017 -0.587785 0
    outer loop
      vertex -12.605 82.1238 2.4
      vertex -12.8311 81.8126 5.2
      vertex -12.8311 81.8126 2.4
    endloop
  endfacet
  facet normal -0.308886 -0.951099 0
    outer loop
      vertex -13.9125 81.6989 2.4
      vertex -13.5467 81.5801 5.2
      vertex -13.9125 81.6989 5.2
    endloop
  endfacet
  facet normal -0.308886 -0.951099 -0
    outer loop
      vertex -13.5467 81.5801 5.2
      vertex -13.9125 81.6989 2.4
      vertex -13.5467 81.5801 2.4
    endloop
  endfacet
  facet normal 0.104522 -0.994523 0
    outer loop
      vertex -13.5467 81.5801 2.4
      vertex -13.1642 81.6203 5.2
      vertex -13.5467 81.5801 5.2
    endloop
  endfacet
  facet normal 0.104522 -0.994523 0
    outer loop
      vertex -13.1642 81.6203 5.2
      vertex -13.5467 81.5801 2.4
      vertex -13.1642 81.6203 2.4
    endloop
  endfacet
  facet normal 0.978128 -0.208002 0
    outer loop
      vertex -12.605 82.1238 5.2
      vertex -12.525 82.5 2.4
      vertex -12.525 82.5 5.2
    endloop
  endfacet
  facet normal 0.978128 -0.208002 0
    outer loop
      vertex -12.525 82.5 2.4
      vertex -12.605 82.1238 5.2
      vertex -12.605 82.1238 2.4
    endloop
  endfacet
  facet normal 0.49997 0.866043 -0
    outer loop
      vertex -12.8311 83.1874 2.4
      vertex -13.1642 83.3797 5.2
      vertex -12.8311 83.1874 5.2
    endloop
  endfacet
  facet normal 0.49997 0.866043 0
    outer loop
      vertex -13.1642 83.3797 5.2
      vertex -12.8311 83.1874 2.4
      vertex -13.1642 83.3797 2.4
    endloop
  endfacet
  facet normal -0.9135 0.406838 0
    outer loop
      vertex -14.3548 82.6923 2.4
      vertex -14.1983 83.0437 5.2
      vertex -14.1983 83.0437 2.4
    endloop
  endfacet
  facet normal -0.9135 0.406838 0
    outer loop
      vertex -14.1983 83.0437 5.2
      vertex -14.3548 82.6923 2.4
      vertex -14.3548 82.6923 5.2
    endloop
  endfacet
  facet normal 0.104522 0.994523 -0
    outer loop
      vertex -13.1642 83.3797 2.4
      vertex -13.5467 83.4199 5.2
      vertex -13.1642 83.3797 5.2
    endloop
  endfacet
  facet normal 0.104522 0.994523 0
    outer loop
      vertex -13.5467 83.4199 5.2
      vertex -13.1642 83.3797 2.4
      vertex -13.5467 83.4199 2.4
    endloop
  endfacet
  facet normal -0.669223 -0.743061 0
    outer loop
      vertex -14.1983 81.9563 2.4
      vertex -13.9125 81.6989 5.2
      vertex -14.1983 81.9563 5.2
    endloop
  endfacet
  facet normal -0.669223 -0.743061 -0
    outer loop
      vertex -13.9125 81.6989 5.2
      vertex -14.1983 81.9563 2.4
      vertex -13.9125 81.6989 2.4
    endloop
  endfacet
  facet normal -0.9135 -0.406838 0
    outer loop
      vertex -14.1983 81.9563 2.4
      vertex -14.3548 82.3077 5.2
      vertex -14.3548 82.3077 2.4
    endloop
  endfacet
  facet normal -0.9135 -0.406838 0
    outer loop
      vertex -14.3548 82.3077 5.2
      vertex -14.1983 81.9563 2.4
      vertex -14.1983 81.9563 5.2
    endloop
  endfacet
  facet normal -1 0 0
    outer loop
      vertex -14.3548 82.3077 2.4
      vertex -14.3548 82.6923 5.2
      vertex -14.3548 82.6923 2.4
    endloop
  endfacet
  facet normal -1 -0 0
    outer loop
      vertex -14.3548 82.6923 5.2
      vertex -14.3548 82.3077 2.4
      vertex -14.3548 82.3077 5.2
    endloop
  endfacet
  facet normal 0 0 1
    outer loop
      vertex -12.605 82.8762 5.2
      vertex -12.605 82.1238 5.2
      vertex -12.525 82.5 5.2
    endloop
  endfacet
  facet normal 0 0 1
    outer loop
      vertex -12.8311 83.1874 5.2
      vertex -12.605 82.1238 5.2
      vertex -12.605 82.8762 5.2
    endloop
  endfacet
  facet normal 0 0 1
    outer loop
      vertex -12.8311 83.1874 5.2
      vertex -12.8311 81.8126 5.2
      vertex -12.605 82.1238 5.2
    endloop
  endfacet
  facet normal 0 0 1
    outer loop
      vertex -13.1642 83.3797 5.2
      vertex -12.8311 81.8126 5.2
      vertex -12.8311 83.1874 5.2
    endloop
  endfacet
  facet normal 0 0 1
    outer loop
      vertex -13.1642 83.3797 5.2
      vertex -13.1642 81.6203 5.2
      vertex -12.8311 81.8126 5.2
    endloop
  endfacet
  facet normal 0 0 1
    outer loop
      vertex -13.5467 83.4199 5.2
      vertex -13.1642 81.6203 5.2
      vertex -13.1642 83.3797 5.2
    endloop
  endfacet
  facet normal 0 0 1
    outer loop
      vertex -13.5467 83.4199 5.2
      vertex -13.5467 81.5801 5.2
      vertex -13.1642 81.6203 5.2
    endloop
  endfacet
  facet normal -0 0 1
    outer loop
      vertex -13.9125 83.3011 5.2
      vertex -13.5467 81.5801 5.2
      vertex -13.5467 83.4199 5.2
    endloop
  endfacet
  facet normal 0 0 1
    outer loop
      vertex -13.9125 83.3011 5.2
      vertex -13.9125 81.6989 5.2
      vertex -13.5467 81.5801 5.2
    endloop
  endfacet
  facet normal -0 0 1
    outer loop
      vertex -14.1983 83.0437 5.2
      vertex -13.9125 81.6989 5.2
      vertex -13.9125 83.3011 5.2
    endloop
  endfacet
  facet normal 0 0 1
    outer loop
      vertex -14.1983 83.0437 5.2
      vertex -14.1983 81.9563 5.2
      vertex -13.9125 81.6989 5.2
    endloop
  endfacet
  facet normal -0 0 1
    outer loop
      vertex -14.3548 82.6923 5.2
      vertex -14.1983 81.9563 5.2
      vertex -14.1983 83.0437 5.2
    endloop
  endfacet
  facet normal 0 0 1
    outer loop
      vertex -14.1983 81.9563 5.2
      vertex -14.3548 82.6923 5.2
      vertex -14.3548 82.3077 5.2
    endloop
  endfacet
  facet normal -0.8969 -0.442233 0
    outer loop
      vertex 7.05192 71.85 2.4
      vertex 6.87836 72.202 2.9
      vertex 6.87836 72.202 2.4
    endloop
  endfacet
  facet normal -0.8969 -0.442233 0
    outer loop
      vertex 6.87836 72.202 2.9
      vertex 7.05192 71.85 2.4
      vertex 7.05192 71.85 2.9
    endloop
  endfacet
  facet normal 0.44211 -0.896961 0
    outer loop
      vertex 10.798 70.5784 2.4
      vertex 11.15 70.7519 2.9
      vertex 10.798 70.5784 2.9
    endloop
  endfacet
  facet normal 0.44211 -0.896961 0
    outer loop
      vertex 11.15 70.7519 2.9
      vertex 10.798 70.5784 2.4
      vertex 11.15 70.7519 2.4
    endloop
  endfacet
  facet normal 0.980815 0.19494 0
    outer loop
      vertex 12.6243 73.7416 2.9
      vertex 12.5478 74.1265 2.4
      vertex 12.5478 74.1265 2.9
    endloop
  endfacet
  facet normal 0.980815 0.19494 0
    outer loop
      vertex 12.5478 74.1265 2.4
      vertex 12.6243 73.7416 2.9
      vertex 12.6243 73.7416 2.4
    endloop
  endfacet
  facet normal 0.997853 0.0654873 0
    outer loop
      vertex 12.65 73.35 2.9
      vertex 12.6243 73.7416 2.4
      vertex 12.6243 73.7416 2.9
    endloop
  endfacet
  facet normal 0.997853 0.0654873 0
    outer loop
      vertex 12.6243 73.7416 2.4
      vertex 12.65 73.35 2.9
      vertex 12.65 73.35 2.4
    endloop
  endfacet
  facet normal 0.751724 -0.659478 0
    outer loop
      vertex 11.7713 71.2287 2.9
      vertex 12.0301 71.5237 2.4
      vertex 12.0301 71.5237 2.9
    endloop
  endfacet
  facet normal 0.751724 -0.659478 0
    outer loop
      vertex 12.0301 71.5237 2.4
      vertex 11.7713 71.2287 2.9
      vertex 11.7713 71.2287 2.4
    endloop
  endfacet
  facet normal 0.321651 0.946858 -0
    outer loop
      vertex 10.798 76.1216 2.4
      vertex 10.4265 76.2478 2.9
      vertex 10.798 76.1216 2.9
    endloop
  endfacet
  facet normal 0.321651 0.946858 0
    outer loop
      vertex 10.4265 76.2478 2.9
      vertex 10.798 76.1216 2.4
      vertex 10.4265 76.2478 2.4
    endloop
  endfacet
  facet normal 0.321651 -0.946858 0
    outer loop
      vertex 10.4265 70.4522 2.4
      vertex 10.798 70.5784 2.9
      vertex 10.4265 70.4522 2.9
    endloop
  endfacet
  facet normal 0.321651 -0.946858 0
    outer loop
      vertex 10.798 70.5784 2.9
      vertex 10.4265 70.4522 2.4
      vertex 10.798 70.5784 2.4
    endloop
  endfacet
  facet normal -0.555547 0.831485 0
    outer loop
      vertex 8.15 75.9481 2.4
      vertex 7.82372 75.7301 2.9
      vertex 8.15 75.9481 2.9
    endloop
  endfacet
  facet normal -0.555547 0.831485 0
    outer loop
      vertex 7.82372 75.7301 2.9
      vertex 8.15 75.9481 2.4
      vertex 7.82372 75.7301 2.4
    endloop
  endfacet
  facet normal -0.99786 0.0653858 0
    outer loop
      vertex 6.65 73.35 2.4
      vertex 6.67566 73.7416 2.9
      vertex 6.67566 73.7416 2.4
    endloop
  endfacet
  facet normal -0.99786 0.0653858 0
    outer loop
      vertex 6.67566 73.7416 2.9
      vertex 6.65 73.35 2.4
      vertex 6.65 73.35 2.9
    endloop
  endfacet
  facet normal 0.946858 -0.321651 0
    outer loop
      vertex 12.4216 72.202 2.9
      vertex 12.5478 72.5735 2.4
      vertex 12.5478 72.5735 2.9
    endloop
  endfacet
  facet normal 0.946858 -0.321651 0
    outer loop
      vertex 12.5478 72.5735 2.4
      vertex 12.4216 72.202 2.9
      vertex 12.4216 72.202 2.4
    endloop
  endfacet
  facet normal 0.946858 0.321651 0
    outer loop
      vertex 12.5478 74.1265 2.9
      vertex 12.4216 74.498 2.4
      vertex 12.4216 74.498 2.9
    endloop
  endfacet
  facet normal 0.946858 0.321651 0
    outer loop
      vertex 12.4216 74.498 2.4
      vertex 12.5478 74.1265 2.9
      vertex 12.5478 74.1265 2.4
    endloop
  endfacet
  facet normal -0.555547 -0.831485 0
    outer loop
      vertex 7.82372 70.9699 2.4
      vertex 8.15 70.7519 2.9
      vertex 7.82372 70.9699 2.9
    endloop
  endfacet
  facet normal -0.555547 -0.831485 -0
    outer loop
      vertex 8.15 70.7519 2.9
      vertex 7.82372 70.9699 2.4
      vertex 8.15 70.7519 2.4
    endloop
  endfacet
  facet normal -0.659428 0.751768 0
    outer loop
      vertex 7.82372 75.7301 2.4
      vertex 7.52868 75.4713 2.9
      vertex 7.82372 75.7301 2.9
    endloop
  endfacet
  facet normal -0.659428 0.751768 0
    outer loop
      vertex 7.52868 75.4713 2.9
      vertex 7.82372 75.7301 2.4
      vertex 7.52868 75.4713 2.4
    endloop
  endfacet
  facet normal 0.831501 0.555523 0
    outer loop
      vertex 12.2481 74.85 2.9
      vertex 12.0301 75.1763 2.4
      vertex 12.0301 75.1763 2.9
    endloop
  endfacet
  facet normal 0.831501 0.555523 0
    outer loop
      vertex 12.0301 75.1763 2.4
      vertex 12.2481 74.85 2.9
      vertex 12.2481 74.85 2.4
    endloop
  endfacet
  facet normal 0.19494 -0.980815 0
    outer loop
      vertex 10.0416 70.3757 2.4
      vertex 10.4265 70.4522 2.9
      vertex 10.0416 70.3757 2.9
    endloop
  endfacet
  facet normal 0.19494 -0.980815 0
    outer loop
      vertex 10.4265 70.4522 2.9
      vertex 10.0416 70.3757 2.4
      vertex 10.4265 70.4522 2.4
    endloop
  endfacet
  facet normal -0.19495 0.980813 0
    outer loop
      vertex 9.25842 76.3243 2.4
      vertex 8.87354 76.2478 2.9
      vertex 9.25842 76.3243 2.9
    endloop
  endfacet
  facet normal -0.19495 0.980813 0
    outer loop
      vertex 8.87354 76.2478 2.9
      vertex 9.25842 76.3243 2.4
      vertex 8.87354 76.2478 2.4
    endloop
  endfacet
  facet normal -0.321582 0.946882 0
    outer loop
      vertex 8.87354 76.2478 2.4
      vertex 8.50195 76.1216 2.9
      vertex 8.87354 76.2478 2.9
    endloop
  endfacet
  facet normal -0.321582 0.946882 0
    outer loop
      vertex 8.50195 76.1216 2.9
      vertex 8.87354 76.2478 2.4
      vertex 8.50195 76.1216 2.4
    endloop
  endfacet
  facet normal -0.44216 -0.896936 0
    outer loop
      vertex 8.15 70.7519 2.4
      vertex 8.50195 70.5784 2.9
      vertex 8.15 70.7519 2.9
    endloop
  endfacet
  facet normal -0.44216 -0.896936 -0
    outer loop
      vertex 8.50195 70.5784 2.9
      vertex 8.15 70.7519 2.4
      vertex 8.50195 70.5784 2.4
    endloop
  endfacet
  facet normal 0.896961 0.44211 0
    outer loop
      vertex 12.4216 74.498 2.9
      vertex 12.2481 74.85 2.4
      vertex 12.2481 74.85 2.9
    endloop
  endfacet
  facet normal 0.896961 0.44211 0
    outer loop
      vertex 12.2481 74.85 2.4
      vertex 12.4216 74.498 2.9
      vertex 12.4216 74.498 2.4
    endloop
  endfacet
  facet normal 0.659478 -0.751724 0
    outer loop
      vertex 11.4763 70.9699 2.4
      vertex 11.7713 71.2287 2.9
      vertex 11.4763 70.9699 2.9
    endloop
  endfacet
  facet normal 0.659478 -0.751724 0
    outer loop
      vertex 11.7713 71.2287 2.9
      vertex 11.4763 70.9699 2.4
      vertex 11.7713 71.2287 2.4
    endloop
  endfacet
  facet normal -0.0654906 0.997853 0
    outer loop
      vertex 9.65 76.35 2.4
      vertex 9.25842 76.3243 2.9
      vertex 9.65 76.35 2.9
    endloop
  endfacet
  facet normal -0.0654906 0.997853 0
    outer loop
      vertex 9.25842 76.3243 2.9
      vertex 9.65 76.35 2.4
      vertex 9.25842 76.3243 2.4
    endloop
  endfacet
  facet normal 0.555523 0.831501 -0
    outer loop
      vertex 11.4763 75.7301 2.4
      vertex 11.15 75.9481 2.9
      vertex 11.4763 75.7301 2.9
    endloop
  endfacet
  facet normal 0.555523 0.831501 0
    outer loop
      vertex 11.15 75.9481 2.9
      vertex 11.4763 75.7301 2.4
      vertex 11.15 75.9481 2.4
    endloop
  endfacet
  facet normal 0.659478 0.751724 -0
    outer loop
      vertex 11.7713 75.4713 2.4
      vertex 11.4763 75.7301 2.9
      vertex 11.7713 75.4713 2.9
    endloop
  endfacet
  facet normal 0.659478 0.751724 0
    outer loop
      vertex 11.4763 75.7301 2.9
      vertex 11.7713 75.4713 2.4
      vertex 11.4763 75.7301 2.4
    endloop
  endfacet
  facet normal -0.0654906 -0.997853 0
    outer loop
      vertex 9.25842 70.3757 2.4
      vertex 9.65 70.35 2.9
      vertex 9.25842 70.3757 2.9
    endloop
  endfacet
  facet normal -0.0654906 -0.997853 -0
    outer loop
      vertex 9.65 70.35 2.9
      vertex 9.25842 70.3757 2.4
      vertex 9.65 70.35 2.4
    endloop
  endfacet
  facet normal 0.997853 -0.0654873 0
    outer loop
      vertex 12.6243 72.9584 2.9
      vertex 12.65 73.35 2.4
      vertex 12.65 73.35 2.9
    endloop
  endfacet
  facet normal 0.997853 -0.0654873 0
    outer loop
      vertex 12.65 73.35 2.4
      vertex 12.6243 72.9584 2.9
      vertex 12.6243 72.9584 2.4
    endloop
  endfacet
  facet normal 0.980815 -0.19494 0
    outer loop
      vertex 12.5478 72.5735 2.9
      vertex 12.6243 72.9584 2.4
      vertex 12.6243 72.9584 2.9
    endloop
  endfacet
  facet normal 0.980815 -0.19494 0
    outer loop
      vertex 12.6243 72.9584 2.4
      vertex 12.5478 72.5735 2.9
      vertex 12.5478 72.5735 2.4
    endloop
  endfacet
  facet normal 0.555523 -0.831501 0
    outer loop
      vertex 11.15 70.7519 2.4
      vertex 11.4763 70.9699 2.9
      vertex 11.15 70.7519 2.9
    endloop
  endfacet
  facet normal 0.555523 -0.831501 0
    outer loop
      vertex 11.4763 70.9699 2.9
      vertex 11.15 70.7519 2.4
      vertex 11.4763 70.9699 2.4
    endloop
  endfacet
  facet normal 0.19494 0.980815 -0
    outer loop
      vertex 10.4265 76.2478 2.4
      vertex 10.0416 76.3243 2.9
      vertex 10.4265 76.2478 2.9
    endloop
  endfacet
  facet normal 0.19494 0.980815 0
    outer loop
      vertex 10.0416 76.3243 2.9
      vertex 10.4265 76.2478 2.4
      vertex 10.0416 76.3243 2.4
    endloop
  endfacet
  facet normal 0.751724 0.659478 0
    outer loop
      vertex 12.0301 75.1763 2.9
      vertex 11.7713 75.4713 2.4
      vertex 11.7713 75.4713 2.9
    endloop
  endfacet
  facet normal 0.751724 0.659478 0
    outer loop
      vertex 11.7713 75.4713 2.4
      vertex 12.0301 75.1763 2.9
      vertex 12.0301 75.1763 2.4
    endloop
  endfacet
  facet normal 0.0654873 0.997853 -0
    outer loop
      vertex 10.0416 76.3243 2.4
      vertex 9.65 76.35 2.9
      vertex 10.0416 76.3243 2.9
    endloop
  endfacet
  facet normal 0.0654873 0.997853 0
    outer loop
      vertex 9.65 76.35 2.9
      vertex 10.0416 76.3243 2.4
      vertex 9.65 76.35 2.4
    endloop
  endfacet
  facet normal -0.946905 0.321514 0
    outer loop
      vertex 6.75222 74.1265 2.4
      vertex 6.87836 74.498 2.9
      vertex 6.87836 74.498 2.4
    endloop
  endfacet
  facet normal -0.946905 0.321514 0
    outer loop
      vertex 6.87836 74.498 2.9
      vertex 6.75222 74.1265 2.4
      vertex 6.75222 74.1265 2.9
    endloop
  endfacet
  facet normal -0.751799 0.659392 0
    outer loop
      vertex 7.26994 75.1763 2.4
      vertex 7.52868 75.4713 2.9
      vertex 7.52868 75.4713 2.4
    endloop
  endfacet
  facet normal -0.751799 0.659392 0
    outer loop
      vertex 7.52868 75.4713 2.9
      vertex 7.26994 75.1763 2.4
      vertex 7.26994 75.1763 2.9
    endloop
  endfacet
  facet normal -0.659428 -0.751768 0
    outer loop
      vertex 7.52868 71.2287 2.4
      vertex 7.82372 70.9699 2.9
      vertex 7.52868 71.2287 2.9
    endloop
  endfacet
  facet normal -0.659428 -0.751768 -0
    outer loop
      vertex 7.82372 70.9699 2.9
      vertex 7.52868 71.2287 2.4
      vertex 7.82372 70.9699 2.4
    endloop
  endfacet
  facet normal -0.99786 -0.0653858 0
    outer loop
      vertex 6.67566 72.9584 2.4
      vertex 6.65 73.35 2.9
      vertex 6.65 73.35 2.4
    endloop
  endfacet
  facet normal -0.99786 -0.0653858 0
    outer loop
      vertex 6.65 73.35 2.9
      vertex 6.67566 72.9584 2.4
      vertex 6.67566 72.9584 2.9
    endloop
  endfacet
  facet normal -0.751799 -0.659392 0
    outer loop
      vertex 7.52868 71.2287 2.4
      vertex 7.26994 71.5237 2.9
      vertex 7.26994 71.5237 2.4
    endloop
  endfacet
  facet normal -0.751799 -0.659392 0
    outer loop
      vertex 7.26994 71.5237 2.9
      vertex 7.52868 71.2287 2.4
      vertex 7.52868 71.2287 2.9
    endloop
  endfacet
  facet normal 0.896961 -0.44211 0
    outer loop
      vertex 12.2481 71.85 2.9
      vertex 12.4216 72.202 2.4
      vertex 12.4216 72.202 2.9
    endloop
  endfacet
  facet normal 0.896961 -0.44211 0
    outer loop
      vertex 12.4216 72.202 2.4
      vertex 12.2481 71.85 2.9
      vertex 12.2481 71.85 2.4
    endloop
  endfacet
  facet normal 0.44211 0.896961 -0
    outer loop
      vertex 11.15 75.9481 2.4
      vertex 10.798 76.1216 2.9
      vertex 11.15 75.9481 2.9
    endloop
  endfacet
  facet normal 0.44211 0.896961 0
    outer loop
      vertex 10.798 76.1216 2.9
      vertex 11.15 75.9481 2.4
      vertex 10.798 76.1216 2.4
    endloop
  endfacet
  facet normal -0.8969 0.442233 0
    outer loop
      vertex 6.87836 74.498 2.4
      vertex 7.05192 74.85 2.9
      vertex 7.05192 74.85 2.4
    endloop
  endfacet
  facet normal -0.8969 0.442233 0
    outer loop
      vertex 7.05192 74.85 2.9
      vertex 6.87836 74.498 2.4
      vertex 6.87836 74.498 2.9
    endloop
  endfacet
  facet normal -0.19495 -0.980813 0
    outer loop
      vertex 8.87354 70.4522 2.4
      vertex 9.25842 70.3757 2.9
      vertex 8.87354 70.4522 2.9
    endloop
  endfacet
  facet normal -0.19495 -0.980813 -0
    outer loop
      vertex 9.25842 70.3757 2.9
      vertex 8.87354 70.4522 2.4
      vertex 9.25842 70.3757 2.4
    endloop
  endfacet
  facet normal -0.980786 -0.195087 0
    outer loop
      vertex 6.75222 72.5735 2.4
      vertex 6.67566 72.9584 2.9
      vertex 6.67566 72.9584 2.4
    endloop
  endfacet
  facet normal -0.980786 -0.195087 0
    outer loop
      vertex 6.67566 72.9584 2.9
      vertex 6.75222 72.5735 2.4
      vertex 6.75222 72.5735 2.9
    endloop
  endfacet
  facet normal 0.0654873 -0.997853 0
    outer loop
      vertex 9.65 70.35 2.4
      vertex 10.0416 70.3757 2.9
      vertex 9.65 70.35 2.9
    endloop
  endfacet
  facet normal 0.0654873 -0.997853 0
    outer loop
      vertex 10.0416 70.3757 2.9
      vertex 9.65 70.35 2.4
      vertex 10.0416 70.3757 2.4
    endloop
  endfacet
  facet normal -0.946905 -0.321514 0
    outer loop
      vertex 6.87836 72.202 2.4
      vertex 6.75222 72.5735 2.9
      vertex 6.75222 72.5735 2.4
    endloop
  endfacet
  facet normal -0.946905 -0.321514 0
    outer loop
      vertex 6.75222 72.5735 2.9
      vertex 6.87836 72.202 2.4
      vertex 6.87836 72.202 2.9
    endloop
  endfacet
  facet normal 0.831501 -0.555523 0
    outer loop
      vertex 12.0301 71.5237 2.9
      vertex 12.2481 71.85 2.4
      vertex 12.2481 71.85 2.9
    endloop
  endfacet
  facet normal 0.831501 -0.555523 0
    outer loop
      vertex 12.2481 71.85 2.4
      vertex 12.0301 71.5237 2.9
      vertex 12.0301 71.5237 2.4
    endloop
  endfacet
  facet normal -0.980786 0.195087 0
    outer loop
      vertex 6.67566 73.7416 2.4
      vertex 6.75222 74.1265 2.9
      vertex 6.75222 74.1265 2.4
    endloop
  endfacet
  facet normal -0.980786 0.195087 0
    outer loop
      vertex 6.75222 74.1265 2.9
      vertex 6.67566 73.7416 2.4
      vertex 6.67566 73.7416 2.9
    endloop
  endfacet
  facet normal -0.44216 0.896936 0
    outer loop
      vertex 8.50195 76.1216 2.4
      vertex 8.15 75.9481 2.9
      vertex 8.50195 76.1216 2.9
    endloop
  endfacet
  facet normal -0.44216 0.896936 0
    outer loop
      vertex 8.15 75.9481 2.9
      vertex 8.50195 76.1216 2.4
      vertex 8.15 75.9481 2.4
    endloop
  endfacet
  facet normal -0.321582 -0.946882 0
    outer loop
      vertex 8.50195 70.5784 2.4
      vertex 8.87354 70.4522 2.9
      vertex 8.50195 70.5784 2.9
    endloop
  endfacet
  facet normal -0.321582 -0.946882 -0
    outer loop
      vertex 8.87354 70.4522 2.9
      vertex 8.50195 70.5784 2.4
      vertex 8.87354 70.4522 2.4
    endloop
  endfacet
  facet normal -0.831477 -0.555558 0
    outer loop
      vertex 7.26994 71.5237 2.4
      vertex 7.05192 71.85 2.9
      vertex 7.05192 71.85 2.4
    endloop
  endfacet
  facet normal -0.831477 -0.555558 0
    outer loop
      vertex 7.05192 71.85 2.9
      vertex 7.26994 71.5237 2.4
      vertex 7.26994 71.5237 2.9
    endloop
  endfacet
  facet normal -0.831477 0.555558 0
    outer loop
      vertex 7.05192 74.85 2.4
      vertex 7.26994 75.1763 2.9
      vertex 7.26994 75.1763 2.4
    endloop
  endfacet
  facet normal -0.831477 0.555558 0
    outer loop
      vertex 7.26994 75.1763 2.9
      vertex 7.05192 74.85 2.4
      vertex 7.05192 74.85 2.9
    endloop
  endfacet
  facet normal 0 0 1
    outer loop
      vertex 12.6243 73.7416 2.9
      vertex 12.6243 72.9584 2.9
      vertex 12.65 73.35 2.9
    endloop
  endfacet
  facet normal 0 0 1
    outer loop
      vertex 12.5478 74.1265 2.9
      vertex 12.6243 72.9584 2.9
      vertex 12.6243 73.7416 2.9
    endloop
  endfacet
  facet normal 0 0 1
    outer loop
      vertex 12.5478 74.1265 2.9
      vertex 12.5478 72.5735 2.9
      vertex 12.6243 72.9584 2.9
    endloop
  endfacet
  facet normal 0 0 1
    outer loop
      vertex 12.4216 74.498 2.9
      vertex 12.5478 72.5735 2.9
      vertex 12.5478 74.1265 2.9
    endloop
  endfacet
  facet normal 0 0 1
    outer loop
      vertex 12.4216 74.498 2.9
      vertex 12.4216 72.202 2.9
      vertex 12.5478 72.5735 2.9
    endloop
  endfacet
  facet normal 0 0 1
    outer loop
      vertex 12.2481 74.85 2.9
      vertex 12.4216 72.202 2.9
      vertex 12.4216 74.498 2.9
    endloop
  endfacet
  facet normal 0 0 1
    outer loop
      vertex 12.2481 74.85 2.9
      vertex 12.2481 71.85 2.9
      vertex 12.4216 72.202 2.9
    endloop
  endfacet
  facet normal 0 0 1
    outer loop
      vertex 12.0301 75.1763 2.9
      vertex 12.2481 71.85 2.9
      vertex 12.2481 74.85 2.9
    endloop
  endfacet
  facet normal 0 0 1
    outer loop
      vertex 12.0301 75.1763 2.9
      vertex 12.0301 71.5237 2.9
      vertex 12.2481 71.85 2.9
    endloop
  endfacet
  facet normal 0 0 1
    outer loop
      vertex 11.7713 75.4713 2.9
      vertex 12.0301 71.5237 2.9
      vertex 12.0301 75.1763 2.9
    endloop
  endfacet
  facet normal 0 0 1
    outer loop
      vertex 11.7713 75.4713 2.9
      vertex 11.7713 71.2287 2.9
      vertex 12.0301 71.5237 2.9
    endloop
  endfacet
  facet normal 0 0 1
    outer loop
      vertex 11.4763 75.7301 2.9
      vertex 11.7713 71.2287 2.9
      vertex 11.7713 75.4713 2.9
    endloop
  endfacet
  facet normal 0 0 1
    outer loop
      vertex 11.4763 75.7301 2.9
      vertex 11.4763 70.9699 2.9
      vertex 11.7713 71.2287 2.9
    endloop
  endfacet
  facet normal 0 0 1
    outer loop
      vertex 11.15 75.9481 2.9
      vertex 11.4763 70.9699 2.9
      vertex 11.4763 75.7301 2.9
    endloop
  endfacet
  facet normal 0 0 1
    outer loop
      vertex 11.15 75.9481 2.9
      vertex 11.15 70.7519 2.9
      vertex 11.4763 70.9699 2.9
    endloop
  endfacet
  facet normal 0 0 1
    outer loop
      vertex 10.798 76.1216 2.9
      vertex 11.15 70.7519 2.9
      vertex 11.15 75.9481 2.9
    endloop
  endfacet
  facet normal 0 0 1
    outer loop
      vertex 10.798 76.1216 2.9
      vertex 10.798 70.5784 2.9
      vertex 11.15 70.7519 2.9
    endloop
  endfacet
  facet normal 0 0 1
    outer loop
      vertex 10.4265 76.2478 2.9
      vertex 10.798 70.5784 2.9
      vertex 10.798 76.1216 2.9
    endloop
  endfacet
  facet normal 0 0 1
    outer loop
      vertex 10.4265 76.2478 2.9
      vertex 10.4265 70.4522 2.9
      vertex 10.798 70.5784 2.9
    endloop
  endfacet
  facet normal 0 0 1
    outer loop
      vertex 10.0416 76.3243 2.9
      vertex 10.4265 70.4522 2.9
      vertex 10.4265 76.2478 2.9
    endloop
  endfacet
  facet normal 0 0 1
    outer loop
      vertex 10.0416 76.3243 2.9
      vertex 10.0416 70.3757 2.9
      vertex 10.4265 70.4522 2.9
    endloop
  endfacet
  facet normal 0 0 1
    outer loop
      vertex 9.65 76.35 2.9
      vertex 10.0416 70.3757 2.9
      vertex 10.0416 76.3243 2.9
    endloop
  endfacet
  facet normal 0 0 1
    outer loop
      vertex 9.65 76.35 2.9
      vertex 9.65 70.35 2.9
      vertex 10.0416 70.3757 2.9
    endloop
  endfacet
  facet normal -0 0 1
    outer loop
      vertex 9.25842 76.3243 2.9
      vertex 9.65 70.35 2.9
      vertex 9.65 76.35 2.9
    endloop
  endfacet
  facet normal 0 0 1
    outer loop
      vertex 9.25842 76.3243 2.9
      vertex 9.25842 70.3757 2.9
      vertex 9.65 70.35 2.9
    endloop
  endfacet
  facet normal -0 0 1
    outer loop
      vertex 8.87354 76.2478 2.9
      vertex 9.25842 70.3757 2.9
      vertex 9.25842 76.3243 2.9
    endloop
  endfacet
  facet normal 0 0 1
    outer loop
      vertex 8.87354 76.2478 2.9
      vertex 8.87354 70.4522 2.9
      vertex 9.25842 70.3757 2.9
    endloop
  endfacet
  facet normal -0 0 1
    outer loop
      vertex 8.50195 76.1216 2.9
      vertex 8.87354 70.4522 2.9
      vertex 8.87354 76.2478 2.9
    endloop
  endfacet
  facet normal 0 0 1
    outer loop
      vertex 8.50195 76.1216 2.9
      vertex 8.50195 70.5784 2.9
      vertex 8.87354 70.4522 2.9
    endloop
  endfacet
  facet normal -0 0 1
    outer loop
      vertex 8.15 75.9481 2.9
      vertex 8.50195 70.5784 2.9
      vertex 8.50195 76.1216 2.9
    endloop
  endfacet
  facet normal 0 0 1
    outer loop
      vertex 8.15 75.9481 2.9
      vertex 8.15 70.7519 2.9
      vertex 8.50195 70.5784 2.9
    endloop
  endfacet
  facet normal -0 0 1
    outer loop
      vertex 7.82372 75.7301 2.9
      vertex 8.15 70.7519 2.9
      vertex 8.15 75.9481 2.9
    endloop
  endfacet
  facet normal 0 0 1
    outer loop
      vertex 7.82372 75.7301 2.9
      vertex 7.82372 70.9699 2.9
      vertex 8.15 70.7519 2.9
    endloop
  endfacet
  facet normal -0 0 1
    outer loop
      vertex 7.52868 75.4713 2.9
      vertex 7.82372 70.9699 2.9
      vertex 7.82372 75.7301 2.9
    endloop
  endfacet
  facet normal 0 0 1
    outer loop
      vertex 7.52868 75.4713 2.9
      vertex 7.52868 71.2287 2.9
      vertex 7.82372 70.9699 2.9
    endloop
  endfacet
  facet normal -0 0 1
    outer loop
      vertex 7.26994 75.1763 2.9
      vertex 7.52868 71.2287 2.9
      vertex 7.52868 75.4713 2.9
    endloop
  endfacet
  facet normal 0 0 1
    outer loop
      vertex 7.26994 75.1763 2.9
      vertex 7.26994 71.5237 2.9
      vertex 7.52868 71.2287 2.9
    endloop
  endfacet
  facet normal -0 0 1
    outer loop
      vertex 7.05192 74.85 2.9
      vertex 7.26994 71.5237 2.9
      vertex 7.26994 75.1763 2.9
    endloop
  endfacet
  facet normal 0 0 1
    outer loop
      vertex 7.05192 74.85 2.9
      vertex 7.05192 71.85 2.9
      vertex 7.26994 71.5237 2.9
    endloop
  endfacet
  facet normal -0 0 1
    outer loop
      vertex 6.87836 74.498 2.9
      vertex 7.05192 71.85 2.9
      vertex 7.05192 74.85 2.9
    endloop
  endfacet
  facet normal 0 0 1
    outer loop
      vertex 6.87836 74.498 2.9
      vertex 6.87836 72.202 2.9
      vertex 7.05192 71.85 2.9
    endloop
  endfacet
  facet normal -0 0 1
    outer loop
      vertex 6.75222 74.1265 2.9
      vertex 6.87836 72.202 2.9
      vertex 6.87836 74.498 2.9
    endloop
  endfacet
  facet normal 0 0 1
    outer loop
      vertex 6.75222 74.1265 2.9
      vertex 6.75222 72.5735 2.9
      vertex 6.87836 72.202 2.9
    endloop
  endfacet
  facet normal -0 0 1
    outer loop
      vertex 6.67566 73.7416 2.9
      vertex 6.75222 72.5735 2.9
      vertex 6.75222 74.1265 2.9
    endloop
  endfacet
  facet normal 0 0 1
    outer loop
      vertex 6.67566 73.7416 2.9
      vertex 6.67566 72.9584 2.9
      vertex 6.75222 72.5735 2.9
    endloop
  endfacet
  facet normal 0 -0 1
    outer loop
      vertex 6.67566 72.9584 2.9
      vertex 6.67566 73.7416 2.9
      vertex 6.65 73.35 2.9
    endloop
  endfacet
  facet normal -0.8969 -0.442233 0
    outer loop
      vertex 7.05192 91.15 2.4
      vertex 6.87836 91.502 2.9
      vertex 6.87836 91.502 2.4
    endloop
  endfacet
  facet normal -0.8969 -0.442233 0
    outer loop
      vertex 6.87836 91.502 2.9
      vertex 7.05192 91.15 2.4
      vertex 7.05192 91.15 2.9
    endloop
  endfacet
  facet normal 0.44211 -0.896961 0
    outer loop
      vertex 10.798 89.8784 2.4
      vertex 11.15 90.0519 2.9
      vertex 10.798 89.8784 2.9
    endloop
  endfacet
  facet normal 0.44211 -0.896961 0
    outer loop
      vertex 11.15 90.0519 2.9
      vertex 10.798 89.8784 2.4
      vertex 11.15 90.0519 2.4
    endloop
  endfacet
  facet normal 0.980815 0.19494 0
    outer loop
      vertex 12.6243 93.0416 2.9
      vertex 12.5478 93.4265 2.4
      vertex 12.5478 93.4265 2.9
    endloop
  endfacet
  facet normal 0.980815 0.19494 0
    outer loop
      vertex 12.5478 93.4265 2.4
      vertex 12.6243 93.0416 2.9
      vertex 12.6243 93.0416 2.4
    endloop
  endfacet
  facet normal 0.997853 0.0654873 0
    outer loop
      vertex 12.65 92.65 2.9
      vertex 12.6243 93.0416 2.4
      vertex 12.6243 93.0416 2.9
    endloop
  endfacet
  facet normal 0.997853 0.0654873 0
    outer loop
      vertex 12.6243 93.0416 2.4
      vertex 12.65 92.65 2.9
      vertex 12.65 92.65 2.4
    endloop
  endfacet
  facet normal 0.751724 -0.659478 0
    outer loop
      vertex 11.7713 90.5287 2.9
      vertex 12.0301 90.8237 2.4
      vertex 12.0301 90.8237 2.9
    endloop
  endfacet
  facet normal 0.751724 -0.659478 0
    outer loop
      vertex 12.0301 90.8237 2.4
      vertex 11.7713 90.5287 2.9
      vertex 11.7713 90.5287 2.4
    endloop
  endfacet
  facet normal 0.321651 0.946858 -0
    outer loop
      vertex 10.798 95.4216 2.4
      vertex 10.4265 95.5478 2.9
      vertex 10.798 95.4216 2.9
    endloop
  endfacet
  facet normal 0.321651 0.946858 0
    outer loop
      vertex 10.4265 95.5478 2.9
      vertex 10.798 95.4216 2.4
      vertex 10.4265 95.5478 2.4
    endloop
  endfacet
  facet normal 0.321651 -0.946858 0
    outer loop
      vertex 10.4265 89.7522 2.4
      vertex 10.798 89.8784 2.9
      vertex 10.4265 89.7522 2.9
    endloop
  endfacet
  facet normal 0.321651 -0.946858 0
    outer loop
      vertex 10.798 89.8784 2.9
      vertex 10.4265 89.7522 2.4
      vertex 10.798 89.8784 2.4
    endloop
  endfacet
  facet normal -0.555547 0.831485 0
    outer loop
      vertex 8.15 95.2481 2.4
      vertex 7.82372 95.0301 2.9
      vertex 8.15 95.2481 2.9
    endloop
  endfacet
  facet normal -0.555547 0.831485 0
    outer loop
      vertex 7.82372 95.0301 2.9
      vertex 8.15 95.2481 2.4
      vertex 7.82372 95.0301 2.4
    endloop
  endfacet
  facet normal -0.99786 0.0653858 0
    outer loop
      vertex 6.65 92.65 2.4
      vertex 6.67566 93.0416 2.9
      vertex 6.67566 93.0416 2.4
    endloop
  endfacet
  facet normal -0.99786 0.0653858 0
    outer loop
      vertex 6.67566 93.0416 2.9
      vertex 6.65 92.65 2.4
      vertex 6.65 92.65 2.9
    endloop
  endfacet
  facet normal 0.946858 -0.321651 0
    outer loop
      vertex 12.4216 91.502 2.9
      vertex 12.5478 91.8735 2.4
      vertex 12.5478 91.8735 2.9
    endloop
  endfacet
  facet normal 0.946858 -0.321651 0
    outer loop
      vertex 12.5478 91.8735 2.4
      vertex 12.4216 91.502 2.9
      vertex 12.4216 91.502 2.4
    endloop
  endfacet
  facet normal 0.946858 0.321651 0
    outer loop
      vertex 12.5478 93.4265 2.9
      vertex 12.4216 93.798 2.4
      vertex 12.4216 93.798 2.9
    endloop
  endfacet
  facet normal 0.946858 0.321651 0
    outer loop
      vertex 12.4216 93.798 2.4
      vertex 12.5478 93.4265 2.9
      vertex 12.5478 93.4265 2.4
    endloop
  endfacet
  facet normal -0.555547 -0.831485 0
    outer loop
      vertex 7.82372 90.2699 2.4
      vertex 8.15 90.0519 2.9
      vertex 7.82372 90.2699 2.9
    endloop
  endfacet
  facet normal -0.555547 -0.831485 -0
    outer loop
      vertex 8.15 90.0519 2.9
      vertex 7.82372 90.2699 2.4
      vertex 8.15 90.0519 2.4
    endloop
  endfacet
  facet normal -0.659428 0.751768 0
    outer loop
      vertex 7.82372 95.0301 2.4
      vertex 7.52868 94.7713 2.9
      vertex 7.82372 95.0301 2.9
    endloop
  endfacet
  facet normal -0.659428 0.751768 0
    outer loop
      vertex 7.52868 94.7713 2.9
      vertex 7.82372 95.0301 2.4
      vertex 7.52868 94.7713 2.4
    endloop
  endfacet
  facet normal 0.831501 0.555523 0
    outer loop
      vertex 12.2481 94.15 2.9
      vertex 12.0301 94.4763 2.4
      vertex 12.0301 94.4763 2.9
    endloop
  endfacet
  facet normal 0.831501 0.555523 0
    outer loop
      vertex 12.0301 94.4763 2.4
      vertex 12.2481 94.15 2.9
      vertex 12.2481 94.15 2.4
    endloop
  endfacet
  facet normal 0.19494 -0.980815 0
    outer loop
      vertex 10.0416 89.6757 2.4
      vertex 10.4265 89.7522 2.9
      vertex 10.0416 89.6757 2.9
    endloop
  endfacet
  facet normal 0.19494 -0.980815 0
    outer loop
      vertex 10.4265 89.7522 2.9
      vertex 10.0416 89.6757 2.4
      vertex 10.4265 89.7522 2.4
    endloop
  endfacet
  facet normal -0.19495 0.980813 0
    outer loop
      vertex 9.25842 95.6243 2.4
      vertex 8.87354 95.5478 2.9
      vertex 9.25842 95.6243 2.9
    endloop
  endfacet
  facet normal -0.19495 0.980813 0
    outer loop
      vertex 8.87354 95.5478 2.9
      vertex 9.25842 95.6243 2.4
      vertex 8.87354 95.5478 2.4
    endloop
  endfacet
  facet normal -0.321582 0.946882 0
    outer loop
      vertex 8.87354 95.5478 2.4
      vertex 8.50195 95.4216 2.9
      vertex 8.87354 95.5478 2.9
    endloop
  endfacet
  facet normal -0.321582 0.946882 0
    outer loop
      vertex 8.50195 95.4216 2.9
      vertex 8.87354 95.5478 2.4
      vertex 8.50195 95.4216 2.4
    endloop
  endfacet
  facet normal -0.44216 -0.896936 0
    outer loop
      vertex 8.15 90.0519 2.4
      vertex 8.50195 89.8784 2.9
      vertex 8.15 90.0519 2.9
    endloop
  endfacet
  facet normal -0.44216 -0.896936 -0
    outer loop
      vertex 8.50195 89.8784 2.9
      vertex 8.15 90.0519 2.4
      vertex 8.50195 89.8784 2.4
    endloop
  endfacet
  facet normal 0.896961 0.44211 0
    outer loop
      vertex 12.4216 93.798 2.9
      vertex 12.2481 94.15 2.4
      vertex 12.2481 94.15 2.9
    endloop
  endfacet
  facet normal 0.896961 0.44211 0
    outer loop
      vertex 12.2481 94.15 2.4
      vertex 12.4216 93.798 2.9
      vertex 12.4216 93.798 2.4
    endloop
  endfacet
  facet normal 0.659478 -0.751724 0
    outer loop
      vertex 11.4763 90.2699 2.4
      vertex 11.7713 90.5287 2.9
      vertex 11.4763 90.2699 2.9
    endloop
  endfacet
  facet normal 0.659478 -0.751724 0
    outer loop
      vertex 11.7713 90.5287 2.9
      vertex 11.4763 90.2699 2.4
      vertex 11.7713 90.5287 2.4
    endloop
  endfacet
  facet normal -0.0654906 0.997853 0
    outer loop
      vertex 9.65 95.65 2.4
      vertex 9.25842 95.6243 2.9
      vertex 9.65 95.65 2.9
    endloop
  endfacet
  facet normal -0.0654906 0.997853 0
    outer loop
      vertex 9.25842 95.6243 2.9
      vertex 9.65 95.65 2.4
      vertex 9.25842 95.6243 2.4
    endloop
  endfacet
  facet normal 0.555523 0.831501 -0
    outer loop
      vertex 11.4763 95.0301 2.4
      vertex 11.15 95.2481 2.9
      vertex 11.4763 95.0301 2.9
    endloop
  endfacet
  facet normal 0.555523 0.831501 0
    outer loop
      vertex 11.15 95.2481 2.9
      vertex 11.4763 95.0301 2.4
      vertex 11.15 95.2481 2.4
    endloop
  endfacet
  facet normal 0.659478 0.751724 -0
    outer loop
      vertex 11.7713 94.7713 2.4
      vertex 11.4763 95.0301 2.9
      vertex 11.7713 94.7713 2.9
    endloop
  endfacet
  facet normal 0.659478 0.751724 0
    outer loop
      vertex 11.4763 95.0301 2.9
      vertex 11.7713 94.7713 2.4
      vertex 11.4763 95.0301 2.4
    endloop
  endfacet
  facet normal -0.0654906 -0.997853 0
    outer loop
      vertex 9.25842 89.6757 2.4
      vertex 9.65 89.65 2.9
      vertex 9.25842 89.6757 2.9
    endloop
  endfacet
  facet normal -0.0654906 -0.997853 -0
    outer loop
      vertex 9.65 89.65 2.9
      vertex 9.25842 89.6757 2.4
      vertex 9.65 89.65 2.4
    endloop
  endfacet
  facet normal 0.997853 -0.0654873 0
    outer loop
      vertex 12.6243 92.2584 2.9
      vertex 12.65 92.65 2.4
      vertex 12.65 92.65 2.9
    endloop
  endfacet
  facet normal 0.997853 -0.0654873 0
    outer loop
      vertex 12.65 92.65 2.4
      vertex 12.6243 92.2584 2.9
      vertex 12.6243 92.2584 2.4
    endloop
  endfacet
  facet normal 0.980815 -0.19494 0
    outer loop
      vertex 12.5478 91.8735 2.9
      vertex 12.6243 92.2584 2.4
      vertex 12.6243 92.2584 2.9
    endloop
  endfacet
  facet normal 0.980815 -0.19494 0
    outer loop
      vertex 12.6243 92.2584 2.4
      vertex 12.5478 91.8735 2.9
      vertex 12.5478 91.8735 2.4
    endloop
  endfacet
  facet normal 0.555523 -0.831501 0
    outer loop
      vertex 11.15 90.0519 2.4
      vertex 11.4763 90.2699 2.9
      vertex 11.15 90.0519 2.9
    endloop
  endfacet
  facet normal 0.555523 -0.831501 0
    outer loop
      vertex 11.4763 90.2699 2.9
      vertex 11.15 90.0519 2.4
      vertex 11.4763 90.2699 2.4
    endloop
  endfacet
  facet normal 0.19494 0.980815 -0
    outer loop
      vertex 10.4265 95.5478 2.4
      vertex 10.0416 95.6243 2.9
      vertex 10.4265 95.5478 2.9
    endloop
  endfacet
  facet normal 0.19494 0.980815 0
    outer loop
      vertex 10.0416 95.6243 2.9
      vertex 10.4265 95.5478 2.4
      vertex 10.0416 95.6243 2.4
    endloop
  endfacet
  facet normal 0.751724 0.659478 0
    outer loop
      vertex 12.0301 94.4763 2.9
      vertex 11.7713 94.7713 2.4
      vertex 11.7713 94.7713 2.9
    endloop
  endfacet
  facet normal 0.751724 0.659478 0
    outer loop
      vertex 11.7713 94.7713 2.4
      vertex 12.0301 94.4763 2.9
      vertex 12.0301 94.4763 2.4
    endloop
  endfacet
  facet normal 0.0654873 0.997853 -0
    outer loop
      vertex 10.0416 95.6243 2.4
      vertex 9.65 95.65 2.9
      vertex 10.0416 95.6243 2.9
    endloop
  endfacet
  facet normal 0.0654873 0.997853 0
    outer loop
      vertex 9.65 95.65 2.9
      vertex 10.0416 95.6243 2.4
      vertex 9.65 95.65 2.4
    endloop
  endfacet
  facet normal -0.946905 0.321514 0
    outer loop
      vertex 6.75222 93.4265 2.4
      vertex 6.87836 93.798 2.9
      vertex 6.87836 93.798 2.4
    endloop
  endfacet
  facet normal -0.946905 0.321514 0
    outer loop
      vertex 6.87836 93.798 2.9
      vertex 6.75222 93.4265 2.4
      vertex 6.75222 93.4265 2.9
    endloop
  endfacet
  facet normal 0.44211 0.896961 -0
    outer loop
      vertex 11.15 95.2481 2.4
      vertex 10.798 95.4216 2.9
      vertex 11.15 95.2481 2.9
    endloop
  endfacet
  facet normal 0.44211 0.896961 0
    outer loop
      vertex 10.798 95.4216 2.9
      vertex 11.15 95.2481 2.4
      vertex 10.798 95.4216 2.4
    endloop
  endfacet
  facet normal -0.751799 0.659392 0
    outer loop
      vertex 7.26994 94.4763 2.4
      vertex 7.52868 94.7713 2.9
      vertex 7.52868 94.7713 2.4
    endloop
  endfacet
  facet normal -0.751799 0.659392 0
    outer loop
      vertex 7.52868 94.7713 2.9
      vertex 7.26994 94.4763 2.4
      vertex 7.26994 94.4763 2.9
    endloop
  endfacet
  facet normal -0.659428 -0.751768 0
    outer loop
      vertex 7.52868 90.5287 2.4
      vertex 7.82372 90.2699 2.9
      vertex 7.52868 90.5287 2.9
    endloop
  endfacet
  facet normal -0.659428 -0.751768 -0
    outer loop
      vertex 7.82372 90.2699 2.9
      vertex 7.52868 90.5287 2.4
      vertex 7.82372 90.2699 2.4
    endloop
  endfacet
  facet normal -0.99786 -0.0653858 0
    outer loop
      vertex 6.67566 92.2584 2.4
      vertex 6.65 92.65 2.9
      vertex 6.65 92.65 2.4
    endloop
  endfacet
  facet normal -0.99786 -0.0653858 0
    outer loop
      vertex 6.65 92.65 2.9
      vertex 6.67566 92.2584 2.4
      vertex 6.67566 92.2584 2.9
    endloop
  endfacet
  facet normal -0.751799 -0.659392 0
    outer loop
      vertex 7.52868 90.5287 2.4
      vertex 7.26994 90.8237 2.9
      vertex 7.26994 90.8237 2.4
    endloop
  endfacet
  facet normal -0.751799 -0.659392 0
    outer loop
      vertex 7.26994 90.8237 2.9
      vertex 7.52868 90.5287 2.4
      vertex 7.52868 90.5287 2.9
    endloop
  endfacet
  facet normal 0.896961 -0.44211 0
    outer loop
      vertex 12.2481 91.15 2.9
      vertex 12.4216 91.502 2.4
      vertex 12.4216 91.502 2.9
    endloop
  endfacet
  facet normal 0.896961 -0.44211 0
    outer loop
      vertex 12.4216 91.502 2.4
      vertex 12.2481 91.15 2.9
      vertex 12.2481 91.15 2.4
    endloop
  endfacet
  facet normal -0.8969 0.442233 0
    outer loop
      vertex 6.87836 93.798 2.4
      vertex 7.05192 94.15 2.9
      vertex 7.05192 94.15 2.4
    endloop
  endfacet
  facet normal -0.8969 0.442233 0
    outer loop
      vertex 7.05192 94.15 2.9
      vertex 6.87836 93.798 2.4
      vertex 6.87836 93.798 2.9
    endloop
  endfacet
  facet normal -0.19495 -0.980813 0
    outer loop
      vertex 8.87354 89.7522 2.4
      vertex 9.25842 89.6757 2.9
      vertex 8.87354 89.7522 2.9
    endloop
  endfacet
  facet normal -0.19495 -0.980813 -0
    outer loop
      vertex 9.25842 89.6757 2.9
      vertex 8.87354 89.7522 2.4
      vertex 9.25842 89.6757 2.4
    endloop
  endfacet
  facet normal -0.980786 -0.195087 0
    outer loop
      vertex 6.75222 91.8735 2.4
      vertex 6.67566 92.2584 2.9
      vertex 6.67566 92.2584 2.4
    endloop
  endfacet
  facet normal -0.980786 -0.195087 0
    outer loop
      vertex 6.67566 92.2584 2.9
      vertex 6.75222 91.8735 2.4
      vertex 6.75222 91.8735 2.9
    endloop
  endfacet
  facet normal 0.0654873 -0.997853 0
    outer loop
      vertex 9.65 89.65 2.4
      vertex 10.0416 89.6757 2.9
      vertex 9.65 89.65 2.9
    endloop
  endfacet
  facet normal 0.0654873 -0.997853 0
    outer loop
      vertex 10.0416 89.6757 2.9
      vertex 9.65 89.65 2.4
      vertex 10.0416 89.6757 2.4
    endloop
  endfacet
  facet normal -0.946905 -0.321514 0
    outer loop
      vertex 6.87836 91.502 2.4
      vertex 6.75222 91.8735 2.9
      vertex 6.75222 91.8735 2.4
    endloop
  endfacet
  facet normal -0.946905 -0.321514 0
    outer loop
      vertex 6.75222 91.8735 2.9
      vertex 6.87836 91.502 2.4
      vertex 6.87836 91.502 2.9
    endloop
  endfacet
  facet normal 0.831501 -0.555523 0
    outer loop
      vertex 12.0301 90.8237 2.9
      vertex 12.2481 91.15 2.4
      vertex 12.2481 91.15 2.9
    endloop
  endfacet
  facet normal 0.831501 -0.555523 0
    outer loop
      vertex 12.2481 91.15 2.4
      vertex 12.0301 90.8237 2.9
      vertex 12.0301 90.8237 2.4
    endloop
  endfacet
  facet normal -0.980786 0.195087 0
    outer loop
      vertex 6.67566 93.0416 2.4
      vertex 6.75222 93.4265 2.9
      vertex 6.75222 93.4265 2.4
    endloop
  endfacet
  facet normal -0.980786 0.195087 0
    outer loop
      vertex 6.75222 93.4265 2.9
      vertex 6.67566 93.0416 2.4
      vertex 6.67566 93.0416 2.9
    endloop
  endfacet
  facet normal -0.44216 0.896936 0
    outer loop
      vertex 8.50195 95.4216 2.4
      vertex 8.15 95.2481 2.9
      vertex 8.50195 95.4216 2.9
    endloop
  endfacet
  facet normal -0.44216 0.896936 0
    outer loop
      vertex 8.15 95.2481 2.9
      vertex 8.50195 95.4216 2.4
      vertex 8.15 95.2481 2.4
    endloop
  endfacet
  facet normal -0.321582 -0.946882 0
    outer loop
      vertex 8.50195 89.8784 2.4
      vertex 8.87354 89.7522 2.9
      vertex 8.50195 89.8784 2.9
    endloop
  endfacet
  facet normal -0.321582 -0.946882 -0
    outer loop
      vertex 8.87354 89.7522 2.9
      vertex 8.50195 89.8784 2.4
      vertex 8.87354 89.7522 2.4
    endloop
  endfacet
  facet normal -0.831477 -0.555558 0
    outer loop
      vertex 7.26994 90.8237 2.4
      vertex 7.05192 91.15 2.9
      vertex 7.05192 91.15 2.4
    endloop
  endfacet
  facet normal -0.831477 -0.555558 0
    outer loop
      vertex 7.05192 91.15 2.9
      vertex 7.26994 90.8237 2.4
      vertex 7.26994 90.8237 2.9
    endloop
  endfacet
  facet normal -0.831477 0.555558 0
    outer loop
      vertex 7.05192 94.15 2.4
      vertex 7.26994 94.4763 2.9
      vertex 7.26994 94.4763 2.4
    endloop
  endfacet
  facet normal -0.831477 0.555558 0
    outer loop
      vertex 7.26994 94.4763 2.9
      vertex 7.05192 94.15 2.4
      vertex 7.05192 94.15 2.9
    endloop
  endfacet
  facet normal 0 0 1
    outer loop
      vertex 12.6243 93.0416 2.9
      vertex 12.6243 92.2584 2.9
      vertex 12.65 92.65 2.9
    endloop
  endfacet
  facet normal 0 0 1
    outer loop
      vertex 12.5478 93.4265 2.9
      vertex 12.6243 92.2584 2.9
      vertex 12.6243 93.0416 2.9
    endloop
  endfacet
  facet normal 0 0 1
    outer loop
      vertex 12.5478 93.4265 2.9
      vertex 12.5478 91.8735 2.9
      vertex 12.6243 92.2584 2.9
    endloop
  endfacet
  facet normal 0 0 1
    outer loop
      vertex 12.4216 93.798 2.9
      vertex 12.5478 91.8735 2.9
      vertex 12.5478 93.4265 2.9
    endloop
  endfacet
  facet normal 0 0 1
    outer loop
      vertex 12.4216 93.798 2.9
      vertex 12.4216 91.502 2.9
      vertex 12.5478 91.8735 2.9
    endloop
  endfacet
  facet normal 0 0 1
    outer loop
      vertex 12.2481 94.15 2.9
      vertex 12.4216 91.502 2.9
      vertex 12.4216 93.798 2.9
    endloop
  endfacet
  facet normal 0 0 1
    outer loop
      vertex 12.2481 94.15 2.9
      vertex 12.2481 91.15 2.9
      vertex 12.4216 91.502 2.9
    endloop
  endfacet
  facet normal 0 0 1
    outer loop
      vertex 12.0301 94.4763 2.9
      vertex 12.2481 91.15 2.9
      vertex 12.2481 94.15 2.9
    endloop
  endfacet
  facet normal 0 0 1
    outer loop
      vertex 12.0301 94.4763 2.9
      vertex 12.0301 90.8237 2.9
      vertex 12.2481 91.15 2.9
    endloop
  endfacet
  facet normal 0 0 1
    outer loop
      vertex 11.7713 94.7713 2.9
      vertex 12.0301 90.8237 2.9
      vertex 12.0301 94.4763 2.9
    endloop
  endfacet
  facet normal 0 0 1
    outer loop
      vertex 11.7713 94.7713 2.9
      vertex 11.7713 90.5287 2.9
      vertex 12.0301 90.8237 2.9
    endloop
  endfacet
  facet normal 0 0 1
    outer loop
      vertex 11.4763 95.0301 2.9
      vertex 11.7713 90.5287 2.9
      vertex 11.7713 94.7713 2.9
    endloop
  endfacet
  facet normal 0 0 1
    outer loop
      vertex 11.4763 95.0301 2.9
      vertex 11.4763 90.2699 2.9
      vertex 11.7713 90.5287 2.9
    endloop
  endfacet
  facet normal 0 0 1
    outer loop
      vertex 11.15 95.2481 2.9
      vertex 11.4763 90.2699 2.9
      vertex 11.4763 95.0301 2.9
    endloop
  endfacet
  facet normal 0 0 1
    outer loop
      vertex 11.15 95.2481 2.9
      vertex 11.15 90.0519 2.9
      vertex 11.4763 90.2699 2.9
    endloop
  endfacet
  facet normal 0 0 1
    outer loop
      vertex 10.798 95.4216 2.9
      vertex 11.15 90.0519 2.9
      vertex 11.15 95.2481 2.9
    endloop
  endfacet
  facet normal 0 0 1
    outer loop
      vertex 10.798 95.4216 2.9
      vertex 10.798 89.8784 2.9
      vertex 11.15 90.0519 2.9
    endloop
  endfacet
  facet normal 0 0 1
    outer loop
      vertex 10.4265 95.5478 2.9
      vertex 10.798 89.8784 2.9
      vertex 10.798 95.4216 2.9
    endloop
  endfacet
  facet normal 0 0 1
    outer loop
      vertex 10.4265 95.5478 2.9
      vertex 10.4265 89.7522 2.9
      vertex 10.798 89.8784 2.9
    endloop
  endfacet
  facet normal 0 0 1
    outer loop
      vertex 10.0416 95.6243 2.9
      vertex 10.4265 89.7522 2.9
      vertex 10.4265 95.5478 2.9
    endloop
  endfacet
  facet normal 0 0 1
    outer loop
      vertex 10.0416 95.6243 2.9
      vertex 10.0416 89.6757 2.9
      vertex 10.4265 89.7522 2.9
    endloop
  endfacet
  facet normal 0 0 1
    outer loop
      vertex 9.65 95.65 2.9
      vertex 10.0416 89.6757 2.9
      vertex 10.0416 95.6243 2.9
    endloop
  endfacet
  facet normal 0 0 1
    outer loop
      vertex 9.65 95.65 2.9
      vertex 9.65 89.65 2.9
      vertex 10.0416 89.6757 2.9
    endloop
  endfacet
  facet normal -0 0 1
    outer loop
      vertex 9.25842 95.6243 2.9
      vertex 9.65 89.65 2.9
      vertex 9.65 95.65 2.9
    endloop
  endfacet
  facet normal 0 0 1
    outer loop
      vertex 9.25842 95.6243 2.9
      vertex 9.25842 89.6757 2.9
      vertex 9.65 89.65 2.9
    endloop
  endfacet
  facet normal -0 0 1
    outer loop
      vertex 8.87354 95.5478 2.9
      vertex 9.25842 89.6757 2.9
      vertex 9.25842 95.6243 2.9
    endloop
  endfacet
  facet normal 0 0 1
    outer loop
      vertex 8.87354 95.5478 2.9
      vertex 8.87354 89.7522 2.9
      vertex 9.25842 89.6757 2.9
    endloop
  endfacet
  facet normal -0 0 1
    outer loop
      vertex 8.50195 95.4216 2.9
      vertex 8.87354 89.7522 2.9
      vertex 8.87354 95.5478 2.9
    endloop
  endfacet
  facet normal 0 0 1
    outer loop
      vertex 8.50195 95.4216 2.9
      vertex 8.50195 89.8784 2.9
      vertex 8.87354 89.7522 2.9
    endloop
  endfacet
  facet normal -0 0 1
    outer loop
      vertex 8.15 95.2481 2.9
      vertex 8.50195 89.8784 2.9
      vertex 8.50195 95.4216 2.9
    endloop
  endfacet
  facet normal 0 0 1
    outer loop
      vertex 8.15 95.2481 2.9
      vertex 8.15 90.0519 2.9
      vertex 8.50195 89.8784 2.9
    endloop
  endfacet
  facet normal -0 0 1
    outer loop
      vertex 7.82372 95.0301 2.9
      vertex 8.15 90.0519 2.9
      vertex 8.15 95.2481 2.9
    endloop
  endfacet
  facet normal 0 0 1
    outer loop
      vertex 7.82372 95.0301 2.9
      vertex 7.82372 90.2699 2.9
      vertex 8.15 90.0519 2.9
    endloop
  endfacet
  facet normal -0 0 1
    outer loop
      vertex 7.52868 94.7713 2.9
      vertex 7.82372 90.2699 2.9
      vertex 7.82372 95.0301 2.9
    endloop
  endfacet
  facet normal 0 0 1
    outer loop
      vertex 7.52868 94.7713 2.9
      vertex 7.52868 90.5287 2.9
      vertex 7.82372 90.2699 2.9
    endloop
  endfacet
  facet normal -0 0 1
    outer loop
      vertex 7.26994 94.4763 2.9
      vertex 7.52868 90.5287 2.9
      vertex 7.52868 94.7713 2.9
    endloop
  endfacet
  facet normal 0 0 1
    outer loop
      vertex 7.26994 94.4763 2.9
      vertex 7.26994 90.8237 2.9
      vertex 7.52868 90.5287 2.9
    endloop
  endfacet
  facet normal -0 0 1
    outer loop
      vertex 7.05192 94.15 2.9
      vertex 7.26994 90.8237 2.9
      vertex 7.26994 94.4763 2.9
    endloop
  endfacet
  facet normal 0 0 1
    outer loop
      vertex 7.05192 94.15 2.9
      vertex 7.05192 91.15 2.9
      vertex 7.26994 90.8237 2.9
    endloop
  endfacet
  facet normal -0 0 1
    outer loop
      vertex 6.87836 93.798 2.9
      vertex 7.05192 91.15 2.9
      vertex 7.05192 94.15 2.9
    endloop
  endfacet
  facet normal 0 0 1
    outer loop
      vertex 6.87836 93.798 2.9
      vertex 6.87836 91.502 2.9
      vertex 7.05192 91.15 2.9
    endloop
  endfacet
  facet normal -0 0 1
    outer loop
      vertex 6.75222 93.4265 2.9
      vertex 6.87836 91.502 2.9
      vertex 6.87836 93.798 2.9
    endloop
  endfacet
  facet normal 0 0 1
    outer loop
      vertex 6.75222 93.4265 2.9
      vertex 6.75222 91.8735 2.9
      vertex 6.87836 91.502 2.9
    endloop
  endfacet
  facet normal -0 0 1
    outer loop
      vertex 6.67566 93.0416 2.9
      vertex 6.75222 91.8735 2.9
      vertex 6.75222 93.4265 2.9
    endloop
  endfacet
  facet normal 0 0 1
    outer loop
      vertex 6.67566 93.0416 2.9
      vertex 6.67566 92.2584 2.9
      vertex 6.75222 91.8735 2.9
    endloop
  endfacet
  facet normal 0 -0 1
    outer loop
      vertex 6.67566 92.2584 2.9
      vertex 6.67566 93.0416 2.9
      vertex 6.65 92.65 2.9
    endloop
  endfacet
  facet normal -0.896961 -0.44211 0
    outer loop
      vertex 32.0519 71.85 2.4
      vertex 31.8784 72.202 2.9
      vertex 31.8784 72.202 2.4
    endloop
  endfacet
  facet normal -0.896961 -0.44211 0
    outer loop
      vertex 31.8784 72.202 2.9
      vertex 32.0519 71.85 2.4
      vertex 32.0519 71.85 2.9
    endloop
  endfacet
  facet normal 0.980815 0.19494 0
    outer loop
      vertex 37.6243 73.7416 2.9
      vertex 37.5478 74.1265 2.4
      vertex 37.5478 74.1265 2.9
    endloop
  endfacet
  facet normal 0.980815 0.19494 0
    outer loop
      vertex 37.5478 74.1265 2.4
      vertex 37.6243 73.7416 2.9
      vertex 37.6243 73.7416 2.4
    endloop
  endfacet
  facet normal 0.997853 0.0654873 0
    outer loop
      vertex 37.65 73.35 2.9
      vertex 37.6243 73.7416 2.4
      vertex 37.6243 73.7416 2.9
    endloop
  endfacet
  facet normal 0.997853 0.0654873 0
    outer loop
      vertex 37.6243 73.7416 2.4
      vertex 37.65 73.35 2.9
      vertex 37.65 73.35 2.4
    endloop
  endfacet
  facet normal 0.751724 -0.659478 0
    outer loop
      vertex 36.7713 71.2287 2.9
      vertex 37.0301 71.5237 2.4
      vertex 37.0301 71.5237 2.9
    endloop
  endfacet
  facet normal 0.751724 -0.659478 0
    outer loop
      vertex 37.0301 71.5237 2.4
      vertex 36.7713 71.2287 2.9
      vertex 36.7713 71.2287 2.4
    endloop
  endfacet
  facet normal 0.321651 0.946858 -0
    outer loop
      vertex 35.798 76.1216 2.4
      vertex 35.4265 76.2478 2.9
      vertex 35.798 76.1216 2.9
    endloop
  endfacet
  facet normal 0.321651 0.946858 0
    outer loop
      vertex 35.4265 76.2478 2.9
      vertex 35.798 76.1216 2.4
      vertex 35.4265 76.2478 2.4
    endloop
  endfacet
  facet normal 0.321651 -0.946858 0
    outer loop
      vertex 35.4265 70.4522 2.4
      vertex 35.798 70.5784 2.9
      vertex 35.4265 70.4522 2.9
    endloop
  endfacet
  facet normal 0.321651 -0.946858 0
    outer loop
      vertex 35.798 70.5784 2.9
      vertex 35.4265 70.4522 2.4
      vertex 35.798 70.5784 2.4
    endloop
  endfacet
  facet normal -0.555523 0.831501 0
    outer loop
      vertex 33.15 75.9481 2.4
      vertex 32.8237 75.7301 2.9
      vertex 33.15 75.9481 2.9
    endloop
  endfacet
  facet normal -0.555523 0.831501 0
    outer loop
      vertex 32.8237 75.7301 2.9
      vertex 33.15 75.9481 2.4
      vertex 32.8237 75.7301 2.4
    endloop
  endfacet
  facet normal -0.997853 0.0654873 0
    outer loop
      vertex 31.65 73.35 2.4
      vertex 31.6757 73.7416 2.9
      vertex 31.6757 73.7416 2.4
    endloop
  endfacet
  facet normal -0.997853 0.0654873 0
    outer loop
      vertex 31.6757 73.7416 2.9
      vertex 31.65 73.35 2.4
      vertex 31.65 73.35 2.9
    endloop
  endfacet
  facet normal 0.946858 -0.321651 0
    outer loop
      vertex 37.4216 72.202 2.9
      vertex 37.5478 72.5735 2.4
      vertex 37.5478 72.5735 2.9
    endloop
  endfacet
  facet normal 0.946858 -0.321651 0
    outer loop
      vertex 37.5478 72.5735 2.4
      vertex 37.4216 72.202 2.9
      vertex 37.4216 72.202 2.4
    endloop
  endfacet
  facet normal 0.946858 0.321651 0
    outer loop
      vertex 37.5478 74.1265 2.9
      vertex 37.4216 74.498 2.4
      vertex 37.4216 74.498 2.9
    endloop
  endfacet
  facet normal 0.946858 0.321651 0
    outer loop
      vertex 37.4216 74.498 2.4
      vertex 37.5478 74.1265 2.9
      vertex 37.5478 74.1265 2.4
    endloop
  endfacet
  facet normal -0.555523 -0.831501 0
    outer loop
      vertex 32.8237 70.9699 2.4
      vertex 33.15 70.7519 2.9
      vertex 32.8237 70.9699 2.9
    endloop
  endfacet
  facet normal -0.555523 -0.831501 -0
    outer loop
      vertex 33.15 70.7519 2.9
      vertex 32.8237 70.9699 2.4
      vertex 33.15 70.7519 2.4
    endloop
  endfacet
  facet normal -0.659478 0.751724 0
    outer loop
      vertex 32.8237 75.7301 2.4
      vertex 32.5287 75.4713 2.9
      vertex 32.8237 75.7301 2.9
    endloop
  endfacet
  facet normal -0.659478 0.751724 0
    outer loop
      vertex 32.5287 75.4713 2.9
      vertex 32.8237 75.7301 2.4
      vertex 32.5287 75.4713 2.4
    endloop
  endfacet
  facet normal 0.831501 0.555523 0
    outer loop
      vertex 37.2481 74.85 2.9
      vertex 37.0301 75.1763 2.4
      vertex 37.0301 75.1763 2.9
    endloop
  endfacet
  facet normal 0.831501 0.555523 0
    outer loop
      vertex 37.0301 75.1763 2.4
      vertex 37.2481 74.85 2.9
      vertex 37.2481 74.85 2.4
    endloop
  endfacet
  facet normal 0.19494 -0.980815 0
    outer loop
      vertex 35.0416 70.3757 2.4
      vertex 35.4265 70.4522 2.9
      vertex 35.0416 70.3757 2.9
    endloop
  endfacet
  facet normal 0.19494 -0.980815 0
    outer loop
      vertex 35.4265 70.4522 2.9
      vertex 35.0416 70.3757 2.4
      vertex 35.4265 70.4522 2.4
    endloop
  endfacet
  facet normal -0.19494 0.980815 0
    outer loop
      vertex 34.2584 76.3243 2.4
      vertex 33.8735 76.2478 2.9
      vertex 34.2584 76.3243 2.9
    endloop
  endfacet
  facet normal -0.19494 0.980815 0
    outer loop
      vertex 33.8735 76.2478 2.9
      vertex 34.2584 76.3243 2.4
      vertex 33.8735 76.2478 2.4
    endloop
  endfacet
  facet normal -0.321574 0.946885 0
    outer loop
      vertex 33.8735 76.2478 2.4
      vertex 33.5019 76.1216 2.9
      vertex 33.8735 76.2478 2.9
    endloop
  endfacet
  facet normal -0.321574 0.946885 0
    outer loop
      vertex 33.5019 76.1216 2.9
      vertex 33.8735 76.2478 2.4
      vertex 33.5019 76.1216 2.4
    endloop
  endfacet
  facet normal -0.442211 -0.896911 0
    outer loop
      vertex 33.15 70.7519 2.4
      vertex 33.5019 70.5784 2.9
      vertex 33.15 70.7519 2.9
    endloop
  endfacet
  facet normal -0.442211 -0.896911 -0
    outer loop
      vertex 33.5019 70.5784 2.9
      vertex 33.15 70.7519 2.4
      vertex 33.5019 70.5784 2.4
    endloop
  endfacet
  facet normal 0.896961 0.44211 0
    outer loop
      vertex 37.4216 74.498 2.9
      vertex 37.2481 74.85 2.4
      vertex 37.2481 74.85 2.9
    endloop
  endfacet
  facet normal 0.896961 0.44211 0
    outer loop
      vertex 37.2481 74.85 2.4
      vertex 37.4216 74.498 2.9
      vertex 37.4216 74.498 2.4
    endloop
  endfacet
  facet normal 0.659478 -0.751724 0
    outer loop
      vertex 36.4763 70.9699 2.4
      vertex 36.7713 71.2287 2.9
      vertex 36.4763 70.9699 2.9
    endloop
  endfacet
  facet normal 0.659478 -0.751724 0
    outer loop
      vertex 36.7713 71.2287 2.9
      vertex 36.4763 70.9699 2.4
      vertex 36.7713 71.2287 2.4
    endloop
  endfacet
  facet normal -0.0654873 0.997853 0
    outer loop
      vertex 34.65 76.35 2.4
      vertex 34.2584 76.3243 2.9
      vertex 34.65 76.35 2.9
    endloop
  endfacet
  facet normal -0.0654873 0.997853 0
    outer loop
      vertex 34.2584 76.3243 2.9
      vertex 34.65 76.35 2.4
      vertex 34.2584 76.3243 2.4
    endloop
  endfacet
  facet normal -0.321574 -0.946885 0
    outer loop
      vertex 33.5019 70.5784 2.4
      vertex 33.8735 70.4522 2.9
      vertex 33.5019 70.5784 2.9
    endloop
  endfacet
  facet normal -0.321574 -0.946885 -0
    outer loop
      vertex 33.8735 70.4522 2.9
      vertex 33.5019 70.5784 2.4
      vertex 33.8735 70.4522 2.4
    endloop
  endfacet
  facet normal 0.555523 0.831501 -0
    outer loop
      vertex 36.4763 75.7301 2.4
      vertex 36.15 75.9481 2.9
      vertex 36.4763 75.7301 2.9
    endloop
  endfacet
  facet normal 0.555523 0.831501 0
    outer loop
      vertex 36.15 75.9481 2.9
      vertex 36.4763 75.7301 2.4
      vertex 36.15 75.9481 2.4
    endloop
  endfacet
  facet normal 0.659478 0.751724 -0
    outer loop
      vertex 36.7713 75.4713 2.4
      vertex 36.4763 75.7301 2.9
      vertex 36.7713 75.4713 2.9
    endloop
  endfacet
  facet normal 0.659478 0.751724 0
    outer loop
      vertex 36.4763 75.7301 2.9
      vertex 36.7713 75.4713 2.4
      vertex 36.4763 75.7301 2.4
    endloop
  endfacet
  facet normal -0.0654873 -0.997853 0
    outer loop
      vertex 34.2584 70.3757 2.4
      vertex 34.65 70.35 2.9
      vertex 34.2584 70.3757 2.9
    endloop
  endfacet
  facet normal -0.0654873 -0.997853 -0
    outer loop
      vertex 34.65 70.35 2.9
      vertex 34.2584 70.3757 2.4
      vertex 34.65 70.35 2.4
    endloop
  endfacet
  facet normal 0.997853 -0.0654873 0
    outer loop
      vertex 37.6243 72.9584 2.9
      vertex 37.65 73.35 2.4
      vertex 37.65 73.35 2.9
    endloop
  endfacet
  facet normal 0.997853 -0.0654873 0
    outer loop
      vertex 37.65 73.35 2.4
      vertex 37.6243 72.9584 2.9
      vertex 37.6243 72.9584 2.4
    endloop
  endfacet
  facet normal 0.980815 -0.19494 0
    outer loop
      vertex 37.5478 72.5735 2.9
      vertex 37.6243 72.9584 2.4
      vertex 37.6243 72.9584 2.9
    endloop
  endfacet
  facet normal 0.980815 -0.19494 0
    outer loop
      vertex 37.6243 72.9584 2.4
      vertex 37.5478 72.5735 2.9
      vertex 37.5478 72.5735 2.4
    endloop
  endfacet
  facet normal 0.19494 0.980815 -0
    outer loop
      vertex 35.4265 76.2478 2.4
      vertex 35.0416 76.3243 2.9
      vertex 35.4265 76.2478 2.9
    endloop
  endfacet
  facet normal 0.19494 0.980815 0
    outer loop
      vertex 35.0416 76.3243 2.9
      vertex 35.4265 76.2478 2.4
      vertex 35.0416 76.3243 2.4
    endloop
  endfacet
  facet normal 0.751724 0.659478 0
    outer loop
      vertex 37.0301 75.1763 2.9
      vertex 36.7713 75.4713 2.4
      vertex 36.7713 75.4713 2.9
    endloop
  endfacet
  facet normal 0.751724 0.659478 0
    outer loop
      vertex 36.7713 75.4713 2.4
      vertex 37.0301 75.1763 2.9
      vertex 37.0301 75.1763 2.4
    endloop
  endfacet
  facet normal 0.0654873 0.997853 -0
    outer loop
      vertex 35.0416 76.3243 2.4
      vertex 34.65 76.35 2.9
      vertex 35.0416 76.3243 2.9
    endloop
  endfacet
  facet normal 0.0654873 0.997853 0
    outer loop
      vertex 34.65 76.35 2.9
      vertex 35.0416 76.3243 2.4
      vertex 34.65 76.35 2.4
    endloop
  endfacet
  facet normal 0.44211 -0.896961 0
    outer loop
      vertex 35.798 70.5784 2.4
      vertex 36.15 70.7519 2.9
      vertex 35.798 70.5784 2.9
    endloop
  endfacet
  facet normal 0.44211 -0.896961 0
    outer loop
      vertex 36.15 70.7519 2.9
      vertex 35.798 70.5784 2.4
      vertex 36.15 70.7519 2.4
    endloop
  endfacet
  facet normal -0.946858 0.321651 0
    outer loop
      vertex 31.7522 74.1265 2.4
      vertex 31.8784 74.498 2.9
      vertex 31.8784 74.498 2.4
    endloop
  endfacet
  facet normal -0.946858 0.321651 0
    outer loop
      vertex 31.8784 74.498 2.9
      vertex 31.7522 74.1265 2.4
      vertex 31.7522 74.1265 2.9
    endloop
  endfacet
  facet normal -0.751724 0.659478 0
    outer loop
      vertex 32.2699 75.1763 2.4
      vertex 32.5287 75.4713 2.9
      vertex 32.5287 75.4713 2.4
    endloop
  endfacet
  facet normal -0.751724 0.659478 0
    outer loop
      vertex 32.5287 75.4713 2.9
      vertex 32.2699 75.1763 2.4
      vertex 32.2699 75.1763 2.9
    endloop
  endfacet
  facet normal -0.997853 -0.0654873 0
    outer loop
      vertex 31.6757 72.9584 2.4
      vertex 31.65 73.35 2.9
      vertex 31.65 73.35 2.4
    endloop
  endfacet
  facet normal -0.997853 -0.0654873 0
    outer loop
      vertex 31.65 73.35 2.9
      vertex 31.6757 72.9584 2.4
      vertex 31.6757 72.9584 2.9
    endloop
  endfacet
  facet normal -0.751724 -0.659478 0
    outer loop
      vertex 32.5287 71.2287 2.4
      vertex 32.2699 71.5237 2.9
      vertex 32.2699 71.5237 2.4
    endloop
  endfacet
  facet normal -0.751724 -0.659478 0
    outer loop
      vertex 32.2699 71.5237 2.9
      vertex 32.5287 71.2287 2.4
      vertex 32.5287 71.2287 2.9
    endloop
  endfacet
  facet normal 0.896961 -0.44211 0
    outer loop
      vertex 37.2481 71.85 2.9
      vertex 37.4216 72.202 2.4
      vertex 37.4216 72.202 2.9
    endloop
  endfacet
  facet normal 0.896961 -0.44211 0
    outer loop
      vertex 37.4216 72.202 2.4
      vertex 37.2481 71.85 2.9
      vertex 37.2481 71.85 2.4
    endloop
  endfacet
  facet normal 0.44211 0.896961 -0
    outer loop
      vertex 36.15 75.9481 2.4
      vertex 35.798 76.1216 2.9
      vertex 36.15 75.9481 2.9
    endloop
  endfacet
  facet normal 0.44211 0.896961 0
    outer loop
      vertex 35.798 76.1216 2.9
      vertex 36.15 75.9481 2.4
      vertex 35.798 76.1216 2.4
    endloop
  endfacet
  facet normal -0.896961 0.44211 0
    outer loop
      vertex 31.8784 74.498 2.4
      vertex 32.0519 74.85 2.9
      vertex 32.0519 74.85 2.4
    endloop
  endfacet
  facet normal -0.896961 0.44211 0
    outer loop
      vertex 32.0519 74.85 2.9
      vertex 31.8784 74.498 2.4
      vertex 31.8784 74.498 2.9
    endloop
  endfacet
  facet normal 0.555523 -0.831501 0
    outer loop
      vertex 36.15 70.7519 2.4
      vertex 36.4763 70.9699 2.9
      vertex 36.15 70.7519 2.9
    endloop
  endfacet
  facet normal 0.555523 -0.831501 0
    outer loop
      vertex 36.4763 70.9699 2.9
      vertex 36.15 70.7519 2.4
      vertex 36.4763 70.9699 2.4
    endloop
  endfacet
  facet normal -0.19494 -0.980815 0
    outer loop
      vertex 33.8735 70.4522 2.4
      vertex 34.2584 70.3757 2.9
      vertex 33.8735 70.4522 2.9
    endloop
  endfacet
  facet normal -0.19494 -0.980815 -0
    outer loop
      vertex 34.2584 70.3757 2.9
      vertex 33.8735 70.4522 2.4
      vertex 34.2584 70.3757 2.4
    endloop
  endfacet
  facet normal -0.980815 -0.19494 0
    outer loop
      vertex 31.7522 72.5735 2.4
      vertex 31.6757 72.9584 2.9
      vertex 31.6757 72.9584 2.4
    endloop
  endfacet
  facet normal -0.980815 -0.19494 0
    outer loop
      vertex 31.6757 72.9584 2.9
      vertex 31.7522 72.5735 2.4
      vertex 31.7522 72.5735 2.9
    endloop
  endfacet
  facet normal 0.0654873 -0.997853 0
    outer loop
      vertex 34.65 70.35 2.4
      vertex 35.0416 70.3757 2.9
      vertex 34.65 70.35 2.9
    endloop
  endfacet
  facet normal 0.0654873 -0.997853 0
    outer loop
      vertex 35.0416 70.3757 2.9
      vertex 34.65 70.35 2.4
      vertex 35.0416 70.3757 2.4
    endloop
  endfacet
  facet normal -0.946858 -0.321651 0
    outer loop
      vertex 31.8784 72.202 2.4
      vertex 31.7522 72.5735 2.9
      vertex 31.7522 72.5735 2.4
    endloop
  endfacet
  facet normal -0.946858 -0.321651 0
    outer loop
      vertex 31.7522 72.5735 2.9
      vertex 31.8784 72.202 2.4
      vertex 31.8784 72.202 2.9
    endloop
  endfacet
  facet normal 0.831501 -0.555523 0
    outer loop
      vertex 37.0301 71.5237 2.9
      vertex 37.2481 71.85 2.4
      vertex 37.2481 71.85 2.9
    endloop
  endfacet
  facet normal 0.831501 -0.555523 0
    outer loop
      vertex 37.2481 71.85 2.4
      vertex 37.0301 71.5237 2.9
      vertex 37.0301 71.5237 2.4
    endloop
  endfacet
  facet normal -0.980815 0.19494 0
    outer loop
      vertex 31.6757 73.7416 2.4
      vertex 31.7522 74.1265 2.9
      vertex 31.7522 74.1265 2.4
    endloop
  endfacet
  facet normal -0.980815 0.19494 0
    outer loop
      vertex 31.7522 74.1265 2.9
      vertex 31.6757 73.7416 2.4
      vertex 31.6757 73.7416 2.9
    endloop
  endfacet
  facet normal -0.659478 -0.751724 0
    outer loop
      vertex 32.5287 71.2287 2.4
      vertex 32.8237 70.9699 2.9
      vertex 32.5287 71.2287 2.9
    endloop
  endfacet
  facet normal -0.659478 -0.751724 -0
    outer loop
      vertex 32.8237 70.9699 2.9
      vertex 32.5287 71.2287 2.4
      vertex 32.8237 70.9699 2.4
    endloop
  endfacet
  facet normal -0.442211 0.896911 0
    outer loop
      vertex 33.5019 76.1216 2.4
      vertex 33.15 75.9481 2.9
      vertex 33.5019 76.1216 2.9
    endloop
  endfacet
  facet normal -0.442211 0.896911 0
    outer loop
      vertex 33.15 75.9481 2.9
      vertex 33.5019 76.1216 2.4
      vertex 33.15 75.9481 2.4
    endloop
  endfacet
  facet normal -0.831501 -0.555523 0
    outer loop
      vertex 32.2699 71.5237 2.4
      vertex 32.0519 71.85 2.9
      vertex 32.0519 71.85 2.4
    endloop
  endfacet
  facet normal -0.831501 -0.555523 0
    outer loop
      vertex 32.0519 71.85 2.9
      vertex 32.2699 71.5237 2.4
      vertex 32.2699 71.5237 2.9
    endloop
  endfacet
  facet normal -0.831501 0.555523 0
    outer loop
      vertex 32.0519 74.85 2.4
      vertex 32.2699 75.1763 2.9
      vertex 32.2699 75.1763 2.4
    endloop
  endfacet
  facet normal -0.831501 0.555523 0
    outer loop
      vertex 32.2699 75.1763 2.9
      vertex 32.0519 74.85 2.4
      vertex 32.0519 74.85 2.9
    endloop
  endfacet
  facet normal 0 0 1
    outer loop
      vertex 37.6243 73.7416 2.9
      vertex 37.6243 72.9584 2.9
      vertex 37.65 73.35 2.9
    endloop
  endfacet
  facet normal 0 0 1
    outer loop
      vertex 37.5478 74.1265 2.9
      vertex 37.6243 72.9584 2.9
      vertex 37.6243 73.7416 2.9
    endloop
  endfacet
  facet normal 0 0 1
    outer loop
      vertex 37.5478 74.1265 2.9
      vertex 37.5478 72.5735 2.9
      vertex 37.6243 72.9584 2.9
    endloop
  endfacet
  facet normal 0 0 1
    outer loop
      vertex 37.4216 74.498 2.9
      vertex 37.5478 72.5735 2.9
      vertex 37.5478 74.1265 2.9
    endloop
  endfacet
  facet normal 0 0 1
    outer loop
      vertex 37.4216 74.498 2.9
      vertex 37.4216 72.202 2.9
      vertex 37.5478 72.5735 2.9
    endloop
  endfacet
  facet normal 0 0 1
    outer loop
      vertex 37.2481 74.85 2.9
      vertex 37.4216 72.202 2.9
      vertex 37.4216 74.498 2.9
    endloop
  endfacet
  facet normal 0 0 1
    outer loop
      vertex 37.2481 74.85 2.9
      vertex 37.2481 71.85 2.9
      vertex 37.4216 72.202 2.9
    endloop
  endfacet
  facet normal 0 0 1
    outer loop
      vertex 37.0301 75.1763 2.9
      vertex 37.2481 71.85 2.9
      vertex 37.2481 74.85 2.9
    endloop
  endfacet
  facet normal 0 0 1
    outer loop
      vertex 37.0301 75.1763 2.9
      vertex 37.0301 71.5237 2.9
      vertex 37.2481 71.85 2.9
    endloop
  endfacet
  facet normal 0 0 1
    outer loop
      vertex 36.7713 75.4713 2.9
      vertex 37.0301 71.5237 2.9
      vertex 37.0301 75.1763 2.9
    endloop
  endfacet
  facet normal 0 0 1
    outer loop
      vertex 36.7713 75.4713 2.9
      vertex 36.7713 71.2287 2.9
      vertex 37.0301 71.5237 2.9
    endloop
  endfacet
  facet normal 0 0 1
    outer loop
      vertex 36.4763 75.7301 2.9
      vertex 36.7713 71.2287 2.9
      vertex 36.7713 75.4713 2.9
    endloop
  endfacet
  facet normal 0 0 1
    outer loop
      vertex 36.4763 75.7301 2.9
      vertex 36.4763 70.9699 2.9
      vertex 36.7713 71.2287 2.9
    endloop
  endfacet
  facet normal 0 0 1
    outer loop
      vertex 36.15 75.9481 2.9
      vertex 36.4763 70.9699 2.9
      vertex 36.4763 75.7301 2.9
    endloop
  endfacet
  facet normal 0 0 1
    outer loop
      vertex 36.15 75.9481 2.9
      vertex 36.15 70.7519 2.9
      vertex 36.4763 70.9699 2.9
    endloop
  endfacet
  facet normal 0 0 1
    outer loop
      vertex 35.798 76.1216 2.9
      vertex 36.15 70.7519 2.9
      vertex 36.15 75.9481 2.9
    endloop
  endfacet
  facet normal 0 0 1
    outer loop
      vertex 35.798 76.1216 2.9
      vertex 35.798 70.5784 2.9
      vertex 36.15 70.7519 2.9
    endloop
  endfacet
  facet normal 0 0 1
    outer loop
      vertex 35.4265 76.2478 2.9
      vertex 35.798 70.5784 2.9
      vertex 35.798 76.1216 2.9
    endloop
  endfacet
  facet normal 0 0 1
    outer loop
      vertex 35.4265 76.2478 2.9
      vertex 35.4265 70.4522 2.9
      vertex 35.798 70.5784 2.9
    endloop
  endfacet
  facet normal 0 0 1
    outer loop
      vertex 35.0416 76.3243 2.9
      vertex 35.4265 70.4522 2.9
      vertex 35.4265 76.2478 2.9
    endloop
  endfacet
  facet normal 0 0 1
    outer loop
      vertex 35.0416 76.3243 2.9
      vertex 35.0416 70.3757 2.9
      vertex 35.4265 70.4522 2.9
    endloop
  endfacet
  facet normal 0 0 1
    outer loop
      vertex 34.65 76.35 2.9
      vertex 35.0416 70.3757 2.9
      vertex 35.0416 76.3243 2.9
    endloop
  endfacet
  facet normal 0 0 1
    outer loop
      vertex 34.65 76.35 2.9
      vertex 34.65 70.35 2.9
      vertex 35.0416 70.3757 2.9
    endloop
  endfacet
  facet normal -0 0 1
    outer loop
      vertex 34.2584 76.3243 2.9
      vertex 34.65 70.35 2.9
      vertex 34.65 76.35 2.9
    endloop
  endfacet
  facet normal 0 0 1
    outer loop
      vertex 34.2584 76.3243 2.9
      vertex 34.2584 70.3757 2.9
      vertex 34.65 70.35 2.9
    endloop
  endfacet
  facet normal -0 0 1
    outer loop
      vertex 33.8735 76.2478 2.9
      vertex 34.2584 70.3757 2.9
      vertex 34.2584 76.3243 2.9
    endloop
  endfacet
  facet normal 0 0 1
    outer loop
      vertex 33.8735 76.2478 2.9
      vertex 33.8735 70.4522 2.9
      vertex 34.2584 70.3757 2.9
    endloop
  endfacet
  facet normal -0 0 1
    outer loop
      vertex 33.5019 76.1216 2.9
      vertex 33.8735 70.4522 2.9
      vertex 33.8735 76.2478 2.9
    endloop
  endfacet
  facet normal 0 0 1
    outer loop
      vertex 33.5019 76.1216 2.9
      vertex 33.5019 70.5784 2.9
      vertex 33.8735 70.4522 2.9
    endloop
  endfacet
  facet normal -0 0 1
    outer loop
      vertex 33.15 75.9481 2.9
      vertex 33.5019 70.5784 2.9
      vertex 33.5019 76.1216 2.9
    endloop
  endfacet
  facet normal 0 0 1
    outer loop
      vertex 33.15 75.9481 2.9
      vertex 33.15 70.7519 2.9
      vertex 33.5019 70.5784 2.9
    endloop
  endfacet
  facet normal -0 0 1
    outer loop
      vertex 32.8237 75.7301 2.9
      vertex 33.15 70.7519 2.9
      vertex 33.15 75.9481 2.9
    endloop
  endfacet
  facet normal 0 0 1
    outer loop
      vertex 32.8237 75.7301 2.9
      vertex 32.8237 70.9699 2.9
      vertex 33.15 70.7519 2.9
    endloop
  endfacet
  facet normal -0 0 1
    outer loop
      vertex 32.5287 75.4713 2.9
      vertex 32.8237 70.9699 2.9
      vertex 32.8237 75.7301 2.9
    endloop
  endfacet
  facet normal 0 0 1
    outer loop
      vertex 32.5287 75.4713 2.9
      vertex 32.5287 71.2287 2.9
      vertex 32.8237 70.9699 2.9
    endloop
  endfacet
  facet normal -0 0 1
    outer loop
      vertex 32.2699 75.1763 2.9
      vertex 32.5287 71.2287 2.9
      vertex 32.5287 75.4713 2.9
    endloop
  endfacet
  facet normal 0 0 1
    outer loop
      vertex 32.2699 75.1763 2.9
      vertex 32.2699 71.5237 2.9
      vertex 32.5287 71.2287 2.9
    endloop
  endfacet
  facet normal -0 0 1
    outer loop
      vertex 32.0519 74.85 2.9
      vertex 32.2699 71.5237 2.9
      vertex 32.2699 75.1763 2.9
    endloop
  endfacet
  facet normal 0 0 1
    outer loop
      vertex 32.0519 74.85 2.9
      vertex 32.0519 71.85 2.9
      vertex 32.2699 71.5237 2.9
    endloop
  endfacet
  facet normal -0 0 1
    outer loop
      vertex 31.8784 74.498 2.9
      vertex 32.0519 71.85 2.9
      vertex 32.0519 74.85 2.9
    endloop
  endfacet
  facet normal 0 0 1
    outer loop
      vertex 31.8784 74.498 2.9
      vertex 31.8784 72.202 2.9
      vertex 32.0519 71.85 2.9
    endloop
  endfacet
  facet normal -0 0 1
    outer loop
      vertex 31.7522 74.1265 2.9
      vertex 31.8784 72.202 2.9
      vertex 31.8784 74.498 2.9
    endloop
  endfacet
  facet normal 0 0 1
    outer loop
      vertex 31.7522 74.1265 2.9
      vertex 31.7522 72.5735 2.9
      vertex 31.8784 72.202 2.9
    endloop
  endfacet
  facet normal -0 0 1
    outer loop
      vertex 31.6757 73.7416 2.9
      vertex 31.7522 72.5735 2.9
      vertex 31.7522 74.1265 2.9
    endloop
  endfacet
  facet normal 0 0 1
    outer loop
      vertex 31.6757 73.7416 2.9
      vertex 31.6757 72.9584 2.9
      vertex 31.7522 72.5735 2.9
    endloop
  endfacet
  facet normal 0 -0 1
    outer loop
      vertex 31.6757 72.9584 2.9
      vertex 31.6757 73.7416 2.9
      vertex 31.65 73.35 2.9
    endloop
  endfacet
  facet normal -0.896961 -0.44211 0
    outer loop
      vertex 32.0519 91.15 2.4
      vertex 31.8784 91.502 2.9
      vertex 31.8784 91.502 2.4
    endloop
  endfacet
  facet normal -0.896961 -0.44211 0
    outer loop
      vertex 31.8784 91.502 2.9
      vertex 32.0519 91.15 2.4
      vertex 32.0519 91.15 2.9
    endloop
  endfacet
  facet normal 0.44211 -0.896961 0
    outer loop
      vertex 35.798 89.8784 2.4
      vertex 36.15 90.0519 2.9
      vertex 35.798 89.8784 2.9
    endloop
  endfacet
  facet normal 0.44211 -0.896961 0
    outer loop
      vertex 36.15 90.0519 2.9
      vertex 35.798 89.8784 2.4
      vertex 36.15 90.0519 2.4
    endloop
  endfacet
  facet normal 0.980815 0.19494 0
    outer loop
      vertex 37.6243 93.0416 2.9
      vertex 37.5478 93.4265 2.4
      vertex 37.5478 93.4265 2.9
    endloop
  endfacet
  facet normal 0.980815 0.19494 0
    outer loop
      vertex 37.5478 93.4265 2.4
      vertex 37.6243 93.0416 2.9
      vertex 37.6243 93.0416 2.4
    endloop
  endfacet
  facet normal 0.997853 0.0654873 0
    outer loop
      vertex 37.65 92.65 2.9
      vertex 37.6243 93.0416 2.4
      vertex 37.6243 93.0416 2.9
    endloop
  endfacet
  facet normal 0.997853 0.0654873 0
    outer loop
      vertex 37.6243 93.0416 2.4
      vertex 37.65 92.65 2.9
      vertex 37.65 92.65 2.4
    endloop
  endfacet
  facet normal 0.751724 -0.659478 0
    outer loop
      vertex 36.7713 90.5287 2.9
      vertex 37.0301 90.8237 2.4
      vertex 37.0301 90.8237 2.9
    endloop
  endfacet
  facet normal 0.751724 -0.659478 0
    outer loop
      vertex 37.0301 90.8237 2.4
      vertex 36.7713 90.5287 2.9
      vertex 36.7713 90.5287 2.4
    endloop
  endfacet
  facet normal 0.321651 0.946858 -0
    outer loop
      vertex 35.798 95.4216 2.4
      vertex 35.4265 95.5478 2.9
      vertex 35.798 95.4216 2.9
    endloop
  endfacet
  facet normal 0.321651 0.946858 0
    outer loop
      vertex 35.4265 95.5478 2.9
      vertex 35.798 95.4216 2.4
      vertex 35.4265 95.5478 2.4
    endloop
  endfacet
  facet normal 0.321651 -0.946858 0
    outer loop
      vertex 35.4265 89.7522 2.4
      vertex 35.798 89.8784 2.9
      vertex 35.4265 89.7522 2.9
    endloop
  endfacet
  facet normal 0.321651 -0.946858 0
    outer loop
      vertex 35.798 89.8784 2.9
      vertex 35.4265 89.7522 2.4
      vertex 35.798 89.8784 2.4
    endloop
  endfacet
  facet normal -0.555523 0.831501 0
    outer loop
      vertex 33.15 95.2481 2.4
      vertex 32.8237 95.0301 2.9
      vertex 33.15 95.2481 2.9
    endloop
  endfacet
  facet normal -0.555523 0.831501 0
    outer loop
      vertex 32.8237 95.0301 2.9
      vertex 33.15 95.2481 2.4
      vertex 32.8237 95.0301 2.4
    endloop
  endfacet
  facet normal -0.997853 0.0654873 0
    outer loop
      vertex 31.65 92.65 2.4
      vertex 31.6757 93.0416 2.9
      vertex 31.6757 93.0416 2.4
    endloop
  endfacet
  facet normal -0.997853 0.0654873 0
    outer loop
      vertex 31.6757 93.0416 2.9
      vertex 31.65 92.65 2.4
      vertex 31.65 92.65 2.9
    endloop
  endfacet
  facet normal 0.946858 -0.321651 0
    outer loop
      vertex 37.4216 91.502 2.9
      vertex 37.5478 91.8735 2.4
      vertex 37.5478 91.8735 2.9
    endloop
  endfacet
  facet normal 0.946858 -0.321651 0
    outer loop
      vertex 37.5478 91.8735 2.4
      vertex 37.4216 91.502 2.9
      vertex 37.4216 91.502 2.4
    endloop
  endfacet
  facet normal 0.946858 0.321651 0
    outer loop
      vertex 37.5478 93.4265 2.9
      vertex 37.4216 93.798 2.4
      vertex 37.4216 93.798 2.9
    endloop
  endfacet
  facet normal 0.946858 0.321651 0
    outer loop
      vertex 37.4216 93.798 2.4
      vertex 37.5478 93.4265 2.9
      vertex 37.5478 93.4265 2.4
    endloop
  endfacet
  facet normal -0.555523 -0.831501 0
    outer loop
      vertex 32.8237 90.2699 2.4
      vertex 33.15 90.0519 2.9
      vertex 32.8237 90.2699 2.9
    endloop
  endfacet
  facet normal -0.555523 -0.831501 -0
    outer loop
      vertex 33.15 90.0519 2.9
      vertex 32.8237 90.2699 2.4
      vertex 33.15 90.0519 2.4
    endloop
  endfacet
  facet normal -0.659478 0.751724 0
    outer loop
      vertex 32.8237 95.0301 2.4
      vertex 32.5287 94.7713 2.9
      vertex 32.8237 95.0301 2.9
    endloop
  endfacet
  facet normal -0.659478 0.751724 0
    outer loop
      vertex 32.5287 94.7713 2.9
      vertex 32.8237 95.0301 2.4
      vertex 32.5287 94.7713 2.4
    endloop
  endfacet
  facet normal 0.831501 0.555523 0
    outer loop
      vertex 37.2481 94.15 2.9
      vertex 37.0301 94.4763 2.4
      vertex 37.0301 94.4763 2.9
    endloop
  endfacet
  facet normal 0.831501 0.555523 0
    outer loop
      vertex 37.0301 94.4763 2.4
      vertex 37.2481 94.15 2.9
      vertex 37.2481 94.15 2.4
    endloop
  endfacet
  facet normal 0.19494 -0.980815 0
    outer loop
      vertex 35.0416 89.6757 2.4
      vertex 35.4265 89.7522 2.9
      vertex 35.0416 89.6757 2.9
    endloop
  endfacet
  facet normal 0.19494 -0.980815 0
    outer loop
      vertex 35.4265 89.7522 2.9
      vertex 35.0416 89.6757 2.4
      vertex 35.4265 89.7522 2.4
    endloop
  endfacet
  facet normal -0.19494 0.980815 0
    outer loop
      vertex 34.2584 95.6243 2.4
      vertex 33.8735 95.5478 2.9
      vertex 34.2584 95.6243 2.9
    endloop
  endfacet
  facet normal -0.19494 0.980815 0
    outer loop
      vertex 33.8735 95.5478 2.9
      vertex 34.2584 95.6243 2.4
      vertex 33.8735 95.5478 2.4
    endloop
  endfacet
  facet normal -0.442211 -0.896911 0
    outer loop
      vertex 33.15 90.0519 2.4
      vertex 33.5019 89.8784 2.9
      vertex 33.15 90.0519 2.9
    endloop
  endfacet
  facet normal -0.442211 -0.896911 -0
    outer loop
      vertex 33.5019 89.8784 2.9
      vertex 33.15 90.0519 2.4
      vertex 33.5019 89.8784 2.4
    endloop
  endfacet
  facet normal 0.896961 0.44211 0
    outer loop
      vertex 37.4216 93.798 2.9
      vertex 37.2481 94.15 2.4
      vertex 37.2481 94.15 2.9
    endloop
  endfacet
  facet normal 0.896961 0.44211 0
    outer loop
      vertex 37.2481 94.15 2.4
      vertex 37.4216 93.798 2.9
      vertex 37.4216 93.798 2.4
    endloop
  endfacet
  facet normal 0.659478 -0.751724 0
    outer loop
      vertex 36.4763 90.2699 2.4
      vertex 36.7713 90.5287 2.9
      vertex 36.4763 90.2699 2.9
    endloop
  endfacet
  facet normal 0.659478 -0.751724 0
    outer loop
      vertex 36.7713 90.5287 2.9
      vertex 36.4763 90.2699 2.4
      vertex 36.7713 90.5287 2.4
    endloop
  endfacet
  facet normal -0.0654873 0.997853 0
    outer loop
      vertex 34.65 95.65 2.4
      vertex 34.2584 95.6243 2.9
      vertex 34.65 95.65 2.9
    endloop
  endfacet
  facet normal -0.0654873 0.997853 0
    outer loop
      vertex 34.2584 95.6243 2.9
      vertex 34.65 95.65 2.4
      vertex 34.2584 95.6243 2.4
    endloop
  endfacet
  facet normal -0.321574 -0.946885 0
    outer loop
      vertex 33.5019 89.8784 2.4
      vertex 33.8735 89.7522 2.9
      vertex 33.5019 89.8784 2.9
    endloop
  endfacet
  facet normal -0.321574 -0.946885 -0
    outer loop
      vertex 33.8735 89.7522 2.9
      vertex 33.5019 89.8784 2.4
      vertex 33.8735 89.7522 2.4
    endloop
  endfacet
  facet normal 0.555523 0.831501 -0
    outer loop
      vertex 36.4763 95.0301 2.4
      vertex 36.15 95.2481 2.9
      vertex 36.4763 95.0301 2.9
    endloop
  endfacet
  facet normal 0.555523 0.831501 0
    outer loop
      vertex 36.15 95.2481 2.9
      vertex 36.4763 95.0301 2.4
      vertex 36.15 95.2481 2.4
    endloop
  endfacet
  facet normal 0.659478 0.751724 -0
    outer loop
      vertex 36.7713 94.7713 2.4
      vertex 36.4763 95.0301 2.9
      vertex 36.7713 94.7713 2.9
    endloop
  endfacet
  facet normal 0.659478 0.751724 0
    outer loop
      vertex 36.4763 95.0301 2.9
      vertex 36.7713 94.7713 2.4
      vertex 36.4763 95.0301 2.4
    endloop
  endfacet
  facet normal -0.0654873 -0.997853 0
    outer loop
      vertex 34.2584 89.6757 2.4
      vertex 34.65 89.65 2.9
      vertex 34.2584 89.6757 2.9
    endloop
  endfacet
  facet normal -0.0654873 -0.997853 -0
    outer loop
      vertex 34.65 89.65 2.9
      vertex 34.2584 89.6757 2.4
      vertex 34.65 89.65 2.4
    endloop
  endfacet
  facet normal 0.997853 -0.0654873 0
    outer loop
      vertex 37.6243 92.2584 2.9
      vertex 37.65 92.65 2.4
      vertex 37.65 92.65 2.9
    endloop
  endfacet
  facet normal 0.997853 -0.0654873 0
    outer loop
      vertex 37.65 92.65 2.4
      vertex 37.6243 92.2584 2.9
      vertex 37.6243 92.2584 2.4
    endloop
  endfacet
  facet normal 0.980815 -0.19494 0
    outer loop
      vertex 37.5478 91.8735 2.9
      vertex 37.6243 92.2584 2.4
      vertex 37.6243 92.2584 2.9
    endloop
  endfacet
  facet normal 0.980815 -0.19494 0
    outer loop
      vertex 37.6243 92.2584 2.4
      vertex 37.5478 91.8735 2.9
      vertex 37.5478 91.8735 2.4
    endloop
  endfacet
  facet normal 0.555523 -0.831501 0
    outer loop
      vertex 36.15 90.0519 2.4
      vertex 36.4763 90.2699 2.9
      vertex 36.15 90.0519 2.9
    endloop
  endfacet
  facet normal 0.555523 -0.831501 0
    outer loop
      vertex 36.4763 90.2699 2.9
      vertex 36.15 90.0519 2.4
      vertex 36.4763 90.2699 2.4
    endloop
  endfacet
  facet normal 0.19494 0.980815 -0
    outer loop
      vertex 35.4265 95.5478 2.4
      vertex 35.0416 95.6243 2.9
      vertex 35.4265 95.5478 2.9
    endloop
  endfacet
  facet normal 0.19494 0.980815 0
    outer loop
      vertex 35.0416 95.6243 2.9
      vertex 35.4265 95.5478 2.4
      vertex 35.0416 95.6243 2.4
    endloop
  endfacet
  facet normal 0.751724 0.659478 0
    outer loop
      vertex 37.0301 94.4763 2.9
      vertex 36.7713 94.7713 2.4
      vertex 36.7713 94.7713 2.9
    endloop
  endfacet
  facet normal 0.751724 0.659478 0
    outer loop
      vertex 36.7713 94.7713 2.4
      vertex 37.0301 94.4763 2.9
      vertex 37.0301 94.4763 2.4
    endloop
  endfacet
  facet normal 0.0654873 0.997853 -0
    outer loop
      vertex 35.0416 95.6243 2.4
      vertex 34.65 95.65 2.9
      vertex 35.0416 95.6243 2.9
    endloop
  endfacet
  facet normal 0.0654873 0.997853 0
    outer loop
      vertex 34.65 95.65 2.9
      vertex 35.0416 95.6243 2.4
      vertex 34.65 95.65 2.4
    endloop
  endfacet
  facet normal -0.321574 0.946885 0
    outer loop
      vertex 33.8735 95.5478 2.4
      vertex 33.5019 95.4216 2.9
      vertex 33.8735 95.5478 2.9
    endloop
  endfacet
  facet normal -0.321574 0.946885 0
    outer loop
      vertex 33.5019 95.4216 2.9
      vertex 33.8735 95.5478 2.4
      vertex 33.5019 95.4216 2.4
    endloop
  endfacet
  facet normal -0.946858 0.321651 0
    outer loop
      vertex 31.7522 93.4265 2.4
      vertex 31.8784 93.798 2.9
      vertex 31.8784 93.798 2.4
    endloop
  endfacet
  facet normal -0.946858 0.321651 0
    outer loop
      vertex 31.8784 93.798 2.9
      vertex 31.7522 93.4265 2.4
      vertex 31.7522 93.4265 2.9
    endloop
  endfacet
  facet normal -0.751724 0.659478 0
    outer loop
      vertex 32.2699 94.4763 2.4
      vertex 32.5287 94.7713 2.9
      vertex 32.5287 94.7713 2.4
    endloop
  endfacet
  facet normal -0.751724 0.659478 0
    outer loop
      vertex 32.5287 94.7713 2.9
      vertex 32.2699 94.4763 2.4
      vertex 32.2699 94.4763 2.9
    endloop
  endfacet
  facet normal -0.997853 -0.0654873 0
    outer loop
      vertex 31.6757 92.2584 2.4
      vertex 31.65 92.65 2.9
      vertex 31.65 92.65 2.4
    endloop
  endfacet
  facet normal -0.997853 -0.0654873 0
    outer loop
      vertex 31.65 92.65 2.9
      vertex 31.6757 92.2584 2.4
      vertex 31.6757 92.2584 2.9
    endloop
  endfacet
  facet normal -0.751724 -0.659478 0
    outer loop
      vertex 32.5287 90.5287 2.4
      vertex 32.2699 90.8237 2.9
      vertex 32.2699 90.8237 2.4
    endloop
  endfacet
  facet normal -0.751724 -0.659478 0
    outer loop
      vertex 32.2699 90.8237 2.9
      vertex 32.5287 90.5287 2.4
      vertex 32.5287 90.5287 2.9
    endloop
  endfacet
  facet normal 0.896961 -0.44211 0
    outer loop
      vertex 37.2481 91.15 2.9
      vertex 37.4216 91.502 2.4
      vertex 37.4216 91.502 2.9
    endloop
  endfacet
  facet normal 0.896961 -0.44211 0
    outer loop
      vertex 37.4216 91.502 2.4
      vertex 37.2481 91.15 2.9
      vertex 37.2481 91.15 2.4
    endloop
  endfacet
  facet normal 0.44211 0.896961 -0
    outer loop
      vertex 36.15 95.2481 2.4
      vertex 35.798 95.4216 2.9
      vertex 36.15 95.2481 2.9
    endloop
  endfacet
  facet normal 0.44211 0.896961 0
    outer loop
      vertex 35.798 95.4216 2.9
      vertex 36.15 95.2481 2.4
      vertex 35.798 95.4216 2.4
    endloop
  endfacet
  facet normal -0.896961 0.44211 0
    outer loop
      vertex 31.8784 93.798 2.4
      vertex 32.0519 94.15 2.9
      vertex 32.0519 94.15 2.4
    endloop
  endfacet
  facet normal -0.896961 0.44211 0
    outer loop
      vertex 32.0519 94.15 2.9
      vertex 31.8784 93.798 2.4
      vertex 31.8784 93.798 2.9
    endloop
  endfacet
  facet normal -0.19494 -0.980815 0
    outer loop
      vertex 33.8735 89.7522 2.4
      vertex 34.2584 89.6757 2.9
      vertex 33.8735 89.7522 2.9
    endloop
  endfacet
  facet normal -0.19494 -0.980815 -0
    outer loop
      vertex 34.2584 89.6757 2.9
      vertex 33.8735 89.7522 2.4
      vertex 34.2584 89.6757 2.4
    endloop
  endfacet
  facet normal -0.980815 -0.19494 0
    outer loop
      vertex 31.7522 91.8735 2.4
      vertex 31.6757 92.2584 2.9
      vertex 31.6757 92.2584 2.4
    endloop
  endfacet
  facet normal -0.980815 -0.19494 0
    outer loop
      vertex 31.6757 92.2584 2.9
      vertex 31.7522 91.8735 2.4
      vertex 31.7522 91.8735 2.9
    endloop
  endfacet
  facet normal 0.0654873 -0.997853 0
    outer loop
      vertex 34.65 89.65 2.4
      vertex 35.0416 89.6757 2.9
      vertex 34.65 89.65 2.9
    endloop
  endfacet
  facet normal 0.0654873 -0.997853 0
    outer loop
      vertex 35.0416 89.6757 2.9
      vertex 34.65 89.65 2.4
      vertex 35.0416 89.6757 2.4
    endloop
  endfacet
  facet normal -0.946858 -0.321651 0
    outer loop
      vertex 31.8784 91.502 2.4
      vertex 31.7522 91.8735 2.9
      vertex 31.7522 91.8735 2.4
    endloop
  endfacet
  facet normal -0.946858 -0.321651 0
    outer loop
      vertex 31.7522 91.8735 2.9
      vertex 31.8784 91.502 2.4
      vertex 31.8784 91.502 2.9
    endloop
  endfacet
  facet normal 0.831501 -0.555523 0
    outer loop
      vertex 37.0301 90.8237 2.9
      vertex 37.2481 91.15 2.4
      vertex 37.2481 91.15 2.9
    endloop
  endfacet
  facet normal 0.831501 -0.555523 0
    outer loop
      vertex 37.2481 91.15 2.4
      vertex 37.0301 90.8237 2.9
      vertex 37.0301 90.8237 2.4
    endloop
  endfacet
  facet normal -0.980815 0.19494 0
    outer loop
      vertex 31.6757 93.0416 2.4
      vertex 31.7522 93.4265 2.9
      vertex 31.7522 93.4265 2.4
    endloop
  endfacet
  facet normal -0.980815 0.19494 0
    outer loop
      vertex 31.7522 93.4265 2.9
      vertex 31.6757 93.0416 2.4
      vertex 31.6757 93.0416 2.9
    endloop
  endfacet
  facet normal -0.659478 -0.751724 0
    outer loop
      vertex 32.5287 90.5287 2.4
      vertex 32.8237 90.2699 2.9
      vertex 32.5287 90.5287 2.9
    endloop
  endfacet
  facet normal -0.659478 -0.751724 -0
    outer loop
      vertex 32.8237 90.2699 2.9
      vertex 32.5287 90.5287 2.4
      vertex 32.8237 90.2699 2.4
    endloop
  endfacet
  facet normal -0.442211 0.896911 0
    outer loop
      vertex 33.5019 95.4216 2.4
      vertex 33.15 95.2481 2.9
      vertex 33.5019 95.4216 2.9
    endloop
  endfacet
  facet normal -0.442211 0.896911 0
    outer loop
      vertex 33.15 95.2481 2.9
      vertex 33.5019 95.4216 2.4
      vertex 33.15 95.2481 2.4
    endloop
  endfacet
  facet normal -0.831501 -0.555523 0
    outer loop
      vertex 32.2699 90.8237 2.4
      vertex 32.0519 91.15 2.9
      vertex 32.0519 91.15 2.4
    endloop
  endfacet
  facet normal -0.831501 -0.555523 0
    outer loop
      vertex 32.0519 91.15 2.9
      vertex 32.2699 90.8237 2.4
      vertex 32.2699 90.8237 2.9
    endloop
  endfacet
  facet normal -0.831501 0.555523 0
    outer loop
      vertex 32.0519 94.15 2.4
      vertex 32.2699 94.4763 2.9
      vertex 32.2699 94.4763 2.4
    endloop
  endfacet
  facet normal -0.831501 0.555523 0
    outer loop
      vertex 32.2699 94.4763 2.9
      vertex 32.0519 94.15 2.4
      vertex 32.0519 94.15 2.9
    endloop
  endfacet
  facet normal 0 0 1
    outer loop
      vertex 37.6243 93.0416 2.9
      vertex 37.6243 92.2584 2.9
      vertex 37.65 92.65 2.9
    endloop
  endfacet
  facet normal 0 0 1
    outer loop
      vertex 37.5478 93.4265 2.9
      vertex 37.6243 92.2584 2.9
      vertex 37.6243 93.0416 2.9
    endloop
  endfacet
  facet normal 0 0 1
    outer loop
      vertex 37.5478 93.4265 2.9
      vertex 37.5478 91.8735 2.9
      vertex 37.6243 92.2584 2.9
    endloop
  endfacet
  facet normal 0 0 1
    outer loop
      vertex 37.4216 93.798 2.9
      vertex 37.5478 91.8735 2.9
      vertex 37.5478 93.4265 2.9
    endloop
  endfacet
  facet normal 0 0 1
    outer loop
      vertex 37.4216 93.798 2.9
      vertex 37.4216 91.502 2.9
      vertex 37.5478 91.8735 2.9
    endloop
  endfacet
  facet normal 0 0 1
    outer loop
      vertex 37.2481 94.15 2.9
      vertex 37.4216 91.502 2.9
      vertex 37.4216 93.798 2.9
    endloop
  endfacet
  facet normal 0 0 1
    outer loop
      vertex 37.2481 94.15 2.9
      vertex 37.2481 91.15 2.9
      vertex 37.4216 91.502 2.9
    endloop
  endfacet
  facet normal 0 0 1
    outer loop
      vertex 37.0301 94.4763 2.9
      vertex 37.2481 91.15 2.9
      vertex 37.2481 94.15 2.9
    endloop
  endfacet
  facet normal 0 0 1
    outer loop
      vertex 37.0301 94.4763 2.9
      vertex 37.0301 90.8237 2.9
      vertex 37.2481 91.15 2.9
    endloop
  endfacet
  facet normal 0 0 1
    outer loop
      vertex 36.7713 94.7713 2.9
      vertex 37.0301 90.8237 2.9
      vertex 37.0301 94.4763 2.9
    endloop
  endfacet
  facet normal 0 0 1
    outer loop
      vertex 36.7713 94.7713 2.9
      vertex 36.7713 90.5287 2.9
      vertex 37.0301 90.8237 2.9
    endloop
  endfacet
  facet normal 0 0 1
    outer loop
      vertex 36.4763 95.0301 2.9
      vertex 36.7713 90.5287 2.9
      vertex 36.7713 94.7713 2.9
    endloop
  endfacet
  facet normal 0 0 1
    outer loop
      vertex 36.4763 95.0301 2.9
      vertex 36.4763 90.2699 2.9
      vertex 36.7713 90.5287 2.9
    endloop
  endfacet
  facet normal 0 0 1
    outer loop
      vertex 36.15 95.2481 2.9
      vertex 36.4763 90.2699 2.9
      vertex 36.4763 95.0301 2.9
    endloop
  endfacet
  facet normal 0 0 1
    outer loop
      vertex 36.15 95.2481 2.9
      vertex 36.15 90.0519 2.9
      vertex 36.4763 90.2699 2.9
    endloop
  endfacet
  facet normal 0 0 1
    outer loop
      vertex 35.798 95.4216 2.9
      vertex 36.15 90.0519 2.9
      vertex 36.15 95.2481 2.9
    endloop
  endfacet
  facet normal 0 0 1
    outer loop
      vertex 35.798 95.4216 2.9
      vertex 35.798 89.8784 2.9
      vertex 36.15 90.0519 2.9
    endloop
  endfacet
  facet normal 0 0 1
    outer loop
      vertex 35.4265 95.5478 2.9
      vertex 35.798 89.8784 2.9
      vertex 35.798 95.4216 2.9
    endloop
  endfacet
  facet normal 0 0 1
    outer loop
      vertex 35.4265 95.5478 2.9
      vertex 35.4265 89.7522 2.9
      vertex 35.798 89.8784 2.9
    endloop
  endfacet
  facet normal 0 0 1
    outer loop
      vertex 35.0416 95.6243 2.9
      vertex 35.4265 89.7522 2.9
      vertex 35.4265 95.5478 2.9
    endloop
  endfacet
  facet normal 0 0 1
    outer loop
      vertex 35.0416 95.6243 2.9
      vertex 35.0416 89.6757 2.9
      vertex 35.4265 89.7522 2.9
    endloop
  endfacet
  facet normal 0 0 1
    outer loop
      vertex 34.65 95.65 2.9
      vertex 35.0416 89.6757 2.9
      vertex 35.0416 95.6243 2.9
    endloop
  endfacet
  facet normal 0 0 1
    outer loop
      vertex 34.65 95.65 2.9
      vertex 34.65 89.65 2.9
      vertex 35.0416 89.6757 2.9
    endloop
  endfacet
  facet normal -0 0 1
    outer loop
      vertex 34.2584 95.6243 2.9
      vertex 34.65 89.65 2.9
      vertex 34.65 95.65 2.9
    endloop
  endfacet
  facet normal 0 0 1
    outer loop
      vertex 34.2584 95.6243 2.9
      vertex 34.2584 89.6757 2.9
      vertex 34.65 89.65 2.9
    endloop
  endfacet
  facet normal -0 0 1
    outer loop
      vertex 33.8735 95.5478 2.9
      vertex 34.2584 89.6757 2.9
      vertex 34.2584 95.6243 2.9
    endloop
  endfacet
  facet normal 0 0 1
    outer loop
      vertex 33.8735 95.5478 2.9
      vertex 33.8735 89.7522 2.9
      vertex 34.2584 89.6757 2.9
    endloop
  endfacet
  facet normal -0 0 1
    outer loop
      vertex 33.5019 95.4216 2.9
      vertex 33.8735 89.7522 2.9
      vertex 33.8735 95.5478 2.9
    endloop
  endfacet
  facet normal 0 0 1
    outer loop
      vertex 33.5019 95.4216 2.9
      vertex 33.5019 89.8784 2.9
      vertex 33.8735 89.7522 2.9
    endloop
  endfacet
  facet normal -0 0 1
    outer loop
      vertex 33.15 95.2481 2.9
      vertex 33.5019 89.8784 2.9
      vertex 33.5019 95.4216 2.9
    endloop
  endfacet
  facet normal 0 0 1
    outer loop
      vertex 33.15 95.2481 2.9
      vertex 33.15 90.0519 2.9
      vertex 33.5019 89.8784 2.9
    endloop
  endfacet
  facet normal -0 0 1
    outer loop
      vertex 32.8237 95.0301 2.9
      vertex 33.15 90.0519 2.9
      vertex 33.15 95.2481 2.9
    endloop
  endfacet
  facet normal 0 0 1
    outer loop
      vertex 32.8237 95.0301 2.9
      vertex 32.8237 90.2699 2.9
      vertex 33.15 90.0519 2.9
    endloop
  endfacet
  facet normal -0 0 1
    outer loop
      vertex 32.5287 94.7713 2.9
      vertex 32.8237 90.2699 2.9
      vertex 32.8237 95.0301 2.9
    endloop
  endfacet
  facet normal 0 0 1
    outer loop
      vertex 32.5287 94.7713 2.9
      vertex 32.5287 90.5287 2.9
      vertex 32.8237 90.2699 2.9
    endloop
  endfacet
  facet normal -0 0 1
    outer loop
      vertex 32.2699 94.4763 2.9
      vertex 32.5287 90.5287 2.9
      vertex 32.5287 94.7713 2.9
    endloop
  endfacet
  facet normal 0 0 1
    outer loop
      vertex 32.2699 94.4763 2.9
      vertex 32.2699 90.8237 2.9
      vertex 32.5287 90.5287 2.9
    endloop
  endfacet
  facet normal -0 0 1
    outer loop
      vertex 32.0519 94.15 2.9
      vertex 32.2699 90.8237 2.9
      vertex 32.2699 94.4763 2.9
    endloop
  endfacet
  facet normal 0 0 1
    outer loop
      vertex 32.0519 94.15 2.9
      vertex 32.0519 91.15 2.9
      vertex 32.2699 90.8237 2.9
    endloop
  endfacet
  facet normal -0 0 1
    outer loop
      vertex 31.8784 93.798 2.9
      vertex 32.0519 91.15 2.9
      vertex 32.0519 94.15 2.9
    endloop
  endfacet
  facet normal 0 0 1
    outer loop
      vertex 31.8784 93.798 2.9
      vertex 31.8784 91.502 2.9
      vertex 32.0519 91.15 2.9
    endloop
  endfacet
  facet normal -0 0 1
    outer loop
      vertex 31.7522 93.4265 2.9
      vertex 31.8784 91.502 2.9
      vertex 31.8784 93.798 2.9
    endloop
  endfacet
  facet normal 0 0 1
    outer loop
      vertex 31.7522 93.4265 2.9
      vertex 31.7522 91.8735 2.9
      vertex 31.8784 91.502 2.9
    endloop
  endfacet
  facet normal -0 0 1
    outer loop
      vertex 31.6757 93.0416 2.9
      vertex 31.7522 91.8735 2.9
      vertex 31.7522 93.4265 2.9
    endloop
  endfacet
  facet normal 0 0 1
    outer loop
      vertex 31.6757 93.0416 2.9
      vertex 31.6757 92.2584 2.9
      vertex 31.7522 91.8735 2.9
    endloop
  endfacet
  facet normal 0 -0 1
    outer loop
      vertex 31.6757 92.2584 2.9
      vertex 31.6757 93.0416 2.9
      vertex 31.65 92.65 2.9
    endloop
  endfacet
  facet normal 0 1 -0
    outer loop
      vertex -8.45 60.05 6.3
      vertex -9.45 60.05 13.2
      vertex -8.45 60.05 13.2
    endloop
  endfacet
  facet normal 0 1 0
    outer loop
      vertex -9.45 60.05 13.2
      vertex -8.45 60.05 6.3
      vertex -9.45 60.05 6.3
    endloop
  endfacet
  facet normal 0 0 1
    outer loop
      vertex 38.15 67.85 6.3
      vertex 37.15 60.05 6.3
      vertex 38.15 60.05 6.3
    endloop
  endfacet
  facet normal 0 0 1
    outer loop
      vertex 37.15 60.05 6.3
      vertex 10.5 17.25 6.3
      vertex 37.15 25.05 6.3
    endloop
  endfacet
  facet normal 0 0 1
    outer loop
      vertex -8.45 60.05 6.3
      vertex 37.15 60.05 6.3
      vertex 38.15 67.85 6.3
    endloop
  endfacet
  facet normal 0 0 1
    outer loop
      vertex 10.5 17.25 6.3
      vertex 10 13.5 6.3
      vertex 10.5 13.5 6.3
    endloop
  endfacet
  facet normal 0 0 1
    outer loop
      vertex -10 13.5 6.3
      vertex 10.5 17.25 6.3
      vertex -8.45 25.05 6.3
    endloop
  endfacet
  facet normal -0 0 1
    outer loop
      vertex -8.45 25.05 6.3
      vertex 10.5 17.25 6.3
      vertex -8.45 60.05 6.3
    endloop
  endfacet
  facet normal 0 0 1
    outer loop
      vertex 37.15 60.05 6.3
      vertex -8.45 60.05 6.3
      vertex 10.5 17.25 6.3
    endloop
  endfacet
  facet normal -0 0 1
    outer loop
      vertex -9.45 67.85 6.3
      vertex -8.45 60.05 6.3
      vertex 38.15 67.85 6.3
    endloop
  endfacet
  facet normal -0 0 1
    outer loop
      vertex -9.45 63.5 6.3
      vertex -8.45 60.05 6.3
      vertex -9.45 67.85 6.3
    endloop
  endfacet
  facet normal 0 0 1
    outer loop
      vertex -9.45 63.5 6.3
      vertex -9.45 60.05 6.3
      vertex -8.45 60.05 6.3
    endloop
  endfacet
  facet normal -0 0 1
    outer loop
      vertex -10.5 63.5 6.3
      vertex -9.45 60.05 6.3
      vertex -9.45 63.5 6.3
    endloop
  endfacet
  facet normal 0 0 1
    outer loop
      vertex -9.45 60.05 6.3
      vertex -10.5 63.5 6.3
      vertex -9.45 25.05 6.3
    endloop
  endfacet
  facet normal 0 0 1
    outer loop
      vertex -10.5 13.5 6.3
      vertex -9.45 25.05 6.3
      vertex -10.5 63.5 6.3
    endloop
  endfacet
  facet normal 0 0 1
    outer loop
      vertex -9.45 25.05 6.3
      vertex -10.5 13.5 6.3
      vertex -10 13.5 6.3
    endloop
  endfacet
  facet normal -0 0 1
    outer loop
      vertex 37.15 25.05 6.3
      vertex 38.15 17.25 6.3
      vertex 38.15 25.05 6.3
    endloop
  endfacet
  facet normal 0 0 1
    outer loop
      vertex 38.15 17.25 6.3
      vertex 37.15 25.05 6.3
      vertex 10.5 17.25 6.3
    endloop
  endfacet
  facet normal -0 0 1
    outer loop
      vertex 10 10 6.3
      vertex 10.5 9.5 6.3
      vertex 10.5 10 6.3
    endloop
  endfacet
  facet normal 0 0 1
    outer loop
      vertex 10.5 17.25 6.3
      vertex -10 13.5 6.3
      vertex 10 13.5 6.3
    endloop
  endfacet
  facet normal 0 0 1
    outer loop
      vertex 10 13.5 6.3
      vertex -10 13.5 6.3
      vertex 10 10 6.3
    endloop
  endfacet
  facet normal 0 0 1
    outer loop
      vertex -10 13.5 6.3
      vertex -8.45 25.05 6.3
      vertex -9.45 25.05 6.3
    endloop
  endfacet
  facet normal 0 0 1
    outer loop
      vertex -10 10 6.3
      vertex 10 10 6.3
      vertex -10 13.5 6.3
    endloop
  endfacet
  facet normal 0 0 1
    outer loop
      vertex 10 10 6.3
      vertex -10 10 6.3
      vertex 10.5 9.5 6.3
    endloop
  endfacet
  facet normal 0 0 1
    outer loop
      vertex -10.5 9.5 6.3
      vertex -10 10 6.3
      vertex -10.5 10 6.3
    endloop
  endfacet
  facet normal 0 0 1
    outer loop
      vertex -10 10 6.3
      vertex -10.5 9.5 6.3
      vertex 10.5 9.5 6.3
    endloop
  endfacet
  facet normal -1 0 0
    outer loop
      vertex -9.45 25.05 6.3
      vertex -9.45 60.05 13.2
      vertex -9.45 60.05 6.3
    endloop
  endfacet
  facet normal -1 -0 0
    outer loop
      vertex -9.45 60.05 13.2
      vertex -9.45 25.05 6.3
      vertex -9.45 25.05 13.2
    endloop
  endfacet
  facet normal -0 0 1
    outer loop
      vertex -9.45 60.05 13.2
      vertex -8.45 25.05 13.2
      vertex -8.45 60.05 13.2
    endloop
  endfacet
  facet normal 0 0 1
    outer loop
      vertex -8.45 25.05 13.2
      vertex -9.45 60.05 13.2
      vertex -9.45 25.05 13.2
    endloop
  endfacet
  facet normal 1 -0 0
    outer loop
      vertex -8.45 25.05 13.2
      vertex -8.45 60.05 6.3
      vertex -8.45 60.05 13.2
    endloop
  endfacet
  facet normal 1 0 0
    outer loop
      vertex -8.45 60.05 6.3
      vertex -8.45 25.05 13.2
      vertex -8.45 25.05 6.3
    endloop
  endfacet
  facet normal 0 -1 0
    outer loop
      vertex -9.45 25.05 6.3
      vertex -8.45 25.05 13.2
      vertex -9.45 25.05 13.2
    endloop
  endfacet
  facet normal 0 -1 -0
    outer loop
      vertex -8.45 25.05 13.2
      vertex -9.45 25.05 6.3
      vertex -8.45 25.05 6.3
    endloop
  endfacet
  facet normal 0 1 -0
    outer loop
      vertex 38.15 60.05 6.3
      vertex 37.15 60.05 13.2
      vertex 38.15 60.05 13.2
    endloop
  endfacet
  facet normal 0 1 0
    outer loop
      vertex 37.15 60.05 13.2
      vertex 38.15 60.05 6.3
      vertex 37.15 60.05 6.3
    endloop
  endfacet
  facet normal -1 0 0
    outer loop
      vertex 37.15 25.05 6.3
      vertex 37.15 60.05 13.2
      vertex 37.15 60.05 6.3
    endloop
  endfacet
  facet normal -1 -0 0
    outer loop
      vertex 37.15 60.05 13.2
      vertex 37.15 25.05 6.3
      vertex 37.15 25.05 13.2
    endloop
  endfacet
  facet normal -0 0 1
    outer loop
      vertex 37.15 60.05 13.2
      vertex 38.15 25.05 13.2
      vertex 38.15 60.05 13.2
    endloop
  endfacet
  facet normal 0 0 1
    outer loop
      vertex 38.15 25.05 13.2
      vertex 37.15 60.05 13.2
      vertex 37.15 25.05 13.2
    endloop
  endfacet
  facet normal 1 0 0
    outer loop
      vertex 38.15 60.05 13.2
      vertex 38.15 25.05 13.2
      vertex 38.15 60.05 6.3
    endloop
  endfacet
  facet normal 1 -0 0
    outer loop
      vertex 38.15 60.05 6.3
      vertex 38.15 67.85 2.4
      vertex 38.15 67.85 6.3
    endloop
  endfacet
  facet normal 1 0 0
    outer loop
      vertex 38.15 25.05 6.3
      vertex 38.15 60.05 6.3
      vertex 38.15 25.05 13.2
    endloop
  endfacet
  facet normal 1 0 0
    outer loop
      vertex 38.15 60.05 6.3
      vertex 38.15 25.05 6.3
      vertex 38.15 67.85 2.4
    endloop
  endfacet
  facet normal 1 0 0
    outer loop
      vertex 38.15 17.25 2.4
      vertex 38.15 25.05 6.3
      vertex 38.15 17.25 6.3
    endloop
  endfacet
  facet normal 1 0 0
    outer loop
      vertex 38.15 25.05 6.3
      vertex 38.15 17.25 2.4
      vertex 38.15 67.85 2.4
    endloop
  endfacet
  facet normal 0 -1 0
    outer loop
      vertex 37.15 25.05 6.3
      vertex 38.15 25.05 13.2
      vertex 37.15 25.05 13.2
    endloop
  endfacet
  facet normal 0 -1 -0
    outer loop
      vertex 38.15 25.05 13.2
      vertex 37.15 25.05 6.3
      vertex 38.15 25.05 6.3
    endloop
  endfacet
  facet normal 1 -0 0
    outer loop
      vertex -42.45 18.75 3.8
      vertex -42.45 27.75 2.4
      vertex -42.45 27.75 3.8
    endloop
  endfacet
  facet normal 1 0 0
    outer loop
      vertex -42.45 27.75 2.4
      vertex -42.45 18.75 3.8
      vertex -42.45 18.75 2.4
    endloop
  endfacet
  facet normal 0 1 0
    outer loop
      vertex -43.3 27.75 2.4
      vertex -42.45 27.75 3.8
      vertex -42.45 27.75 2.4
    endloop
  endfacet
  facet normal 0 1 0
    outer loop
      vertex -42.45 27.75 3.8
      vertex -43.3 27.75 2.4
      vertex -43.85 27.75 3.8
    endloop
  endfacet
  facet normal 0 1 0
    outer loop
      vertex -43.85 27.75 2.2
      vertex -43.3 27.75 2.4
      vertex -43.3 27.75 2.2
    endloop
  endfacet
  facet normal 0 1 0
    outer loop
      vertex -43.3 27.75 2.4
      vertex -43.85 27.75 2.2
      vertex -43.85 27.75 3.8
    endloop
  endfacet
  facet normal 0 -1 0
    outer loop
      vertex -43.85 18.75 3.8
      vertex -43.3 18.75 2.4
      vertex -42.45 18.75 3.8
    endloop
  endfacet
  facet normal 0 -1 0
    outer loop
      vertex -43.85 18.75 2.2
      vertex -43.3 18.75 2.4
      vertex -43.85 18.75 3.8
    endloop
  endfacet
  facet normal 0 -1 -0
    outer loop
      vertex -43.3 18.75 2.4
      vertex -43.85 18.75 2.2
      vertex -43.3 18.75 2.2
    endloop
  endfacet
  facet normal 0 -1 -0
    outer loop
      vertex -42.45 18.75 3.8
      vertex -43.3 18.75 2.4
      vertex -42.45 18.75 2.4
    endloop
  endfacet
  facet normal -1 0 0
    outer loop
      vertex -43.85 18.75 2.2
      vertex -43.85 27.75 3.8
      vertex -43.85 27.75 2.2
    endloop
  endfacet
  facet normal -1 -0 0
    outer loop
      vertex -43.85 27.75 3.8
      vertex -43.85 18.75 2.2
      vertex -43.85 18.75 3.8
    endloop
  endfacet
  facet normal 0 0 -1
    outer loop
      vertex -43.85 18.75 2.2
      vertex -43.3 27.75 2.2
      vertex -43.3 18.75 2.2
    endloop
  endfacet
  facet normal -0 0 -1
    outer loop
      vertex -43.3 27.75 2.2
      vertex -43.85 18.75 2.2
      vertex -43.85 27.75 2.2
    endloop
  endfacet
  facet normal -0 0 1
    outer loop
      vertex -43.85 27.75 3.8
      vertex -42.45 18.75 3.8
      vertex -42.45 27.75 3.8
    endloop
  endfacet
  facet normal 0 0 1
    outer loop
      vertex -42.45 18.75 3.8
      vertex -43.85 27.75 3.8
      vertex -43.85 18.75 3.8
    endloop
  endfacet
  facet normal 1 -0 0
    outer loop
      vertex -42.45 82.75 3.8
      vertex -42.45 91.75 2.4
      vertex -42.45 91.75 3.8
    endloop
  endfacet
  facet normal 1 0 0
    outer loop
      vertex -42.45 91.75 2.4
      vertex -42.45 82.75 3.8
      vertex -42.45 82.75 2.4
    endloop
  endfacet
  facet normal 0 1 0
    outer loop
      vertex -43.3 91.75 2.4
      vertex -42.45 91.75 3.8
      vertex -42.45 91.75 2.4
    endloop
  endfacet
  facet normal 0 1 0
    outer loop
      vertex -42.45 91.75 3.8
      vertex -43.3 91.75 2.4
      vertex -43.85 91.75 3.8
    endloop
  endfacet
  facet normal 0 1 0
    outer loop
      vertex -43.85 91.75 2.2
      vertex -43.3 91.75 2.4
      vertex -43.3 91.75 2.2
    endloop
  endfacet
  facet normal 0 1 0
    outer loop
      vertex -43.3 91.75 2.4
      vertex -43.85 91.75 2.2
      vertex -43.85 91.75 3.8
    endloop
  endfacet
  facet normal 0 -1 0
    outer loop
      vertex -43.85 82.75 3.8
      vertex -43.3 82.75 2.4
      vertex -42.45 82.75 3.8
    endloop
  endfacet
  facet normal 0 -1 0
    outer loop
      vertex -43.85 82.75 2.2
      vertex -43.3 82.75 2.4
      vertex -43.85 82.75 3.8
    endloop
  endfacet
  facet normal 0 -1 -0
    outer loop
      vertex -43.3 82.75 2.4
      vertex -43.85 82.75 2.2
      vertex -43.3 82.75 2.2
    endloop
  endfacet
  facet normal 0 -1 -0
    outer loop
      vertex -42.45 82.75 3.8
      vertex -43.3 82.75 2.4
      vertex -42.45 82.75 2.4
    endloop
  endfacet
  facet normal -1 0 0
    outer loop
      vertex -43.85 82.75 2.2
      vertex -43.85 91.75 3.8
      vertex -43.85 91.75 2.2
    endloop
  endfacet
  facet normal -1 -0 0
    outer loop
      vertex -43.85 91.75 3.8
      vertex -43.85 82.75 2.2
      vertex -43.85 82.75 3.8
    endloop
  endfacet
  facet normal 0 0 -1
    outer loop
      vertex -43.85 82.75 2.2
      vertex -43.3 91.75 2.2
      vertex -43.3 82.75 2.2
    endloop
  endfacet
  facet normal -0 0 -1
    outer loop
      vertex -43.3 91.75 2.2
      vertex -43.85 82.75 2.2
      vertex -43.85 91.75 2.2
    endloop
  endfacet
  facet normal -0 0 1
    outer loop
      vertex -43.85 91.75 3.8
      vertex -42.45 82.75 3.8
      vertex -42.45 91.75 3.8
    endloop
  endfacet
  facet normal 0 0 1
    outer loop
      vertex -42.45 82.75 3.8
      vertex -43.85 91.75 3.8
      vertex -43.85 82.75 3.8
    endloop
  endfacet
  facet normal 0.382613 -0.923909 0
    outer loop
      vertex 38.2725 8.27237 1.4
      vertex 38.635 8.42249 2.4
      vertex 38.2725 8.27237 2.4
    endloop
  endfacet
  facet normal 0.382613 -0.923909 0
    outer loop
      vertex 38.635 8.42249 2.4
      vertex 38.2725 8.27237 1.4
      vertex 38.635 8.42249 1.4
    endloop
  endfacet
  facet normal -0.972354 -0.23351 0
    outer loop
      vertex -43.1776 9.87747 1.4
      vertex -43.2692 10.2589 2.4
      vertex -43.2692 10.2589 1.4
    endloop
  endfacet
  facet normal -0.972354 -0.23351 0
    outer loop
      vertex -43.2692 10.2589 2.4
      vertex -43.1776 9.87747 1.4
      vertex -43.1776 9.87747 2.4
    endloop
  endfacet
  facet normal -0.996913 -0.0785092 0
    outer loop
      vertex -43.2692 10.2589 1.4
      vertex -43.3 10.65 2.4
      vertex -43.3 10.65 1.4
    endloop
  endfacet
  facet normal -0.996913 -0.0785092 0
    outer loop
      vertex -43.3 10.65 2.4
      vertex -43.2692 10.2589 1.4
      vertex -43.2692 10.2589 2.4
    endloop
  endfacet
  facet normal 0 1 -0
    outer loop
      vertex 37.5 102.35 1.4
      vertex -40.8 102.35 2.4
      vertex 37.5 102.35 2.4
    endloop
  endfacet
  facet normal 0 1 0
    outer loop
      vertex -40.8 102.35 2.4
      vertex 37.5 102.35 1.4
      vertex -40.8 102.35 1.4
    endloop
  endfacet
  facet normal -1 0 0
    outer loop
      vertex -43.3 99.85 1.4
      vertex -43.3 91.75 2.2
      vertex -43.3 99.85 2.4
    endloop
  endfacet
  facet normal -1 0 0
    outer loop
      vertex -43.3 99.85 1.4
      vertex -43.3 82.75 2.2
      vertex -43.3 91.75 2.2
    endloop
  endfacet
  facet normal -1 0 0
    outer loop
      vertex -43.3 82.75 2.2
      vertex -43.3 27.75 2.2
      vertex -43.3 82.75 2.4
    endloop
  endfacet
  facet normal -1 0 0
    outer loop
      vertex -43.3 99.85 1.4
      vertex -43.3 27.75 2.2
      vertex -43.3 82.75 2.2
    endloop
  endfacet
  facet normal -1 0 0
    outer loop
      vertex -43.3 10.65 1.4
      vertex -43.3 27.75 2.2
      vertex -43.3 99.85 1.4
    endloop
  endfacet
  facet normal -1 -0 0
    outer loop
      vertex -43.3 27.75 2.2
      vertex -43.3 10.65 1.4
      vertex -43.3 18.75 2.2
    endloop
  endfacet
  facet normal -1 0 0
    outer loop
      vertex -43.3 10.65 2.4
      vertex -43.3 18.75 2.2
      vertex -43.3 10.65 1.4
    endloop
  endfacet
  facet normal -1 0 0
    outer loop
      vertex -43.3 18.75 2.2
      vertex -43.3 10.65 2.4
      vertex -43.3 18.75 2.4
    endloop
  endfacet
  facet normal -1 -0 0
    outer loop
      vertex -43.3 99.85 2.4
      vertex -43.3 91.75 2.2
      vertex -43.3 91.75 2.4
    endloop
  endfacet
  facet normal -1 -0 0
    outer loop
      vertex -43.3 82.75 2.4
      vertex -43.3 27.75 2.2
      vertex -43.3 27.75 2.4
    endloop
  endfacet
  facet normal 0.972354 -0.23351 0
    outer loop
      vertex 39.8776 9.87747 2.4
      vertex 39.9692 10.2589 1.4
      vertex 39.9692 10.2589 2.4
    endloop
  endfacet
  facet normal 0.972354 -0.23351 0
    outer loop
      vertex 39.9692 10.2589 1.4
      vertex 39.8776 9.87747 2.4
      vertex 39.8776 9.87747 1.4
    endloop
  endfacet
  facet normal 1 -0 0
    outer loop
      vertex 40 10.65 2.4
      vertex 40 99.85 1.4
      vertex 40 99.85 2.4
    endloop
  endfacet
  facet normal 1 0 0
    outer loop
      vertex 40 99.85 1.4
      vertex 40 10.65 2.4
      vertex 40 10.65 1.4
    endloop
  endfacet
  facet normal -0.761248 0.648461 0
    outer loop
      vertex -42.8225 101.319 1.4
      vertex -42.5678 101.618 2.4
      vertex -42.5678 101.618 1.4
    endloop
  endfacet
  facet normal -0.761248 0.648461 0
    outer loop
      vertex -42.5678 101.618 2.4
      vertex -42.8225 101.319 1.4
      vertex -42.8225 101.319 2.4
    endloop
  endfacet
  facet normal 0 -1 0
    outer loop
      vertex -40.8 8.15001 1.4
      vertex -10.5 8.15001 2.4
      vertex -40.8 8.15001 2.4
    endloop
  endfacet
  facet normal 0 -1 -0
    outer loop
      vertex -10.5 8.15001 2.4
      vertex -40.8 8.15001 1.4
      vertex -10.5 8.15001 1.4
    endloop
  endfacet
  facet normal 0 -1 0
    outer loop
      vertex 10.5 8.15001 1.4
      vertex 37.5 8.15001 2.4
      vertex 10.5 8.15001 2.4
    endloop
  endfacet
  facet normal 0 -1 -0
    outer loop
      vertex 37.5 8.15001 2.4
      vertex 10.5 8.15001 1.4
      vertex 37.5 8.15001 1.4
    endloop
  endfacet
  facet normal 0.996912 0.0785291 0
    outer loop
      vertex 40 99.85 2.4
      vertex 39.9692 100.241 1.4
      vertex 39.9692 100.241 2.4
    endloop
  endfacet
  facet normal 0.996912 0.0785291 0
    outer loop
      vertex 39.9692 100.241 1.4
      vertex 40 99.85 2.4
      vertex 40 99.85 1.4
    endloop
  endfacet
  facet normal 0.761248 0.648461 0
    outer loop
      vertex 39.5225 101.319 2.4
      vertex 39.2678 101.618 1.4
      vertex 39.2678 101.618 2.4
    endloop
  endfacet
  facet normal 0.761248 0.648461 0
    outer loop
      vertex 39.2678 101.618 1.4
      vertex 39.5225 101.319 2.4
      vertex 39.5225 101.319 1.4
    endloop
  endfacet
  facet normal -0.233479 -0.972362 0
    outer loop
      vertex -41.5725 8.27237 1.4
      vertex -41.1911 8.18079 2.4
      vertex -41.5725 8.27237 2.4
    endloop
  endfacet
  facet normal -0.233479 -0.972362 -0
    outer loop
      vertex -41.1911 8.18079 2.4
      vertex -41.5725 8.27237 1.4
      vertex -41.1911 8.18079 1.4
    endloop
  endfacet
  facet normal -0.996912 0.0785291 0
    outer loop
      vertex -43.3 99.85 1.4
      vertex -43.2692 100.241 2.4
      vertex -43.2692 100.241 1.4
    endloop
  endfacet
  facet normal -0.996912 0.0785291 0
    outer loop
      vertex -43.2692 100.241 2.4
      vertex -43.3 99.85 1.4
      vertex -43.3 99.85 2.4
    endloop
  endfacet
  facet normal 0.649459 -0.760396 0
    outer loop
      vertex 38.9695 8.62747 1.4
      vertex 39.2678 8.88225 2.4
      vertex 38.9695 8.62747 2.4
    endloop
  endfacet
  facet normal 0.649459 -0.760396 0
    outer loop
      vertex 39.2678 8.88225 2.4
      vertex 38.9695 8.62747 1.4
      vertex 39.2678 8.88225 1.4
    endloop
  endfacet
  facet normal 0.0784585 -0.996917 0
    outer loop
      vertex 37.5 8.15001 1.4
      vertex 37.8911 8.18079 2.4
      vertex 37.5 8.15001 2.4
    endloop
  endfacet
  facet normal 0.0784585 -0.996917 0
    outer loop
      vertex 37.8911 8.18079 2.4
      vertex 37.5 8.15001 1.4
      vertex 37.8911 8.18079 1.4
    endloop
  endfacet
  facet normal -0.972433 0.23318 0
    outer loop
      vertex -43.2692 100.241 1.4
      vertex -43.1776 100.623 2.4
      vertex -43.1776 100.623 1.4
    endloop
  endfacet
  facet normal -0.972433 0.23318 0
    outer loop
      vertex -43.1776 100.623 2.4
      vertex -43.2692 100.241 1.4
      vertex -43.2692 100.241 2.4
    endloop
  endfacet
  facet normal -0.382352 0.924017 0
    outer loop
      vertex -41.5725 102.228 1.4
      vertex -41.935 102.078 2.4
      vertex -41.5725 102.228 2.4
    endloop
  endfacet
  facet normal -0.382352 0.924017 0
    outer loop
      vertex -41.935 102.078 2.4
      vertex -41.5725 102.228 1.4
      vertex -41.935 102.078 1.4
    endloop
  endfacet
  facet normal 0.760486 -0.649354 0
    outer loop
      vertex 39.2678 8.88225 2.4
      vertex 39.5225 9.18054 1.4
      vertex 39.5225 9.18054 2.4
    endloop
  endfacet
  facet normal 0.760486 -0.649354 0
    outer loop
      vertex 39.5225 9.18054 1.4
      vertex 39.2678 8.88225 2.4
      vertex 39.2678 8.88225 1.4
    endloop
  endfacet
  facet normal 0.923904 -0.382623 0
    outer loop
      vertex 39.7275 9.51503 2.4
      vertex 39.8776 9.87747 1.4
      vertex 39.8776 9.87747 2.4
    endloop
  endfacet
  facet normal 0.923904 -0.382623 0
    outer loop
      vertex 39.8776 9.87747 1.4
      vertex 39.7275 9.51503 2.4
      vertex 39.7275 9.51503 1.4
    endloop
  endfacet
  facet normal 0.649784 0.760119 -0
    outer loop
      vertex 39.2678 101.618 1.4
      vertex 38.9695 101.873 2.4
      vertex 39.2678 101.618 2.4
    endloop
  endfacet
  facet normal 0.649784 0.760119 0
    outer loop
      vertex 38.9695 101.873 2.4
      vertex 39.2678 101.618 1.4
      vertex 38.9695 101.873 1.4
    endloop
  endfacet
  facet normal 0.972433 0.23318 0
    outer loop
      vertex 39.9692 100.241 2.4
      vertex 39.8776 100.623 1.4
      vertex 39.8776 100.623 2.4
    endloop
  endfacet
  facet normal 0.972433 0.23318 0
    outer loop
      vertex 39.8776 100.623 1.4
      vertex 39.9692 100.241 2.4
      vertex 39.9692 100.241 1.4
    endloop
  endfacet
  facet normal 0.852613 -0.522544 0
    outer loop
      vertex 39.5225 9.18054 2.4
      vertex 39.7275 9.51503 1.4
      vertex 39.7275 9.51503 2.4
    endloop
  endfacet
  facet normal 0.852613 -0.522544 0
    outer loop
      vertex 39.7275 9.51503 1.4
      vertex 39.5225 9.18054 2.4
      vertex 39.5225 9.18054 1.4
    endloop
  endfacet
  facet normal 0.382352 0.924017 -0
    outer loop
      vertex 38.635 102.078 1.4
      vertex 38.2725 102.228 2.4
      vertex 38.635 102.078 2.4
    endloop
  endfacet
  facet normal 0.382352 0.924017 0
    outer loop
      vertex 38.2725 102.228 2.4
      vertex 38.635 102.078 1.4
      vertex 38.2725 102.228 1.4
    endloop
  endfacet
  facet normal -0.649784 0.760119 0
    outer loop
      vertex -42.2695 101.873 1.4
      vertex -42.5678 101.618 2.4
      vertex -42.2695 101.873 2.4
    endloop
  endfacet
  facet normal -0.649784 0.760119 0
    outer loop
      vertex -42.5678 101.618 2.4
      vertex -42.2695 101.873 1.4
      vertex -42.5678 101.618 1.4
    endloop
  endfacet
  facet normal -0.522532 0.85262 0
    outer loop
      vertex -41.935 102.078 1.4
      vertex -42.2695 101.873 2.4
      vertex -41.935 102.078 2.4
    endloop
  endfacet
  facet normal -0.522532 0.85262 0
    outer loop
      vertex -42.2695 101.873 2.4
      vertex -41.935 102.078 1.4
      vertex -42.2695 101.873 1.4
    endloop
  endfacet
  facet normal 0.23208 0.972697 -0
    outer loop
      vertex 38.2725 102.228 1.4
      vertex 37.8911 102.319 2.4
      vertex 38.2725 102.228 2.4
    endloop
  endfacet
  facet normal 0.23208 0.972697 0
    outer loop
      vertex 37.8911 102.319 2.4
      vertex 38.2725 102.228 1.4
      vertex 37.8911 102.319 1.4
    endloop
  endfacet
  facet normal 0.522532 0.85262 -0
    outer loop
      vertex 38.9695 101.873 1.4
      vertex 38.635 102.078 2.4
      vertex 38.9695 101.873 2.4
    endloop
  endfacet
  facet normal 0.522532 0.85262 0
    outer loop
      vertex 38.635 102.078 2.4
      vertex 38.9695 101.873 1.4
      vertex 38.635 102.078 1.4
    endloop
  endfacet
  facet normal -0.0790158 0.996873 0
    outer loop
      vertex -40.8 102.35 1.4
      vertex -41.1911 102.319 2.4
      vertex -40.8 102.35 2.4
    endloop
  endfacet
  facet normal -0.0790158 0.996873 0
    outer loop
      vertex -41.1911 102.319 2.4
      vertex -40.8 102.35 1.4
      vertex -41.1911 102.319 1.4
    endloop
  endfacet
  facet normal 0.996913 -0.0785092 0
    outer loop
      vertex 39.9692 10.2589 2.4
      vertex 40 10.65 1.4
      vertex 40 10.65 2.4
    endloop
  endfacet
  facet normal 0.996913 -0.0785092 0
    outer loop
      vertex 40 10.65 1.4
      vertex 39.9692 10.2589 2.4
      vertex 39.9692 10.2589 1.4
    endloop
  endfacet
  facet normal -0.852271 0.5231 0
    outer loop
      vertex -43.0275 100.985 1.4
      vertex -42.8225 101.319 2.4
      vertex -42.8225 101.319 1.4
    endloop
  endfacet
  facet normal -0.852271 0.5231 0
    outer loop
      vertex -42.8225 101.319 2.4
      vertex -43.0275 100.985 1.4
      vertex -43.0275 100.985 2.4
    endloop
  endfacet
  facet normal 0.0790158 0.996873 -0
    outer loop
      vertex 37.8911 102.319 1.4
      vertex 37.5 102.35 2.4
      vertex 37.8911 102.319 2.4
    endloop
  endfacet
  facet normal 0.0790158 0.996873 0
    outer loop
      vertex 37.5 102.35 2.4
      vertex 37.8911 102.319 1.4
      vertex 37.5 102.35 1.4
    endloop
  endfacet
  facet normal -0.92374 0.38302 0
    outer loop
      vertex -43.1776 100.623 1.4
      vertex -43.0275 100.985 2.4
      vertex -43.0275 100.985 1.4
    endloop
  endfacet
  facet normal -0.92374 0.38302 0
    outer loop
      vertex -43.0275 100.985 2.4
      vertex -43.1776 100.623 1.4
      vertex -43.1776 100.623 2.4
    endloop
  endfacet
  facet normal 0.852271 0.5231 0
    outer loop
      vertex 39.7275 100.985 2.4
      vertex 39.5225 101.319 1.4
      vertex 39.5225 101.319 2.4
    endloop
  endfacet
  facet normal 0.852271 0.5231 0
    outer loop
      vertex 39.5225 101.319 1.4
      vertex 39.7275 100.985 2.4
      vertex 39.7275 100.985 1.4
    endloop
  endfacet
  facet normal 0 0 -1
    outer loop
      vertex -38.0818 6.26948 0
      vertex -9 6.3 0
      vertex -37.9911 5.89162 0
    endloop
  endfacet
  facet normal 0 0 -1
    outer loop
      vertex -9.05 57.244 0
      vertex -37.9904 104.613 0
      vertex -37.9599 105 0
    endloop
  endfacet
  facet normal 0 0 -1
    outer loop
      vertex -38.0826 6.27146 0
      vertex -9 6.3 0
      vertex -38.0818 6.26948 0
    endloop
  endfacet
  facet normal 0 0 -1
    outer loop
      vertex -9.05 57.244 0
      vertex -37.9906 104.61 0
      vertex -37.9904 104.613 0
    endloop
  endfacet
  facet normal 0 0 -1
    outer loop
      vertex -38.2313 6.63048 0
      vertex -9 6.3 0
      vertex -38.0826 6.27146 0
    endloop
  endfacet
  facet normal 0 0 -1
    outer loop
      vertex -9.05 57.244 0
      vertex -37.9911 104.608 0
      vertex -37.9906 104.61 0
    endloop
  endfacet
  facet normal 0 0 -1
    outer loop
      vertex -38.4343 6.96181 0
      vertex -9 6.3 0
      vertex -38.2313 6.63048 0
    endloop
  endfacet
  facet normal 0 0 -1
    outer loop
      vertex -9.05 57.244 0
      vertex -38.0818 104.231 0
      vertex -37.9911 104.608 0
    endloop
  endfacet
  facet normal 0 0 -1
    outer loop
      vertex -38.4355 6.96364 0
      vertex -9 6.3 0
      vertex -38.4343 6.96181 0
    endloop
  endfacet
  facet normal 0 0 -1
    outer loop
      vertex -9.05 57.244 0
      vertex -38.0826 104.229 0
      vertex -38.0818 104.231 0
    endloop
  endfacet
  facet normal 0 0 -1
    outer loop
      vertex -38.4369 6.96527 0
      vertex -9 6.3 0
      vertex -38.4355 6.96364 0
    endloop
  endfacet
  facet normal 0 0 -1
    outer loop
      vertex -9.05 57.244 0
      vertex -38.2313 103.87 0
      vertex -38.0826 104.229 0
    endloop
  endfacet
  facet normal 0 0 -1
    outer loop
      vertex -38.6892 7.26076 0
      vertex -9 6.3 0
      vertex -38.4369 6.96527 0
    endloop
  endfacet
  facet normal 0 0 -1
    outer loop
      vertex -9.05 57.244 0
      vertex -38.4343 103.538 0
      vertex -38.2313 103.87 0
    endloop
  endfacet
  facet normal 0 0 -1
    outer loop
      vertex -38.9847 7.51313 0
      vertex -9 6.3 0
      vertex -38.6892 7.26076 0
    endloop
  endfacet
  facet normal 0 0 -1
    outer loop
      vertex -9.05 57.244 0
      vertex -38.4355 103.536 0
      vertex -38.4343 103.538 0
    endloop
  endfacet
  facet normal 0 0 -1
    outer loop
      vertex -38.9864 7.51453 0
      vertex -9 6.3 0
      vertex -38.9847 7.51313 0
    endloop
  endfacet
  facet normal 0 0 -1
    outer loop
      vertex -9.05 57.244 0
      vertex -38.4369 103.535 0
      vertex -38.4355 103.536 0
    endloop
  endfacet
  facet normal 0 0 -1
    outer loop
      vertex -9 6.3 0
      vertex -38.9864 7.51453 0
      vertex -9 54 0
    endloop
  endfacet
  facet normal 0 0 -1
    outer loop
      vertex -9.05 57.244 0
      vertex -38.6892 103.239 0
      vertex -38.4369 103.535 0
    endloop
  endfacet
  facet normal 0 0 -1
    outer loop
      vertex -39.3177 7.71757 0
      vertex -9 54 0
      vertex -38.9864 7.51453 0
    endloop
  endfacet
  facet normal 0 0 -1
    outer loop
      vertex -9.05 57.244 0
      vertex -38.9847 102.987 0
      vertex -38.6892 103.239 0
    endloop
  endfacet
  facet normal 0 0 -1
    outer loop
      vertex -39.3195 7.71869 0
      vertex -9 54 0
      vertex -39.3177 7.71757 0
    endloop
  endfacet
  facet normal 0 0 -1
    outer loop
      vertex -9.05 57.244 0
      vertex -38.9864 102.985 0
      vertex -38.9847 102.987 0
    endloop
  endfacet
  facet normal 0 0 -1
    outer loop
      vertex -39.3215 7.71951 0
      vertex -9 54 0
      vertex -39.3195 7.71869 0
    endloop
  endfacet
  facet normal 0 0 -1
    outer loop
      vertex -9.05 57.244 0
      vertex -39.3177 102.782 0
      vertex -38.9864 102.985 0
    endloop
  endfacet
  facet normal 0 0 -1
    outer loop
      vertex -39.6805 7.86822 0
      vertex -9 54 0
      vertex -39.3215 7.71951 0
    endloop
  endfacet
  facet normal 0 0 -1
    outer loop
      vertex -9.05 57.244 0
      vertex -39.3195 102.781 0
      vertex -39.3177 102.782 0
    endloop
  endfacet
  facet normal 0 0 -1
    outer loop
      vertex -39.6826 7.86872 0
      vertex -9 54 0
      vertex -39.6805 7.86822 0
    endloop
  endfacet
  facet normal 0 0 -1
    outer loop
      vertex -9.05 57.244 0
      vertex -39.3215 102.78 0
      vertex -39.3195 102.781 0
    endloop
  endfacet
  facet normal 0 0 -1
    outer loop
      vertex -40.0605 7.95944 0
      vertex -9 54 0
      vertex -39.6826 7.86872 0
    endloop
  endfacet
  facet normal 0 0 -1
    outer loop
      vertex -9.05 57.244 0
      vertex -39.6805 102.632 0
      vertex -39.3215 102.78 0
    endloop
  endfacet
  facet normal 0 0 -1
    outer loop
      vertex -40.4479 7.98993 0
      vertex -9 54 0
      vertex -40.0605 7.95944 0
    endloop
  endfacet
  facet normal 0 0 -1
    outer loop
      vertex -9.05 57.244 0
      vertex -39.6826 102.631 0
      vertex -39.6805 102.632 0
    endloop
  endfacet
  facet normal 0 0 -1
    outer loop
      vertex -40.45 7.9901 0
      vertex -9 54 0
      vertex -40.4479 7.98993 0
    endloop
  endfacet
  facet normal 0 0 -1
    outer loop
      vertex -9.05 57.244 0
      vertex -40.0605 102.541 0
      vertex -39.6826 102.631 0
    endloop
  endfacet
  facet normal 0 0 -1
    outer loop
      vertex -9.05 57.244 0
      vertex -40.0626 102.54 0
      vertex -40.0605 102.541 0
    endloop
  endfacet
  facet normal 0 0 -1
    outer loop
      vertex -40.4521 7.98993 0
      vertex -9 54 0
      vertex -40.45 7.9901 0
    endloop
  endfacet
  facet normal 0 0 -1
    outer loop
      vertex -40.8395 7.95944 0
      vertex -9 54 0
      vertex -40.4521 7.98993 0
    endloop
  endfacet
  facet normal 0 0 -1
    outer loop
      vertex -9.05 57.244 0
      vertex -40.45 102.51 0
      vertex -40.0626 102.54 0
    endloop
  endfacet
  facet normal 0 0 -1
    outer loop
      vertex -41.2174 7.86872 0
      vertex -9 54 0
      vertex -40.8395 7.95944 0
    endloop
  endfacet
  facet normal 0 0 -1
    outer loop
      vertex -9.05 57.244 0
      vertex -40.8374 102.54 0
      vertex -40.45 102.51 0
    endloop
  endfacet
  facet normal 0 0 -1
    outer loop
      vertex -41.2195 7.86822 0
      vertex -9 54 0
      vertex -41.2174 7.86872 0
    endloop
  endfacet
  facet normal 0 0 -1
    outer loop
      vertex -9.05 57.244 0
      vertex -40.8395 102.541 0
      vertex -40.8374 102.54 0
    endloop
  endfacet
  facet normal -0 0 -1
    outer loop
      vertex -9 54 0
      vertex -41.2195 7.86822 0
      vertex -9.05 57.244 0
    endloop
  endfacet
  facet normal 0 0 -1
    outer loop
      vertex -9.05 57.244 0
      vertex -41.2174 102.631 0
      vertex -40.8395 102.541 0
    endloop
  endfacet
  facet normal 0 0 -1
    outer loop
      vertex -41.2195 102.632 0
      vertex -9.05 57.244 0
      vertex -41.2195 7.86822 0
    endloop
  endfacet
  facet normal 0 0 -1
    outer loop
      vertex -9.05 57.244 0
      vertex -41.2195 102.632 0
      vertex -41.2174 102.631 0
    endloop
  endfacet
  facet normal 0 0 -1
    outer loop
      vertex -41.5785 7.71951 0
      vertex -41.2195 102.632 0
      vertex -41.2195 7.86822 0
    endloop
  endfacet
  facet normal 0 0 -1
    outer loop
      vertex -41.5785 7.71951 0
      vertex -41.5785 102.78 0
      vertex -41.2195 102.632 0
    endloop
  endfacet
  facet normal 0 0 -1
    outer loop
      vertex -41.5805 7.71869 0
      vertex -41.5785 102.78 0
      vertex -41.5785 7.71951 0
    endloop
  endfacet
  facet normal 0 0 -1
    outer loop
      vertex -41.5805 7.71869 0
      vertex -41.5805 102.781 0
      vertex -41.5785 102.78 0
    endloop
  endfacet
  facet normal 0 0 -1
    outer loop
      vertex -41.5823 7.71757 0
      vertex -41.5805 102.781 0
      vertex -41.5805 7.71869 0
    endloop
  endfacet
  facet normal 0 0 -1
    outer loop
      vertex -41.5823 7.71757 0
      vertex -41.5823 102.782 0
      vertex -41.5805 102.781 0
    endloop
  endfacet
  facet normal 0 0 -1
    outer loop
      vertex -41.9136 7.51453 0
      vertex -41.5823 102.782 0
      vertex -41.5823 7.71757 0
    endloop
  endfacet
  facet normal 0 0 -1
    outer loop
      vertex -41.9136 7.51453 0
      vertex -41.9136 102.985 0
      vertex -41.5823 102.782 0
    endloop
  endfacet
  facet normal 0 0 -1
    outer loop
      vertex -41.9153 7.51313 0
      vertex -41.9136 102.985 0
      vertex -41.9136 7.51453 0
    endloop
  endfacet
  facet normal 0 0 -1
    outer loop
      vertex -41.9153 7.51313 0
      vertex -41.9153 102.987 0
      vertex -41.9136 102.985 0
    endloop
  endfacet
  facet normal 0 0 -1
    outer loop
      vertex -42.2108 7.26076 0
      vertex -41.9153 102.987 0
      vertex -41.9153 7.51313 0
    endloop
  endfacet
  facet normal 0 0 -1
    outer loop
      vertex -42.2108 7.26076 0
      vertex -42.2108 103.239 0
      vertex -41.9153 102.987 0
    endloop
  endfacet
  facet normal 0 0 -1
    outer loop
      vertex -42.2122 7.25913 0
      vertex -42.2108 103.239 0
      vertex -42.2108 7.26076 0
    endloop
  endfacet
  facet normal 0 0 -1
    outer loop
      vertex -42.2122 7.25913 0
      vertex -42.2122 103.241 0
      vertex -42.2108 103.239 0
    endloop
  endfacet
  facet normal 0 0 -1
    outer loop
      vertex -42.4645 6.96364 0
      vertex -42.2122 103.241 0
      vertex -42.2122 7.25913 0
    endloop
  endfacet
  facet normal 0 0 -1
    outer loop
      vertex -42.4645 6.96364 0
      vertex -42.4645 103.536 0
      vertex -42.2122 103.241 0
    endloop
  endfacet
  facet normal 0 0 -1
    outer loop
      vertex -43.9536 4.80859 0
      vertex -42.4645 6.96364 0
      vertex -42.6676 6.63231 0
    endloop
  endfacet
  facet normal -0 0 -1
    outer loop
      vertex -42.4645 6.96364 0
      vertex -43.9536 4.80859 0
      vertex -42.4645 103.536 0
    endloop
  endfacet
  facet normal 0 0 -1
    outer loop
      vertex -43.9536 4.80859 0
      vertex -42.6676 6.63231 0
      vertex -42.6687 6.63048 0
    endloop
  endfacet
  facet normal 0 0 -1
    outer loop
      vertex -43.9536 105.691 0
      vertex -42.4645 103.536 0
      vertex -43.9536 4.80859 0
    endloop
  endfacet
  facet normal 0 0 -1
    outer loop
      vertex -43.9536 4.80859 0
      vertex -42.6687 6.63048 0
      vertex -42.6695 6.6285 0
    endloop
  endfacet
  facet normal 0 0 -1
    outer loop
      vertex -42.4645 103.536 0
      vertex -43.9536 105.691 0
      vertex -42.6676 103.868 0
    endloop
  endfacet
  facet normal 0 0 -1
    outer loop
      vertex -43.9536 4.80859 0
      vertex -42.6695 6.6285 0
      vertex -42.8182 6.26948 0
    endloop
  endfacet
  facet normal 0 0 -1
    outer loop
      vertex -42.6676 103.868 0
      vertex -43.9536 105.691 0
      vertex -42.6687 103.87 0
    endloop
  endfacet
  facet normal 0 0 -1
    outer loop
      vertex -43.9536 4.80859 0
      vertex -42.8182 6.26948 0
      vertex -42.9089 5.89162 0
    endloop
  endfacet
  facet normal 0 0 -1
    outer loop
      vertex -42.6687 103.87 0
      vertex -43.9536 105.691 0
      vertex -42.6695 103.872 0
    endloop
  endfacet
  facet normal 0 0 -1
    outer loop
      vertex -43.9536 4.80859 0
      vertex -42.9089 5.89162 0
      vertex -42.9094 5.88954 0
    endloop
  endfacet
  facet normal 0 0 -1
    outer loop
      vertex -42.6695 103.872 0
      vertex -43.9536 105.691 0
      vertex -42.8182 104.231 0
    endloop
  endfacet
  facet normal 0 0 -1
    outer loop
      vertex -43.9536 4.80859 0
      vertex -42.9094 5.88954 0
      vertex -42.9399 5.50214 0
    endloop
  endfacet
  facet normal 0 0 -1
    outer loop
      vertex -42.8182 104.231 0
      vertex -43.9536 105.691 0
      vertex -42.9089 104.608 0
    endloop
  endfacet
  facet normal 0 0 -1
    outer loop
      vertex -43.9536 4.80859 0
      vertex -42.9399 5.50214 0
      vertex -42.9401 5.5 0
    endloop
  endfacet
  facet normal 0 0 -1
    outer loop
      vertex -42.9089 104.608 0
      vertex -43.9536 105.691 0
      vertex -42.9094 104.61 0
    endloop
  endfacet
  facet normal 0 0 -1
    outer loop
      vertex -7 58.756 0
      vertex -9 62 0
      vertex -7 62 0
    endloop
  endfacet
  facet normal -0 0 -1
    outer loop
      vertex -9 62 0
      vertex -9.05 58.756 0
      vertex -9 63.5 0
    endloop
  endfacet
  facet normal 0 0 -1
    outer loop
      vertex -9.05 58.756 0
      vertex -9 62 0
      vertex -7 58.756 0
    endloop
  endfacet
  facet normal 0 0 -1
    outer loop
      vertex 7 58.756 0
      vertex 9 62 0
      vertex 9.05 58.756 0
    endloop
  endfacet
  facet normal -0 0 -1
    outer loop
      vertex 9 62 0
      vertex 7 58.756 0
      vertex 7 62 0
    endloop
  endfacet
  facet normal 0 0 -1
    outer loop
      vertex -9 4.7 0
      vertex 9 6.3 0
      vertex 9 4.7 0
    endloop
  endfacet
  facet normal -0 0 -1
    outer loop
      vertex 9 6.3 0
      vertex -9 4.7 0
      vertex -9 6.3 0
    endloop
  endfacet
  facet normal 0 0 -1
    outer loop
      vertex 42.9089 5.89162 0
      vertex 43.96 5 0
      vertex 42.9094 5.88954 0
    endloop
  endfacet
  facet normal 0 0 -1
    outer loop
      vertex 43.96 105.5 0
      vertex 42.9399 104.998 0
      vertex 42.9401 105 0
    endloop
  endfacet
  facet normal 0 0 -1
    outer loop
      vertex 42.8182 6.26948 0
      vertex 43.96 5 0
      vertex 42.9089 5.89162 0
    endloop
  endfacet
  facet normal 0 0 -1
    outer loop
      vertex 43.96 105.5 0
      vertex 42.9094 104.61 0
      vertex 42.9399 104.998 0
    endloop
  endfacet
  facet normal 0 0 -1
    outer loop
      vertex 42.6695 6.6285 0
      vertex 43.96 5 0
      vertex 42.8182 6.26948 0
    endloop
  endfacet
  facet normal 0 0 -1
    outer loop
      vertex 43.96 105.5 0
      vertex 42.9089 104.608 0
      vertex 42.9094 104.61 0
    endloop
  endfacet
  facet normal 0 0 -1
    outer loop
      vertex 42.6687 6.63048 0
      vertex 43.96 5 0
      vertex 42.6695 6.6285 0
    endloop
  endfacet
  facet normal 0 0 -1
    outer loop
      vertex 43.96 105.5 0
      vertex 42.8182 104.231 0
      vertex 42.9089 104.608 0
    endloop
  endfacet
  facet normal 0 0 -1
    outer loop
      vertex 42.6676 6.63231 0
      vertex 43.96 5 0
      vertex 42.6687 6.63048 0
    endloop
  endfacet
  facet normal 0 0 -1
    outer loop
      vertex 43.96 105.5 0
      vertex 42.6695 103.872 0
      vertex 42.8182 104.231 0
    endloop
  endfacet
  facet normal 0 0 -1
    outer loop
      vertex 42.4645 6.96364 0
      vertex 43.96 5 0
      vertex 42.6676 6.63231 0
    endloop
  endfacet
  facet normal 0 0 -1
    outer loop
      vertex 43.96 105.5 0
      vertex 42.6687 103.87 0
      vertex 42.6695 103.872 0
    endloop
  endfacet
  facet normal 0 0 -1
    outer loop
      vertex 43.96 5 0
      vertex 42.4645 6.96364 0
      vertex 43.96 105.5 0
    endloop
  endfacet
  facet normal 0 0 -1
    outer loop
      vertex 43.96 105.5 0
      vertex 42.6676 103.868 0
      vertex 42.6687 103.87 0
    endloop
  endfacet
  facet normal 0 0 -1
    outer loop
      vertex 42.4645 103.536 0
      vertex 43.96 105.5 0
      vertex 42.4645 6.96364 0
    endloop
  endfacet
  facet normal 0 0 -1
    outer loop
      vertex 43.96 105.5 0
      vertex 42.4645 103.536 0
      vertex 42.6676 103.868 0
    endloop
  endfacet
  facet normal 0 0 -1
    outer loop
      vertex 42.2122 7.25913 0
      vertex 42.4645 103.536 0
      vertex 42.4645 6.96364 0
    endloop
  endfacet
  facet normal 0 0 -1
    outer loop
      vertex 42.2122 7.25913 0
      vertex 42.2122 103.241 0
      vertex 42.4645 103.536 0
    endloop
  endfacet
  facet normal 0 0 -1
    outer loop
      vertex 42.2108 7.26076 0
      vertex 42.2122 103.241 0
      vertex 42.2122 7.25913 0
    endloop
  endfacet
  facet normal 0 0 -1
    outer loop
      vertex 42.2108 7.26076 0
      vertex 42.2108 103.239 0
      vertex 42.2122 103.241 0
    endloop
  endfacet
  facet normal 0 0 -1
    outer loop
      vertex 41.9153 7.51313 0
      vertex 42.2108 103.239 0
      vertex 42.2108 7.26076 0
    endloop
  endfacet
  facet normal 0 0 -1
    outer loop
      vertex 41.9153 7.51313 0
      vertex 41.9153 102.987 0
      vertex 42.2108 103.239 0
    endloop
  endfacet
  facet normal 0 0 -1
    outer loop
      vertex 41.9136 7.51453 0
      vertex 41.9153 102.987 0
      vertex 41.9153 7.51313 0
    endloop
  endfacet
  facet normal 0 0 -1
    outer loop
      vertex 41.9136 7.51453 0
      vertex 41.9136 102.985 0
      vertex 41.9153 102.987 0
    endloop
  endfacet
  facet normal 0 0 -1
    outer loop
      vertex 41.5823 7.71757 0
      vertex 41.9136 102.985 0
      vertex 41.9136 7.51453 0
    endloop
  endfacet
  facet normal 0 0 -1
    outer loop
      vertex 41.5823 7.71757 0
      vertex 41.5823 102.782 0
      vertex 41.9136 102.985 0
    endloop
  endfacet
  facet normal 0 0 -1
    outer loop
      vertex 41.5805 7.71869 0
      vertex 41.5823 102.782 0
      vertex 41.5823 7.71757 0
    endloop
  endfacet
  facet normal 0 0 -1
    outer loop
      vertex 41.5805 7.71869 0
      vertex 41.5805 102.781 0
      vertex 41.5823 102.782 0
    endloop
  endfacet
  facet normal 0 0 -1
    outer loop
      vertex 41.5785 7.71951 0
      vertex 41.5805 102.781 0
      vertex 41.5805 7.71869 0
    endloop
  endfacet
  facet normal 0 0 -1
    outer loop
      vertex 41.5785 7.71951 0
      vertex 41.5785 102.78 0
      vertex 41.5805 102.781 0
    endloop
  endfacet
  facet normal 0 0 -1
    outer loop
      vertex 41.2195 7.86822 0
      vertex 41.5785 102.78 0
      vertex 41.5785 7.71951 0
    endloop
  endfacet
  facet normal 0 0 -1
    outer loop
      vertex 41.2195 7.86822 0
      vertex 41.2195 102.632 0
      vertex 41.5785 102.78 0
    endloop
  endfacet
  facet normal 0 0 -1
    outer loop
      vertex 9 54 0
      vertex 41.2195 7.86822 0
      vertex 41.2174 7.86872 0
    endloop
  endfacet
  facet normal 0 0 -1
    outer loop
      vertex 41.2195 7.86822 0
      vertex 9.05 57.244 0
      vertex 41.2195 102.632 0
    endloop
  endfacet
  facet normal 0 0 -1
    outer loop
      vertex 9 54 0
      vertex 41.2174 7.86872 0
      vertex 40.8395 7.95944 0
    endloop
  endfacet
  facet normal 0 0 -1
    outer loop
      vertex 9.05 58.756 0
      vertex 41.2195 102.632 0
      vertex 9.05 57.244 0
    endloop
  endfacet
  facet normal 0 0 -1
    outer loop
      vertex 9 62 0
      vertex 41.2195 102.632 0
      vertex 9.05 58.756 0
    endloop
  endfacet
  facet normal 0 0 -1
    outer loop
      vertex 9 54 0
      vertex 40.8395 7.95944 0
      vertex 40.4521 7.98993 0
    endloop
  endfacet
  facet normal 0 0 -1
    outer loop
      vertex 9 54 0
      vertex 40.4521 7.98993 0
      vertex 40.45 7.9901 0
    endloop
  endfacet
  facet normal 0 0 -1
    outer loop
      vertex 41.2195 102.632 0
      vertex 9 62 0
      vertex 41.2174 102.631 0
    endloop
  endfacet
  facet normal 0 0 -1
    outer loop
      vertex 9 54 0
      vertex 40.45 7.9901 0
      vertex 40.4479 7.98993 0
    endloop
  endfacet
  facet normal 0 0 -1
    outer loop
      vertex 41.2174 102.631 0
      vertex 9 62 0
      vertex 40.8395 102.541 0
    endloop
  endfacet
  facet normal 0 0 -1
    outer loop
      vertex 9 54 0
      vertex 40.4479 7.98993 0
      vertex 40.0605 7.95944 0
    endloop
  endfacet
  facet normal 0 0 -1
    outer loop
      vertex 9 63.5 0
      vertex 40.8395 102.541 0
      vertex 9 62 0
    endloop
  endfacet
  facet normal 0 0 -1
    outer loop
      vertex 9 54 0
      vertex 40.0605 7.95944 0
      vertex 39.6826 7.86872 0
    endloop
  endfacet
  facet normal 0 0 -1
    outer loop
      vertex 40.8395 102.541 0
      vertex 9 63.5 0
      vertex 40.8374 102.54 0
    endloop
  endfacet
  facet normal 0 0 -1
    outer loop
      vertex 9 54 0
      vertex 39.6826 7.86872 0
      vertex 39.6805 7.86822 0
    endloop
  endfacet
  facet normal 0 0 -1
    outer loop
      vertex 40.8374 102.54 0
      vertex 9 63.5 0
      vertex 40.45 102.51 0
    endloop
  endfacet
  facet normal 0 0 -1
    outer loop
      vertex 9 54 0
      vertex 39.6805 7.86822 0
      vertex 39.3215 7.71951 0
    endloop
  endfacet
  facet normal -0 0 -1
    outer loop
      vertex 40.45 102.51 0
      vertex 9 63.5 0
      vertex 40.0626 102.54 0
    endloop
  endfacet
  facet normal 0 0 -1
    outer loop
      vertex 9 54 0
      vertex 39.3215 7.71951 0
      vertex 39.3195 7.71869 0
    endloop
  endfacet
  facet normal -0 0 -1
    outer loop
      vertex 40.0626 102.54 0
      vertex 9 63.5 0
      vertex 40.0605 102.541 0
    endloop
  endfacet
  facet normal 0 0 -1
    outer loop
      vertex 9 54 0
      vertex 39.3195 7.71869 0
      vertex 39.3177 7.71757 0
    endloop
  endfacet
  facet normal -0 0 -1
    outer loop
      vertex 40.0605 102.541 0
      vertex 9 63.5 0
      vertex 39.6826 102.631 0
    endloop
  endfacet
  facet normal 0 0 -1
    outer loop
      vertex 9 54 0
      vertex 39.3177 7.71757 0
      vertex 38.9864 7.51453 0
    endloop
  endfacet
  facet normal -0 0 -1
    outer loop
      vertex 39.6826 102.631 0
      vertex 9 63.5 0
      vertex 39.6805 102.632 0
    endloop
  endfacet
  facet normal 0 0 -1
    outer loop
      vertex 9 6.3 0
      vertex 38.9864 7.51453 0
      vertex 38.9847 7.51313 0
    endloop
  endfacet
  facet normal -0 0 -1
    outer loop
      vertex 39.6805 102.632 0
      vertex 9 63.5 0
      vertex 39.3215 102.78 0
    endloop
  endfacet
  facet normal 0 0 -1
    outer loop
      vertex 9 6.3 0
      vertex 38.9847 7.51313 0
      vertex 38.6892 7.26076 0
    endloop
  endfacet
  facet normal -0 0 -1
    outer loop
      vertex 39.3215 102.78 0
      vertex 9 63.5 0
      vertex 39.3195 102.781 0
    endloop
  endfacet
  facet normal 0 0 -1
    outer loop
      vertex 9 6.3 0
      vertex 38.6892 7.26076 0
      vertex 38.4369 6.96527 0
    endloop
  endfacet
  facet normal -0 0 -1
    outer loop
      vertex 39.3195 102.781 0
      vertex 9 63.5 0
      vertex 39.3177 102.782 0
    endloop
  endfacet
  facet normal 0 0 -1
    outer loop
      vertex 9 6.3 0
      vertex 38.4369 6.96527 0
      vertex 38.4355 6.96364 0
    endloop
  endfacet
  facet normal -0 0 -1
    outer loop
      vertex 39.3177 102.782 0
      vertex 9 63.5 0
      vertex 38.9864 102.985 0
    endloop
  endfacet
  facet normal 0 0 -1
    outer loop
      vertex 9 6.3 0
      vertex 38.4355 6.96364 0
      vertex 38.4343 6.96181 0
    endloop
  endfacet
  facet normal 0 0 -1
    outer loop
      vertex 2.0354 89.8473 0
      vertex 38.9864 102.985 0
      vertex 9 63.5 0
    endloop
  endfacet
  facet normal 0 0 -1
    outer loop
      vertex 9 6.3 0
      vertex 38.4343 6.96181 0
      vertex 38.2313 6.63048 0
    endloop
  endfacet
  facet normal 0 -0 -1
    outer loop
      vertex 2.14999 90.2 0
      vertex 38.9864 102.985 0
      vertex 2.0354 89.8473 0
    endloop
  endfacet
  facet normal 0 0 -1
    outer loop
      vertex 9 6.3 0
      vertex 38.2313 6.63048 0
      vertex 38.0826 6.27146 0
    endloop
  endfacet
  facet normal -0 0 -1
    outer loop
      vertex 38.9864 102.985 0
      vertex 2.14999 90.2 0
      vertex 38.9847 102.987 0
    endloop
  endfacet
  facet normal 0 0 -1
    outer loop
      vertex 9 6.3 0
      vertex 38.0826 6.27146 0
      vertex 38.0818 6.26948 0
    endloop
  endfacet
  facet normal -0 0 -1
    outer loop
      vertex 38.9847 102.987 0
      vertex 2.14999 90.2 0
      vertex 38.6892 103.239 0
    endloop
  endfacet
  facet normal 0 0 -1
    outer loop
      vertex 9 6.3 0
      vertex 38.0818 6.26948 0
      vertex 37.9911 5.89162 0
    endloop
  endfacet
  facet normal -0 0 -1
    outer loop
      vertex 38.6892 103.239 0
      vertex 2.14999 90.2 0
      vertex 38.4369 103.535 0
    endloop
  endfacet
  facet normal 0 0 -1
    outer loop
      vertex 9 6.3 0
      vertex 37.9911 5.89162 0
      vertex 37.9906 5.88954 0
    endloop
  endfacet
  facet normal -0 0 -1
    outer loop
      vertex 38.4369 103.535 0
      vertex 2.14999 90.2 0
      vertex 38.4355 103.536 0
    endloop
  endfacet
  facet normal 0 0 -1
    outer loop
      vertex 9 6.3 0
      vertex 37.9906 5.88954 0
      vertex 37.9904 5.8874 0
    endloop
  endfacet
  facet normal -0 0 -1
    outer loop
      vertex 38.4355 103.536 0
      vertex 2.14999 93.8 0
      vertex 38.4343 103.538 0
    endloop
  endfacet
  facet normal 0 0 -1
    outer loop
      vertex 9 6.3 0
      vertex 37.9904 5.8874 0
      vertex 37.9599 5.5 0
    endloop
  endfacet
  facet normal -0 0 -1
    outer loop
      vertex 38.4343 103.538 0
      vertex 2.14999 93.8 0
      vertex 38.2313 103.87 0
    endloop
  endfacet
  facet normal 0 0 -1
    outer loop
      vertex 42.9094 5.11046 0
      vertex 43.96 5 0
      vertex 43.9595 4.98868 0
    endloop
  endfacet
  facet normal 0 0 -1
    outer loop
      vertex 42.9399 5.50214 0
      vertex 43.96 5 0
      vertex 42.9401 5.5 0
    endloop
  endfacet
  facet normal 0 0 -1
    outer loop
      vertex 42.9089 5.10838 0
      vertex 43.9595 4.98868 0
      vertex 43.934 4.60673 0
    endloop
  endfacet
  facet normal 0 0 -1
    outer loop
      vertex 42.9094 5.88954 0
      vertex 43.96 5 0
      vertex 42.9399 5.50214 0
    endloop
  endfacet
  facet normal 0 0 -1
    outer loop
      vertex 43.9304 4.58436 0
      vertex 43.934 4.60673 0
      vertex 43.9326 4.59547 0
    endloop
  endfacet
  facet normal 0 0 -1
    outer loop
      vertex 42.9399 105.002 0
      vertex 43.96 105.5 0
      vertex 42.9401 105 0
    endloop
  endfacet
  facet normal -0 0 -1
    outer loop
      vertex 43.934 4.60673 0
      vertex 43.9304 4.58436 0
      vertex 42.8182 4.73052 0
    endloop
  endfacet
  facet normal 0 0 -1
    outer loop
      vertex 42.9094 105.39 0
      vertex 43.96 105.5 0
      vertex 42.9399 105.002 0
    endloop
  endfacet
  facet normal 0 0 -1
    outer loop
      vertex 42.8182 4.73052 0
      vertex 43.9304 4.58436 0
      vertex 43.8542 4.20921 0
    endloop
  endfacet
  facet normal -0 0 -1
    outer loop
      vertex 43.96 105.5 0
      vertex 42.9094 105.39 0
      vertex 43.9595 105.511 0
    endloop
  endfacet
  facet normal 0 0 -1
    outer loop
      vertex 42.8182 4.73052 0
      vertex 43.8542 4.20921 0
      vertex 43.8511 4.19831 0
    endloop
  endfacet
  facet normal 0 0 -1
    outer loop
      vertex 42.9089 105.392 0
      vertex 43.9595 105.511 0
      vertex 42.9094 105.39 0
    endloop
  endfacet
  facet normal 0 0 -1
    outer loop
      vertex 42.6695 4.3715 0
      vertex 43.8511 4.19831 0
      vertex 43.7255 3.83668 0
    endloop
  endfacet
  facet normal -0 0 -1
    outer loop
      vertex 43.9595 105.511 0
      vertex 42.9089 105.392 0
      vertex 43.934 105.893 0
    endloop
  endfacet
  facet normal 0 0 -1
    outer loop
      vertex 43.7169 3.81576 0
      vertex 43.7255 3.83668 0
      vertex 43.7216 3.82605 0
    endloop
  endfacet
  facet normal 0 0 -1
    outer loop
      vertex 42.8182 105.769 0
      vertex 43.934 105.893 0
      vertex 42.9089 105.392 0
    endloop
  endfacet
  facet normal -0 0 -1
    outer loop
      vertex 43.7255 3.83668 0
      vertex 43.7169 3.81576 0
      vertex 42.6687 4.36952 0
    endloop
  endfacet
  facet normal 0 -0 -1
    outer loop
      vertex 43.9304 105.916 0
      vertex 43.934 105.893 0
      vertex 42.8182 105.769 0
    endloop
  endfacet
  facet normal 0 0 -1
    outer loop
      vertex 42.6676 4.36769 0
      vertex 43.7169 3.81576 0
      vertex 43.5442 3.47409 0
    endloop
  endfacet
  facet normal 0 0 -1
    outer loop
      vertex 43.934 105.893 0
      vertex 43.9304 105.916 0
      vertex 43.9326 105.905 0
    endloop
  endfacet
  facet normal 0 0 -1
    outer loop
      vertex 43.5324 3.45479 0
      vertex 43.5442 3.47409 0
      vertex 43.5387 3.46421 0
    endloop
  endfacet
  facet normal -0 0 -1
    outer loop
      vertex 43.9304 105.916 0
      vertex 42.8182 105.769 0
      vertex 43.8542 106.291 0
    endloop
  endfacet
  facet normal -0 0 -1
    outer loop
      vertex 43.5442 3.47409 0
      vertex 43.5324 3.45479 0
      vertex 42.4645 4.03636 0
    endloop
  endfacet
  facet normal -0 0 -1
    outer loop
      vertex 43.8542 106.291 0
      vertex 42.8182 105.769 0
      vertex 43.8511 106.302 0
    endloop
  endfacet
  facet normal 0 0 -1
    outer loop
      vertex 42.4645 4.03636 0
      vertex 43.5324 3.45479 0
      vertex 43.3157 3.13918 0
    endloop
  endfacet
  facet normal 0 0 -1
    outer loop
      vertex 42.6695 106.128 0
      vertex 43.8511 106.302 0
      vertex 42.8182 105.769 0
    endloop
  endfacet
  facet normal 0 0 -1
    outer loop
      vertex 42.4645 4.03636 0
      vertex 43.3157 3.13918 0
      vertex 43.3087 3.13028 0
    endloop
  endfacet
  facet normal -0 0 -1
    outer loop
      vertex 43.8511 106.302 0
      vertex 42.6695 106.128 0
      vertex 43.7255 106.663 0
    endloop
  endfacet
  facet normal 0 0 -1
    outer loop
      vertex 42.2122 3.74087 0
      vertex 43.3087 3.13028 0
      vertex 43.0519 2.84635 0
    endloop
  endfacet
  facet normal 0 0 -1
    outer loop
      vertex 42.6687 106.13 0
      vertex 43.7255 106.663 0
      vertex 42.6695 106.128 0
    endloop
  endfacet
  facet normal 0 0 -1
    outer loop
      vertex 43.0359 2.83034 0
      vertex 43.0519 2.84635 0
      vertex 43.0442 2.83803 0
    endloop
  endfacet
  facet normal 0 -0 -1
    outer loop
      vertex 43.7169 106.684 0
      vertex 43.7255 106.663 0
      vertex 42.6687 106.13 0
    endloop
  endfacet
  facet normal -0 0 -1
    outer loop
      vertex 43.0519 2.84635 0
      vertex 43.0359 2.83034 0
      vertex 42.2108 3.73924 0
    endloop
  endfacet
  facet normal 0 0 -1
    outer loop
      vertex 43.7255 106.663 0
      vertex 43.7169 106.684 0
      vertex 43.7216 106.674 0
    endloop
  endfacet
  facet normal 0 0 -1
    outer loop
      vertex 42.6676 106.132 0
      vertex 43.7169 106.684 0
      vertex 42.6687 106.13 0
    endloop
  endfacet
  facet normal 0 0 -1
    outer loop
      vertex 43.96 5 0
      vertex 42.9399 5.49786 0
      vertex 42.9401 5.5 0
    endloop
  endfacet
  facet normal 0 0 -1
    outer loop
      vertex 43.96 5 0
      vertex 42.9094 5.11046 0
      vertex 42.9399 5.49786 0
    endloop
  endfacet
  facet normal 0 0 -1
    outer loop
      vertex 43.9595 4.98868 0
      vertex 42.9089 5.10838 0
      vertex 42.9094 5.11046 0
    endloop
  endfacet
  facet normal 0 0 -1
    outer loop
      vertex 43.934 4.60673 0
      vertex 42.8182 4.73052 0
      vertex 42.9089 5.10838 0
    endloop
  endfacet
  facet normal 0 0 -1
    outer loop
      vertex 42.2108 3.73924 0
      vertex 43.0359 2.83034 0
      vertex 42.7436 2.58319 0
    endloop
  endfacet
  facet normal 0 0 -1
    outer loop
      vertex 42.7253 2.56988 0
      vertex 42.7436 2.58319 0
      vertex 42.7347 2.57617 0
    endloop
  endfacet
  facet normal -0 0 -1
    outer loop
      vertex 42.7436 2.58319 0
      vertex 42.7253 2.56988 0
      vertex 41.9153 3.48686 0
    endloop
  endfacet
  facet normal 0 0 -1
    outer loop
      vertex 43.8511 4.19831 0
      vertex 42.6695 4.3715 0
      vertex 42.8182 4.73052 0
    endloop
  endfacet
  facet normal 0 0 -1
    outer loop
      vertex 43.7255 3.83668 0
      vertex 42.6687 4.36952 0
      vertex 42.6695 4.3715 0
    endloop
  endfacet
  facet normal 0 0 -1
    outer loop
      vertex 43.7169 3.81576 0
      vertex 42.6676 4.36769 0
      vertex 42.6687 4.36952 0
    endloop
  endfacet
  facet normal 0 0 -1
    outer loop
      vertex 43.5442 3.47409 0
      vertex 42.4645 4.03636 0
      vertex 42.6676 4.36769 0
    endloop
  endfacet
  facet normal 0 0 -1
    outer loop
      vertex 41.9136 3.48547 0
      vertex 42.7253 2.56988 0
      vertex 42.4026 2.3639 0
    endloop
  endfacet
  facet normal 0 0 -1
    outer loop
      vertex 41.9136 3.48547 0
      vertex 42.4026 2.3639 0
      vertex 42.3927 2.35836 0
    endloop
  endfacet
  facet normal 0 0 -1
    outer loop
      vertex 43.3087 3.13028 0
      vertex 42.2122 3.74087 0
      vertex 42.4645 4.03636 0
    endloop
  endfacet
  facet normal 0 0 -1
    outer loop
      vertex 43.0519 2.84635 0
      vertex 42.2108 3.73924 0
      vertex 42.2122 3.74087 0
    endloop
  endfacet
  facet normal 0 0 -1
    outer loop
      vertex 41.5823 3.28243 0
      vertex 42.3927 2.35836 0
      vertex 42.0454 2.19723 0
    endloop
  endfacet
  facet normal 0 0 -1
    outer loop
      vertex 42.0245 2.18856 0
      vertex 42.0454 2.19723 0
      vertex 42.0352 2.19248 0
    endloop
  endfacet
  facet normal -0 0 -1
    outer loop
      vertex 42.0454 2.19723 0
      vertex 42.0245 2.18856 0
      vertex 41.5805 3.28131 0
    endloop
  endfacet
  facet normal 0 0 -1
    outer loop
      vertex 42.7436 2.58319 0
      vertex 41.9153 3.48686 0
      vertex 42.2108 3.73924 0
    endloop
  endfacet
  facet normal 0 0 -1
    outer loop
      vertex 42.7253 2.56988 0
      vertex 41.9136 3.48547 0
      vertex 41.9153 3.48686 0
    endloop
  endfacet
  facet normal 0 0 -1
    outer loop
      vertex 41.5785 3.28049 0
      vertex 42.0245 2.18856 0
      vertex 41.6589 2.07514 0
    endloop
  endfacet
  facet normal 0 0 -1
    outer loop
      vertex 41.6369 2.06985 0
      vertex 41.6589 2.07514 0
      vertex 41.648 2.07206 0
    endloop
  endfacet
  facet normal -0 0 -1
    outer loop
      vertex 41.6589 2.07514 0
      vertex 41.6369 2.06985 0
      vertex 41.2195 3.13178 0
    endloop
  endfacet
  facet normal 0 0 -1
    outer loop
      vertex 42.3927 2.35836 0
      vertex 41.5823 3.28243 0
      vertex 41.9136 3.48547 0
    endloop
  endfacet
  facet normal 0 0 -1
    outer loop
      vertex 42.0454 2.19723 0
      vertex 41.5805 3.28131 0
      vertex 41.5823 3.28243 0
    endloop
  endfacet
  facet normal 0 0 -1
    outer loop
      vertex 42.0245 2.18856 0
      vertex 41.5785 3.28049 0
      vertex 41.5805 3.28131 0
    endloop
  endfacet
  facet normal 0 0 -1
    outer loop
      vertex 41.2195 3.13178 0
      vertex 41.6369 2.06985 0
      vertex 41.2594 2.00617 0
    endloop
  endfacet
  facet normal 0 0 -1
    outer loop
      vertex 41.2368 2.0044 0
      vertex 41.2594 2.00617 0
      vertex 41.2482 2.00484 0
    endloop
  endfacet
  facet normal -0 0 -1
    outer loop
      vertex 41.2594 2.00617 0
      vertex 41.2368 2.0044 0
      vertex 41.2174 3.13128 0
    endloop
  endfacet
  facet normal 0 0 -1
    outer loop
      vertex 41.6589 2.07514 0
      vertex 41.2195 3.13178 0
      vertex 41.5785 3.28049 0
    endloop
  endfacet
  facet normal 0 0 -1
    outer loop
      vertex 41.2594 2.00617 0
      vertex 41.2174 3.13128 0
      vertex 41.2195 3.13178 0
    endloop
  endfacet
  facet normal 0 0 -1
    outer loop
      vertex 40.8395 3.04056 0
      vertex 41.2368 2.0044 0
      vertex 40.8542 1.9916 0
    endloop
  endfacet
  facet normal 0 0 -1
    outer loop
      vertex 41.2368 2.0044 0
      vertex 40.8395 3.04056 0
      vertex 41.2174 3.13128 0
    endloop
  endfacet
  facet normal 0 0 -1
    outer loop
      vertex 40.8542 1.9916 0
      vertex 40.8374 3.04039 0
      vertex 40.8395 3.04056 0
    endloop
  endfacet
  facet normal 0 0 -1
    outer loop
      vertex 40.8542 1.9916 0
      vertex 40.45 3.0099 0
      vertex 40.8374 3.04039 0
    endloop
  endfacet
  facet normal 0 0 -1
    outer loop
      vertex 40.8542 1.9916 0
      vertex 40.0626 3.04039 0
      vertex 40.45 3.0099 0
    endloop
  endfacet
  facet normal 0 0 -1
    outer loop
      vertex 40.8542 1.9916 0
      vertex 40.0605 3.04056 0
      vertex 40.0626 3.04039 0
    endloop
  endfacet
  facet normal 0 0 -1
    outer loop
      vertex 40.8542 1.9916 0
      vertex 39.6826 3.13128 0
      vertex 40.0605 3.04056 0
    endloop
  endfacet
  facet normal 0 0 -1
    outer loop
      vertex 40.8542 1.9916 0
      vertex 39.6805 3.13178 0
      vertex 39.6826 3.13128 0
    endloop
  endfacet
  facet normal 0 0 -1
    outer loop
      vertex 40.8542 1.9916 0
      vertex 39.3215 3.28049 0
      vertex 39.6805 3.13178 0
    endloop
  endfacet
  facet normal 0 0 -1
    outer loop
      vertex 40.8542 1.9916 0
      vertex 39.3195 3.28131 0
      vertex 39.3215 3.28049 0
    endloop
  endfacet
  facet normal 0 0 -1
    outer loop
      vertex 40.8542 1.9916 0
      vertex 39.3177 3.28243 0
      vertex 39.3195 3.28131 0
    endloop
  endfacet
  facet normal 0 0 -1
    outer loop
      vertex 40.8542 1.9916 0
      vertex 38.9864 3.48547 0
      vertex 39.3177 3.28243 0
    endloop
  endfacet
  facet normal 0 0 -1
    outer loop
      vertex 9 4.7 0
      vertex 37.9904 5.1126 0
      vertex 37.9906 5.11046 0
    endloop
  endfacet
  facet normal -0 0 -1
    outer loop
      vertex 38.2313 103.87 0
      vertex 2.14999 93.8 0
      vertex 38.0826 104.229 0
    endloop
  endfacet
  facet normal -0 0 -1
    outer loop
      vertex 37.9904 5.1126 0
      vertex 9 4.7 0
      vertex 37.9599 5.5 0
    endloop
  endfacet
  facet normal 0 0 -1
    outer loop
      vertex 9 1.9916 0
      vertex 37.9906 5.11046 0
      vertex 37.9911 5.10838 0
    endloop
  endfacet
  facet normal 0 0 -1
    outer loop
      vertex 9 1.9916 0
      vertex 37.9911 5.10838 0
      vertex 38.0818 4.73052 0
    endloop
  endfacet
  facet normal 0 0 -1
    outer loop
      vertex 9 1.9916 0
      vertex 38.0818 4.73052 0
      vertex 38.0826 4.72853 0
    endloop
  endfacet
  facet normal 0 0 -1
    outer loop
      vertex 9 1.9916 0
      vertex 38.0826 4.72853 0
      vertex 38.2313 4.36952 0
    endloop
  endfacet
  facet normal 0 0 -1
    outer loop
      vertex 9 1.9916 0
      vertex 38.9864 3.48547 0
      vertex 40.8542 1.9916 0
    endloop
  endfacet
  facet normal 0 0 -1
    outer loop
      vertex 9 1.9916 0
      vertex 38.9847 3.48686 0
      vertex 38.9864 3.48547 0
    endloop
  endfacet
  facet normal 0 0 -1
    outer loop
      vertex 9 1.9916 0
      vertex 38.6892 3.73924 0
      vertex 38.9847 3.48686 0
    endloop
  endfacet
  facet normal 0 0 -1
    outer loop
      vertex 9 1.9916 0
      vertex 38.4369 4.03473 0
      vertex 38.6892 3.73924 0
    endloop
  endfacet
  facet normal 0 0 -1
    outer loop
      vertex 9 1.9916 0
      vertex 38.4355 4.03636 0
      vertex 38.4369 4.03473 0
    endloop
  endfacet
  facet normal 0 0 -1
    outer loop
      vertex 9 1.9916 0
      vertex 38.4343 4.03819 0
      vertex 38.4355 4.03636 0
    endloop
  endfacet
  facet normal 0 0 -1
    outer loop
      vertex 9 1.9916 0
      vertex 38.2313 4.36952 0
      vertex 38.4343 4.03819 0
    endloop
  endfacet
  facet normal 0 0 -1
    outer loop
      vertex 37.9906 5.11046 0
      vertex 9 1.9916 0
      vertex 9 4.7 0
    endloop
  endfacet
  facet normal -0 0 -1
    outer loop
      vertex 37.9599 5.5 0
      vertex 9 4.7 0
      vertex 9 6.3 0
    endloop
  endfacet
  facet normal -0 0 -1
    outer loop
      vertex 38.9864 7.51453 0
      vertex 9 6.3 0
      vertex 9 54 0
    endloop
  endfacet
  facet normal 0 0 -1
    outer loop
      vertex 41.2195 7.86822 0
      vertex 9 54 0
      vertex 9.05 57.244 0
    endloop
  endfacet
  facet normal 0 0 -1
    outer loop
      vertex 7 57.244 0
      vertex 9 54 0
      vertex 7 54 0
    endloop
  endfacet
  facet normal 0 0 -1
    outer loop
      vertex 9 54 0
      vertex 7 57.244 0
      vertex 9.05 57.244 0
    endloop
  endfacet
  facet normal -0 0 -1
    outer loop
      vertex 43.7169 106.684 0
      vertex 42.6676 106.132 0
      vertex 43.5442 107.026 0
    endloop
  endfacet
  facet normal 0 0 -1
    outer loop
      vertex 42.4645 106.464 0
      vertex 43.5442 107.026 0
      vertex 42.6676 106.132 0
    endloop
  endfacet
  facet normal 0 -0 -1
    outer loop
      vertex 43.5324 107.045 0
      vertex 43.5442 107.026 0
      vertex 42.4645 106.464 0
    endloop
  endfacet
  facet normal 0 0 -1
    outer loop
      vertex 43.5442 107.026 0
      vertex 43.5324 107.045 0
      vertex 43.5387 107.036 0
    endloop
  endfacet
  facet normal -0 0 -1
    outer loop
      vertex 43.5324 107.045 0
      vertex 42.4645 106.464 0
      vertex 43.3157 107.361 0
    endloop
  endfacet
  facet normal -0 0 -1
    outer loop
      vertex 43.3157 107.361 0
      vertex 42.4645 106.464 0
      vertex 43.3087 107.37 0
    endloop
  endfacet
  facet normal 0 0 -1
    outer loop
      vertex 42.2122 106.759 0
      vertex 43.3087 107.37 0
      vertex 42.4645 106.464 0
    endloop
  endfacet
  facet normal -0 0 -1
    outer loop
      vertex 43.3087 107.37 0
      vertex 42.2122 106.759 0
      vertex 43.0519 107.654 0
    endloop
  endfacet
  facet normal 0 0 -1
    outer loop
      vertex 42.2108 106.761 0
      vertex 43.0519 107.654 0
      vertex 42.2122 106.759 0
    endloop
  endfacet
  facet normal 0 -0 -1
    outer loop
      vertex 43.0359 107.67 0
      vertex 43.0519 107.654 0
      vertex 42.2108 106.761 0
    endloop
  endfacet
  facet normal 0 0 -1
    outer loop
      vertex 43.0519 107.654 0
      vertex 43.0359 107.67 0
      vertex 43.0442 107.662 0
    endloop
  endfacet
  facet normal -0 0 -1
    outer loop
      vertex 43.0359 107.67 0
      vertex 42.2108 106.761 0
      vertex 42.7436 107.917 0
    endloop
  endfacet
  facet normal 0 0 -1
    outer loop
      vertex 41.9153 107.013 0
      vertex 42.7436 107.917 0
      vertex 42.2108 106.761 0
    endloop
  endfacet
  facet normal 0 -0 -1
    outer loop
      vertex 42.7253 107.93 0
      vertex 42.7436 107.917 0
      vertex 41.9153 107.013 0
    endloop
  endfacet
  facet normal 0 0 -1
    outer loop
      vertex 42.7436 107.917 0
      vertex 42.7253 107.93 0
      vertex 42.7347 107.924 0
    endloop
  endfacet
  facet normal 0 0 -1
    outer loop
      vertex 41.9136 107.015 0
      vertex 42.7253 107.93 0
      vertex 41.9153 107.013 0
    endloop
  endfacet
  facet normal -0 0 -1
    outer loop
      vertex 42.7253 107.93 0
      vertex 41.9136 107.015 0
      vertex 42.4026 108.136 0
    endloop
  endfacet
  facet normal -0 0 -1
    outer loop
      vertex 42.4026 108.136 0
      vertex 41.9136 107.015 0
      vertex 42.3927 108.142 0
    endloop
  endfacet
  facet normal 0 0 -1
    outer loop
      vertex 41.5823 107.218 0
      vertex 42.3927 108.142 0
      vertex 41.9136 107.015 0
    endloop
  endfacet
  facet normal -0 0 -1
    outer loop
      vertex 42.3927 108.142 0
      vertex 41.5823 107.218 0
      vertex 42.0454 108.303 0
    endloop
  endfacet
  facet normal 0 0 -1
    outer loop
      vertex 41.5805 107.219 0
      vertex 42.0454 108.303 0
      vertex 41.5823 107.218 0
    endloop
  endfacet
  facet normal 0 -0 -1
    outer loop
      vertex 42.0245 108.311 0
      vertex 42.0454 108.303 0
      vertex 41.5805 107.219 0
    endloop
  endfacet
  facet normal 0 0 -1
    outer loop
      vertex 42.0454 108.303 0
      vertex 42.0245 108.311 0
      vertex 42.0352 108.308 0
    endloop
  endfacet
  facet normal 0 0 -1
    outer loop
      vertex 41.5785 107.22 0
      vertex 42.0245 108.311 0
      vertex 41.5805 107.219 0
    endloop
  endfacet
  facet normal -0 0 -1
    outer loop
      vertex 42.0245 108.311 0
      vertex 41.5785 107.22 0
      vertex 41.6589 108.425 0
    endloop
  endfacet
  facet normal 0 0 -1
    outer loop
      vertex 41.2195 107.368 0
      vertex 41.6589 108.425 0
      vertex 41.5785 107.22 0
    endloop
  endfacet
  facet normal 0 -0 -1
    outer loop
      vertex 41.6369 108.43 0
      vertex 41.6589 108.425 0
      vertex 41.2195 107.368 0
    endloop
  endfacet
  facet normal 0 0 -1
    outer loop
      vertex 41.6589 108.425 0
      vertex 41.6369 108.43 0
      vertex 41.648 108.428 0
    endloop
  endfacet
  facet normal -0 0 -1
    outer loop
      vertex 41.6369 108.43 0
      vertex 41.2195 107.368 0
      vertex 41.2594 108.494 0
    endloop
  endfacet
  facet normal 0 0 -1
    outer loop
      vertex 41.2174 107.369 0
      vertex 41.2594 108.494 0
      vertex 41.2195 107.368 0
    endloop
  endfacet
  facet normal 0 -0 -1
    outer loop
      vertex 41.2368 108.496 0
      vertex 41.2594 108.494 0
      vertex 41.2174 107.369 0
    endloop
  endfacet
  facet normal 0 0 -1
    outer loop
      vertex 41.2594 108.494 0
      vertex 41.2368 108.496 0
      vertex 41.2482 108.495 0
    endloop
  endfacet
  facet normal 0 0 -1
    outer loop
      vertex 40.8395 107.459 0
      vertex 41.2368 108.496 0
      vertex 41.2174 107.369 0
    endloop
  endfacet
  facet normal -0 0 -1
    outer loop
      vertex 41.2368 108.496 0
      vertex 40.8395 107.459 0
      vertex 40.8542 108.508 0
    endloop
  endfacet
  facet normal 0 0 -1
    outer loop
      vertex 40.4521 107.49 0
      vertex 40.8542 108.508 0
      vertex 40.8395 107.459 0
    endloop
  endfacet
  facet normal 0 0 -1
    outer loop
      vertex 40.45 107.49 0
      vertex 40.8542 108.508 0
      vertex 40.4521 107.49 0
    endloop
  endfacet
  facet normal 0 0 -1
    outer loop
      vertex 40.4479 107.49 0
      vertex 40.8542 108.508 0
      vertex 40.45 107.49 0
    endloop
  endfacet
  facet normal 0 0 -1
    outer loop
      vertex 40.0605 107.459 0
      vertex 40.8542 108.508 0
      vertex 40.4479 107.49 0
    endloop
  endfacet
  facet normal 0 0 -1
    outer loop
      vertex 39.6826 107.369 0
      vertex 40.8542 108.508 0
      vertex 40.0605 107.459 0
    endloop
  endfacet
  facet normal 0 0 -1
    outer loop
      vertex 39.6805 107.368 0
      vertex 40.8542 108.508 0
      vertex 39.6826 107.369 0
    endloop
  endfacet
  facet normal 0 0 -1
    outer loop
      vertex 39.3215 107.22 0
      vertex 40.8542 108.508 0
      vertex 39.6805 107.368 0
    endloop
  endfacet
  facet normal 0 0 -1
    outer loop
      vertex 39.3195 107.219 0
      vertex 40.8542 108.508 0
      vertex 39.3215 107.22 0
    endloop
  endfacet
  facet normal 0 0 -1
    outer loop
      vertex 39.3177 107.218 0
      vertex 40.8542 108.508 0
      vertex 39.3195 107.219 0
    endloop
  endfacet
  facet normal 0 0 -1
    outer loop
      vertex 38.9864 107.015 0
      vertex 40.8542 108.508 0
      vertex 39.3177 107.218 0
    endloop
  endfacet
  facet normal 0 0 -1
    outer loop
      vertex 38.2313 106.13 0
      vertex 38.4355 106.464 0
      vertex 38.4343 106.462 0
    endloop
  endfacet
  facet normal 0 0 -1
    outer loop
      vertex 37.9599 105 0
      vertex 37.9906 105.39 0
      vertex 37.9904 105.387 0
    endloop
  endfacet
  facet normal -0 0 -1
    outer loop
      vertex 38.0826 104.229 0
      vertex 2.14999 93.8 0
      vertex 38.0818 104.231 0
    endloop
  endfacet
  facet normal -0 0 -1
    outer loop
      vertex 38.0818 104.231 0
      vertex 2.14999 93.8 0
      vertex 37.9911 104.608 0
    endloop
  endfacet
  facet normal -0 0 -1
    outer loop
      vertex 37.9911 104.608 0
      vertex 2.14999 93.8 0
      vertex 37.9906 104.61 0
    endloop
  endfacet
  facet normal 0 0 -1
    outer loop
      vertex 1.90266 94.2854 0
      vertex 37.9906 104.61 0
      vertex 2.14999 93.8 0
    endloop
  endfacet
  facet normal -0 0 -1
    outer loop
      vertex 37.9906 104.61 0
      vertex 1.90266 94.2854 0
      vertex 37.9904 104.613 0
    endloop
  endfacet
  facet normal -0 0 -1
    outer loop
      vertex 37.9904 104.613 0
      vertex 1.90266 94.2854 0
      vertex 37.9599 105 0
    endloop
  endfacet
  facet normal -0 0 -1
    outer loop
      vertex 37.9599 105 0
      vertex 1.90266 94.2854 0
      vertex 37.9906 105.39 0
    endloop
  endfacet
  facet normal -0 0 -1
    outer loop
      vertex 37.9906 105.39 0
      vertex 1.90266 94.2854 0
      vertex 37.9911 105.392 0
    endloop
  endfacet
  facet normal -0 0 -1
    outer loop
      vertex 37.9911 105.392 0
      vertex 1.90266 94.2854 0
      vertex 38.0818 105.769 0
    endloop
  endfacet
  facet normal -0 0 -1
    outer loop
      vertex 38.0818 105.769 0
      vertex 1.90266 94.2854 0
      vertex 38.0826 105.771 0
    endloop
  endfacet
  facet normal -0 0 -1
    outer loop
      vertex 38.0826 105.771 0
      vertex 1.90266 94.2854 0
      vertex 38.2313 106.13 0
    endloop
  endfacet
  facet normal -0 0 -1
    outer loop
      vertex 38.2313 106.13 0
      vertex 1.90266 94.2854 0
      vertex 38.4355 106.464 0
    endloop
  endfacet
  facet normal 0 0 -1
    outer loop
      vertex 1.54999 94.4 0
      vertex 38.4355 106.464 0
      vertex 1.90266 94.2854 0
    endloop
  endfacet
  facet normal -0 0 -1
    outer loop
      vertex 38.4355 106.464 0
      vertex 1.54999 94.4 0
      vertex 38.4369 106.465 0
    endloop
  endfacet
  facet normal -0 0 -1
    outer loop
      vertex 38.4369 106.465 0
      vertex 1.54999 94.4 0
      vertex 38.6892 106.761 0
    endloop
  endfacet
  facet normal -0 0 -1
    outer loop
      vertex 38.6892 106.761 0
      vertex 1.54999 94.4 0
      vertex 38.9847 107.013 0
    endloop
  endfacet
  facet normal -0 0 -1
    outer loop
      vertex 38.9847 107.013 0
      vertex 1.54999 94.4 0
      vertex 38.9864 107.015 0
    endloop
  endfacet
  facet normal -0 0 -1
    outer loop
      vertex 38.9864 107.015 0
      vertex 1.54999 94.4 0
      vertex 40.8542 108.508 0
    endloop
  endfacet
  facet normal 0 0 -1
    outer loop
      vertex -38.6892 106.761 0
      vertex 1.54999 94.4 0
      vertex -11.55 94.4 0
    endloop
  endfacet
  facet normal 0 0 -1
    outer loop
      vertex -12.15 90.2 0
      vertex -37.9599 105 0
      vertex -12.15 93.8 0
    endloop
  endfacet
  facet normal 0 0 -1
    outer loop
      vertex -37.9599 105 0
      vertex -12.0354 94.1527 0
      vertex -12.15 93.8 0
    endloop
  endfacet
  facet normal 0 0 -1
    outer loop
      vertex -37.9904 105.387 0
      vertex -12.0354 94.1527 0
      vertex -37.9599 105 0
    endloop
  endfacet
  facet normal 0 0 -1
    outer loop
      vertex -37.9906 105.39 0
      vertex -12.0354 94.1527 0
      vertex -37.9904 105.387 0
    endloop
  endfacet
  facet normal 0 0 -1
    outer loop
      vertex -37.9911 105.392 0
      vertex -12.0354 94.1527 0
      vertex -37.9906 105.39 0
    endloop
  endfacet
  facet normal 0 0 -1
    outer loop
      vertex -38.0818 105.769 0
      vertex -12.0354 94.1527 0
      vertex -37.9911 105.392 0
    endloop
  endfacet
  facet normal 0 0 -1
    outer loop
      vertex -12.0354 94.1527 0
      vertex -38.0818 105.769 0
      vertex -11.55 94.4 0
    endloop
  endfacet
  facet normal 0 0 -1
    outer loop
      vertex -38.0826 105.771 0
      vertex -11.55 94.4 0
      vertex -38.0818 105.769 0
    endloop
  endfacet
  facet normal 0 0 -1
    outer loop
      vertex -38.2313 106.13 0
      vertex -11.55 94.4 0
      vertex -38.0826 105.771 0
    endloop
  endfacet
  facet normal 0 0 -1
    outer loop
      vertex -38.4343 106.462 0
      vertex -11.55 94.4 0
      vertex -38.2313 106.13 0
    endloop
  endfacet
  facet normal 0 0 -1
    outer loop
      vertex -38.4355 106.464 0
      vertex -11.55 94.4 0
      vertex -38.4343 106.462 0
    endloop
  endfacet
  facet normal 0 0 -1
    outer loop
      vertex -38.4369 106.465 0
      vertex -11.55 94.4 0
      vertex -38.4355 106.464 0
    endloop
  endfacet
  facet normal 0 0 -1
    outer loop
      vertex -38.6892 106.761 0
      vertex -11.55 94.4 0
      vertex -38.4369 106.465 0
    endloop
  endfacet
  facet normal 0 0 -1
    outer loop
      vertex 1.54999 94.4 0
      vertex -38.6892 106.761 0
      vertex -38.9847 107.013 0
    endloop
  endfacet
  facet normal 0 0 -1
    outer loop
      vertex 1.54999 94.4 0
      vertex -38.9847 107.013 0
      vertex -38.9864 107.015 0
    endloop
  endfacet
  facet normal 0 0 -1
    outer loop
      vertex 1.54999 94.4 0
      vertex -38.9864 107.015 0
      vertex 40.8542 108.508 0
    endloop
  endfacet
  facet normal 0 0 -1
    outer loop
      vertex -41.0458 108.508 0
      vertex -38.9864 107.015 0
      vertex -39.3177 107.218 0
    endloop
  endfacet
  facet normal 0 0 -1
    outer loop
      vertex -41.0458 108.508 0
      vertex -39.3177 107.218 0
      vertex -39.3195 107.219 0
    endloop
  endfacet
  facet normal 0 0 -1
    outer loop
      vertex -41.0458 108.508 0
      vertex -39.3195 107.219 0
      vertex -39.3215 107.22 0
    endloop
  endfacet
  facet normal 0 0 -1
    outer loop
      vertex -41.0458 108.508 0
      vertex -39.3215 107.22 0
      vertex -39.6805 107.368 0
    endloop
  endfacet
  facet normal 0 0 -1
    outer loop
      vertex -41.0458 108.508 0
      vertex -39.6805 107.368 0
      vertex -39.6826 107.369 0
    endloop
  endfacet
  facet normal 0 0 -1
    outer loop
      vertex -41.0458 108.508 0
      vertex -39.6826 107.369 0
      vertex -40.0605 107.459 0
    endloop
  endfacet
  facet normal 0 0 -1
    outer loop
      vertex -41.0458 108.508 0
      vertex -40.0605 107.459 0
      vertex -40.4479 107.49 0
    endloop
  endfacet
  facet normal 0 0 -1
    outer loop
      vertex -41.0458 108.508 0
      vertex -40.4479 107.49 0
      vertex -40.45 107.49 0
    endloop
  endfacet
  facet normal 0 0 -1
    outer loop
      vertex -38.9864 107.015 0
      vertex -41.0458 108.508 0
      vertex 40.8542 108.508 0
    endloop
  endfacet
  facet normal 0 0 -1
    outer loop
      vertex -40.4521 107.49 0
      vertex -41.0458 108.508 0
      vertex -40.45 107.49 0
    endloop
  endfacet
  facet normal 0 0 -1
    outer loop
      vertex -40.8395 107.459 0
      vertex -41.0458 108.508 0
      vertex -40.4521 107.49 0
    endloop
  endfacet
  facet normal 0 0 -1
    outer loop
      vertex -40.8395 107.459 0
      vertex -41.0571 108.508 0
      vertex -41.0458 108.508 0
    endloop
  endfacet
  facet normal 0 0 -1
    outer loop
      vertex -41.2174 107.369 0
      vertex -41.0571 108.508 0
      vertex -40.8395 107.459 0
    endloop
  endfacet
  facet normal 0 0 -1
    outer loop
      vertex -41.438 108.47 0
      vertex -41.2174 107.369 0
      vertex -41.2195 107.368 0
    endloop
  endfacet
  facet normal 0 0 -1
    outer loop
      vertex -41.2174 107.369 0
      vertex -41.438 108.47 0
      vertex -41.0571 108.508 0
    endloop
  endfacet
  facet normal 0 0 -1
    outer loop
      vertex -41.4603 108.466 0
      vertex -41.438 108.47 0
      vertex -41.2195 107.368 0
    endloop
  endfacet
  facet normal 0 0 -1
    outer loop
      vertex -41.438 108.47 0
      vertex -41.4603 108.466 0
      vertex -41.4492 108.468 0
    endloop
  endfacet
  facet normal 0 0 -1
    outer loop
      vertex -41.8327 108.377 0
      vertex -41.2195 107.368 0
      vertex -41.5785 107.22 0
    endloop
  endfacet
  facet normal 0 0 -1
    outer loop
      vertex -41.8542 108.37 0
      vertex -41.5785 107.22 0
      vertex -41.5805 107.219 0
    endloop
  endfacet
  facet normal 0 0 -1
    outer loop
      vertex -42.2115 108.233 0
      vertex -41.5805 107.219 0
      vertex -41.5823 107.218 0
    endloop
  endfacet
  facet normal 0 0 -1
    outer loop
      vertex -41.2195 107.368 0
      vertex -41.8327 108.377 0
      vertex -41.4603 108.466 0
    endloop
  endfacet
  facet normal 0 0 -1
    outer loop
      vertex -41.5785 107.22 0
      vertex -41.8542 108.37 0
      vertex -41.8327 108.377 0
    endloop
  endfacet
  facet normal 0 0 -1
    outer loop
      vertex -41.8327 108.377 0
      vertex -41.8542 108.37 0
      vertex -41.8436 108.374 0
    endloop
  endfacet
  facet normal 0 0 -1
    outer loop
      vertex -42.2218 108.228 0
      vertex -41.5823 107.218 0
      vertex -41.9136 107.015 0
    endloop
  endfacet
  facet normal 0 0 -1
    outer loop
      vertex -42.5768 108.032 0
      vertex -41.9136 107.015 0
      vertex -41.9153 107.013 0
    endloop
  endfacet
  facet normal 0 0 -1
    outer loop
      vertex -42.885 107.805 0
      vertex -41.9153 107.013 0
      vertex -42.2108 106.761 0
    endloop
  endfacet
  facet normal 0 0 -1
    outer loop
      vertex -41.5805 107.219 0
      vertex -42.2115 108.233 0
      vertex -41.8542 108.37 0
    endloop
  endfacet
  facet normal 0 0 -1
    outer loop
      vertex -43.1774 107.524 0
      vertex -42.2108 106.761 0
      vertex -42.2122 106.759 0
    endloop
  endfacet
  facet normal 0 0 -1
    outer loop
      vertex -41.5823 107.218 0
      vertex -42.2218 108.228 0
      vertex -42.2115 108.233 0
    endloop
  endfacet
  facet normal 0 0 -1
    outer loop
      vertex -43.1851 107.516 0
      vertex -42.2122 106.759 0
      vertex -42.4645 106.464 0
    endloop
  endfacet
  facet normal 0 0 -1
    outer loop
      vertex -41.9136 107.015 0
      vertex -42.5575 108.044 0
      vertex -42.2218 108.228 0
    endloop
  endfacet
  facet normal 0 0 -1
    outer loop
      vertex -41.9136 107.015 0
      vertex -42.5768 108.032 0
      vertex -42.5575 108.044 0
    endloop
  endfacet
  facet normal 0 0 -1
    outer loop
      vertex -42.5575 108.044 0
      vertex -42.5768 108.032 0
      vertex -42.5674 108.039 0
    endloop
  endfacet
  facet normal 0 0 -1
    outer loop
      vertex -43.6307 106.868 0
      vertex -42.4645 106.464 0
      vertex -42.6676 106.132 0
    endloop
  endfacet
  facet normal 0 0 -1
    outer loop
      vertex -43.641 106.848 0
      vertex -42.6676 106.132 0
      vertex -42.6687 106.13 0
    endloop
  endfacet
  facet normal 0 0 -1
    outer loop
      vertex -43.7905 106.495 0
      vertex -42.6687 106.13 0
      vertex -42.6695 106.128 0
    endloop
  endfacet
  facet normal 0 0 -1
    outer loop
      vertex -43.7974 106.474 0
      vertex -42.6695 106.128 0
      vertex -42.8182 105.769 0
    endloop
  endfacet
  facet normal 0 0 -1
    outer loop
      vertex -41.9153 107.013 0
      vertex -42.885 107.805 0
      vertex -42.5768 108.032 0
    endloop
  endfacet
  facet normal 0 0 -1
    outer loop
      vertex -42.2108 106.761 0
      vertex -42.9022 107.79 0
      vertex -42.885 107.805 0
    endloop
  endfacet
  facet normal 0 0 -1
    outer loop
      vertex -42.885 107.805 0
      vertex -42.9022 107.79 0
      vertex -42.8939 107.798 0
    endloop
  endfacet
  facet normal 0 0 -1
    outer loop
      vertex -43.9518 105.714 0
      vertex -42.8182 105.769 0
      vertex -42.9089 105.392 0
    endloop
  endfacet
  facet normal 0 0 -1
    outer loop
      vertex -43.9536 105.691 0
      vertex -42.9089 105.392 0
      vertex -42.9094 105.39 0
    endloop
  endfacet
  facet normal 0 0 -1
    outer loop
      vertex -43.9536 105.691 0
      vertex -42.9094 105.39 0
      vertex -42.9399 105.002 0
    endloop
  endfacet
  facet normal 0 0 -1
    outer loop
      vertex -43.9536 105.691 0
      vertex -42.9399 105.002 0
      vertex -42.9401 105 0
    endloop
  endfacet
  facet normal 0 0 -1
    outer loop
      vertex -42.2108 106.761 0
      vertex -43.1774 107.524 0
      vertex -42.9022 107.79 0
    endloop
  endfacet
  facet normal 0 0 -1
    outer loop
      vertex -42.9094 104.61 0
      vertex -43.9536 105.691 0
      vertex -42.9399 104.998 0
    endloop
  endfacet
  facet normal 0 0 -1
    outer loop
      vertex -43.4223 3.28446 0
      vertex -43.1774 2.97571 0
      vertex -43.1851 2.98403 0
    endloop
  endfacet
  facet normal 0 0 -1
    outer loop
      vertex -42.9399 104.998 0
      vertex -43.9536 105.691 0
      vertex -42.9401 105 0
    endloop
  endfacet
  facet normal 0 0 -1
    outer loop
      vertex -43.1774 2.97571 0
      vertex -43.4223 3.28446 0
      vertex -43.9536 4.80859 0
    endloop
  endfacet
  facet normal 0 0 -1
    outer loop
      vertex -42.9089 105.392 0
      vertex -43.9536 105.691 0
      vertex -43.9518 105.714 0
    endloop
  endfacet
  facet normal 0 0 -1
    outer loop
      vertex -43.4356 3.30277 0
      vertex -43.4223 3.28446 0
      vertex -43.4293 3.29335 0
    endloop
  endfacet
  facet normal 0 0 -1
    outer loop
      vertex -42.4645 106.464 0
      vertex -43.4223 107.216 0
      vertex -43.1851 107.516 0
    endloop
  endfacet
  facet normal 0 0 -1
    outer loop
      vertex -43.6307 3.63215 0
      vertex -43.4223 3.28446 0
      vertex -43.4356 3.30277 0
    endloop
  endfacet
  facet normal 0 0 -1
    outer loop
      vertex -42.2122 106.759 0
      vertex -43.1851 107.516 0
      vertex -43.1774 107.524 0
    endloop
  endfacet
  facet normal 0 0 -1
    outer loop
      vertex -43.4223 3.28446 0
      vertex -43.6307 3.63215 0
      vertex -43.9536 4.80859 0
    endloop
  endfacet
  facet normal 0 0 -1
    outer loop
      vertex -42.4645 106.464 0
      vertex -43.6307 106.868 0
      vertex -43.4356 107.197 0
    endloop
  endfacet
  facet normal 0 0 -1
    outer loop
      vertex -43.641 3.65232 0
      vertex -43.6307 3.63215 0
      vertex -43.6362 3.64203 0
    endloop
  endfacet
  facet normal 0 0 -1
    outer loop
      vertex -43.4223 107.216 0
      vertex -43.4356 107.197 0
      vertex -43.4293 107.207 0
    endloop
  endfacet
  facet normal 0 0 -1
    outer loop
      vertex -43.6307 3.63215 0
      vertex -43.641 3.65232 0
      vertex -43.9536 4.80859 0
    endloop
  endfacet
  facet normal 0 0 -1
    outer loop
      vertex -42.4645 106.464 0
      vertex -43.4356 107.197 0
      vertex -43.4223 107.216 0
    endloop
  endfacet
  facet normal 0 0 -1
    outer loop
      vertex -43.7974 4.0263 0
      vertex -43.641 3.65232 0
      vertex -43.7905 4.00477 0
    endloop
  endfacet
  facet normal 0 0 -1
    outer loop
      vertex -42.6676 106.132 0
      vertex -43.641 106.848 0
      vertex -43.6307 106.868 0
    endloop
  endfacet
  facet normal 0 0 -1
    outer loop
      vertex -43.7974 4.0263 0
      vertex -43.7905 4.00477 0
      vertex -43.7944 4.01539 0
    endloop
  endfacet
  facet normal 0 0 -1
    outer loop
      vertex -43.6307 106.868 0
      vertex -43.641 106.848 0
      vertex -43.6362 106.858 0
    endloop
  endfacet
  facet normal 0 0 -1
    outer loop
      vertex -43.641 3.65232 0
      vertex -43.7974 4.0263 0
      vertex -43.9536 4.80859 0
    endloop
  endfacet
  facet normal 0 0 -1
    outer loop
      vertex -42.6695 106.128 0
      vertex -43.7974 106.474 0
      vertex -43.7905 106.495 0
    endloop
  endfacet
  facet normal 0 0 -1
    outer loop
      vertex -43.9536 4.80859 0
      vertex -43.7974 4.0263 0
      vertex -43.8986 4.39552 0
    endloop
  endfacet
  facet normal 0 0 -1
    outer loop
      vertex -42.6687 106.13 0
      vertex -43.7905 106.495 0
      vertex -43.641 106.848 0
    endloop
  endfacet
  facet normal 0 0 -1
    outer loop
      vertex -43.9536 4.80859 0
      vertex -43.8986 4.39552 0
      vertex -43.9008 4.40663 0
    endloop
  endfacet
  facet normal 0 0 -1
    outer loop
      vertex -43.7905 106.495 0
      vertex -43.7974 106.474 0
      vertex -43.7944 106.485 0
    endloop
  endfacet
  facet normal 0 0 -1
    outer loop
      vertex -43.9536 4.80859 0
      vertex -43.9008 4.40663 0
      vertex -43.9518 4.78602 0
    endloop
  endfacet
  facet normal 0 0 -1
    outer loop
      vertex -42.8182 105.769 0
      vertex -43.8986 106.104 0
      vertex -43.7974 106.474 0
    endloop
  endfacet
  facet normal 0 0 -1
    outer loop
      vertex -43.9536 4.80859 0
      vertex -43.9518 4.78602 0
      vertex -43.9531 4.79727 0
    endloop
  endfacet
  facet normal 0 0 -1
    outer loop
      vertex -42.8182 105.769 0
      vertex -43.9008 106.093 0
      vertex -43.8986 106.104 0
    endloop
  endfacet
  facet normal -0 0 -1
    outer loop
      vertex -42.8182 105.769 0
      vertex -43.9518 105.714 0
      vertex -43.9008 106.093 0
    endloop
  endfacet
  facet normal 0 0 -1
    outer loop
      vertex -43.9518 105.714 0
      vertex -43.9536 105.691 0
      vertex -43.9531 105.703 0
    endloop
  endfacet
  facet normal 0 0 -1
    outer loop
      vertex -37.9906 5.11046 0
      vertex -9 4.7 0
      vertex -9 1.9916 0
    endloop
  endfacet
  facet normal 0 0 -1
    outer loop
      vertex -9 4.7 0
      vertex -37.9599 5.5 0
      vertex -9 6.3 0
    endloop
  endfacet
  facet normal 0 0 -1
    outer loop
      vertex -37.9904 5.8874 0
      vertex -9 6.3 0
      vertex -37.9599 5.5 0
    endloop
  endfacet
  facet normal 0 0 -1
    outer loop
      vertex -37.9911 5.89162 0
      vertex -9 6.3 0
      vertex -37.9906 5.88954 0
    endloop
  endfacet
  facet normal 0 0 -1
    outer loop
      vertex -37.9906 5.88954 0
      vertex -9 6.3 0
      vertex -37.9904 5.8874 0
    endloop
  endfacet
  facet normal 0 0 -1
    outer loop
      vertex -9.05 57.244 0
      vertex -37.9599 105 0
      vertex -9.05 58.756 0
    endloop
  endfacet
  facet normal 0 0 -1
    outer loop
      vertex -9.05 58.756 0
      vertex -11.9027 89.7146 0
      vertex -11.55 89.6 0
    endloop
  endfacet
  facet normal 0 0 -1
    outer loop
      vertex -11.9027 89.7146 0
      vertex -37.9599 105 0
      vertex -12.15 90.2 0
    endloop
  endfacet
  facet normal 0 0 -1
    outer loop
      vertex -37.9599 105 0
      vertex -11.9027 89.7146 0
      vertex -9.05 58.756 0
    endloop
  endfacet
  facet normal 0 0 -1
    outer loop
      vertex -9 4.7 0
      vertex -37.9904 5.1126 0
      vertex -37.9599 5.5 0
    endloop
  endfacet
  facet normal 0 0 -1
    outer loop
      vertex -9 4.7 0
      vertex -37.9906 5.11046 0
      vertex -37.9904 5.1126 0
    endloop
  endfacet
  facet normal 0 0 -1
    outer loop
      vertex -9 1.9916 0
      vertex -37.9911 5.10838 0
      vertex -37.9906 5.11046 0
    endloop
  endfacet
  facet normal 0 0 -1
    outer loop
      vertex -9 1.9916 0
      vertex -38.0818 4.73052 0
      vertex -37.9911 5.10838 0
    endloop
  endfacet
  facet normal 0 0 -1
    outer loop
      vertex -9 1.9916 0
      vertex -38.0826 4.72853 0
      vertex -38.0818 4.73052 0
    endloop
  endfacet
  facet normal 0 0 -1
    outer loop
      vertex -9 1.9916 0
      vertex -38.2313 4.36952 0
      vertex -38.0826 4.72853 0
    endloop
  endfacet
  facet normal 0 0 -1
    outer loop
      vertex -9 1.9916 0
      vertex -38.4343 4.03819 0
      vertex -38.2313 4.36952 0
    endloop
  endfacet
  facet normal 0 0 -1
    outer loop
      vertex -9 1.9916 0
      vertex -38.4355 4.03636 0
      vertex -38.4343 4.03819 0
    endloop
  endfacet
  facet normal 0 0 -1
    outer loop
      vertex -9 1.9916 0
      vertex -38.4369 4.03473 0
      vertex -38.4355 4.03636 0
    endloop
  endfacet
  facet normal 0 0 -1
    outer loop
      vertex -9 1.9916 0
      vertex -38.6892 3.73924 0
      vertex -38.4369 4.03473 0
    endloop
  endfacet
  facet normal 0 0 -1
    outer loop
      vertex -9 1.9916 0
      vertex -38.9847 3.48686 0
      vertex -38.6892 3.73924 0
    endloop
  endfacet
  facet normal 0 0 -1
    outer loop
      vertex -9 1.9916 0
      vertex -38.9864 3.48547 0
      vertex -38.9847 3.48686 0
    endloop
  endfacet
  facet normal 0 0 -1
    outer loop
      vertex -41.0458 1.9916 0
      vertex -38.9864 3.48547 0
      vertex -9 1.9916 0
    endloop
  endfacet
  facet normal 0 0 -1
    outer loop
      vertex -38.9864 3.48547 0
      vertex -41.0458 1.9916 0
      vertex -39.3177 3.28243 0
    endloop
  endfacet
  facet normal 0 0 -1
    outer loop
      vertex -39.3177 3.28243 0
      vertex -41.0458 1.9916 0
      vertex -39.3195 3.28131 0
    endloop
  endfacet
  facet normal 0 0 -1
    outer loop
      vertex -39.3195 3.28131 0
      vertex -41.0458 1.9916 0
      vertex -39.3215 3.28049 0
    endloop
  endfacet
  facet normal 0 0 -1
    outer loop
      vertex -39.3215 3.28049 0
      vertex -41.0458 1.9916 0
      vertex -39.6805 3.13178 0
    endloop
  endfacet
  facet normal 0 0 -1
    outer loop
      vertex -39.6805 3.13178 0
      vertex -41.0458 1.9916 0
      vertex -39.6826 3.13128 0
    endloop
  endfacet
  facet normal 0 0 -1
    outer loop
      vertex -39.6826 3.13128 0
      vertex -41.0458 1.9916 0
      vertex -40.0605 3.04056 0
    endloop
  endfacet
  facet normal 0 0 -1
    outer loop
      vertex -40.0605 3.04056 0
      vertex -41.0458 1.9916 0
      vertex -40.0626 3.04039 0
    endloop
  endfacet
  facet normal 0 0 -1
    outer loop
      vertex -41.0458 1.9916 0
      vertex -40.8374 3.04039 0
      vertex -40.45 3.0099 0
    endloop
  endfacet
  facet normal 0 0 -1
    outer loop
      vertex -40.0626 3.04039 0
      vertex -41.0458 1.9916 0
      vertex -40.45 3.0099 0
    endloop
  endfacet
  facet normal -0 0 -1
    outer loop
      vertex -40.8374 3.04039 0
      vertex -41.0458 1.9916 0
      vertex -40.8395 3.04056 0
    endloop
  endfacet
  facet normal 0 0 -1
    outer loop
      vertex -41.0571 1.99205 0
      vertex -40.8395 3.04056 0
      vertex -41.0458 1.9916 0
    endloop
  endfacet
  facet normal 0 0 -1
    outer loop
      vertex -41.0571 1.99205 0
      vertex -41.2174 3.13128 0
      vertex -40.8395 3.04056 0
    endloop
  endfacet
  facet normal 0 0 -1
    outer loop
      vertex -41.438 2.03037 0
      vertex -41.2174 3.13128 0
      vertex -41.0571 1.99205 0
    endloop
  endfacet
  facet normal -0 0 -1
    outer loop
      vertex -41.2174 3.13128 0
      vertex -41.438 2.03037 0
      vertex -41.2195 3.13178 0
    endloop
  endfacet
  facet normal 0 0 -1
    outer loop
      vertex -41.4603 2.03391 0
      vertex -41.438 2.03037 0
      vertex -41.4492 2.0317 0
    endloop
  endfacet
  facet normal 0 0 -1
    outer loop
      vertex -41.438 2.03037 0
      vertex -41.4603 2.03391 0
      vertex -41.2195 3.13178 0
    endloop
  endfacet
  facet normal 0 0 -1
    outer loop
      vertex -41.8327 2.12265 0
      vertex -41.2195 3.13178 0
      vertex -41.4603 2.03391 0
    endloop
  endfacet
  facet normal -0 0 -1
    outer loop
      vertex -41.2195 3.13178 0
      vertex -41.8327 2.12265 0
      vertex -41.5785 3.28049 0
    endloop
  endfacet
  facet normal 0 0 -1
    outer loop
      vertex -41.8542 2.12965 0
      vertex -41.5785 3.28049 0
      vertex -41.8327 2.12265 0
    endloop
  endfacet
  facet normal -0 0 -1
    outer loop
      vertex -41.5785 3.28049 0
      vertex -41.8542 2.12965 0
      vertex -41.5805 3.28131 0
    endloop
  endfacet
  facet normal 0 0 -1
    outer loop
      vertex -41.8542 2.12965 0
      vertex -41.8327 2.12265 0
      vertex -41.8436 2.12573 0
    endloop
  endfacet
  facet normal 0 0 -1
    outer loop
      vertex -42.2115 2.26725 0
      vertex -41.5805 3.28131 0
      vertex -41.8542 2.12965 0
    endloop
  endfacet
  facet normal -0 0 -1
    outer loop
      vertex -41.5805 3.28131 0
      vertex -42.2115 2.26725 0
      vertex -41.5823 3.28243 0
    endloop
  endfacet
  facet normal 0 0 -1
    outer loop
      vertex -42.2218 2.27199 0
      vertex -41.5823 3.28243 0
      vertex -42.2115 2.26725 0
    endloop
  endfacet
  facet normal -0 0 -1
    outer loop
      vertex -41.5823 3.28243 0
      vertex -42.2218 2.27199 0
      vertex -41.9136 3.48547 0
    endloop
  endfacet
  facet normal 0 0 -1
    outer loop
      vertex -42.5575 2.45596 0
      vertex -41.9136 3.48547 0
      vertex -42.2218 2.27199 0
    endloop
  endfacet
  facet normal 0 0 -1
    outer loop
      vertex -42.5768 2.46779 0
      vertex -41.9136 3.48547 0
      vertex -42.5575 2.45596 0
    endloop
  endfacet
  facet normal -0 0 -1
    outer loop
      vertex -41.9136 3.48547 0
      vertex -42.5768 2.46779 0
      vertex -41.9153 3.48686 0
    endloop
  endfacet
  facet normal 0 0 -1
    outer loop
      vertex -42.885 2.69487 0
      vertex -41.9153 3.48686 0
      vertex -42.5768 2.46779 0
    endloop
  endfacet
  facet normal -0 0 -1
    outer loop
      vertex -41.9153 3.48686 0
      vertex -42.885 2.69487 0
      vertex -42.2108 3.73924 0
    endloop
  endfacet
  facet normal 0 0 -1
    outer loop
      vertex -42.5768 2.46779 0
      vertex -42.5575 2.45596 0
      vertex -42.5674 2.46149 0
    endloop
  endfacet
  facet normal 0 0 -1
    outer loop
      vertex -42.9022 2.70958 0
      vertex -42.2108 3.73924 0
      vertex -42.885 2.69487 0
    endloop
  endfacet
  facet normal 0 0 -1
    outer loop
      vertex -43.1774 2.97571 0
      vertex -42.2108 3.73924 0
      vertex -42.9022 2.70958 0
    endloop
  endfacet
  facet normal -0 0 -1
    outer loop
      vertex -42.2108 3.73924 0
      vertex -43.1774 2.97571 0
      vertex -42.2122 3.74087 0
    endloop
  endfacet
  facet normal -0 0 -1
    outer loop
      vertex -42.2122 3.74087 0
      vertex -43.1774 2.97571 0
      vertex -42.4645 4.03636 0
    endloop
  endfacet
  facet normal -0 0 -1
    outer loop
      vertex -42.4645 4.03636 0
      vertex -43.1774 2.97571 0
      vertex -42.6676 4.36769 0
    endloop
  endfacet
  facet normal -0 0 -1
    outer loop
      vertex -42.6676 4.36769 0
      vertex -43.1774 2.97571 0
      vertex -42.6687 4.36952 0
    endloop
  endfacet
  facet normal 0 0 -1
    outer loop
      vertex -42.9022 2.70958 0
      vertex -42.885 2.69487 0
      vertex -42.8939 2.70189 0
    endloop
  endfacet
  facet normal 0 0 -1
    outer loop
      vertex -43.9536 4.80859 0
      vertex -42.6687 4.36952 0
      vertex -43.1774 2.97571 0
    endloop
  endfacet
  facet normal 0 0 -1
    outer loop
      vertex -42.6687 4.36952 0
      vertex -43.9536 4.80859 0
      vertex -42.6695 4.3715 0
    endloop
  endfacet
  facet normal 0 0 -1
    outer loop
      vertex -42.6695 4.3715 0
      vertex -43.9536 4.80859 0
      vertex -42.8182 4.73052 0
    endloop
  endfacet
  facet normal 0 0 -1
    outer loop
      vertex -42.8182 4.73052 0
      vertex -43.9536 4.80859 0
      vertex -42.9089 5.10838 0
    endloop
  endfacet
  facet normal -0 0 -1
    outer loop
      vertex -42.9089 5.10838 0
      vertex -43.9536 4.80859 0
      vertex -42.9094 5.11046 0
    endloop
  endfacet
  facet normal -0 0 -1
    outer loop
      vertex -42.9399 5.49786 0
      vertex -43.9536 4.80859 0
      vertex -42.9401 5.5 0
    endloop
  endfacet
  facet normal -0 0 -1
    outer loop
      vertex -42.9094 5.11046 0
      vertex -43.9536 4.80859 0
      vertex -42.9399 5.49786 0
    endloop
  endfacet
  facet normal 0 0 -1
    outer loop
      vertex 2.14999 93.8 0
      vertex 38.4355 103.536 0
      vertex 2.14999 90.2 0
    endloop
  endfacet
  facet normal 0 0 -1
    outer loop
      vertex 9 63.5 0
      vertex 1.54999 89.6 0
      vertex 2.0354 89.8473 0
    endloop
  endfacet
  facet normal 0 0 -1
    outer loop
      vertex -9 63.5 0
      vertex 1.54999 89.6 0
      vertex 9 63.5 0
    endloop
  endfacet
  facet normal 0 0 -1
    outer loop
      vertex -9 63.5 0
      vertex -11.55 89.6 0
      vertex 1.54999 89.6 0
    endloop
  endfacet
  facet normal 0 0 -1
    outer loop
      vertex -11.55 89.6 0
      vertex -9 63.5 0
      vertex -9.05 58.756 0
    endloop
  endfacet
  facet normal 0 0 -1
    outer loop
      vertex -9 54 0
      vertex -7 57.244 0
      vertex -7 54 0
    endloop
  endfacet
  facet normal -0 0 -1
    outer loop
      vertex -7 57.244 0
      vertex -9 54 0
      vertex -9.05 57.244 0
    endloop
  endfacet
  facet normal -0.23208 0.972697 0
    outer loop
      vertex -41.1911 102.319 1.4
      vertex -41.5725 102.228 2.4
      vertex -41.1911 102.319 2.4
    endloop
  endfacet
  facet normal -0.23208 0.972697 0
    outer loop
      vertex -41.5725 102.228 2.4
      vertex -41.1911 102.319 1.4
      vertex -41.5725 102.228 1.4
    endloop
  endfacet
  facet normal 0.522495 -0.852642 0
    outer loop
      vertex 38.635 8.42249 1.4
      vertex 38.9695 8.62747 2.4
      vertex 38.635 8.42249 2.4
    endloop
  endfacet
  facet normal 0.522495 -0.852642 0
    outer loop
      vertex 38.9695 8.62747 2.4
      vertex 38.635 8.42249 1.4
      vertex 38.9695 8.62747 1.4
    endloop
  endfacet
  facet normal 0.92374 0.38302 0
    outer loop
      vertex 39.8776 100.623 2.4
      vertex 39.7275 100.985 1.4
      vertex 39.7275 100.985 2.4
    endloop
  endfacet
  facet normal 0.92374 0.38302 0
    outer loop
      vertex 39.7275 100.985 1.4
      vertex 39.8776 100.623 2.4
      vertex 39.8776 100.623 1.4
    endloop
  endfacet
  facet normal -0.760486 -0.649354 0
    outer loop
      vertex -42.5678 8.88225 1.4
      vertex -42.8225 9.18054 2.4
      vertex -42.8225 9.18054 1.4
    endloop
  endfacet
  facet normal -0.760486 -0.649354 0
    outer loop
      vertex -42.8225 9.18054 2.4
      vertex -42.5678 8.88225 1.4
      vertex -42.5678 8.88225 2.4
    endloop
  endfacet
  facet normal -0.522495 -0.852642 0
    outer loop
      vertex -42.2695 8.62747 1.4
      vertex -41.935 8.42249 2.4
      vertex -42.2695 8.62747 2.4
    endloop
  endfacet
  facet normal -0.522495 -0.852642 -0
    outer loop
      vertex -41.935 8.42249 2.4
      vertex -42.2695 8.62747 1.4
      vertex -41.935 8.42249 1.4
    endloop
  endfacet
  facet normal 0.233479 -0.972362 0
    outer loop
      vertex 37.8911 8.18079 1.4
      vertex 38.2725 8.27237 2.4
      vertex 37.8911 8.18079 2.4
    endloop
  endfacet
  facet normal 0.233479 -0.972362 0
    outer loop
      vertex 38.2725 8.27237 2.4
      vertex 37.8911 8.18079 1.4
      vertex 38.2725 8.27237 1.4
    endloop
  endfacet
  facet normal -0.382613 -0.923909 0
    outer loop
      vertex -41.935 8.42249 1.4
      vertex -41.5725 8.27237 2.4
      vertex -41.935 8.42249 2.4
    endloop
  endfacet
  facet normal -0.382613 -0.923909 -0
    outer loop
      vertex -41.5725 8.27237 2.4
      vertex -41.935 8.42249 1.4
      vertex -41.5725 8.27237 1.4
    endloop
  endfacet
  facet normal -0.923904 -0.382623 0
    outer loop
      vertex -43.0275 9.51503 1.4
      vertex -43.1776 9.87747 2.4
      vertex -43.1776 9.87747 1.4
    endloop
  endfacet
  facet normal -0.923904 -0.382623 0
    outer loop
      vertex -43.1776 9.87747 2.4
      vertex -43.0275 9.51503 1.4
      vertex -43.0275 9.51503 2.4
    endloop
  endfacet
  facet normal -0.0784585 -0.996917 0
    outer loop
      vertex -41.1911 8.18079 1.4
      vertex -40.8 8.15001 2.4
      vertex -41.1911 8.18079 2.4
    endloop
  endfacet
  facet normal -0.0784585 -0.996917 -0
    outer loop
      vertex -40.8 8.15001 2.4
      vertex -41.1911 8.18079 1.4
      vertex -40.8 8.15001 1.4
    endloop
  endfacet
  facet normal -0.852613 -0.522544 0
    outer loop
      vertex -42.8225 9.18054 1.4
      vertex -43.0275 9.51503 2.4
      vertex -43.0275 9.51503 1.4
    endloop
  endfacet
  facet normal -0.852613 -0.522544 0
    outer loop
      vertex -43.0275 9.51503 2.4
      vertex -42.8225 9.18054 1.4
      vertex -42.8225 9.18054 2.4
    endloop
  endfacet
  facet normal -0.649459 -0.760396 0
    outer loop
      vertex -42.5678 8.88225 1.4
      vertex -42.2695 8.62747 2.4
      vertex -42.5678 8.88225 2.4
    endloop
  endfacet
  facet normal -0.649459 -0.760396 -0
    outer loop
      vertex -42.2695 8.62747 2.4
      vertex -42.5678 8.88225 1.4
      vertex -42.2695 8.62747 1.4
    endloop
  endfacet
  facet normal 0 0 1
    outer loop
      vertex -10.5 8.15001 1.4
      vertex -39 5.5 1.4
      vertex -10.5 0.590512 1.4
    endloop
  endfacet
  facet normal 0 0 1
    outer loop
      vertex -10.5 8.15001 1.4
      vertex -39.0538 5.8912 1.4
      vertex -39 5.5 1.4
    endloop
  endfacet
  facet normal 0 0 1
    outer loop
      vertex -10.5 8.15001 1.4
      vertex -39.2111 6.2534 1.4
      vertex -39.0538 5.8912 1.4
    endloop
  endfacet
  facet normal 0 0 1
    outer loop
      vertex -10.5 8.15001 1.4
      vertex -39.4603 6.55971 1.4
      vertex -39.2111 6.2534 1.4
    endloop
  endfacet
  facet normal -0 0 1
    outer loop
      vertex -40.8 8.15001 1.4
      vertex -39.4603 6.55971 1.4
      vertex -10.5 8.15001 1.4
    endloop
  endfacet
  facet normal 0 0 1
    outer loop
      vertex -39.4603 6.55971 1.4
      vertex -40.8 8.15001 1.4
      vertex -39.7829 6.78743 1.4
    endloop
  endfacet
  facet normal 0 0 1
    outer loop
      vertex -39.7829 6.78743 1.4
      vertex -40.8 8.15001 1.4
      vertex -40.155 6.91967 1.4
    endloop
  endfacet
  facet normal 0 0 1
    outer loop
      vertex -40.155 6.91967 1.4
      vertex -40.8 8.15001 1.4
      vertex -40.549 6.94662 1.4
    endloop
  endfacet
  facet normal 0 0 1
    outer loop
      vertex -40.8 8.15001 1.4
      vertex -40.9356 6.86628 1.4
      vertex -40.549 6.94662 1.4
    endloop
  endfacet
  facet normal 0 0 1
    outer loop
      vertex -41.1911 8.18079 1.4
      vertex -40.9356 6.86628 1.4
      vertex -40.8 8.15001 1.4
    endloop
  endfacet
  facet normal 0 0 1
    outer loop
      vertex -41.1911 8.18079 1.4
      vertex -41.2862 6.68461 1.4
      vertex -40.9356 6.86628 1.4
    endloop
  endfacet
  facet normal 0 0 1
    outer loop
      vertex -41.5725 8.27237 1.4
      vertex -41.2862 6.68461 1.4
      vertex -41.1911 8.18079 1.4
    endloop
  endfacet
  facet normal 0 0 1
    outer loop
      vertex -41.5725 8.27237 1.4
      vertex -41.5748 6.41508 1.4
      vertex -41.2862 6.68461 1.4
    endloop
  endfacet
  facet normal 0 0 1
    outer loop
      vertex -41.935 8.42249 1.4
      vertex -41.5748 6.41508 1.4
      vertex -41.5725 8.27237 1.4
    endloop
  endfacet
  facet normal 0 0 1
    outer loop
      vertex -42.2695 8.62747 1.4
      vertex -41.5748 6.41508 1.4
      vertex -41.935 8.42249 1.4
    endloop
  endfacet
  facet normal 0 0 1
    outer loop
      vertex -45.358 4.93995 1.4
      vertex -41.8865 5.30256 1.4
      vertex -41.8865 5.69744 1.4
    endloop
  endfacet
  facet normal 0 0 1
    outer loop
      vertex -41.5748 6.41508 1.4
      vertex -42.2695 8.62747 1.4
      vertex -41.78 6.07768 1.4
    endloop
  endfacet
  facet normal 0 0 1
    outer loop
      vertex -42.5678 8.88225 1.4
      vertex -41.78 6.07768 1.4
      vertex -42.2695 8.62747 1.4
    endloop
  endfacet
  facet normal 0 0 1
    outer loop
      vertex -41.8865 5.30256 1.4
      vertex -42.036 0.727378 1.4
      vertex -41.9191 0.699537 1.4
    endloop
  endfacet
  facet normal 0 0 1
    outer loop
      vertex -41.78 6.07768 1.4
      vertex -45.358 4.93995 1.4
      vertex -41.8865 5.69744 1.4
    endloop
  endfacet
  facet normal 0 0 1
    outer loop
      vertex -41.8865 5.30256 1.4
      vertex -42.5599 0.897623 1.4
      vertex -42.3013 0.802211 1.4
    endloop
  endfacet
  facet normal 0 0 1
    outer loop
      vertex -41.8865 5.30256 1.4
      vertex -42.3013 0.802211 1.4
      vertex -42.036 0.727378 1.4
    endloop
  endfacet
  facet normal 0 0 1
    outer loop
      vertex -41.78 6.07768 1.4
      vertex -42.5678 8.88225 1.4
      vertex -45.358 4.93995 1.4
    endloop
  endfacet
  facet normal 0 0 1
    outer loop
      vertex -41.8865 5.30256 1.4
      vertex -43.0277 1.11393 1.4
      vertex -42.9224 1.05621 1.4
    endloop
  endfacet
  facet normal 0 0 1
    outer loop
      vertex -45.358 4.93995 1.4
      vertex -42.5678 8.88225 1.4
      vertex -42.8225 9.18054 1.4
    endloop
  endfacet
  facet normal 0 0 1
    outer loop
      vertex -41.8865 5.30256 1.4
      vertex -45.358 4.93995 1.4
      vertex -45.3472 4.66449 1.4
    endloop
  endfacet
  facet normal 0 0 1
    outer loop
      vertex -45.358 4.93995 1.4
      vertex -42.8225 9.18054 1.4
      vertex -43.0275 9.51503 1.4
    endloop
  endfacet
  facet normal 0 0 1
    outer loop
      vertex -41.8865 5.30256 1.4
      vertex -42.672 0.940792 1.4
      vertex -42.5599 0.897623 1.4
    endloop
  endfacet
  facet normal 0 0 1
    outer loop
      vertex -45.358 4.93995 1.4
      vertex -43.0275 9.51503 1.4
      vertex -43.1776 9.87747 1.4
    endloop
  endfacet
  facet normal 0 0 1
    outer loop
      vertex -41.8865 5.30256 1.4
      vertex -42.9224 1.05621 1.4
      vertex -42.672 0.940792 1.4
    endloop
  endfacet
  facet normal 0 0 1
    outer loop
      vertex -45.358 4.93995 1.4
      vertex -43.1776 9.87747 1.4
      vertex -43.2692 10.2589 1.4
    endloop
  endfacet
  facet normal 0 0 1
    outer loop
      vertex -45.358 4.93995 1.4
      vertex -43.2692 10.2589 1.4
      vertex -43.3 10.65 1.4
    endloop
  endfacet
  facet normal 0 0 1
    outer loop
      vertex -41.8865 5.30256 1.4
      vertex -43.4974 1.40179 1.4
      vertex -43.2682 1.24862 1.4
    endloop
  endfacet
  facet normal 0 0 1
    outer loop
      vertex -43.3 99.85 1.4
      vertex -45.358 105.56 1.4
      vertex -43.3 10.65 1.4
    endloop
  endfacet
  facet normal 0 0 1
    outer loop
      vertex -45.358 105.56 1.4
      vertex -43.4974 109.098 1.4
      vertex -43.5941 109.027 1.4
    endloop
  endfacet
  facet normal 0 0 1
    outer loop
      vertex -45.358 4.93995 1.4
      vertex -43.3 10.65 1.4
      vertex -45.358 105.56 1.4
    endloop
  endfacet
  facet normal 0 0 1
    outer loop
      vertex -44.0131 108.669 1.4
      vertex -43.5941 109.027 1.4
      vertex -43.8106 108.856 1.4
    endloop
  endfacet
  facet normal 0 0 1
    outer loop
      vertex -41.8865 5.30256 1.4
      vertex -43.2682 1.24862 1.4
      vertex -43.0277 1.11393 1.4
    endloop
  endfacet
  facet normal 0 0 1
    outer loop
      vertex -43.5941 109.027 1.4
      vertex -44.0131 108.669 1.4
      vertex -45.358 105.56 1.4
    endloop
  endfacet
  facet normal 0 0 1
    outer loop
      vertex -41.8865 5.30256 1.4
      vertex -43.5941 1.47303 1.4
      vertex -43.4974 1.40179 1.4
    endloop
  endfacet
  facet normal 0 0 1
    outer loop
      vertex -44.361 108.289 1.4
      vertex -44.0131 108.669 1.4
      vertex -44.0994 108.586 1.4
    endloop
  endfacet
  facet normal 0 0 1
    outer loop
      vertex -41.8865 5.30256 1.4
      vertex -44.0131 1.83083 1.4
      vertex -43.8106 1.6437 1.4
    endloop
  endfacet
  facet normal 0 0 1
    outer loop
      vertex -44.361 108.289 1.4
      vertex -44.0994 108.586 1.4
      vertex -44.2865 108.383 1.4
    endloop
  endfacet
  facet normal 0 0 1
    outer loop
      vertex -41.8865 5.30256 1.4
      vertex -43.8106 1.6437 1.4
      vertex -43.5941 1.47303 1.4
    endloop
  endfacet
  facet normal 0 0 1
    outer loop
      vertex -44.0131 108.669 1.4
      vertex -44.361 108.289 1.4
      vertex -45.358 105.56 1.4
    endloop
  endfacet
  facet normal 0 0 1
    outer loop
      vertex -41.8865 5.30256 1.4
      vertex -44.361 2.21101 1.4
      vertex -44.2865 2.11676 1.4
    endloop
  endfacet
  facet normal 0 0 1
    outer loop
      vertex -44.746 107.74 1.4
      vertex -44.361 108.289 1.4
      vertex -44.5316 108.072 1.4
    endloop
  endfacet
  facet normal 0 0 1
    outer loop
      vertex -41.8865 5.30256 1.4
      vertex -44.0994 1.91433 1.4
      vertex -44.0131 1.83083 1.4
    endloop
  endfacet
  facet normal 0 0 1
    outer loop
      vertex -44.746 107.74 1.4
      vertex -44.5316 108.072 1.4
      vertex -44.6848 107.843 1.4
    endloop
  endfacet
  facet normal 0 0 1
    outer loop
      vertex -41.8865 5.30256 1.4
      vertex -44.2865 2.11676 1.4
      vertex -44.0994 1.91433 1.4
    endloop
  endfacet
  facet normal 0 0 1
    outer loop
      vertex -44.361 108.289 1.4
      vertex -44.746 107.74 1.4
      vertex -45.358 105.56 1.4
    endloop
  endfacet
  facet normal 0 0 1
    outer loop
      vertex -41.8865 5.30256 1.4
      vertex -44.746 2.76006 1.4
      vertex -44.6848 2.65672 1.4
    endloop
  endfacet
  facet normal 0 0 1
    outer loop
      vertex -44.9961 107.249 1.4
      vertex -44.746 107.74 1.4
      vertex -44.8807 107.499 1.4
    endloop
  endfacet
  facet normal 0 0 1
    outer loop
      vertex -41.8865 5.30256 1.4
      vertex -44.5316 2.42751 1.4
      vertex -44.361 2.21101 1.4
    endloop
  endfacet
  facet normal 0 0 1
    outer loop
      vertex -44.746 107.74 1.4
      vertex -44.9961 107.249 1.4
      vertex -45.358 105.56 1.4
    endloop
  endfacet
  facet normal 0 0 1
    outer loop
      vertex -41.8865 5.30256 1.4
      vertex -44.6848 2.65672 1.4
      vertex -44.5316 2.42751 1.4
    endloop
  endfacet
  facet normal 0 0 1
    outer loop
      vertex -45.2132 106.615 1.4
      vertex -44.9961 107.249 1.4
      vertex -45.043 107.138 1.4
    endloop
  endfacet
  facet normal 0 0 1
    outer loop
      vertex -41.8865 5.30256 1.4
      vertex -44.9961 3.25095 1.4
      vertex -44.8807 3.00059 1.4
    endloop
  endfacet
  facet normal 0 0 1
    outer loop
      vertex -45.2132 106.615 1.4
      vertex -45.043 107.138 1.4
      vertex -45.1384 106.88 1.4
    endloop
  endfacet
  facet normal 0 0 1
    outer loop
      vertex -41.8865 5.30256 1.4
      vertex -44.8807 3.00059 1.4
      vertex -44.746 2.76006 1.4
    endloop
  endfacet
  facet normal 0 0 1
    outer loop
      vertex -44.9961 107.249 1.4
      vertex -45.2132 106.615 1.4
      vertex -45.358 105.56 1.4
    endloop
  endfacet
  facet normal 0 0 1
    outer loop
      vertex -41.8865 5.30256 1.4
      vertex -45.2132 3.88548 1.4
      vertex -45.1384 3.62015 1.4
    endloop
  endfacet
  facet normal 0 0 1
    outer loop
      vertex -45.3148 106.109 1.4
      vertex -45.2132 106.615 1.4
      vertex -45.245 106.499 1.4
    endloop
  endfacet
  facet normal 0 0 1
    outer loop
      vertex -41.8865 5.30256 1.4
      vertex -45.043 3.36152 1.4
      vertex -44.9961 3.25095 1.4
    endloop
  endfacet
  facet normal 0 0 1
    outer loop
      vertex -45.3148 106.109 1.4
      vertex -45.245 106.499 1.4
      vertex -45.2988 106.228 1.4
    endloop
  endfacet
  facet normal 0 0 1
    outer loop
      vertex -41.8865 5.30256 1.4
      vertex -45.1384 3.62015 1.4
      vertex -45.043 3.36152 1.4
    endloop
  endfacet
  facet normal 0 0 1
    outer loop
      vertex -45.2132 106.615 1.4
      vertex -45.3148 106.109 1.4
      vertex -45.358 105.56 1.4
    endloop
  endfacet
  facet normal 0 0 1
    outer loop
      vertex -41.8865 5.30256 1.4
      vertex -45.3148 4.39072 1.4
      vertex -45.2988 4.27169 1.4
    endloop
  endfacet
  facet normal 0 0 1
    outer loop
      vertex -45.358 105.56 1.4
      vertex -45.3148 106.109 1.4
      vertex -45.3472 105.836 1.4
    endloop
  endfacet
  facet normal 0 0 1
    outer loop
      vertex -41.8865 5.30256 1.4
      vertex -45.245 4.00131 1.4
      vertex -45.2132 3.88548 1.4
    endloop
  endfacet
  facet normal 0 0 1
    outer loop
      vertex -41.8865 5.30256 1.4
      vertex -45.2988 4.27169 1.4
      vertex -45.245 4.00131 1.4
    endloop
  endfacet
  facet normal 0 0 1
    outer loop
      vertex -41.8865 5.30256 1.4
      vertex -45.3472 4.66449 1.4
      vertex -45.3148 4.39072 1.4
    endloop
  endfacet
  facet normal -0 0 1
    outer loop
      vertex -39.0538 5.10879 1.4
      vertex -10.5 0.590512 1.4
      vertex -39 5.5 1.4
    endloop
  endfacet
  facet normal -0 0 1
    outer loop
      vertex -39.2111 4.7466 1.4
      vertex -10.5 0.590512 1.4
      vertex -39.0538 5.10879 1.4
    endloop
  endfacet
  facet normal 0 0 1
    outer loop
      vertex -40.98 0.590512 1.4
      vertex -39.2111 4.7466 1.4
      vertex -39.4603 4.44029 1.4
    endloop
  endfacet
  facet normal 0 0 1
    outer loop
      vertex -40.98 0.590512 1.4
      vertex -39.4603 4.44029 1.4
      vertex -39.7829 4.21257 1.4
    endloop
  endfacet
  facet normal 0 0 1
    outer loop
      vertex -40.98 0.590512 1.4
      vertex -39.7829 4.21257 1.4
      vertex -40.155 4.08033 1.4
    endloop
  endfacet
  facet normal 0 0 1
    outer loop
      vertex -40.98 0.590512 1.4
      vertex -40.155 4.08033 1.4
      vertex -40.549 4.05338 1.4
    endloop
  endfacet
  facet normal 0 0 1
    outer loop
      vertex -39.2111 4.7466 1.4
      vertex -40.98 0.590512 1.4
      vertex -10.5 0.590512 1.4
    endloop
  endfacet
  facet normal 0 0 1
    outer loop
      vertex -41.2555 0.601333 1.4
      vertex -40.549 4.05338 1.4
      vertex -40.9356 4.13372 1.4
    endloop
  endfacet
  facet normal 0 0 1
    outer loop
      vertex -40.549 4.05338 1.4
      vertex -41.2555 0.601333 1.4
      vertex -40.98 0.590512 1.4
    endloop
  endfacet
  facet normal 0 0 1
    outer loop
      vertex -41.9191 0.699537 1.4
      vertex -40.9356 4.13372 1.4
      vertex -41.2862 4.31539 1.4
    endloop
  endfacet
  facet normal 0 0 1
    outer loop
      vertex -40.9356 4.13372 1.4
      vertex -41.375 0.613354 1.4
      vertex -41.2555 0.601333 1.4
    endloop
  endfacet
  facet normal 0 0 1
    outer loop
      vertex -41.9191 0.699537 1.4
      vertex -41.2862 4.31539 1.4
      vertex -41.5748 4.58492 1.4
    endloop
  endfacet
  facet normal 0 0 1
    outer loop
      vertex -40.9356 4.13372 1.4
      vertex -41.6488 0.645752 1.4
      vertex -41.375 0.613354 1.4
    endloop
  endfacet
  facet normal 0 0 1
    outer loop
      vertex -41.9191 0.699537 1.4
      vertex -41.5748 4.58492 1.4
      vertex -41.78 4.92232 1.4
    endloop
  endfacet
  facet normal 0 0 1
    outer loop
      vertex -41.9191 0.699537 1.4
      vertex -41.78 4.92232 1.4
      vertex -41.8865 5.30256 1.4
    endloop
  endfacet
  facet normal 0 0 1
    outer loop
      vertex -40.9356 4.13372 1.4
      vertex -41.9191 0.699537 1.4
      vertex -41.6488 0.645752 1.4
    endloop
  endfacet
  facet normal -0 0 1
    outer loop
      vertex -39.0538 104.609 1.4
      vertex 37.5 102.35 1.4
      vertex -39 105 1.4
    endloop
  endfacet
  facet normal -0 0 1
    outer loop
      vertex -39.2111 104.247 1.4
      vertex 37.5 102.35 1.4
      vertex -39.0538 104.609 1.4
    endloop
  endfacet
  facet normal -0 0 1
    outer loop
      vertex -39.4603 103.94 1.4
      vertex 37.5 102.35 1.4
      vertex -39.2111 104.247 1.4
    endloop
  endfacet
  facet normal 0 0 1
    outer loop
      vertex -40.8 102.35 1.4
      vertex -39.4603 103.94 1.4
      vertex -39.7829 103.713 1.4
    endloop
  endfacet
  facet normal 0 0 1
    outer loop
      vertex -40.8 102.35 1.4
      vertex -39.7829 103.713 1.4
      vertex -40.155 103.58 1.4
    endloop
  endfacet
  facet normal 0 0 1
    outer loop
      vertex -40.8 102.35 1.4
      vertex -40.155 103.58 1.4
      vertex -40.549 103.553 1.4
    endloop
  endfacet
  facet normal 0 0 1
    outer loop
      vertex -39.4603 103.94 1.4
      vertex -40.8 102.35 1.4
      vertex 37.5 102.35 1.4
    endloop
  endfacet
  facet normal 0 0 1
    outer loop
      vertex -40.9356 103.634 1.4
      vertex -40.8 102.35 1.4
      vertex -40.549 103.553 1.4
    endloop
  endfacet
  facet normal 0 0 1
    outer loop
      vertex -40.9356 103.634 1.4
      vertex -41.1911 102.319 1.4
      vertex -40.8 102.35 1.4
    endloop
  endfacet
  facet normal 0 0 1
    outer loop
      vertex -41.2862 103.815 1.4
      vertex -41.1911 102.319 1.4
      vertex -40.9356 103.634 1.4
    endloop
  endfacet
  facet normal 0 0 1
    outer loop
      vertex -41.2862 103.815 1.4
      vertex -41.5725 102.228 1.4
      vertex -41.1911 102.319 1.4
    endloop
  endfacet
  facet normal 0 0 1
    outer loop
      vertex -41.5748 104.085 1.4
      vertex -41.5725 102.228 1.4
      vertex -41.2862 103.815 1.4
    endloop
  endfacet
  facet normal 0 0 1
    outer loop
      vertex -42.2695 101.873 1.4
      vertex -41.5748 104.085 1.4
      vertex -41.78 104.422 1.4
    endloop
  endfacet
  facet normal 0 0 1
    outer loop
      vertex -45.358 105.56 1.4
      vertex -41.78 104.422 1.4
      vertex -41.8865 104.803 1.4
    endloop
  endfacet
  facet normal 0 0 1
    outer loop
      vertex -41.5748 104.085 1.4
      vertex -41.935 102.078 1.4
      vertex -41.5725 102.228 1.4
    endloop
  endfacet
  facet normal -0 0 1
    outer loop
      vertex -42.9224 109.444 1.4
      vertex -41.2862 106.185 1.4
      vertex -42.672 109.559 1.4
    endloop
  endfacet
  facet normal -0 0 1
    outer loop
      vertex -43.0277 109.386 1.4
      vertex -41.2862 106.185 1.4
      vertex -42.9224 109.444 1.4
    endloop
  endfacet
  facet normal -0 0 1
    outer loop
      vertex -43.4974 109.098 1.4
      vertex -41.2862 106.185 1.4
      vertex -43.2682 109.251 1.4
    endloop
  endfacet
  facet normal -0 0 1
    outer loop
      vertex -43.2682 109.251 1.4
      vertex -41.2862 106.185 1.4
      vertex -43.0277 109.386 1.4
    endloop
  endfacet
  facet normal 0 0 1
    outer loop
      vertex -45.358 105.56 1.4
      vertex -41.78 105.578 1.4
      vertex -43.4974 109.098 1.4
    endloop
  endfacet
  facet normal 0 0 1
    outer loop
      vertex -41.8865 105.197 1.4
      vertex -45.358 105.56 1.4
      vertex -41.8865 104.803 1.4
    endloop
  endfacet
  facet normal 0 0 1
    outer loop
      vertex -41.2862 106.185 1.4
      vertex -43.4974 109.098 1.4
      vertex -41.5748 105.915 1.4
    endloop
  endfacet
  facet normal 0 0 1
    outer loop
      vertex -41.5748 104.085 1.4
      vertex -42.2695 101.873 1.4
      vertex -41.935 102.078 1.4
    endloop
  endfacet
  facet normal 0 0 1
    outer loop
      vertex -41.5748 105.915 1.4
      vertex -43.4974 109.098 1.4
      vertex -41.78 105.578 1.4
    endloop
  endfacet
  facet normal 0 0 1
    outer loop
      vertex -41.78 104.422 1.4
      vertex -42.5678 101.618 1.4
      vertex -42.2695 101.873 1.4
    endloop
  endfacet
  facet normal 0 0 1
    outer loop
      vertex -41.78 104.422 1.4
      vertex -45.358 105.56 1.4
      vertex -42.5678 101.618 1.4
    endloop
  endfacet
  facet normal 0 0 1
    outer loop
      vertex -42.5678 101.618 1.4
      vertex -45.358 105.56 1.4
      vertex -42.8225 101.319 1.4
    endloop
  endfacet
  facet normal 0 0 1
    outer loop
      vertex -41.78 105.578 1.4
      vertex -45.358 105.56 1.4
      vertex -41.8865 105.197 1.4
    endloop
  endfacet
  facet normal 0 0 1
    outer loop
      vertex -42.8225 101.319 1.4
      vertex -45.358 105.56 1.4
      vertex -43.0275 100.985 1.4
    endloop
  endfacet
  facet normal 0 0 1
    outer loop
      vertex -43.0275 100.985 1.4
      vertex -45.358 105.56 1.4
      vertex -43.1776 100.623 1.4
    endloop
  endfacet
  facet normal 0 0 1
    outer loop
      vertex -43.2692 100.241 1.4
      vertex -45.358 105.56 1.4
      vertex -43.3 99.85 1.4
    endloop
  endfacet
  facet normal 0 0 1
    outer loop
      vertex -43.1776 100.623 1.4
      vertex -45.358 105.56 1.4
      vertex -43.2692 100.241 1.4
    endloop
  endfacet
  facet normal 0 0 1
    outer loop
      vertex 45.36 105.5 1.4
      vertex 40 99.85 1.4
      vertex 45.36 5 1.4
    endloop
  endfacet
  facet normal 0 0 1
    outer loop
      vertex 45.36 5 1.4
      vertex 41.8462 5.8912 1.4
      vertex 41.9 5.5 1.4
    endloop
  endfacet
  facet normal 0 0 1
    outer loop
      vertex 40 99.85 1.4
      vertex 41.8462 104.609 1.4
      vertex 41.6889 104.247 1.4
    endloop
  endfacet
  facet normal -0 0 1
    outer loop
      vertex 40 10.65 1.4
      vertex 45.36 5 1.4
      vertex 40 99.85 1.4
    endloop
  endfacet
  facet normal 0 0 1
    outer loop
      vertex 40 99.85 1.4
      vertex 41.6889 104.247 1.4
      vertex 41.4397 103.94 1.4
    endloop
  endfacet
  facet normal -0 -0 1
    outer loop
      vertex 41.4397 6.55971 1.4
      vertex 45.36 5 1.4
      vertex 40 10.65 1.4
    endloop
  endfacet
  facet normal 0 0 1
    outer loop
      vertex 39.9692 100.241 1.4
      vertex 41.4397 103.94 1.4
      vertex 41.1171 103.713 1.4
    endloop
  endfacet
  facet normal 0 0 1
    outer loop
      vertex 45.36 5 1.4
      vertex 41.6889 6.2534 1.4
      vertex 41.8462 5.8912 1.4
    endloop
  endfacet
  facet normal 0 0 1
    outer loop
      vertex 39.7275 100.985 1.4
      vertex 41.1171 103.713 1.4
      vertex 40.745 103.58 1.4
    endloop
  endfacet
  facet normal 0 0 1
    outer loop
      vertex 45.36 5 1.4
      vertex 41.4397 6.55971 1.4
      vertex 41.6889 6.2534 1.4
    endloop
  endfacet
  facet normal 0 0 1
    outer loop
      vertex 39.5225 101.319 1.4
      vertex 40.745 103.58 1.4
      vertex 40.351 103.553 1.4
    endloop
  endfacet
  facet normal -0 0 1
    outer loop
      vertex 39.9692 10.2589 1.4
      vertex 41.4397 6.55971 1.4
      vertex 40 10.65 1.4
    endloop
  endfacet
  facet normal 0 0 1
    outer loop
      vertex 41.4397 6.55971 1.4
      vertex 39.9692 10.2589 1.4
      vertex 41.1171 6.78743 1.4
    endloop
  endfacet
  facet normal 0 0 1
    outer loop
      vertex 41.4397 103.94 1.4
      vertex 39.9692 100.241 1.4
      vertex 40 99.85 1.4
    endloop
  endfacet
  facet normal 0 0 1
    outer loop
      vertex 39.2678 101.618 1.4
      vertex 40.351 103.553 1.4
      vertex 39.9644 103.634 1.4
    endloop
  endfacet
  facet normal 0 0 1
    outer loop
      vertex 41.1171 103.713 1.4
      vertex 39.8776 100.623 1.4
      vertex 39.9692 100.241 1.4
    endloop
  endfacet
  facet normal 0 0 1
    outer loop
      vertex 41.1171 103.713 1.4
      vertex 39.7275 100.985 1.4
      vertex 39.8776 100.623 1.4
    endloop
  endfacet
  facet normal 0 0 1
    outer loop
      vertex 38.9695 101.873 1.4
      vertex 39.9644 103.634 1.4
      vertex 39.6138 103.815 1.4
    endloop
  endfacet
  facet normal 0 0 1
    outer loop
      vertex 40.745 103.58 1.4
      vertex 39.5225 101.319 1.4
      vertex 39.7275 100.985 1.4
    endloop
  endfacet
  facet normal 0 0 1
    outer loop
      vertex 38.2725 102.228 1.4
      vertex 39.6138 103.815 1.4
      vertex 39.3252 104.085 1.4
    endloop
  endfacet
  facet normal 0 0 1
    outer loop
      vertex 40.351 103.553 1.4
      vertex 39.2678 101.618 1.4
      vertex 39.5225 101.319 1.4
    endloop
  endfacet
  facet normal 0 0 1
    outer loop
      vertex 37.8911 102.319 1.4
      vertex 39.3252 104.085 1.4
      vertex 39.12 104.422 1.4
    endloop
  endfacet
  facet normal 0 0 1
    outer loop
      vertex 37.5 102.35 1.4
      vertex 39.12 104.422 1.4
      vertex 39.0135 104.803 1.4
    endloop
  endfacet
  facet normal 0 0 1
    outer loop
      vertex 39.9644 103.634 1.4
      vertex 38.9695 101.873 1.4
      vertex 39.2678 101.618 1.4
    endloop
  endfacet
  facet normal 0 0 1
    outer loop
      vertex 41.8462 105.391 1.4
      vertex 45.36 105.5 1.4
      vertex 45.3492 105.775 1.4
    endloop
  endfacet
  facet normal 0 0 1
    outer loop
      vertex 41.8462 104.609 1.4
      vertex 45.36 105.5 1.4
      vertex 41.9 105 1.4
    endloop
  endfacet
  facet normal 0 0 1
    outer loop
      vertex 41.8462 105.391 1.4
      vertex 45.3492 105.775 1.4
      vertex 45.3411 105.895 1.4
    endloop
  endfacet
  facet normal 0 0 1
    outer loop
      vertex 40 99.85 1.4
      vertex 45.36 105.5 1.4
      vertex 41.8462 104.609 1.4
    endloop
  endfacet
  facet normal 0 0 1
    outer loop
      vertex 41.8462 105.391 1.4
      vertex 45.3411 105.895 1.4
      vertex 45.3087 106.169 1.4
    endloop
  endfacet
  facet normal -0 0 1
    outer loop
      vertex 41.8462 5.10879 1.4
      vertex 45.36 5 1.4
      vertex 41.9 5.5 1.4
    endloop
  endfacet
  facet normal 0 0 1
    outer loop
      vertex 41.8462 105.391 1.4
      vertex 45.3087 106.169 1.4
      vertex 45.255 106.439 1.4
    endloop
  endfacet
  facet normal 0 0 1
    outer loop
      vertex 45.36 5 1.4
      vertex 41.8462 5.10879 1.4
      vertex 45.3492 4.72454 1.4
    endloop
  endfacet
  facet normal 0 0 1
    outer loop
      vertex 41.8462 105.391 1.4
      vertex 45.255 106.439 1.4
      vertex 45.231 106.557 1.4
    endloop
  endfacet
  facet normal 0 0 1
    outer loop
      vertex 45.3492 4.72454 1.4
      vertex 41.8462 5.10879 1.4
      vertex 45.3411 4.60471 1.4
    endloop
  endfacet
  facet normal 0 0 1
    outer loop
      vertex 41.8462 105.391 1.4
      vertex 45.231 106.557 1.4
      vertex 45.1562 106.822 1.4
    endloop
  endfacet
  facet normal 0 0 1
    outer loop
      vertex 45.3411 4.60471 1.4
      vertex 41.8462 5.10879 1.4
      vertex 45.3087 4.33094 1.4
    endloop
  endfacet
  facet normal 0 0 1
    outer loop
      vertex 41.8462 105.391 1.4
      vertex 45.1562 106.822 1.4
      vertex 45.1168 106.936 1.4
    endloop
  endfacet
  facet normal 0 0 1
    outer loop
      vertex 45.3087 4.33094 1.4
      vertex 41.8462 5.10879 1.4
      vertex 45.255 4.06056 1.4
    endloop
  endfacet
  facet normal 0 0 1
    outer loop
      vertex 41.6889 105.753 1.4
      vertex 45.1168 106.936 1.4
      vertex 45.0214 107.195 1.4
    endloop
  endfacet
  facet normal 0 0 1
    outer loop
      vertex 45.255 4.06056 1.4
      vertex 41.8462 5.10879 1.4
      vertex 45.231 3.94286 1.4
    endloop
  endfacet
  facet normal 0 0 1
    outer loop
      vertex 41.6889 105.753 1.4
      vertex 45.0214 107.195 1.4
      vertex 44.906 107.445 1.4
    endloop
  endfacet
  facet normal 0 0 1
    outer loop
      vertex 45.231 3.94286 1.4
      vertex 41.8462 5.10879 1.4
      vertex 45.1562 3.67754 1.4
    endloop
  endfacet
  facet normal 0 0 1
    outer loop
      vertex 41.6889 105.753 1.4
      vertex 44.906 107.445 1.4
      vertex 44.8518 107.552 1.4
    endloop
  endfacet
  facet normal 0 0 1
    outer loop
      vertex 45.1562 3.67754 1.4
      vertex 41.8462 5.10879 1.4
      vertex 45.1168 3.56408 1.4
    endloop
  endfacet
  facet normal 0 0 1
    outer loop
      vertex 41.6889 105.753 1.4
      vertex 44.8518 107.552 1.4
      vertex 44.7171 107.793 1.4
    endloop
  endfacet
  facet normal -0 0 1
    outer loop
      vertex 41.6889 4.7466 1.4
      vertex 45.1168 3.56408 1.4
      vertex 41.8462 5.10879 1.4
    endloop
  endfacet
  facet normal 0 0 1
    outer loop
      vertex 41.6889 105.753 1.4
      vertex 44.7171 107.793 1.4
      vertex 44.5639 108.022 1.4
    endloop
  endfacet
  facet normal 0 0 1
    outer loop
      vertex 45.1168 3.56408 1.4
      vertex 41.6889 4.7466 1.4
      vertex 45.0214 3.30545 1.4
    endloop
  endfacet
  facet normal 0 0 1
    outer loop
      vertex 41.6889 105.753 1.4
      vertex 44.5639 108.022 1.4
      vertex 44.496 108.121 1.4
    endloop
  endfacet
  facet normal 0 0 1
    outer loop
      vertex 45.0214 3.30545 1.4
      vertex 41.6889 4.7466 1.4
      vertex 44.906 3.05509 1.4
    endloop
  endfacet
  facet normal 0 0 1
    outer loop
      vertex 41.4397 106.06 1.4
      vertex 44.496 108.121 1.4
      vertex 44.3253 108.337 1.4
    endloop
  endfacet
  facet normal 0 0 1
    outer loop
      vertex 44.906 3.05509 1.4
      vertex 41.6889 4.7466 1.4
      vertex 44.8518 2.9479 1.4
    endloop
  endfacet
  facet normal 0 0 1
    outer loop
      vertex 41.4397 106.06 1.4
      vertex 44.3253 108.337 1.4
      vertex 44.2448 108.426 1.4
    endloop
  endfacet
  facet normal 0 0 1
    outer loop
      vertex 44.8518 2.9479 1.4
      vertex 41.6889 4.7466 1.4
      vertex 44.7171 2.70737 1.4
    endloop
  endfacet
  facet normal 0 0 1
    outer loop
      vertex 41.4397 106.06 1.4
      vertex 44.2448 108.426 1.4
      vertex 44.0576 108.629 1.4
    endloop
  endfacet
  facet normal 0 0 1
    outer loop
      vertex 44.7171 2.70737 1.4
      vertex 41.6889 4.7466 1.4
      vertex 44.5639 2.47815 1.4
    endloop
  endfacet
  facet normal 0 0 1
    outer loop
      vertex 41.4397 106.06 1.4
      vertex 44.0576 108.629 1.4
      vertex 43.8552 108.816 1.4
    endloop
  endfacet
  facet normal 0 0 1
    outer loop
      vertex 44.5639 2.47815 1.4
      vertex 41.6889 4.7466 1.4
      vertex 44.496 2.37914 1.4
    endloop
  endfacet
  facet normal 0 0 1
    outer loop
      vertex 41.4397 106.06 1.4
      vertex 43.8552 108.816 1.4
      vertex 43.7635 108.894 1.4
    endloop
  endfacet
  facet normal -0 0 1
    outer loop
      vertex 41.4397 4.44029 1.4
      vertex 44.496 2.37914 1.4
      vertex 41.6889 4.7466 1.4
    endloop
  endfacet
  facet normal 0 0 1
    outer loop
      vertex 41.4397 106.06 1.4
      vertex 43.7635 108.894 1.4
      vertex 43.547 109.064 1.4
    endloop
  endfacet
  facet normal 0 0 1
    outer loop
      vertex 44.496 2.37914 1.4
      vertex 41.4397 4.44029 1.4
      vertex 44.3253 2.16264 1.4
    endloop
  endfacet
  facet normal 0 0 1
    outer loop
      vertex 41.4397 106.06 1.4
      vertex 43.547 109.064 1.4
      vertex 43.3178 109.217 1.4
    endloop
  endfacet
  facet normal 0 0 1
    outer loop
      vertex 44.3253 2.16264 1.4
      vertex 41.4397 4.44029 1.4
      vertex 44.2448 2.07357 1.4
    endloop
  endfacet
  facet normal 0 0 1
    outer loop
      vertex 41.1171 106.287 1.4
      vertex 43.3178 109.217 1.4
      vertex 43.2165 109.282 1.4
    endloop
  endfacet
  facet normal 0 0 1
    outer loop
      vertex 44.2448 2.07357 1.4
      vertex 41.4397 4.44029 1.4
      vertex 44.0576 1.87113 1.4
    endloop
  endfacet
  facet normal 0 0 1
    outer loop
      vertex 41.1171 106.287 1.4
      vertex 43.2165 109.282 1.4
      vertex 42.976 109.417 1.4
    endloop
  endfacet
  facet normal 0 0 1
    outer loop
      vertex 44.0576 1.87113 1.4
      vertex 41.4397 4.44029 1.4
      vertex 43.8552 1.684 1.4
    endloop
  endfacet
  facet normal 0 0 1
    outer loop
      vertex 41.1171 106.287 1.4
      vertex 42.976 109.417 1.4
      vertex 42.8671 109.467 1.4
    endloop
  endfacet
  facet normal 0 0 1
    outer loop
      vertex 43.8552 1.684 1.4
      vertex 41.4397 4.44029 1.4
      vertex 43.7635 1.60646 1.4
    endloop
  endfacet
  facet normal 0 0 1
    outer loop
      vertex 41.1171 106.287 1.4
      vertex 42.8671 109.467 1.4
      vertex 42.6167 109.583 1.4
    endloop
  endfacet
  facet normal 0 0 1
    outer loop
      vertex 43.7635 1.60646 1.4
      vertex 41.4397 4.44029 1.4
      vertex 43.547 1.43579 1.4
    endloop
  endfacet
  facet normal 0 0 1
    outer loop
      vertex 41.1171 106.287 1.4
      vertex 42.6167 109.583 1.4
      vertex 42.3581 109.678 1.4
    endloop
  endfacet
  facet normal 0 0 1
    outer loop
      vertex 43.547 1.43579 1.4
      vertex 41.4397 4.44029 1.4
      vertex 43.3178 1.28263 1.4
    endloop
  endfacet
  facet normal 0 0 1
    outer loop
      vertex 41.1171 106.287 1.4
      vertex 42.3581 109.678 1.4
      vertex 42.2434 109.714 1.4
    endloop
  endfacet
  facet normal -0 0 1
    outer loop
      vertex 41.1171 4.21257 1.4
      vertex 43.3178 1.28263 1.4
      vertex 41.4397 4.44029 1.4
    endloop
  endfacet
  facet normal 0 0 1
    outer loop
      vertex 41.1171 106.287 1.4
      vertex 42.2434 109.714 1.4
      vertex 41.978 109.788 1.4
    endloop
  endfacet
  facet normal 0 0 1
    outer loop
      vertex 43.3178 1.28263 1.4
      vertex 41.1171 4.21257 1.4
      vertex 43.2165 1.21801 1.4
    endloop
  endfacet
  facet normal 0 0 1
    outer loop
      vertex 43.2165 1.21801 1.4
      vertex 41.1171 4.21257 1.4
      vertex 42.976 1.08331 1.4
    endloop
  endfacet
  facet normal 0 0 1
    outer loop
      vertex 45.36 105.5 1.4
      vertex 41.8462 105.391 1.4
      vertex 41.9 105 1.4
    endloop
  endfacet
  facet normal 0 0 1
    outer loop
      vertex 40.745 106.42 1.4
      vertex 41.978 109.788 1.4
      vertex 41.7076 109.842 1.4
    endloop
  endfacet
  facet normal 0 0 1
    outer loop
      vertex 45.1168 106.936 1.4
      vertex 41.6889 105.753 1.4
      vertex 41.8462 105.391 1.4
    endloop
  endfacet
  facet normal 0 0 1
    outer loop
      vertex 40.745 106.42 1.4
      vertex 41.7076 109.842 1.4
      vertex 41.5892 109.862 1.4
    endloop
  endfacet
  facet normal 0 0 1
    outer loop
      vertex 44.496 108.121 1.4
      vertex 41.4397 106.06 1.4
      vertex 41.6889 105.753 1.4
    endloop
  endfacet
  facet normal 0 0 1
    outer loop
      vertex 40.745 106.42 1.4
      vertex 41.5892 109.862 1.4
      vertex 41.3154 109.895 1.4
    endloop
  endfacet
  facet normal 0 0 1
    outer loop
      vertex 43.3178 109.217 1.4
      vertex 41.1171 106.287 1.4
      vertex 41.4397 106.06 1.4
    endloop
  endfacet
  facet normal 0 0 1
    outer loop
      vertex 40.745 106.42 1.4
      vertex 41.3154 109.895 1.4
      vertex 41.04 109.905 1.4
    endloop
  endfacet
  facet normal 0 0 1
    outer loop
      vertex 40.745 106.42 1.4
      vertex 41.04 109.905 1.4
      vertex 40.92 109.909 1.4
    endloop
  endfacet
  facet normal 0 0 1
    outer loop
      vertex 41.978 109.788 1.4
      vertex 40.745 106.42 1.4
      vertex 41.1171 106.287 1.4
    endloop
  endfacet
  facet normal 0 0 1
    outer loop
      vertex 40.92 109.909 1.4
      vertex 40.351 106.447 1.4
      vertex 40.745 106.42 1.4
    endloop
  endfacet
  facet normal 0 0 1
    outer loop
      vertex 40.92 109.909 1.4
      vertex 39.9644 106.366 1.4
      vertex 40.351 106.447 1.4
    endloop
  endfacet
  facet normal 0 0 1
    outer loop
      vertex 40.92 109.909 1.4
      vertex 39.6138 106.185 1.4
      vertex 39.9644 106.366 1.4
    endloop
  endfacet
  facet normal 0 0 1
    outer loop
      vertex 40.92 109.909 1.4
      vertex 39.3252 105.915 1.4
      vertex 39.6138 106.185 1.4
    endloop
  endfacet
  facet normal 0 0 1
    outer loop
      vertex 40.92 109.909 1.4
      vertex 39.12 105.578 1.4
      vertex 39.3252 105.915 1.4
    endloop
  endfacet
  facet normal 0 0 1
    outer loop
      vertex 37.5 102.35 1.4
      vertex 39.0135 104.803 1.4
      vertex 39.0135 105.197 1.4
    endloop
  endfacet
  facet normal 0 0 1
    outer loop
      vertex 39.6138 103.815 1.4
      vertex 38.635 102.078 1.4
      vertex 38.9695 101.873 1.4
    endloop
  endfacet
  facet normal 0 0 1
    outer loop
      vertex 39.6138 103.815 1.4
      vertex 38.2725 102.228 1.4
      vertex 38.635 102.078 1.4
    endloop
  endfacet
  facet normal 0 0 1
    outer loop
      vertex 39.3252 104.085 1.4
      vertex 37.8911 102.319 1.4
      vertex 38.2725 102.228 1.4
    endloop
  endfacet
  facet normal 0 0 1
    outer loop
      vertex 37.5 102.35 1.4
      vertex 39.0135 105.197 1.4
      vertex 39.12 105.578 1.4
    endloop
  endfacet
  facet normal 0 0 1
    outer loop
      vertex 39.12 104.422 1.4
      vertex 37.5 102.35 1.4
      vertex 37.8911 102.319 1.4
    endloop
  endfacet
  facet normal -0 0 1
    outer loop
      vertex -39.2111 105.753 1.4
      vertex 39.12 105.578 1.4
      vertex 40.92 109.909 1.4
    endloop
  endfacet
  facet normal 0 0 1
    outer loop
      vertex 39.12 105.578 1.4
      vertex -39.2111 105.753 1.4
      vertex 37.5 102.35 1.4
    endloop
  endfacet
  facet normal 0 0 1
    outer loop
      vertex 37.5 102.35 1.4
      vertex -39.0538 105.391 1.4
      vertex -39 105 1.4
    endloop
  endfacet
  facet normal 0 0 1
    outer loop
      vertex 37.5 102.35 1.4
      vertex -39.2111 105.753 1.4
      vertex -39.0538 105.391 1.4
    endloop
  endfacet
  facet normal -0 0 1
    outer loop
      vertex -40.98 109.909 1.4
      vertex -39.2111 105.753 1.4
      vertex 40.92 109.909 1.4
    endloop
  endfacet
  facet normal 0 0 1
    outer loop
      vertex -39.2111 105.753 1.4
      vertex -40.98 109.909 1.4
      vertex -39.4603 106.06 1.4
    endloop
  endfacet
  facet normal 0 0 1
    outer loop
      vertex -39.4603 106.06 1.4
      vertex -40.98 109.909 1.4
      vertex -39.7829 106.287 1.4
    endloop
  endfacet
  facet normal 0 0 1
    outer loop
      vertex -39.7829 106.287 1.4
      vertex -40.98 109.909 1.4
      vertex -40.155 106.42 1.4
    endloop
  endfacet
  facet normal 0 0 1
    outer loop
      vertex -40.155 106.42 1.4
      vertex -40.98 109.909 1.4
      vertex -40.549 106.447 1.4
    endloop
  endfacet
  facet normal -0 0 1
    outer loop
      vertex -41.2555 109.899 1.4
      vertex -40.549 106.447 1.4
      vertex -40.98 109.909 1.4
    endloop
  endfacet
  facet normal 0 0 1
    outer loop
      vertex -40.549 106.447 1.4
      vertex -41.2555 109.899 1.4
      vertex -40.9356 106.366 1.4
    endloop
  endfacet
  facet normal -0 0 1
    outer loop
      vertex -41.375 109.887 1.4
      vertex -40.9356 106.366 1.4
      vertex -41.2555 109.899 1.4
    endloop
  endfacet
  facet normal -0 0 1
    outer loop
      vertex -41.6488 109.854 1.4
      vertex -40.9356 106.366 1.4
      vertex -41.375 109.887 1.4
    endloop
  endfacet
  facet normal -0 0 1
    outer loop
      vertex -41.9191 109.8 1.4
      vertex -40.9356 106.366 1.4
      vertex -41.6488 109.854 1.4
    endloop
  endfacet
  facet normal -0 0 1
    outer loop
      vertex -42.036 109.773 1.4
      vertex -40.9356 106.366 1.4
      vertex -41.9191 109.8 1.4
    endloop
  endfacet
  facet normal -0 0 1
    outer loop
      vertex -42.3013 109.698 1.4
      vertex -40.9356 106.366 1.4
      vertex -42.036 109.773 1.4
    endloop
  endfacet
  facet normal -0 0 1
    outer loop
      vertex -42.5599 109.602 1.4
      vertex -40.9356 106.366 1.4
      vertex -42.3013 109.698 1.4
    endloop
  endfacet
  facet normal -0 0 1
    outer loop
      vertex -42.672 109.559 1.4
      vertex -41.2862 106.185 1.4
      vertex -42.5599 109.602 1.4
    endloop
  endfacet
  facet normal 0 0 1
    outer loop
      vertex -40.9356 106.366 1.4
      vertex -42.5599 109.602 1.4
      vertex -41.2862 106.185 1.4
    endloop
  endfacet
  facet normal 0 0 1
    outer loop
      vertex 42.976 1.08331 1.4
      vertex 41.1171 4.21257 1.4
      vertex 42.8671 1.03276 1.4
    endloop
  endfacet
  facet normal 0 0 1
    outer loop
      vertex 42.8671 1.03276 1.4
      vertex 41.1171 4.21257 1.4
      vertex 42.6167 0.917336 1.4
    endloop
  endfacet
  facet normal 0 0 1
    outer loop
      vertex 42.6167 0.917336 1.4
      vertex 41.1171 4.21257 1.4
      vertex 42.3581 0.821923 1.4
    endloop
  endfacet
  facet normal 0 0 1
    outer loop
      vertex 42.3581 0.821923 1.4
      vertex 41.1171 4.21257 1.4
      vertex 42.2434 0.786339 1.4
    endloop
  endfacet
  facet normal 0 0 1
    outer loop
      vertex 42.2434 0.786339 1.4
      vertex 41.1171 4.21257 1.4
      vertex 41.978 0.711507 1.4
    endloop
  endfacet
  facet normal -0 0 1
    outer loop
      vertex 40.745 4.08033 1.4
      vertex 41.978 0.711507 1.4
      vertex 41.1171 4.21257 1.4
    endloop
  endfacet
  facet normal 0 0 1
    outer loop
      vertex 41.978 0.711507 1.4
      vertex 40.745 4.08033 1.4
      vertex 41.7076 0.657722 1.4
    endloop
  endfacet
  facet normal 0 0 1
    outer loop
      vertex 41.7076 0.657722 1.4
      vertex 40.745 4.08033 1.4
      vertex 41.5892 0.637744 1.4
    endloop
  endfacet
  facet normal 0 0 1
    outer loop
      vertex 41.5892 0.637744 1.4
      vertex 40.745 4.08033 1.4
      vertex 41.3154 0.605346 1.4
    endloop
  endfacet
  facet normal 0 0 1
    outer loop
      vertex 41.3154 0.605346 1.4
      vertex 40.745 4.08033 1.4
      vertex 41.04 0.594525 1.4
    endloop
  endfacet
  facet normal 0 0 1
    outer loop
      vertex 41.04 0.594525 1.4
      vertex 40.745 4.08033 1.4
      vertex 40.92 0.590512 1.4
    endloop
  endfacet
  facet normal -0 0 1
    outer loop
      vertex 40.351 4.05338 1.4
      vertex 40.92 0.590512 1.4
      vertex 40.745 4.08033 1.4
    endloop
  endfacet
  facet normal 0 0 1
    outer loop
      vertex 39.9644 4.13372 1.4
      vertex 40.92 0.590512 1.4
      vertex 40.351 4.05338 1.4
    endloop
  endfacet
  facet normal 0 0 1
    outer loop
      vertex 39.6138 4.31539 1.4
      vertex 40.92 0.590512 1.4
      vertex 39.9644 4.13372 1.4
    endloop
  endfacet
  facet normal 0 0 1
    outer loop
      vertex 39.3252 4.58492 1.4
      vertex 40.92 0.590512 1.4
      vertex 39.6138 4.31539 1.4
    endloop
  endfacet
  facet normal 0 0 1
    outer loop
      vertex 39.12 4.92232 1.4
      vertex 40.92 0.590512 1.4
      vertex 39.3252 4.58492 1.4
    endloop
  endfacet
  facet normal 0 0 1
    outer loop
      vertex 39.3252 6.41508 1.4
      vertex 37.8911 8.18079 1.4
      vertex 39.12 6.07768 1.4
    endloop
  endfacet
  facet normal -0 0 1
    outer loop
      vertex 37.5 8.15001 1.4
      vertex 39.12 6.07768 1.4
      vertex 37.8911 8.18079 1.4
    endloop
  endfacet
  facet normal 0 0 1
    outer loop
      vertex 39.12 6.07768 1.4
      vertex 37.5 8.15001 1.4
      vertex 39.0135 5.69744 1.4
    endloop
  endfacet
  facet normal 0 0 1
    outer loop
      vertex 39.0135 5.69744 1.4
      vertex 37.5 8.15001 1.4
      vertex 39.0135 5.30256 1.4
    endloop
  endfacet
  facet normal 0 0 1
    outer loop
      vertex 39.0135 5.30256 1.4
      vertex 37.5 8.15001 1.4
      vertex 39.12 4.92232 1.4
    endloop
  endfacet
  facet normal 0 0 1
    outer loop
      vertex 10.5 0.590512 1.4
      vertex 39.12 4.92232 1.4
      vertex 37.5 8.15001 1.4
    endloop
  endfacet
  facet normal 0 0 1
    outer loop
      vertex 10.5 0.590512 1.4
      vertex 37.5 8.15001 1.4
      vertex 10.5 8.15001 1.4
    endloop
  endfacet
  facet normal 0 0 1
    outer loop
      vertex 39.12 4.92232 1.4
      vertex 10.5 0.590512 1.4
      vertex 40.92 0.590512 1.4
    endloop
  endfacet
  facet normal -0 0 1
    outer loop
      vertex 39.8776 9.87747 1.4
      vertex 41.1171 6.78743 1.4
      vertex 39.9692 10.2589 1.4
    endloop
  endfacet
  facet normal -0 0 1
    outer loop
      vertex 39.7275 9.51503 1.4
      vertex 41.1171 6.78743 1.4
      vertex 39.8776 9.87747 1.4
    endloop
  endfacet
  facet normal 0 0 1
    outer loop
      vertex 41.1171 6.78743 1.4
      vertex 39.7275 9.51503 1.4
      vertex 40.745 6.91967 1.4
    endloop
  endfacet
  facet normal -0 0 1
    outer loop
      vertex 39.5225 9.18054 1.4
      vertex 40.745 6.91967 1.4
      vertex 39.7275 9.51503 1.4
    endloop
  endfacet
  facet normal 0 0 1
    outer loop
      vertex 40.745 6.91967 1.4
      vertex 39.5225 9.18054 1.4
      vertex 40.351 6.94662 1.4
    endloop
  endfacet
  facet normal -0 0 1
    outer loop
      vertex 39.2678 8.88225 1.4
      vertex 40.351 6.94662 1.4
      vertex 39.5225 9.18054 1.4
    endloop
  endfacet
  facet normal 0 0 1
    outer loop
      vertex 40.351 6.94662 1.4
      vertex 39.2678 8.88225 1.4
      vertex 39.9644 6.86628 1.4
    endloop
  endfacet
  facet normal -0 0 1
    outer loop
      vertex 38.9695 8.62747 1.4
      vertex 39.9644 6.86628 1.4
      vertex 39.2678 8.88225 1.4
    endloop
  endfacet
  facet normal 0 0 1
    outer loop
      vertex 39.9644 6.86628 1.4
      vertex 38.9695 8.62747 1.4
      vertex 39.6138 6.68461 1.4
    endloop
  endfacet
  facet normal -0 0 1
    outer loop
      vertex 38.635 8.42249 1.4
      vertex 39.6138 6.68461 1.4
      vertex 38.9695 8.62747 1.4
    endloop
  endfacet
  facet normal -0 0 1
    outer loop
      vertex 38.2725 8.27237 1.4
      vertex 39.6138 6.68461 1.4
      vertex 38.635 8.42249 1.4
    endloop
  endfacet
  facet normal -0 0 1
    outer loop
      vertex 37.8911 8.18079 1.4
      vertex 39.3252 6.41508 1.4
      vertex 38.2725 8.27237 1.4
    endloop
  endfacet
  facet normal 0 0 1
    outer loop
      vertex 39.6138 6.68461 1.4
      vertex 38.2725 8.27237 1.4
      vertex 39.3252 6.41508 1.4
    endloop
  endfacet
  facet normal 1 -0 0
    outer loop
      vertex 10.5 9.5 6.3
      vertex 10.5 10 2.4
      vertex 10.5 10 6.3
    endloop
  endfacet
  facet normal 1 0 0
    outer loop
      vertex 10.5 10 2.4
      vertex 10.5 9.5 6.3
      vertex 10.5 9.5 2.4
    endloop
  endfacet
  facet normal 1 0 0
    outer loop
      vertex 10.5 8.15001 2.4
      vertex 10.5 0.590512 1.4
      vertex 10.5 8.15001 1.4
    endloop
  endfacet
  facet normal 1 -0 0
    outer loop
      vertex 10.5 0.5 2.4
      vertex 10.5 0.590512 1.4
      vertex 10.5 8.15001 2.4
    endloop
  endfacet
  facet normal 1 0 0
    outer loop
      vertex 10.5 0.590512 1.4
      vertex 10.5 0.5 2.4
      vertex 10.5 0.5 1.49044
    endloop
  endfacet
  facet normal 1 -0 0
    outer loop
      vertex 10.5 13.5 6.3
      vertex 10.5 17.25 2.4
      vertex 10.5 17.25 6.3
    endloop
  endfacet
  facet normal 1 0 0
    outer loop
      vertex 10.5 17.25 2.4
      vertex 10.5 13.5 6.3
      vertex 10.5 13.5 2.4
    endloop
  endfacet
  facet normal 0 1 -0
    outer loop
      vertex -9.45 63.5 2.4
      vertex -10.5 63.5 6.3
      vertex -9.45 63.5 6.3
    endloop
  endfacet
  facet normal 0 1 0
    outer loop
      vertex -10.5 63.5 6.3
      vertex -9.45 63.5 2.4
      vertex -10.5 63.5 2.4
    endloop
  endfacet
  facet normal 0 -1 0
    outer loop
      vertex -10.5 9.5 6.3
      vertex -9 9.5 4.5
      vertex 10.5 9.5 6.3
    endloop
  endfacet
  facet normal 0 -1 0
    outer loop
      vertex -10.5 9.5 2.4
      vertex -9 9.5 4.5
      vertex -10.5 9.5 6.3
    endloop
  endfacet
  facet normal 0 -1 -0
    outer loop
      vertex -9 9.5 4.5
      vertex -10.5 9.5 2.4
      vertex -9 9.5 2.4
    endloop
  endfacet
  facet normal 0 -1 0
    outer loop
      vertex 9 9.5 4.5
      vertex 10.5 9.5 6.3
      vertex -9 9.5 4.5
    endloop
  endfacet
  facet normal 0 -1 0
    outer loop
      vertex 10.5 9.5 2.4
      vertex 9 9.5 4.5
      vertex 9 9.5 2.4
    endloop
  endfacet
  facet normal 0 -1 0
    outer loop
      vertex 9 9.5 4.5
      vertex 10.5 9.5 2.4
      vertex 10.5 9.5 6.3
    endloop
  endfacet
  facet normal 0 1 -0
    outer loop
      vertex 9 9.5 1.4
      vertex -9 9.5 2.4
      vertex 9 9.5 2.4
    endloop
  endfacet
  facet normal 0 1 0
    outer loop
      vertex -9 9.5 2.4
      vertex 9 9.5 1.4
      vertex -9 9.5 1.4
    endloop
  endfacet
  facet normal -1 0 0
    outer loop
      vertex -10.5 13.5 2.4
      vertex -10.5 63.5 6.3
      vertex -10.5 63.5 2.4
    endloop
  endfacet
  facet normal -1 -0 0
    outer loop
      vertex -10.5 63.5 6.3
      vertex -10.5 13.5 2.4
      vertex -10.5 13.5 6.3
    endloop
  endfacet
  facet normal -1 0 0
    outer loop
      vertex -10.5 9.5 2.4
      vertex -10.5 10 6.3
      vertex -10.5 10 2.4
    endloop
  endfacet
  facet normal -1 -0 0
    outer loop
      vertex -10.5 10 6.3
      vertex -10.5 9.5 2.4
      vertex -10.5 9.5 6.3
    endloop
  endfacet
  facet normal -1 0 0
    outer loop
      vertex -10.5 0.590512 1.4
      vertex -10.5 8.15001 2.4
      vertex -10.5 8.15001 1.4
    endloop
  endfacet
  facet normal -1 0 0
    outer loop
      vertex -10.5 0.5 2.4
      vertex -10.5 0.590512 1.4
      vertex -10.5 0.5 1.49044
    endloop
  endfacet
  facet normal -1 0 0
    outer loop
      vertex -10.5 0.590512 1.4
      vertex -10.5 0.5 2.4
      vertex -10.5 8.15001 2.4
    endloop
  endfacet
  facet normal 0 -1 0
    outer loop
      vertex -10.5 0.5 1.49044
      vertex 10.5 0.5 2.4
      vertex -10.5 0.5 2.4
    endloop
  endfacet
  facet normal 0 -1 -0
    outer loop
      vertex 10.5 0.5 2.4
      vertex -10.5 0.5 1.49044
      vertex 10.5 0.5 1.49044
    endloop
  endfacet
  facet normal 0 1 -0
    outer loop
      vertex 38.15 67.85 2.4
      vertex -9.45 67.85 6.3
      vertex 38.15 67.85 6.3
    endloop
  endfacet
  facet normal 0 1 0
    outer loop
      vertex -9.45 67.85 6.3
      vertex 38.15 67.85 2.4
      vertex -9.45 67.85 2.4
    endloop
  endfacet
  facet normal -1 0 0
    outer loop
      vertex -9.45 63.5 2.4
      vertex -9.45 67.85 6.3
      vertex -9.45 67.85 2.4
    endloop
  endfacet
  facet normal -1 -0 0
    outer loop
      vertex -9.45 67.85 6.3
      vertex -9.45 63.5 2.4
      vertex -9.45 63.5 6.3
    endloop
  endfacet
  facet normal 0 -1 0
    outer loop
      vertex 10.5 17.25 2.4
      vertex 38.15 17.25 6.3
      vertex 10.5 17.25 6.3
    endloop
  endfacet
  facet normal 0 -1 -0
    outer loop
      vertex 38.15 17.25 6.3
      vertex 10.5 17.25 2.4
      vertex 38.15 17.25 2.4
    endloop
  endfacet
  facet normal -1 0 0
    outer loop
      vertex 9 62 0
      vertex 9 63.5 4.5
      vertex 9 63.5 0
    endloop
  endfacet
  facet normal -1 -0 0
    outer loop
      vertex 9 63.5 4.5
      vertex 9 62 0
      vertex 9 62 4.5
    endloop
  endfacet
  facet normal -1 0 0
    outer loop
      vertex 9 4.7 0
      vertex 9 1.9916 0
      vertex 9 4.7 0.35
    endloop
  endfacet
  facet normal -1 0 0
    outer loop
      vertex 9 9.5 2.4
      vertex 9 54 0
      vertex 9 9.5 1.4
    endloop
  endfacet
  facet normal -1 0 0
    outer loop
      vertex 9 6.3 0
      vertex 9 9.5 1.4
      vertex 9 54 0
    endloop
  endfacet
  facet normal -1 0 0
    outer loop
      vertex 9 6.3 0.35
      vertex 9 9.5 1.4
      vertex 9 6.3 0
    endloop
  endfacet
  facet normal -1 0 0
    outer loop
      vertex 9 4.7 0.35
      vertex 9 9.5 1.4
      vertex 9 6.3 0.35
    endloop
  endfacet
  facet normal -1 0 0
    outer loop
      vertex 9 1.5 1.4
      vertex 9 4.7 0.35
      vertex 9 1.9916 0
    endloop
  endfacet
  facet normal -1 0 0
    outer loop
      vertex 9 1.5 1.4
      vertex 9 1.9916 0
      vertex 9 1.5 0.491221
    endloop
  endfacet
  facet normal -1 0 0
    outer loop
      vertex 9 4.7 0.35
      vertex 9 1.5 1.4
      vertex 9 9.5 1.4
    endloop
  endfacet
  facet normal -1 0 0
    outer loop
      vertex 9 54 0
      vertex 9 9.5 2.4
      vertex 9 54 4.5
    endloop
  endfacet
  facet normal -1 -0 0
    outer loop
      vertex 9 54 4.5
      vertex 9 9.5 2.4
      vertex 9 9.5 4.5
    endloop
  endfacet
  facet normal 0 -1 0
    outer loop
      vertex -9 63.5 0
      vertex 9 63.5 4.5
      vertex -9 63.5 4.5
    endloop
  endfacet
  facet normal 0 -1 -0
    outer loop
      vertex 9 63.5 4.5
      vertex -9 63.5 0
      vertex 9 63.5 0
    endloop
  endfacet
  facet normal 1 -0 0
    outer loop
      vertex -9 62 4.5
      vertex -9 63.5 0
      vertex -9 63.5 4.5
    endloop
  endfacet
  facet normal 1 0 0
    outer loop
      vertex -9 63.5 0
      vertex -9 62 4.5
      vertex -9 62 0
    endloop
  endfacet
  facet normal 1 0 0
    outer loop
      vertex -9 9.5 1.4
      vertex -9 4.7 0.35
      vertex -9 6.3 0.35
    endloop
  endfacet
  facet normal 1 0 0
    outer loop
      vertex -9 4.7 0.35
      vertex -9 1.9916 0
      vertex -9 4.7 0
    endloop
  endfacet
  facet normal 1 -0 0
    outer loop
      vertex -9 1.5 1.4
      vertex -9 4.7 0.35
      vertex -9 9.5 1.4
    endloop
  endfacet
  facet normal 1 0 0
    outer loop
      vertex -9 4.7 0.35
      vertex -9 1.5 1.4
      vertex -9 1.9916 0
    endloop
  endfacet
  facet normal 1 0 0
    outer loop
      vertex -9 1.9916 0
      vertex -9 1.5 1.4
      vertex -9 1.5 0.491221
    endloop
  endfacet
  facet normal 1 0 0
    outer loop
      vertex -9 9.5 2.4
      vertex -9 54 4.5
      vertex -9 9.5 4.5
    endloop
  endfacet
  facet normal 1 0 0
    outer loop
      vertex -9 54 4.5
      vertex -9 9.5 2.4
      vertex -9 54 0
    endloop
  endfacet
  facet normal 1 -0 0
    outer loop
      vertex -9 9.5 1.4
      vertex -9 54 0
      vertex -9 9.5 2.4
    endloop
  endfacet
  facet normal 1 0 0
    outer loop
      vertex -9 6.3 0
      vertex -9 9.5 1.4
      vertex -9 6.3 0.35
    endloop
  endfacet
  facet normal 1 0 0
    outer loop
      vertex -9 9.5 1.4
      vertex -9 6.3 0
      vertex -9 54 0
    endloop
  endfacet
  facet normal 0 0 -1
    outer loop
      vertex 7 59.2594 4.5
      vertex -7 59.2594 4.5
      vertex 7 62 4.5
    endloop
  endfacet
  facet normal 0 0 -1
    outer loop
      vertex 7 62 4.5
      vertex 9 63.5 4.5
      vertex 9 62 4.5
    endloop
  endfacet
  facet normal 0 0 -1
    outer loop
      vertex -7 62 4.5
      vertex 7 62 4.5
      vertex -7 59.2594 4.5
    endloop
  endfacet
  facet normal 0 0 -1
    outer loop
      vertex 7 62 4.5
      vertex -7 62 4.5
      vertex 9 63.5 4.5
    endloop
  endfacet
  facet normal 0 0 -1
    outer loop
      vertex -9 63.5 4.5
      vertex -7 62 4.5
      vertex -9 62 4.5
    endloop
  endfacet
  facet normal 0 0 -1
    outer loop
      vertex -7 62 4.5
      vertex -9 63.5 4.5
      vertex 9 63.5 4.5
    endloop
  endfacet
  facet normal 0 0 -1
    outer loop
      vertex 9 9.5 4.5
      vertex 7 54 4.5
      vertex 9 54 4.5
    endloop
  endfacet
  facet normal 0 0 -1
    outer loop
      vertex 7 54 4.5
      vertex -7 54 4.5
      vertex 7 56.7406 4.5
    endloop
  endfacet
  facet normal 0 0 -1
    outer loop
      vertex 9 9.5 4.5
      vertex -7 54 4.5
      vertex 7 54 4.5
    endloop
  endfacet
  facet normal 0 0 -1
    outer loop
      vertex -9 9.5 4.5
      vertex -7 54 4.5
      vertex 9 9.5 4.5
    endloop
  endfacet
  facet normal -0 0 -1
    outer loop
      vertex -7 54 4.5
      vertex -9 9.5 4.5
      vertex -9 54 4.5
    endloop
  endfacet
  facet normal -0 0 -1
    outer loop
      vertex 7 56.7406 4.5
      vertex -7 54 4.5
      vertex -7 56.7406 4.5
    endloop
  endfacet
  facet normal 0 1 -0
    outer loop
      vertex 9 1.5 0.491221
      vertex -9 1.5 1.4
      vertex 9 1.5 1.4
    endloop
  endfacet
  facet normal 0 1 0
    outer loop
      vertex -9 1.5 1.4
      vertex 9 1.5 0.491221
      vertex -9 1.5 0.491221
    endloop
  endfacet
  facet normal 0 0 -1
    outer loop
      vertex -9 1.5 1.4
      vertex 9 9.5 1.4
      vertex 9 1.5 1.4
    endloop
  endfacet
  facet normal -0 0 -1
    outer loop
      vertex 9 9.5 1.4
      vertex -9 1.5 1.4
      vertex -9 9.5 1.4
    endloop
  endfacet
  facet normal 0 0.227143 -0.973861
    outer loop
      vertex -7 57.2753 4.70459
      vertex 7 57.4537 4.7462
      vertex 7 57.2753 4.70459
    endloop
  endfacet
  facet normal 0 0.227143 -0.973861
    outer loop
      vertex 7 57.4537 4.7462
      vertex -7 57.2753 4.70459
      vertex -7 57.4537 4.7462
    endloop
  endfacet
  facet normal 0 -0.290351 -0.95692
    outer loop
      vertex -7 58.7247 4.70459
      vertex 7 58.9 4.6514
      vertex 7 58.7247 4.70459
    endloop
  endfacet
  facet normal -0 -0.290351 -0.95692
    outer loop
      vertex 7 58.9 4.6514
      vertex -7 58.7247 4.70459
      vertex -7 58.9 4.6514
    endloop
  endfacet
  facet normal 0 -0.471895 -0.881655
    outer loop
      vertex -7 59.2384 4.51124
      vertex 7 59.2594 4.5
      vertex 7 59.2384 4.51124
    endloop
  endfacet
  facet normal -0 -0.471895 -0.881655
    outer loop
      vertex 7 59.2594 4.5
      vertex -7 59.2384 4.51124
      vertex -7 59.2594 4.5
    endloop
  endfacet
  facet normal 0 0.290351 -0.95692
    outer loop
      vertex -7 57.1 4.6514
      vertex 7 57.2753 4.70459
      vertex 7 57.1 4.6514
    endloop
  endfacet
  facet normal 0 0.290351 -0.95692
    outer loop
      vertex 7 57.2753 4.70459
      vertex -7 57.1 4.6514
      vertex -7 57.2753 4.70459
    endloop
  endfacet
  facet normal 0 0.471895 -0.881655
    outer loop
      vertex -7 56.7406 4.5
      vertex 7 56.7616 4.51124
      vertex 7 56.7406 4.5
    endloop
  endfacet
  facet normal 0 0.471895 -0.881655
    outer loop
      vertex 7 56.7616 4.51124
      vertex -7 56.7406 4.5
      vertex -7 56.7616 4.51124
    endloop
  endfacet
  facet normal 0 0.412701 -0.910867
    outer loop
      vertex -7 56.7616 4.51124
      vertex 7 56.9285 4.58686
      vertex 7 56.7616 4.51124
    endloop
  endfacet
  facet normal 0 0.412701 -0.910867
    outer loop
      vertex 7 56.9285 4.58686
      vertex -7 56.7616 4.51124
      vertex -7 56.9285 4.58686
    endloop
  endfacet
  facet normal 1 0 0
    outer loop
      vertex -7 58.45 4.97
      vertex -7 57.55 4.97
      vertex -7 58.45 4.76209
    endloop
  endfacet
  facet normal 1 0 0
    outer loop
      vertex -7 59.0715 4.58686
      vertex -7 59.2594 4.5
      vertex -7 59.2384 4.51124
    endloop
  endfacet
  facet normal 1 0 0
    outer loop
      vertex -7 58.9 4.6514
      vertex -7 59.2594 4.5
      vertex -7 59.0715 4.58686
    endloop
  endfacet
  facet normal 1 0 0
    outer loop
      vertex -7 58.7247 4.70459
      vertex -7 59.2594 4.5
      vertex -7 58.9 4.6514
    endloop
  endfacet
  facet normal 1 0 0
    outer loop
      vertex -7 58.45 4.76209
      vertex -7 58.7247 4.70459
      vertex -7 58.5463 4.7462
    endloop
  endfacet
  facet normal 1 0 0
    outer loop
      vertex -7 58.7247 4.70459
      vertex -7 58.45 4.76209
      vertex -7 59.2594 4.5
    endloop
  endfacet
  facet normal 1 0 0
    outer loop
      vertex -7 57.55 4.76209
      vertex -7 58.45 4.76209
      vertex -7 57.55 4.97
    endloop
  endfacet
  facet normal 1 0 0
    outer loop
      vertex -7 58.45 4.76209
      vertex -7 57.55 4.76209
      vertex -7 59.2594 4.5
    endloop
  endfacet
  facet normal 1 0 0
    outer loop
      vertex -7 57.2753 4.70459
      vertex -7 57.55 4.76209
      vertex -7 57.4537 4.7462
    endloop
  endfacet
  facet normal 1 0 0
    outer loop
      vertex -7 57.55 4.76209
      vertex -7 57.2753 4.70459
      vertex -7 59.2594 4.5
    endloop
  endfacet
  facet normal 1 -0 0
    outer loop
      vertex -7 57.1 4.6514
      vertex -7 59.2594 4.5
      vertex -7 57.2753 4.70459
    endloop
  endfacet
  facet normal 1 -0 0
    outer loop
      vertex -7 56.9285 4.58686
      vertex -7 59.2594 4.5
      vertex -7 57.1 4.6514
    endloop
  endfacet
  facet normal 1 0 0
    outer loop
      vertex -7 56.7406 4.5
      vertex -7 56.9285 4.58686
      vertex -7 56.7616 4.51124
    endloop
  endfacet
  facet normal 1 0 0
    outer loop
      vertex -7 56.9285 4.58686
      vertex -7 56.7406 4.5
      vertex -7 59.2594 4.5
    endloop
  endfacet
  facet normal 0 -0.352212 -0.93592
    outer loop
      vertex -7 58.9 4.6514
      vertex 7 59.0715 4.58686
      vertex 7 58.9 4.6514
    endloop
  endfacet
  facet normal -0 -0.352212 -0.93592
    outer loop
      vertex 7 59.0715 4.58686
      vertex -7 58.9 4.6514
      vertex -7 59.0715 4.58686
    endloop
  endfacet
  facet normal 0 -0.162804 -0.986658
    outer loop
      vertex -7 58.45 4.76209
      vertex 7 58.5463 4.7462
      vertex 7 58.45 4.76209
    endloop
  endfacet
  facet normal -0 -0.162804 -0.986658
    outer loop
      vertex 7 58.5463 4.7462
      vertex -7 58.45 4.76209
      vertex -7 58.5463 4.7462
    endloop
  endfacet
  facet normal 0 -0.227143 -0.973861
    outer loop
      vertex -7 58.5463 4.7462
      vertex 7 58.7247 4.70459
      vertex 7 58.5463 4.7462
    endloop
  endfacet
  facet normal -0 -0.227143 -0.973861
    outer loop
      vertex 7 58.7247 4.70459
      vertex -7 58.5463 4.7462
      vertex -7 58.7247 4.70459
    endloop
  endfacet
  facet normal 0 -0.412701 -0.910867
    outer loop
      vertex -7 59.0715 4.58686
      vertex 7 59.2384 4.51124
      vertex 7 59.0715 4.58686
    endloop
  endfacet
  facet normal -0 -0.412701 -0.910867
    outer loop
      vertex 7 59.2384 4.51124
      vertex -7 59.0715 4.58686
      vertex -7 59.2384 4.51124
    endloop
  endfacet
  facet normal -1 0 0
    outer loop
      vertex 7 59.2594 4.5
      vertex 7 59.0715 4.58686
      vertex 7 59.2384 4.51124
    endloop
  endfacet
  facet normal -1 0 0
    outer loop
      vertex 7 59.2594 4.5
      vertex 7 58.9 4.6514
      vertex 7 59.0715 4.58686
    endloop
  endfacet
  facet normal -1 0 0
    outer loop
      vertex 7 59.2594 4.5
      vertex 7 58.7247 4.70459
      vertex 7 58.9 4.6514
    endloop
  endfacet
  facet normal -1 0 0
    outer loop
      vertex 7 58.45 4.76209
      vertex 7 58.7247 4.70459
      vertex 7 59.2594 4.5
    endloop
  endfacet
  facet normal -1 0 0
    outer loop
      vertex 7 58.7247 4.70459
      vertex 7 58.45 4.76209
      vertex 7 58.5463 4.7462
    endloop
  endfacet
  facet normal -1 0 0
    outer loop
      vertex 7 58.45 4.76209
      vertex 7 57.55 4.76209
      vertex 7 58.45 4.97
    endloop
  endfacet
  facet normal -1 0 0
    outer loop
      vertex 7 59.2594 4.5
      vertex 7 57.55 4.76209
      vertex 7 58.45 4.76209
    endloop
  endfacet
  facet normal -1 0 0
    outer loop
      vertex 7 57.2753 4.70459
      vertex 7 57.55 4.76209
      vertex 7 59.2594 4.5
    endloop
  endfacet
  facet normal -1 0 0
    outer loop
      vertex 7 57.55 4.76209
      vertex 7 57.2753 4.70459
      vertex 7 57.4537 4.7462
    endloop
  endfacet
  facet normal -1 0 0
    outer loop
      vertex 7 59.2594 4.5
      vertex 7 57.1 4.6514
      vertex 7 57.2753 4.70459
    endloop
  endfacet
  facet normal -1 0 0
    outer loop
      vertex 7 59.2594 4.5
      vertex 7 56.9285 4.58686
      vertex 7 57.1 4.6514
    endloop
  endfacet
  facet normal -1 0 0
    outer loop
      vertex 7 56.7406 4.5
      vertex 7 56.9285 4.58686
      vertex 7 59.2594 4.5
    endloop
  endfacet
  facet normal -1 0 0
    outer loop
      vertex 7 56.9285 4.58686
      vertex 7 56.7406 4.5
      vertex 7 56.7616 4.51124
    endloop
  endfacet
  facet normal -1 -0 0
    outer loop
      vertex 7 58.45 4.97
      vertex 7 57.55 4.76209
      vertex 7 57.55 4.97
    endloop
  endfacet
  facet normal 0 0.162804 -0.986658
    outer loop
      vertex -7 57.4537 4.7462
      vertex 7 57.55 4.76209
      vertex 7 57.4537 4.7462
    endloop
  endfacet
  facet normal 0 0.162804 -0.986658
    outer loop
      vertex 7 57.55 4.76209
      vertex -7 57.4537 4.7462
      vertex -7 57.55 4.76209
    endloop
  endfacet
  facet normal 0 0.352212 -0.93592
    outer loop
      vertex -7 56.9285 4.58686
      vertex 7 57.1 4.6514
      vertex 7 56.9285 4.58686
    endloop
  endfacet
  facet normal 0 0.352212 -0.93592
    outer loop
      vertex 7 57.1 4.6514
      vertex -7 56.9285 4.58686
      vertex -7 57.1 4.6514
    endloop
  endfacet
  facet normal 0 -1 0
    outer loop
      vertex -7 58.45 4.76209
      vertex 7 58.45 4.97
      vertex -7 58.45 4.97
    endloop
  endfacet
  facet normal 0 -1 -0
    outer loop
      vertex 7 58.45 4.97
      vertex -7 58.45 4.76209
      vertex 7 58.45 4.76209
    endloop
  endfacet
  facet normal 0 1 -0
    outer loop
      vertex 7 57.55 4.76209
      vertex -7 57.55 4.97
      vertex 7 57.55 4.97
    endloop
  endfacet
  facet normal 0 1 0
    outer loop
      vertex -7 57.55 4.97
      vertex 7 57.55 4.76209
      vertex -7 57.55 4.76209
    endloop
  endfacet
  facet normal 0 0 -1
    outer loop
      vertex -7 57.55 4.97
      vertex 7 58.45 4.97
      vertex 7 57.55 4.97
    endloop
  endfacet
  facet normal -0 0 -1
    outer loop
      vertex 7 58.45 4.97
      vertex -7 57.55 4.97
      vertex -7 58.45 4.97
    endloop
  endfacet
  facet normal 0 1 -0
    outer loop
      vertex 9 6.3 0
      vertex -9 6.3 0.35
      vertex 9 6.3 0.35
    endloop
  endfacet
  facet normal 0 1 0
    outer loop
      vertex -9 6.3 0.35
      vertex 9 6.3 0
      vertex -9 6.3 0
    endloop
  endfacet
  facet normal 0 -1 0
    outer loop
      vertex -9 4.7 0
      vertex 9 4.7 0.35
      vertex -9 4.7 0.35
    endloop
  endfacet
  facet normal 0 -1 -0
    outer loop
      vertex 9 4.7 0.35
      vertex -9 4.7 0
      vertex 9 4.7 0
    endloop
  endfacet
  facet normal -0 0 1
    outer loop
      vertex -9 6.3 0.35
      vertex 9 4.7 0.35
      vertex 9 6.3 0.35
    endloop
  endfacet
  facet normal 0 0 1
    outer loop
      vertex 9 4.7 0.35
      vertex -9 6.3 0.35
      vertex -9 4.7 0.35
    endloop
  endfacet
  facet normal -0.681306 -0.18674 -0.707778
    outer loop
      vertex -45.2132 3.88548 1.4
      vertex -43.8986 4.39552 0
      vertex -43.7974 4.0263 0
    endloop
  endfacet
  facet normal -0.681213 -0.18702 -0.707794
    outer loop
      vertex -43.8986 4.39552 0
      vertex -45.2132 3.88548 1.4
      vertex -45.245 4.00131 1.4
    endloop
  endfacet
  facet normal -0.6943 -0.137485 -0.706431
    outer loop
      vertex -45.245 4.00131 1.4
      vertex -43.9008 4.40663 0
      vertex -43.8986 4.39552 0
    endloop
  endfacet
  facet normal -0.694142 -0.13812 -0.706463
    outer loop
      vertex -43.9008 4.40663 0
      vertex -45.245 4.00131 1.4
      vertex -45.2988 4.27169 1.4
    endloop
  endfacet
  facet normal 0.707107 0 -0.707107
    outer loop
      vertex 43.96 5 0
      vertex 45.36 105.5 1.4
      vertex 45.36 5 1.4
    endloop
  endfacet
  facet normal 0.707107 0 -0.707107
    outer loop
      vertex 45.36 105.5 1.4
      vertex 43.96 5 0
      vertex 43.96 105.5 0
    endloop
  endfacet
  facet normal -0.663954 -0.244911 -0.706529
    outer loop
      vertex -45.1384 3.62015 1.4
      vertex -43.7905 4.00477 0
      vertex -45.043 3.36152 1.4
    endloop
  endfacet
  facet normal -0.66427 -0.243941 -0.706568
    outer loop
      vertex -43.7905 4.00477 0
      vertex -45.1384 3.62015 1.4
      vertex -43.7944 4.01539 0
    endloop
  endfacet
  facet normal 0 0.706854 -0.707359
    outer loop
      vertex -41.0571 108.508 0
      vertex -40.98 109.909 1.4
      vertex -41.0458 108.508 0
    endloop
  endfacet
  facet normal -0.0256743 0.707328 -0.706419
    outer loop
      vertex -40.98 109.909 1.4
      vertex -41.0571 108.508 0
      vertex -41.2555 109.899 1.4
    endloop
  endfacet
  facet normal -0.702203 -0.083104 -0.70711
    outer loop
      vertex -45.3472 4.66449 1.4
      vertex -43.9518 4.78602 0
      vertex -45.3148 4.39072 1.4
    endloop
  endfacet
  facet normal -0.702401 -0.0811663 -0.707139
    outer loop
      vertex -43.9518 4.78602 0
      vertex -45.3472 4.66449 1.4
      vertex -43.9531 4.79727 0
    endloop
  endfacet
  facet normal 0.209211 -0.674362 -0.708143
    outer loop
      vertex 42.2434 0.786339 1.4
      vertex 42.0245 2.18856 0
      vertex 42.3581 0.821923 1.4
    endloop
  endfacet
  facet normal 0.209207 -0.674363 -0.708144
    outer loop
      vertex 42.0245 2.18856 0
      vertex 42.2434 0.786339 1.4
      vertex 41.6589 2.07514 0
    endloop
  endfacet
  facet normal 0 0.706854 -0.707359
    outer loop
      vertex 40.8542 108.508 0
      vertex -40.98 109.909 1.4
      vertex 40.92 109.909 1.4
    endloop
  endfacet
  facet normal 0 0.706854 -0.707359
    outer loop
      vertex -40.98 109.909 1.4
      vertex 40.8542 108.508 0
      vertex -41.0458 108.508 0
    endloop
  endfacet
  facet normal 0.667514 0.230702 -0.707956
    outer loop
      vertex 43.8511 106.302 0
      vertex 45.1168 106.936 1.4
      vertex 45.1562 106.822 1.4
    endloop
  endfacet
  facet normal 0.666947 0.232046 -0.708051
    outer loop
      vertex 45.1168 106.936 1.4
      vertex 43.8511 106.302 0
      vertex 43.7255 106.663 0
    endloop
  endfacet
  facet normal -0.705996 0 -0.708215
    outer loop
      vertex -45.358 4.93995 1.4
      vertex -43.9536 105.691 0
      vertex -43.9536 4.80859 0
    endloop
  endfacet
  facet normal -0.705996 0 -0.708215
    outer loop
      vertex -43.9536 105.691 0
      vertex -45.358 4.93995 1.4
      vertex -45.358 105.56 1.4
    endloop
  endfacet
  facet normal -0.607537 -0.359795 -0.708129
    outer loop
      vertex -44.746 2.76006 1.4
      vertex -43.4356 3.30277 0
      vertex -44.6848 2.65672 1.4
    endloop
  endfacet
  facet normal -0.607512 -0.359845 -0.708125
    outer loop
      vertex -43.4356 3.30277 0
      vertex -44.746 2.76006 1.4
      vertex -43.6307 3.63215 0
    endloop
  endfacet
  facet normal 0.0846839 0.702619 -0.706509
    outer loop
      vertex 41.2594 108.494 0
      vertex 41.3154 109.895 1.4
      vertex 41.5892 109.862 1.4
    endloop
  endfacet
  facet normal 0.0628747 0.704197 -0.707215
    outer loop
      vertex 41.3154 109.895 1.4
      vertex 41.2594 108.494 0
      vertex 41.2482 108.495 0
    endloop
  endfacet
  facet normal 6.82612e-06 -0.706825 -0.707388
    outer loop
      vertex 10.5 0.5 1.49044
      vertex 9 1.5 0.491221
      vertex 10.5 0.590512 1.4
    endloop
  endfacet
  facet normal 0 -0.70683 -0.707383
    outer loop
      vertex 10.5 0.5 1.49044
      vertex -9 1.5 0.491221
      vertex 9 1.5 0.491221
    endloop
  endfacet
  facet normal 0 -0.70683 -0.707383
    outer loop
      vertex -10.5 0.5 1.49044
      vertex -9 1.5 0.491221
      vertex 10.5 0.5 1.49044
    endloop
  endfacet
  facet normal -6.82612e-06 -0.706825 -0.707388
    outer loop
      vertex -10.5 0.590512 1.4
      vertex -9 1.5 0.491221
      vertex -10.5 0.5 1.49044
    endloop
  endfacet
  facet normal 3.69177e-06 -0.706834 -0.707379
    outer loop
      vertex -9 1.5 0.491221
      vertex -10.5 0.590512 1.4
      vertex -9 1.9916 0
    endloop
  endfacet
  facet normal 0 -0.706832 -0.707381
    outer loop
      vertex -41.0458 1.9916 0
      vertex -10.5 0.590512 1.4
      vertex -40.98 0.590512 1.4
    endloop
  endfacet
  facet normal 0 -0.706832 -0.707381
    outer loop
      vertex -10.5 0.590512 1.4
      vertex -41.0458 1.9916 0
      vertex -9 1.9916 0
    endloop
  endfacet
  facet normal 0 -0.706832 -0.707381
    outer loop
      vertex 10.5 0.590512 1.4
      vertex 40.8542 1.9916 0
      vertex 40.92 0.590512 1.4
    endloop
  endfacet
  facet normal -3.69177e-06 -0.706834 -0.707379
    outer loop
      vertex 9 1.9916 0
      vertex 10.5 0.590512 1.4
      vertex 9 1.5 0.491221
    endloop
  endfacet
  facet normal 0 -0.706832 -0.707381
    outer loop
      vertex 10.5 0.590512 1.4
      vertex 9 1.9916 0
      vertex 40.8542 1.9916 0
    endloop
  endfacet
  facet normal -0.437405 0.556129 -0.706681
    outer loop
      vertex -43.8106 108.856 1.4
      vertex -42.885 107.805 0
      vertex -42.8939 107.798 0
    endloop
  endfacet
  facet normal -0.438519 0.555201 -0.70672
    outer loop
      vertex -42.885 107.805 0
      vertex -43.8106 108.856 1.4
      vertex -43.5941 109.027 1.4
    endloop
  endfacet
  facet normal -0.339537 -0.619426 -0.707832
    outer loop
      vertex -43.0277 1.11393 1.4
      vertex -42.2218 2.27199 0
      vertex -42.9224 1.05621 1.4
    endloop
  endfacet
  facet normal -0.339477 -0.619463 -0.707828
    outer loop
      vertex -42.2218 2.27199 0
      vertex -43.0277 1.11393 1.4
      vertex -42.5575 2.45596 0
    endloop
  endfacet
  facet normal 0.630188 0.318227 -0.708234
    outer loop
      vertex 43.5442 107.026 0
      vertex 44.906 107.445 1.4
      vertex 43.7169 106.684 0
    endloop
  endfacet
  facet normal 0.629857 0.319049 -0.708158
    outer loop
      vertex 44.906 107.445 1.4
      vertex 43.5442 107.026 0
      vertex 44.8518 107.552 1.4
    endloop
  endfacet
  facet normal -0.6598 0.257322 -0.70601
    outer loop
      vertex -45.1384 106.88 1.4
      vertex -43.7905 106.495 0
      vertex -43.7944 106.485 0
    endloop
  endfacet
  facet normal -0.663748 0.245433 -0.706541
    outer loop
      vertex -43.7905 106.495 0
      vertex -45.1384 106.88 1.4
      vertex -45.043 107.138 1.4
    endloop
  endfacet
  facet normal -0.699924 -0.0940838 -0.707993
    outer loop
      vertex -45.3148 4.39072 1.4
      vertex -43.9008 4.40663 0
      vertex -45.2988 4.27169 1.4
    endloop
  endfacet
  facet normal -0.699924 -0.0940882 -0.707993
    outer loop
      vertex -43.9008 4.40663 0
      vertex -45.3148 4.39072 1.4
      vertex -43.9518 4.78602 0
    endloop
  endfacet
  facet normal 0.681244 0.191987 -0.706433
    outer loop
      vertex 43.8511 106.302 0
      vertex 45.231 106.557 1.4
      vertex 43.8542 106.291 0
    endloop
  endfacet
  facet normal 0.681178 0.192272 -0.706419
    outer loop
      vertex 45.231 106.557 1.4
      vertex 43.8511 106.302 0
      vertex 45.1562 106.822 1.4
    endloop
  endfacet
  facet normal -0.60732 0.360146 -0.708137
    outer loop
      vertex -44.746 107.74 1.4
      vertex -43.4356 107.197 0
      vertex -43.6307 106.868 0
    endloop
  endfacet
  facet normal -0.607047 0.360692 -0.708093
    outer loop
      vertex -43.4356 107.197 0
      vertex -44.746 107.74 1.4
      vertex -44.6848 107.843 1.4
    endloop
  endfacet
  facet normal 0.70448 0.0470268 -0.708165
    outer loop
      vertex 43.934 105.893 0
      vertex 45.3492 105.775 1.4
      vertex 43.9595 105.511 0
    endloop
  endfacet
  facet normal 0.704484 0.0475527 -0.708125
    outer loop
      vertex 45.3492 105.775 1.4
      vertex 43.934 105.893 0
      vertex 45.3411 105.895 1.4
    endloop
  endfacet
  facet normal 0.704482 -0.04762 -0.708123
    outer loop
      vertex 43.934 4.60673 0
      vertex 45.3492 4.72454 1.4
      vertex 45.3411 4.60471 1.4
    endloop
  endfacet
  facet normal 0.704476 -0.0470327 -0.708167
    outer loop
      vertex 45.3492 4.72454 1.4
      vertex 43.934 4.60673 0
      vertex 43.9595 4.98868 0
    endloop
  endfacet
  facet normal 0.345845 -0.617489 -0.706469
    outer loop
      vertex 42.976 1.08331 1.4
      vertex 42.4026 2.3639 0
      vertex 43.2165 1.21801 1.4
    endloop
  endfacet
  facet normal 0.34561 -0.617607 -0.706481
    outer loop
      vertex 42.4026 2.3639 0
      vertex 42.976 1.08331 1.4
      vertex 42.3927 2.35836 0
    endloop
  endfacet
  facet normal 0.297494 -0.640892 -0.707641
    outer loop
      vertex 42.8671 1.03276 1.4
      vertex 42.3927 2.35836 0
      vertex 42.976 1.08331 1.4
    endloop
  endfacet
  facet normal 0.297366 -0.640944 -0.707647
    outer loop
      vertex 42.3927 2.35836 0
      vertex 42.8671 1.03276 1.4
      vertex 42.0454 2.19723 0
    endloop
  endfacet
  facet normal -0.557925 0.433942 -0.7074
    outer loop
      vertex -44.5316 108.072 1.4
      vertex -43.4223 107.216 0
      vertex -43.4293 107.207 0
    endloop
  endfacet
  facet normal -0.555665 0.43685 -0.707388
    outer loop
      vertex -43.4223 107.216 0
      vertex -44.5316 108.072 1.4
      vertex -44.361 108.289 1.4
    endloop
  endfacet
  facet normal 0.702812 -0.0831761 -0.706496
    outer loop
      vertex 45.3087 4.33094 1.4
      vertex 43.934 4.60673 0
      vertex 45.3411 4.60471 1.4
    endloop
  endfacet
  facet normal 0.702149 -0.0873009 -0.706658
    outer loop
      vertex 43.934 4.60673 0
      vertex 45.3087 4.33094 1.4
      vertex 43.9326 4.59547 0
    endloop
  endfacet
  facet normal -0.295871 -0.642927 -0.706474
    outer loop
      vertex -42.672 0.940792 1.4
      vertex -42.2218 2.27199 0
      vertex -42.2115 2.26725 0
    endloop
  endfacet
  facet normal -0.296273 -0.642767 -0.706451
    outer loop
      vertex -42.2218 2.27199 0
      vertex -42.672 0.940792 1.4
      vertex -42.9224 1.05621 1.4
    endloop
  endfacet
  facet normal -0.707116 -0.031233 -0.706408
    outer loop
      vertex -43.9531 4.79727 0
      vertex -45.358 4.93995 1.4
      vertex -43.9536 4.80859 0
    endloop
  endfacet
  facet normal -0.70701 -0.0277199 -0.70666
    outer loop
      vertex -45.358 4.93995 1.4
      vertex -43.9531 4.79727 0
      vertex -45.3472 4.66449 1.4
    endloop
  endfacet
  facet normal -0.125413 0.696043 -0.706963
    outer loop
      vertex -41.4603 108.466 0
      vertex -41.6488 109.854 1.4
      vertex -41.4492 108.468 0
    endloop
  endfacet
  facet normal -0.138624 0.693892 -0.706609
    outer loop
      vertex -41.6488 109.854 1.4
      vertex -41.4603 108.466 0
      vertex -41.9191 109.8 1.4
    endloop
  endfacet
  facet normal 0.117472 -0.6962 -0.708171
    outer loop
      vertex 41.2594 2.00617 0
      vertex 41.7076 0.657722 1.4
      vertex 41.5892 0.637744 1.4
    endloop
  endfacet
  facet normal 0.117442 -0.696207 -0.708169
    outer loop
      vertex 41.7076 0.657722 1.4
      vertex 41.2594 2.00617 0
      vertex 41.6369 2.06985 0
    endloop
  endfacet
  facet normal 0.457529 0.53789 -0.708054
    outer loop
      vertex 43.0359 107.67 0
      vertex 43.7635 108.894 1.4
      vertex 43.8552 108.816 1.4
    endloop
  endfacet
  facet normal 0.455657 0.539224 -0.708247
    outer loop
      vertex 43.7635 108.894 1.4
      vertex 43.0359 107.67 0
      vertex 42.7436 107.917 0
    endloop
  endfacet
  facet normal 0.681199 -0.192046 -0.70646
    outer loop
      vertex 43.8511 4.19831 0
      vertex 45.231 3.94286 1.4
      vertex 45.1562 3.67754 1.4
    endloop
  endfacet
  facet normal 0.680829 -0.19363 -0.706385
    outer loop
      vertex 45.231 3.94286 1.4
      vertex 43.8511 4.19831 0
      vertex 43.8542 4.20921 0
    endloop
  endfacet
  facet normal 0.582475 -0.399455 -0.707926
    outer loop
      vertex 43.3157 3.13918 0
      vertex 44.5639 2.47815 1.4
      vertex 44.496 2.37914 1.4
    endloop
  endfacet
  facet normal 0.582271 -0.399791 -0.707903
    outer loop
      vertex 44.5639 2.47815 1.4
      vertex 43.3157 3.13918 0
      vertex 43.5324 3.45479 0
    endloop
  endfacet
  facet normal 0.0617782 0.704272 -0.707237
    outer loop
      vertex 41.2368 108.496 0
      vertex 41.3154 109.895 1.4
      vertex 41.2482 108.495 0
    endloop
  endfacet
  facet normal 0.0256502 0.706406 -0.707342
    outer loop
      vertex 41.3154 109.895 1.4
      vertex 41.2368 108.496 0
      vertex 41.04 109.905 1.4
    endloop
  endfacet
  facet normal -0.423745 0.569029 -0.704731
    outer loop
      vertex -42.5768 108.032 0
      vertex -43.2682 109.251 1.4
      vertex -42.5674 108.039 0
    endloop
  endfacet
  facet normal -0.392906 0.588589 -0.706532
    outer loop
      vertex -43.2682 109.251 1.4
      vertex -42.5768 108.032 0
      vertex -43.4974 109.098 1.4
    endloop
  endfacet
  facet normal 0.579389 0.405572 -0.706979
    outer loop
      vertex 43.5324 107.045 0
      vertex 44.7171 107.793 1.4
      vertex 43.5387 107.036 0
    endloop
  endfacet
  facet normal 0.587593 0.393097 -0.707255
    outer loop
      vertex 44.7171 107.793 1.4
      vertex 43.5324 107.045 0
      vertex 44.5639 108.022 1.4
    endloop
  endfacet
  facet normal -0.0705538 0.702598 -0.70808
    outer loop
      vertex -41.0571 108.508 0
      vertex -41.375 109.887 1.4
      vertex -41.2555 109.899 1.4
    endloop
  endfacet
  facet normal -0.0701013 0.702673 -0.708051
    outer loop
      vertex -41.375 109.887 1.4
      vertex -41.0571 108.508 0
      vertex -41.438 108.47 0
    endloop
  endfacet
  facet normal 0.436963 0.556485 -0.706674
    outer loop
      vertex 42.7436 107.917 0
      vertex 43.547 109.064 1.4
      vertex 43.7635 108.894 1.4
    endloop
  endfacet
  facet normal 0.437419 0.556146 -0.706659
    outer loop
      vertex 43.547 109.064 1.4
      vertex 42.7436 107.917 0
      vertex 42.7347 107.924 0
    endloop
  endfacet
  facet normal 0.706821 -0.0277124 -0.706849
    outer loop
      vertex 43.9595 4.98868 0
      vertex 45.36 5 1.4
      vertex 45.3492 4.72454 1.4
    endloop
  endfacet
  facet normal 0.706762 -0.0312174 -0.706762
    outer loop
      vertex 45.36 5 1.4
      vertex 43.9595 4.98868 0
      vertex 43.96 5 0
    endloop
  endfacet
  facet normal -0.345433 -0.616798 -0.707274
    outer loop
      vertex -43.2682 1.24862 1.4
      vertex -42.5575 2.45596 0
      vertex -43.0277 1.11393 1.4
    endloop
  endfacet
  facet normal -0.344753 -0.617188 -0.707265
    outer loop
      vertex -42.5575 2.45596 0
      vertex -43.2682 1.24862 1.4
      vertex -42.5674 2.46149 0
    endloop
  endfacet
  facet normal 0.667092 -0.231654 -0.708043
    outer loop
      vertex 45.1168 3.56408 1.4
      vertex 43.8511 4.19831 0
      vertex 45.1562 3.67754 1.4
    endloop
  endfacet
  facet normal 0.667078 -0.231687 -0.708045
    outer loop
      vertex 43.8511 4.19831 0
      vertex 45.1168 3.56408 1.4
      vertex 43.7255 3.83668 0
    endloop
  endfacet
  facet normal 0.642556 -0.296177 -0.706683
    outer loop
      vertex 43.7169 3.81576 0
      vertex 45.0214 3.30545 1.4
      vertex 44.906 3.05509 1.4
    endloop
  endfacet
  facet normal 0.643512 -0.293927 -0.706753
    outer loop
      vertex 45.0214 3.30545 1.4
      vertex 43.7169 3.81576 0
      vertex 43.7216 3.82605 0
    endloop
  endfacet
  facet normal 0.191958 -0.6808 -0.706868
    outer loop
      vertex 41.978 0.711507 1.4
      vertex 41.6589 2.07514 0
      vertex 42.2434 0.786339 1.4
    endloop
  endfacet
  facet normal 0.192345 -0.680701 -0.706859
    outer loop
      vertex 41.6589 2.07514 0
      vertex 41.978 0.711507 1.4
      vertex 41.648 2.07206 0
    endloop
  endfacet
  facet normal -0.519739 -0.480379 -0.706475
    outer loop
      vertex -44.2865 2.11676 1.4
      vertex -43.1774 2.97571 0
      vertex -44.0994 1.91433 1.4
    endloop
  endfacet
  facet normal -0.519441 -0.480732 -0.706455
    outer loop
      vertex -43.1774 2.97571 0
      vertex -44.2865 2.11676 1.4
      vertex -43.1851 2.98403 0
    endloop
  endfacet
  facet normal -0.699914 0.0941837 -0.70799
    outer loop
      vertex -45.3148 106.109 1.4
      vertex -43.9008 106.093 0
      vertex -43.9518 105.714 0
    endloop
  endfacet
  facet normal -0.69992 0.0941069 -0.707994
    outer loop
      vertex -43.9008 106.093 0
      vertex -45.3148 106.109 1.4
      vertex -45.2988 106.228 1.4
    endloop
  endfacet
  facet normal 0.0272614 -0.706317 -0.70737
    outer loop
      vertex 41.3154 0.605346 1.4
      vertex 41.2368 2.0044 0
      vertex 41.2482 2.00484 0
    endloop
  endfacet
  facet normal 0.0277517 -0.706294 -0.707375
    outer loop
      vertex 41.2368 2.0044 0
      vertex 41.3154 0.605346 1.4
      vertex 41.04 0.594525 1.4
    endloop
  endfacet
  facet normal -0.64998 -0.275704 -0.708176
    outer loop
      vertex -44.9961 3.25095 1.4
      vertex -43.7905 4.00477 0
      vertex -43.641 3.65232 0
    endloop
  endfacet
  facet normal -0.649982 -0.2757 -0.708176
    outer loop
      vertex -43.7905 4.00477 0
      vertex -44.9961 3.25095 1.4
      vertex -45.043 3.36152 1.4
    endloop
  endfacet
  facet normal -0.682051 0.186014 -0.707252
    outer loop
      vertex -43.7974 106.474 0
      vertex -45.1384 106.88 1.4
      vertex -43.7944 106.485 0
    endloop
  endfacet
  facet normal -0.680307 0.192026 -0.707325
    outer loop
      vertex -45.1384 106.88 1.4
      vertex -43.7974 106.474 0
      vertex -45.2132 106.615 1.4
    endloop
  endfacet
  facet normal 0.617396 -0.34575 -0.706597
    outer loop
      vertex 44.7171 2.70737 1.4
      vertex 43.5442 3.47409 0
      vertex 44.8518 2.9479 1.4
    endloop
  endfacet
  facet normal 0.618327 -0.34421 -0.706535
    outer loop
      vertex 43.5442 3.47409 0
      vertex 44.7171 2.70737 1.4
      vertex 43.5387 3.46421 0
    endloop
  endfacet
  facet normal -0.24962 0.661492 -0.70719
    outer loop
      vertex -41.8542 108.37 0
      vertex -42.3013 109.698 1.4
      vertex -41.8436 108.374 0
    endloop
  endfacet
  facet normal -0.246038 0.662765 -0.707254
    outer loop
      vertex -42.3013 109.698 1.4
      vertex -41.8542 108.37 0
      vertex -42.5599 109.602 1.4
    endloop
  endfacet
  facet normal 0.61767 0.345229 -0.706612
    outer loop
      vertex 43.5442 107.026 0
      vertex 44.7171 107.793 1.4
      vertex 44.8518 107.552 1.4
    endloop
  endfacet
  facet normal 0.620166 0.341091 -0.706435
    outer loop
      vertex 44.7171 107.793 1.4
      vertex 43.5442 107.026 0
      vertex 43.5387 107.036 0
    endloop
  endfacet
  facet normal 0.0221501 0.70622 -0.707646
    outer loop
      vertex 40.8542 108.508 0
      vertex 41.04 109.905 1.4
      vertex 41.2368 108.496 0
    endloop
  endfacet
  facet normal 0.0235368 0.706105 -0.707716
    outer loop
      vertex 41.04 109.905 1.4
      vertex 40.8542 108.508 0
      vertex 40.92 109.909 1.4
    endloop
  endfacet
  facet normal 0.630046 -0.318579 -0.708201
    outer loop
      vertex 43.5442 3.47409 0
      vertex 44.906 3.05509 1.4
      vertex 44.8518 2.9479 1.4
    endloop
  endfacet
  facet normal 0.630085 -0.318482 -0.70821
    outer loop
      vertex 44.906 3.05509 1.4
      vertex 43.5442 3.47409 0
      vertex 43.7169 3.81576 0
    endloop
  endfacet
  facet normal 0.587831 -0.392879 -0.707178
    outer loop
      vertex 43.5324 3.45479 0
      vertex 44.7171 2.70737 1.4
      vertex 44.5639 2.47815 1.4
    endloop
  endfacet
  facet normal 0.587715 -0.393058 -0.707175
    outer loop
      vertex 44.7171 2.70737 1.4
      vertex 43.5324 3.45479 0
      vertex 43.5387 3.46421 0
    endloop
  endfacet
  facet normal -0.599619 0.37776 -0.705517
    outer loop
      vertex -43.4356 107.197 0
      vertex -44.5316 108.072 1.4
      vertex -43.4293 107.207 0
    endloop
  endfacet
  facet normal -0.588245 0.393533 -0.70647
    outer loop
      vertex -44.5316 108.072 1.4
      vertex -43.4356 107.197 0
      vertex -44.6848 107.843 1.4
    endloop
  endfacet
  facet normal 0.379769 -0.595337 -0.70806
    outer loop
      vertex 42.4026 2.3639 0
      vertex 43.3178 1.28263 1.4
      vertex 43.2165 1.21801 1.4
    endloop
  endfacet
  facet normal 0.379929 -0.595219 -0.708074
    outer loop
      vertex 43.3178 1.28263 1.4
      vertex 42.4026 2.3639 0
      vertex 42.7253 2.56988 0
    endloop
  endfacet
  facet normal -0.588274 -0.393432 -0.706502
    outer loop
      vertex -44.5316 2.42751 1.4
      vertex -43.4356 3.30277 0
      vertex -43.4293 3.29335 0
    endloop
  endfacet
  facet normal -0.588392 -0.393271 -0.706494
    outer loop
      vertex -43.4356 3.30277 0
      vertex -44.5316 2.42751 1.4
      vertex -44.6848 2.65672 1.4
    endloop
  endfacet
  facet normal 0.55578 -0.438206 -0.706458
    outer loop
      vertex 44.3253 2.16264 1.4
      vertex 43.3157 3.13918 0
      vertex 44.496 2.37914 1.4
    endloop
  endfacet
  facet normal 0.556337 -0.437569 -0.706415
    outer loop
      vertex 43.3157 3.13918 0
      vertex 44.3253 2.16264 1.4
      vertex 43.3087 3.13028 0
    endloop
  endfacet
  facet normal -0.163652 -0.686772 -0.70821
    outer loop
      vertex -41.9191 0.699537 1.4
      vertex -41.8327 2.12265 0
      vertex -41.4603 2.03391 0
    endloop
  endfacet
  facet normal -0.163565 -0.686785 -0.708218
    outer loop
      vertex -41.8327 2.12265 0
      vertex -41.9191 0.699537 1.4
      vertex -42.036 0.727378 1.4
    endloop
  endfacet
  facet normal -0.555062 -0.437383 -0.707533
    outer loop
      vertex -44.5316 2.42751 1.4
      vertex -43.4223 3.28446 0
      vertex -44.361 2.21101 1.4
    endloop
  endfacet
  facet normal -0.55522 -0.437181 -0.707534
    outer loop
      vertex -43.4223 3.28446 0
      vertex -44.5316 2.42751 1.4
      vertex -43.4293 3.29335 0
    endloop
  endfacet
  facet normal -0.554362 -0.438196 -0.707578
    outer loop
      vertex -44.361 2.21101 1.4
      vertex -43.1851 2.98403 0
      vertex -44.2865 2.11676 1.4
    endloop
  endfacet
  facet normal -0.554596 -0.437873 -0.707595
    outer loop
      vertex -43.1851 2.98403 0
      vertex -44.361 2.21101 1.4
      vertex -43.4223 3.28446 0
    endloop
  endfacet
  facet normal -0.0830964 -0.702259 -0.707055
    outer loop
      vertex -41.6488 0.645752 1.4
      vertex -41.438 2.03037 0
      vertex -41.375 0.613354 1.4
    endloop
  endfacet
  facet normal -0.0833886 -0.70222 -0.70706
    outer loop
      vertex -41.438 2.03037 0
      vertex -41.6488 0.645752 1.4
      vertex -41.4492 2.0317 0
    endloop
  endfacet
  facet normal 0.45586 -0.539108 -0.708205
    outer loop
      vertex 43.7635 1.60646 1.4
      vertex 43.0359 2.83034 0
      vertex 43.8552 1.684 1.4
    endloop
  endfacet
  facet normal 0.455844 -0.539119 -0.708207
    outer loop
      vertex 43.0359 2.83034 0
      vertex 43.7635 1.60646 1.4
      vertex 42.7436 2.58319 0
    endloop
  endfacet
  facet normal 0.702817 0.0831068 -0.7065
    outer loop
      vertex 43.934 105.893 0
      vertex 45.3087 106.169 1.4
      vertex 45.3411 105.895 1.4
    endloop
  endfacet
  facet normal 0.70299 0.0820155 -0.706455
    outer loop
      vertex 45.3087 106.169 1.4
      vertex 43.934 105.893 0
      vertex 43.9326 105.905 0
    endloop
  endfacet
  facet normal 0.0236125 -0.70608 -0.707738
    outer loop
      vertex 40.8542 1.9916 0
      vertex 41.04 0.594525 1.4
      vertex 40.92 0.590512 1.4
    endloop
  endfacet
  facet normal 0.0236221 -0.706079 -0.707739
    outer loop
      vertex 41.04 0.594525 1.4
      vertex 40.8542 1.9916 0
      vertex 41.2368 2.0044 0
    endloop
  endfacet
  facet normal 0.118027 0.696175 -0.708103
    outer loop
      vertex 41.2594 108.494 0
      vertex 41.7076 109.842 1.4
      vertex 41.6369 108.43 0
    endloop
  endfacet
  facet normal 0.117615 0.696278 -0.70807
    outer loop
      vertex 41.7076 109.842 1.4
      vertex 41.2594 108.494 0
      vertex 41.5892 109.862 1.4
    endloop
  endfacet
  facet normal -0.55431 0.438274 -0.707571
    outer loop
      vertex -44.361 108.289 1.4
      vertex -43.1851 107.516 0
      vertex -43.4223 107.216 0
    endloop
  endfacet
  facet normal -0.55383 0.438939 -0.707534
    outer loop
      vertex -43.1851 107.516 0
      vertex -44.361 108.289 1.4
      vertex -44.2865 108.383 1.4
    endloop
  endfacet
  facet normal 0.125524 0.696656 -0.706339
    outer loop
      vertex 41.6369 108.43 0
      vertex 41.978 109.788 1.4
      vertex 41.648 108.428 0
    endloop
  endfacet
  facet normal 0.138552 0.693785 -0.706729
    outer loop
      vertex 41.978 109.788 1.4
      vertex 41.6369 108.43 0
      vertex 41.7076 109.842 1.4
    endloop
  endfacet
  facet normal -0.650147 0.275345 -0.708162
    outer loop
      vertex -43.7905 106.495 0
      vertex -44.9961 107.249 1.4
      vertex -43.641 106.848 0
    endloop
  endfacet
  facet normal -0.650422 0.274818 -0.708115
    outer loop
      vertex -44.9961 107.249 1.4
      vertex -43.7905 106.495 0
      vertex -45.043 107.138 1.4
    endloop
  endfacet
  facet normal 0.692397 0.140695 -0.707666
    outer loop
      vertex 43.8542 106.291 0
      vertex 45.255 106.439 1.4
      vertex 43.9304 105.916 0
    endloop
  endfacet
  facet normal 0.692377 0.140823 -0.70766
    outer loop
      vertex 45.255 106.439 1.4
      vertex 43.8542 106.291 0
      vertex 45.231 106.557 1.4
    endloop
  endfacet
  facet normal -0.641047 -0.299031 -0.706852
    outer loop
      vertex -44.8807 3.00059 1.4
      vertex -43.641 3.65232 0
      vertex -43.6362 3.64203 0
    endloop
  endfacet
  facet normal -0.642475 -0.29614 -0.706772
    outer loop
      vertex -43.641 3.65232 0
      vertex -44.8807 3.00059 1.4
      vertex -44.9961 3.25095 1.4
    endloop
  endfacet
  facet normal -0.617125 -0.345598 -0.706908
    outer loop
      vertex -44.8807 3.00059 1.4
      vertex -43.6307 3.63215 0
      vertex -44.746 2.76006 1.4
    endloop
  endfacet
  facet normal -0.617968 -0.344011 -0.706945
    outer loop
      vertex -43.6307 3.63215 0
      vertex -44.8807 3.00059 1.4
      vertex -43.6362 3.64203 0
    endloop
  endfacet
  facet normal -0.681632 -0.187433 -0.707281
    outer loop
      vertex -45.1384 3.62015 1.4
      vertex -43.7974 4.0263 0
      vertex -43.7944 4.01539 0
    endloop
  endfacet
  facet normal -0.680362 -0.191803 -0.707333
    outer loop
      vertex -43.7974 4.0263 0
      vertex -45.1384 3.62015 1.4
      vertex -45.2132 3.88548 1.4
    endloop
  endfacet
  facet normal 0.663492 -0.24474 -0.707023
    outer loop
      vertex 45.0214 3.30545 1.4
      vertex 43.7255 3.83668 0
      vertex 45.1168 3.56408 1.4
    endloop
  endfacet
  facet normal 0.663939 -0.24359 -0.707
    outer loop
      vertex 43.7255 3.83668 0
      vertex 45.0214 3.30545 1.4
      vertex 43.7216 3.82605 0
    endloop
  endfacet
  facet normal 0.191943 0.684596 -0.703197
    outer loop
      vertex 42.0245 108.311 0
      vertex 42.6167 109.583 1.4
      vertex 42.0352 108.308 0
    endloop
  endfacet
  facet normal 0.24399 0.664165 -0.706649
    outer loop
      vertex 42.6167 109.583 1.4
      vertex 42.0245 108.311 0
      vertex 42.3581 109.678 1.4
    endloop
  endfacet
  facet normal -0.418676 0.568441 -0.708227
    outer loop
      vertex -43.5941 109.027 1.4
      vertex -42.5768 108.032 0
      vertex -42.885 107.805 0
    endloop
  endfacet
  facet normal -0.417877 0.569136 -0.70814
    outer loop
      vertex -42.5768 108.032 0
      vertex -43.5941 109.027 1.4
      vertex -43.4974 109.098 1.4
    endloop
  endfacet
  facet normal -0.418766 -0.568427 -0.708185
    outer loop
      vertex -43.5941 1.47303 1.4
      vertex -42.5768 2.46779 0
      vertex -43.4974 1.40179 1.4
    endloop
  endfacet
  facet normal -0.418795 -0.568402 -0.708188
    outer loop
      vertex -42.5768 2.46779 0
      vertex -43.5941 1.47303 1.4
      vertex -42.885 2.69487 0
    endloop
  endfacet
  facet normal 0.663548 0.244411 -0.707084
    outer loop
      vertex 43.7255 106.663 0
      vertex 45.0214 107.195 1.4
      vertex 45.1168 106.936 1.4
    endloop
  endfacet
  facet normal 0.666654 0.236359 -0.7069
    outer loop
      vertex 45.0214 107.195 1.4
      vertex 43.7255 106.663 0
      vertex 43.7216 106.674 0
    endloop
  endfacet
  facet normal 0.640414 0.300995 -0.706592
    outer loop
      vertex 43.7169 106.684 0
      vertex 45.0214 107.195 1.4
      vertex 43.7216 106.674 0
    endloop
  endfacet
  facet normal 0.642338 0.296503 -0.706745
    outer loop
      vertex 45.0214 107.195 1.4
      vertex 43.7169 106.684 0
      vertex 44.906 107.445 1.4
    endloop
  endfacet
  facet normal 0.138007 -0.693821 -0.7068
    outer loop
      vertex 41.6369 2.06985 0
      vertex 41.978 0.711507 1.4
      vertex 41.7076 0.657722 1.4
    endloop
  endfacet
  facet normal 0.138133 -0.693792 -0.706804
    outer loop
      vertex 41.978 0.711507 1.4
      vertex 41.6369 2.06985 0
      vertex 41.648 2.07206 0
    endloop
  endfacet
  facet normal 0.523926 0.473888 -0.707766
    outer loop
      vertex 43.3087 107.37 0
      vertex 44.2448 108.426 1.4
      vertex 44.3253 108.337 1.4
    endloop
  endfacet
  facet normal 0.524 0.473814 -0.70776
    outer loop
      vertex 44.2448 108.426 1.4
      vertex 43.3087 107.37 0
      vertex 43.0519 107.654 0
    endloop
  endfacet
  facet normal 0.294826 0.64213 -0.707634
    outer loop
      vertex 42.3927 108.142 0
      vertex 42.8671 109.467 1.4
      vertex 42.976 109.417 1.4
    endloop
  endfacet
  facet normal 0.297222 0.641151 -0.70752
    outer loop
      vertex 42.8671 109.467 1.4
      vertex 42.3927 108.142 0
      vertex 42.0454 108.303 0
    endloop
  endfacet
  facet normal -0.437987 -0.5556 -0.706736
    outer loop
      vertex -43.8106 1.6437 1.4
      vertex -42.885 2.69487 0
      vertex -43.5941 1.47303 1.4
    endloop
  endfacet
  facet normal -0.438138 -0.555474 -0.706742
    outer loop
      vertex -42.885 2.69487 0
      vertex -43.8106 1.6437 1.4
      vertex -42.8939 2.70189 0
    endloop
  endfacet
  facet normal 0.380723 0.596467 -0.706595
    outer loop
      vertex 42.7253 107.93 0
      vertex 43.547 109.064 1.4
      vertex 42.7347 107.924 0
    endloop
  endfacet
  facet normal 0.392675 0.588243 -0.706949
    outer loop
      vertex 43.547 109.064 1.4
      vertex 42.7253 107.93 0
      vertex 43.3178 109.217 1.4
    endloop
  endfacet
  facet normal 0.480389 -0.51959 -0.706578
    outer loop
      vertex 43.0359 2.83034 0
      vertex 44.0576 1.87113 1.4
      vertex 43.8552 1.684 1.4
    endloop
  endfacet
  facet normal 0.480917 -0.519065 -0.706604
    outer loop
      vertex 44.0576 1.87113 1.4
      vertex 43.0359 2.83034 0
      vertex 43.0442 2.83803 0
    endloop
  endfacet
  facet normal 0.706742 0.0321246 -0.706742
    outer loop
      vertex 43.9595 105.511 0
      vertex 45.36 105.5 1.4
      vertex 43.96 105.5 0
    endloop
  endfacet
  facet normal 0.706817 0.0277586 -0.706851
    outer loop
      vertex 45.36 105.5 1.4
      vertex 43.9595 105.511 0
      vertex 45.3492 105.775 1.4
    endloop
  endfacet
  facet normal -0.252885 0.659532 -0.70786
    outer loop
      vertex -42.2115 108.233 0
      vertex -42.5599 109.602 1.4
      vertex -41.8542 108.37 0
    endloop
  endfacet
  facet normal -0.252976 0.659503 -0.707855
    outer loop
      vertex -42.5599 109.602 1.4
      vertex -42.2115 108.233 0
      vertex -42.672 109.559 1.4
    endloop
  endfacet
  facet normal 0.295852 -0.64182 -0.707487
    outer loop
      vertex 42.6167 0.917336 1.4
      vertex 42.0454 2.19723 0
      vertex 42.8671 1.03276 1.4
    endloop
  endfacet
  facet normal 0.298356 -0.640681 -0.707468
    outer loop
      vertex 42.0454 2.19723 0
      vertex 42.6167 0.917336 1.4
      vertex 42.0352 2.19248 0
    endloop
  endfacet
  facet normal -0.124325 0.696219 -0.706982
    outer loop
      vertex -41.6488 109.854 1.4
      vertex -41.438 108.47 0
      vertex -41.4492 108.468 0
    endloop
  endfacet
  facet normal -0.0846341 0.702207 -0.706925
    outer loop
      vertex -41.438 108.47 0
      vertex -41.6488 109.854 1.4
      vertex -41.375 109.887 1.4
    endloop
  endfacet
  facet normal 0.297062 0.641244 -0.707503
    outer loop
      vertex 42.0454 108.303 0
      vertex 42.6167 109.583 1.4
      vertex 42.8671 109.467 1.4
    endloop
  endfacet
  facet normal 0.311149 0.634744 -0.707309
    outer loop
      vertex 42.6167 109.583 1.4
      vertex 42.0454 108.303 0
      vertex 42.0352 108.308 0
    endloop
  endfacet
  facet normal -0.491078 0.509493 -0.706582
    outer loop
      vertex -42.9022 107.79 0
      vertex -43.8106 108.856 1.4
      vertex -42.8939 107.798 0
    endloop
  endfacet
  facet normal -0.479819 0.51959 -0.706965
    outer loop
      vertex -43.8106 108.856 1.4
      vertex -42.9022 107.79 0
      vertex -44.0131 108.669 1.4
    endloop
  endfacet
  facet normal 0.555322 0.438859 -0.706414
    outer loop
      vertex 43.3157 107.361 0
      vertex 44.3253 108.337 1.4
      vertex 44.496 108.121 1.4
    endloop
  endfacet
  facet normal 0.558927 0.434721 -0.706129
    outer loop
      vertex 44.3253 108.337 1.4
      vertex 43.3157 107.361 0
      vertex 43.3087 107.37 0
    endloop
  endfacet
  facet normal -0.61972 0.340846 -0.706945
    outer loop
      vertex -44.8807 107.499 1.4
      vertex -43.6307 106.868 0
      vertex -43.6362 106.858 0
    endloop
  endfacet
  facet normal -0.617461 0.345112 -0.706852
    outer loop
      vertex -43.6307 106.868 0
      vertex -44.8807 107.499 1.4
      vertex -44.746 107.74 1.4
    endloop
  endfacet
  facet normal -0.637627 0.306061 -0.706937
    outer loop
      vertex -43.641 106.848 0
      vertex -44.8807 107.499 1.4
      vertex -43.6362 106.858 0
    endloop
  endfacet
  facet normal -0.642374 0.29652 -0.706704
    outer loop
      vertex -44.8807 107.499 1.4
      vertex -43.641 106.848 0
      vertex -44.9961 107.249 1.4
    endloop
  endfacet
  facet normal 0.519765 0.47931 -0.707182
    outer loop
      vertex 43.0519 107.654 0
      vertex 44.0576 108.629 1.4
      vertex 44.2448 108.426 1.4
    endloop
  endfacet
  facet normal 0.509329 0.490229 -0.70729
    outer loop
      vertex 44.0576 108.629 1.4
      vertex 43.0519 107.654 0
      vertex 43.0442 107.662 0
    endloop
  endfacet
  facet normal 0.4908 0.509205 -0.706984
    outer loop
      vertex 43.0359 107.67 0
      vertex 44.0576 108.629 1.4
      vertex 43.0442 107.662 0
    endloop
  endfacet
  facet normal 0.480242 0.519791 -0.70653
    outer loop
      vertex 44.0576 108.629 1.4
      vertex 43.0359 107.67 0
      vertex 43.8552 108.816 1.4
    endloop
  endfacet
  facet normal 0.582486 0.399445 -0.707923
    outer loop
      vertex 43.3157 107.361 0
      vertex 44.5639 108.022 1.4
      vertex 43.5324 107.045 0
    endloop
  endfacet
  facet normal 0.582461 0.399486 -0.70792
    outer loop
      vertex 44.5639 108.022 1.4
      vertex 43.3157 107.361 0
      vertex 44.496 108.121 1.4
    endloop
  endfacet
  facet normal 0.0831586 -0.702785 -0.706525
    outer loop
      vertex 41.3154 0.605346 1.4
      vertex 41.2594 2.00617 0
      vertex 41.5892 0.637744 1.4
    endloop
  endfacet
  facet normal 0.083453 -0.702762 -0.706514
    outer loop
      vertex 41.2594 2.00617 0
      vertex 41.3154 0.605346 1.4
      vertex 41.2482 2.00484 0
    endloop
  endfacet
  facet normal 0.524033 -0.473613 -0.70787
    outer loop
      vertex 44.2448 2.07357 1.4
      vertex 43.3087 3.13028 0
      vertex 44.3253 2.16264 1.4
    endloop
  endfacet
  facet normal 0.523849 -0.473795 -0.707885
    outer loop
      vertex 43.3087 3.13028 0
      vertex 44.2448 2.07357 1.4
      vertex 43.0519 2.84635 0
    endloop
  endfacet
  facet normal 0.392945 -0.588032 -0.706974
    outer loop
      vertex 42.7253 2.56988 0
      vertex 43.547 1.43579 1.4
      vertex 43.3178 1.28263 1.4
    endloop
  endfacet
  facet normal 0.393311 -0.587777 -0.706983
    outer loop
      vertex 43.547 1.43579 1.4
      vertex 42.7253 2.56988 0
      vertex 42.7347 2.57617 0
    endloop
  endfacet
  facet normal 0.244973 -0.663955 -0.706506
    outer loop
      vertex 42.0245 2.18856 0
      vertex 42.6167 0.917336 1.4
      vertex 42.3581 0.821923 1.4
    endloop
  endfacet
  facet normal 0.243472 -0.66458 -0.706438
    outer loop
      vertex 42.6167 0.917336 1.4
      vertex 42.0245 2.18856 0
      vertex 42.0352 2.19248 0
    endloop
  endfacet
  facet normal -0.187774 0.682246 -0.706598
    outer loop
      vertex -42.3013 109.698 1.4
      vertex -41.8327 108.377 0
      vertex -41.8436 108.374 0
    endloop
  endfacet
  facet normal -0.192452 0.680766 -0.706767
    outer loop
      vertex -41.8327 108.377 0
      vertex -42.3013 109.698 1.4
      vertex -42.036 109.773 1.4
    endloop
  endfacet
  facet normal -0.490861 -0.50759 -0.708102
    outer loop
      vertex -44.0131 1.83083 1.4
      vertex -43.1774 2.97571 0
      vertex -42.9022 2.70958 0
    endloop
  endfacet
  facet normal -0.491005 -0.507469 -0.708089
    outer loop
      vertex -43.1774 2.97571 0
      vertex -44.0131 1.83083 1.4
      vertex -44.0994 1.91433 1.4
    endloop
  endfacet
  facet normal -0.480704 -0.518835 -0.706919
    outer loop
      vertex -43.8106 1.6437 1.4
      vertex -42.9022 2.70958 0
      vertex -42.8939 2.70189 0
    endloop
  endfacet
  facet normal -0.480018 -0.519444 -0.706938
    outer loop
      vertex -42.9022 2.70958 0
      vertex -43.8106 1.6437 1.4
      vertex -44.0131 1.83083 1.4
    endloop
  endfacet
  facet normal -0.319028 0.631675 -0.706546
    outer loop
      vertex -43.2682 109.251 1.4
      vertex -42.5575 108.044 0
      vertex -42.5674 108.039 0
    endloop
  endfacet
  facet normal -0.34607 0.616518 -0.707207
    outer loop
      vertex -42.5575 108.044 0
      vertex -43.2682 109.251 1.4
      vertex -43.0277 109.386 1.4
    endloop
  endfacet
  facet normal -0.164122 0.686731 -0.708142
    outer loop
      vertex -41.8327 108.377 0
      vertex -41.9191 109.8 1.4
      vertex -41.4603 108.466 0
    endloop
  endfacet
  facet normal -0.158791 0.687508 -0.708603
    outer loop
      vertex -41.9191 109.8 1.4
      vertex -41.8327 108.377 0
      vertex -42.036 109.773 1.4
    endloop
  endfacet
  facet normal -0.490714 0.507686 -0.708135
    outer loop
      vertex -43.1774 107.524 0
      vertex -44.0131 108.669 1.4
      vertex -42.9022 107.79 0
    endloop
  endfacet
  facet normal -0.489363 0.508819 -0.708256
    outer loop
      vertex -44.0131 108.669 1.4
      vertex -43.1774 107.524 0
      vertex -44.0994 108.586 1.4
    endloop
  endfacet
  facet normal -0.510412 0.491271 -0.705785
    outer loop
      vertex -44.2865 108.383 1.4
      vertex -43.1774 107.524 0
      vertex -43.1851 107.516 0
    endloop
  endfacet
  facet normal -0.520374 0.479616 -0.706526
    outer loop
      vertex -43.1774 107.524 0
      vertex -44.2865 108.383 1.4
      vertex -44.0994 108.586 1.4
    endloop
  endfacet
  facet normal -0.138161 -0.69393 -0.706663
    outer loop
      vertex -41.6488 0.645752 1.4
      vertex -41.4603 2.03391 0
      vertex -41.4492 2.0317 0
    endloop
  endfacet
  facet normal -0.138083 -0.693943 -0.706665
    outer loop
      vertex -41.4603 2.03391 0
      vertex -41.6488 0.645752 1.4
      vertex -41.9191 0.699537 1.4
    endloop
  endfacet
  facet normal -0.192096 -0.681022 -0.706617
    outer loop
      vertex -42.3013 0.802211 1.4
      vertex -41.8327 2.12265 0
      vertex -42.036 0.727378 1.4
    endloop
  endfacet
  facet normal -0.192408 -0.680923 -0.706628
    outer loop
      vertex -41.8327 2.12265 0
      vertex -42.3013 0.802211 1.4
      vertex -41.8436 2.12573 0
    endloop
  endfacet
  facet normal -0.681364 0.186362 -0.707823
    outer loop
      vertex -43.8986 106.104 0
      vertex -45.2132 106.615 1.4
      vertex -43.7974 106.474 0
    endloop
  endfacet
  facet normal -0.681235 0.186752 -0.707844
    outer loop
      vertex -45.2132 106.615 1.4
      vertex -43.8986 106.104 0
      vertex -45.245 106.499 1.4
    endloop
  endfacet
  facet normal -0.69394 0.138788 -0.70653
    outer loop
      vertex -43.9008 106.093 0
      vertex -45.245 106.499 1.4
      vertex -43.8986 106.104 0
    endloop
  endfacet
  facet normal -0.694184 0.137812 -0.706482
    outer loop
      vertex -45.245 106.499 1.4
      vertex -43.9008 106.093 0
      vertex -45.2988 106.228 1.4
    endloop
  endfacet
  facet normal -0.702201 0.0829874 -0.707126
    outer loop
      vertex -45.3472 105.836 1.4
      vertex -43.9518 105.714 0
      vertex -43.9531 105.703 0
    endloop
  endfacet
  facet normal -0.702165 0.0833339 -0.70712
    outer loop
      vertex -43.9518 105.714 0
      vertex -45.3472 105.836 1.4
      vertex -45.3148 106.109 1.4
    endloop
  endfacet
  facet normal -0.70689 0.0294538 -0.70671
    outer loop
      vertex -43.9536 105.691 0
      vertex -45.3472 105.836 1.4
      vertex -43.9531 105.703 0
    endloop
  endfacet
  facet normal -0.707019 0.027666 -0.706653
    outer loop
      vertex -45.3472 105.836 1.4
      vertex -43.9536 105.691 0
      vertex -45.358 105.56 1.4
    endloop
  endfacet
  facet normal 0.379985 0.595249 -0.708019
    outer loop
      vertex 42.4026 108.136 0
      vertex 43.3178 109.217 1.4
      vertex 42.7253 107.93 0
    endloop
  endfacet
  facet normal 0.381315 0.594266 -0.708129
    outer loop
      vertex 43.3178 109.217 1.4
      vertex 42.4026 108.136 0
      vertex 43.2165 109.282 1.4
    endloop
  endfacet
  facet normal 0.346401 0.617108 -0.70653
    outer loop
      vertex 42.4026 108.136 0
      vertex 42.976 109.417 1.4
      vertex 43.2165 109.282 1.4
    endloop
  endfacet
  facet normal 0.367451 0.606294 -0.705257
    outer loop
      vertex 42.976 109.417 1.4
      vertex 42.4026 108.136 0
      vertex 42.3927 108.142 0
    endloop
  endfacet
  facet normal 0.211435 0.673654 -0.708157
    outer loop
      vertex 42.0245 108.311 0
      vertex 42.2434 109.714 1.4
      vertex 42.3581 109.678 1.4
    endloop
  endfacet
  facet normal 0.210149 0.673953 -0.708255
    outer loop
      vertex 42.2434 109.714 1.4
      vertex 42.0245 108.311 0
      vertex 41.6589 108.425 0
    endloop
  endfacet
  facet normal 0.190008 0.681461 -0.706759
    outer loop
      vertex 41.6589 108.425 0
      vertex 41.978 109.788 1.4
      vertex 42.2434 109.714 1.4
    endloop
  endfacet
  facet normal 0.187719 0.682046 -0.706807
    outer loop
      vertex 41.978 109.788 1.4
      vertex 41.6589 108.425 0
      vertex 41.648 108.428 0
    endloop
  endfacet
  facet normal 0.438 -0.555616 -0.706716
    outer loop
      vertex 43.547 1.43579 1.4
      vertex 42.7436 2.58319 0
      vertex 43.7635 1.60646 1.4
    endloop
  endfacet
  facet normal 0.438157 -0.555499 -0.70671
    outer loop
      vertex 42.7436 2.58319 0
      vertex 43.547 1.43579 1.4
      vertex 42.7347 2.57617 0
    endloop
  endfacet
  facet normal 0.519068 -0.479992 -0.707232
    outer loop
      vertex 44.0576 1.87113 1.4
      vertex 43.0519 2.84635 0
      vertex 44.2448 2.07357 1.4
    endloop
  endfacet
  facet normal 0.518868 -0.480203 -0.707235
    outer loop
      vertex 43.0519 2.84635 0
      vertex 44.0576 1.87113 1.4
      vertex 43.0442 2.83803 0
    endloop
  endfacet
  facet normal 0.692292 -0.141164 -0.707676
    outer loop
      vertex 43.8542 4.20921 0
      vertex 45.255 4.06056 1.4
      vertex 45.231 3.94286 1.4
    endloop
  endfacet
  facet normal 0.692373 -0.140634 -0.707701
    outer loop
      vertex 45.255 4.06056 1.4
      vertex 43.8542 4.20921 0
      vertex 43.9304 4.58436 0
    endloop
  endfacet
  facet normal 0.693248 -0.137685 -0.707425
    outer loop
      vertex 43.9304 4.58436 0
      vertex 45.3087 4.33094 1.4
      vertex 45.255 4.06056 1.4
    endloop
  endfacet
  facet normal 0.693323 -0.137292 -0.707428
    outer loop
      vertex 45.3087 4.33094 1.4
      vertex 43.9304 4.58436 0
      vertex 43.9326 4.59547 0
    endloop
  endfacet
  facet normal 0.69309 0.138618 -0.707397
    outer loop
      vertex 43.9304 105.916 0
      vertex 45.3087 106.169 1.4
      vertex 43.9326 105.905 0
    endloop
  endfacet
  facet normal 0.693232 0.137876 -0.707403
    outer loop
      vertex 45.3087 106.169 1.4
      vertex 43.9304 105.916 0
      vertex 45.255 106.439 1.4
    endloop
  endfacet
  facet normal -0.30946 0.637487 -0.705581
    outer loop
      vertex -42.2218 108.228 0
      vertex -42.672 109.559 1.4
      vertex -42.2115 108.233 0
    endloop
  endfacet
  facet normal -0.295385 0.643169 -0.706457
    outer loop
      vertex -42.672 109.559 1.4
      vertex -42.2218 108.228 0
      vertex -42.9224 109.444 1.4
    endloop
  endfacet
  facet normal -0.339525 0.619449 -0.707818
    outer loop
      vertex -43.0277 109.386 1.4
      vertex -42.2218 108.228 0
      vertex -42.5575 108.044 0
    endloop
  endfacet
  facet normal -0.340771 0.618675 -0.707895
    outer loop
      vertex -42.2218 108.228 0
      vertex -43.0277 109.386 1.4
      vertex -42.9224 109.444 1.4
    endloop
  endfacet
  facet normal -0.394 -0.587872 -0.70652
    outer loop
      vertex -43.2682 1.24862 1.4
      vertex -42.5768 2.46779 0
      vertex -42.5674 2.46149 0
    endloop
  endfacet
  facet normal -0.393196 -0.588369 -0.706555
    outer loop
      vertex -42.5768 2.46779 0
      vertex -43.2682 1.24862 1.4
      vertex -43.4974 1.40179 1.4
    endloop
  endfacet
  facet normal -0.253819 -0.659081 -0.707947
    outer loop
      vertex -42.5599 0.897623 1.4
      vertex -42.2115 2.26725 0
      vertex -41.8542 2.12965 0
    endloop
  endfacet
  facet normal -0.253809 -0.659084 -0.707947
    outer loop
      vertex -42.2115 2.26725 0
      vertex -42.5599 0.897623 1.4
      vertex -42.672 0.940792 1.4
    endloop
  endfacet
  facet normal -0.245253 -0.663183 -0.707134
    outer loop
      vertex -42.3013 0.802211 1.4
      vertex -41.8542 2.12965 0
      vertex -41.8436 2.12573 0
    endloop
  endfacet
  facet normal -0.244751 -0.663361 -0.707142
    outer loop
      vertex -41.8542 2.12965 0
      vertex -42.3013 0.802211 1.4
      vertex -42.5599 0.897623 1.4
    endloop
  endfacet
  facet normal -0.0706829 -0.702654 -0.708012
    outer loop
      vertex -41.375 0.613354 1.4
      vertex -41.0571 1.99205 0
      vertex -41.2555 0.601333 1.4
    endloop
  endfacet
  facet normal -0.0706896 -0.702653 -0.708012
    outer loop
      vertex -41.0571 1.99205 0
      vertex -41.375 0.613354 1.4
      vertex -41.438 2.03037 0
    endloop
  endfacet
  facet normal -0.0277776 -0.70721 -0.706457
    outer loop
      vertex -41.0571 1.99205 0
      vertex -40.98 0.590512 1.4
      vertex -41.2555 0.601333 1.4
    endloop
  endfacet
  facet normal -0.0281634 -0.707213 -0.706439
    outer loop
      vertex -40.98 0.590512 1.4
      vertex -41.0571 1.99205 0
      vertex -41.0458 1.9916 0
    endloop
  endfacet
  facet normal -0.917629 0.397438 0
    outer loop
      vertex -39.0617 5.09055 1.05
      vertex -39.0538 5.10879 1.4
      vertex -39.0538 5.10879 1.04651
    endloop
  endfacet
  facet normal -0.917167 0.398502 -6.58826e-05
    outer loop
      vertex -39.1984 4.77593 1.05
      vertex -39.0538 5.10879 1.4
      vertex -39.0617 5.09055 1.05
    endloop
  endfacet
  facet normal -0.917666 0.397353 0
    outer loop
      vertex -39.2111 4.7466 1.4
      vertex -39.1984 4.77593 1.05
      vertex -39.2111 4.7466 1.04548
    endloop
  endfacet
  facet normal -0.917231 0.398356 9.98223e-05
    outer loop
      vertex -39.1984 4.77593 1.05
      vertex -39.2111 4.7466 1.4
      vertex -39.0538 5.10879 1.4
    endloop
  endfacet
  facet normal -0.990694 0.136107 0
    outer loop
      vertex -39.049 5.14334 1.05
      vertex -39 5.5 1.4
      vertex -39 5.5 1.05
    endloop
  endfacet
  facet normal -0.990487 0.137607 0
    outer loop
      vertex -39.0538 5.10879 1.4
      vertex -39.049 5.14334 1.05
      vertex -39.0538 5.10879 1.04651
    endloop
  endfacet
  facet normal -0.990676 0.13624 -0.0001376
    outer loop
      vertex -39.049 5.14334 1.05
      vertex -39.0538 5.10879 1.4
      vertex -39 5.5 1.4
    endloop
  endfacet
  facet normal -0.775731 0.631063 0
    outer loop
      vertex -39.2323 4.72054 1.05
      vertex -39.2111 4.7466 1.4
      vertex -39.2111 4.7466 1.04548
    endloop
  endfacet
  facet normal -0.775772 0.631013 -9.85245e-05
    outer loop
      vertex -39.4603 4.44029 1.4
      vertex -39.2323 4.72054 1.05
      vertex -39.4496 4.45339 1.05
    endloop
  endfacet
  facet normal -0.774484 0.632594 0
    outer loop
      vertex -39.4603 4.44029 1.4
      vertex -39.4496 4.45339 1.05
      vertex -39.4603 4.44029 1.04692
    endloop
  endfacet
  facet normal -0.775713 0.631085 -2.74951e-06
    outer loop
      vertex -39.2323 4.72054 1.05
      vertex -39.4603 4.44029 1.4
      vertex -39.2111 4.7466 1.4
    endloop
  endfacet
  facet normal -0.774484 -0.632594 0
    outer loop
      vertex -39.4496 6.54661 1.05
      vertex -39.4603 6.55971 1.4
      vertex -39.4603 6.55971 1.04692
    endloop
  endfacet
  facet normal -0.775772 -0.631013 -9.85245e-05
    outer loop
      vertex -39.2323 6.27946 1.05
      vertex -39.4603 6.55971 1.4
      vertex -39.4496 6.54661 1.05
    endloop
  endfacet
  facet normal -0.775731 -0.631063 -0
    outer loop
      vertex -39.2111 6.2534 1.4
      vertex -39.2323 6.27946 1.05
      vertex -39.2111 6.2534 1.04548
    endloop
  endfacet
  facet normal -0.775713 -0.631085 -2.74951e-06
    outer loop
      vertex -39.2323 6.27946 1.05
      vertex -39.2111 6.2534 1.4
      vertex -39.4603 6.55971 1.4
    endloop
  endfacet
  facet normal -0.917666 -0.397353 0
    outer loop
      vertex -39.1984 6.22407 1.05
      vertex -39.2111 6.2534 1.4
      vertex -39.2111 6.2534 1.04548
    endloop
  endfacet
  facet normal -0.917167 -0.398502 -7.72684e-05
    outer loop
      vertex -39.0538 5.8912 1.4
      vertex -39.1984 6.22407 1.05
      vertex -39.0617 5.90945 1.05
    endloop
  endfacet
  facet normal -0.917708 -0.397255 -0
    outer loop
      vertex -39.0538 5.8912 1.4
      vertex -39.0617 5.90945 1.05
      vertex -39.0538 5.8912 1.04651
    endloop
  endfacet
  facet normal -0.917235 -0.398346 9.8901e-05
    outer loop
      vertex -39.1984 6.22407 1.05
      vertex -39.0538 5.8912 1.4
      vertex -39.2111 6.2534 1.4
    endloop
  endfacet
  facet normal -0.576753 -0.816919 -6.18337e-05
    outer loop
      vertex -39.4873 6.57876 1.05
      vertex -39.7829 6.78743 1.4
      vertex -39.7735 6.78082 1.05
    endloop
  endfacet
  facet normal -0.575213 -0.818004 0
    outer loop
      vertex -39.7735 6.78082 1.05
      vertex -39.7829 6.78743 1.4
      vertex -39.7829 6.78743 1.04925
    endloop
  endfacet
  facet normal -0.576687 -0.816965 2.10554e-05
    outer loop
      vertex -39.7829 6.78743 1.4
      vertex -39.4873 6.57876 1.05
      vertex -39.4603 6.55971 1.4
    endloop
  endfacet
  facet normal -0.576505 -0.817094 -0
    outer loop
      vertex -39.4603 6.55971 1.4
      vertex -39.4873 6.57876 1.05
      vertex -39.4603 6.55971 1.04692
    endloop
  endfacet
  facet normal 0.682642 0.730753 -3.68504e-05
    outer loop
      vertex -41.5484 4.56031 1.05
      vertex -41.2862 4.31539 1.4
      vertex -41.2914 4.32023 1.05
    endloop
  endfacet
  facet normal 0.681315 0.731991 0
    outer loop
      vertex -41.2914 4.32023 1.05
      vertex -41.2862 4.31539 1.4
      vertex -41.2862 4.31539 1.04856
    endloop
  endfacet
  facet normal 0.682548 0.73084 9.51156e-05
    outer loop
      vertex -41.2862 4.31539 1.4
      vertex -41.5484 4.56031 1.05
      vertex -41.5748 4.58492 1.4
    endloop
  endfacet
  facet normal 0.681874 0.73147 0
    outer loop
      vertex -41.5748 4.58492 1.4
      vertex -41.5484 4.56031 1.05
      vertex -41.5748 4.58492 1.04589
    endloop
  endfacet
  facet normal 0.854138 -0.520047 0
    outer loop
      vertex -41.5748 6.41508 1.4
      vertex -41.588 6.3934 1.05
      vertex -41.5748 6.41508 1.04589
    endloop
  endfacet
  facet normal 0.85447 -0.519501 -4.63265e-05
    outer loop
      vertex -41.5748 6.41508 1.4
      vertex -41.7655 6.10145 1.05
      vertex -41.588 6.3934 1.05
    endloop
  endfacet
  facet normal 0.854394 -0.519626 0.000106327
    outer loop
      vertex -41.78 6.07768 1.4
      vertex -41.7655 6.10145 1.05
      vertex -41.5748 6.41508 1.4
    endloop
  endfacet
  facet normal 0.853699 -0.520767 0
    outer loop
      vertex -41.7655 6.10145 1.05
      vertex -41.78 6.07768 1.4
      vertex -41.78 6.07768 1.04569
    endloop
  endfacet
  facet normal 1 0 0
    outer loop
      vertex -41.8865 5.69744 1.4
      vertex -41.8865 5.67161 1.05
      vertex -41.8865 5.69744 1.04795
    endloop
  endfacet
  facet normal 1 0 0
    outer loop
      vertex -41.8865 5.69744 1.4
      vertex -41.8865 5.32839 1.05
      vertex -41.8865 5.67161 1.05
    endloop
  endfacet
  facet normal 1 -0 0
    outer loop
      vertex -41.8865 5.30256 1.4
      vertex -41.8865 5.32839 1.05
      vertex -41.8865 5.69744 1.4
    endloop
  endfacet
  facet normal 1 0 0
    outer loop
      vertex -41.8865 5.32839 1.05
      vertex -41.8865 5.30256 1.4
      vertex -41.8865 5.30256 1.04795
    endloop
  endfacet
  facet normal 0.20347 -0.979081 1.54722e-05
    outer loop
      vertex -40.5831 6.93953 1.05
      vertex -40.9356 6.86628 1.4
      vertex -40.9221 6.86908 1.05
    endloop
  endfacet
  facet normal 0.203085 -0.979161 0
    outer loop
      vertex -40.9221 6.86908 1.05
      vertex -40.9356 6.86628 1.4
      vertex -40.9356 6.86628 1.0474
    endloop
  endfacet
  facet normal 0.203465 -0.979082 1.01302e-05
    outer loop
      vertex -40.9356 6.86628 1.4
      vertex -40.5831 6.93953 1.05
      vertex -40.549 6.94662 1.4
    endloop
  endfacet
  facet normal 0.203564 -0.979062 0
    outer loop
      vertex -40.549 6.94662 1.4
      vertex -40.5831 6.93953 1.05
      vertex -40.549 6.94662 1.04555
    endloop
  endfacet
  facet normal -0.576687 0.816965 2.10554e-05
    outer loop
      vertex -39.4603 4.44029 1.4
      vertex -39.4873 4.42124 1.05
      vertex -39.7829 4.21257 1.4
    endloop
  endfacet
  facet normal -0.576505 0.817094 0
    outer loop
      vertex -39.4873 4.42124 1.05
      vertex -39.4603 4.44029 1.4
      vertex -39.4603 4.44029 1.04692
    endloop
  endfacet
  facet normal -0.576753 0.816919 -6.18337e-05
    outer loop
      vertex -39.7735 4.21918 1.05
      vertex -39.7829 4.21257 1.4
      vertex -39.4873 4.42124 1.05
    endloop
  endfacet
  facet normal -0.575213 0.818004 0
    outer loop
      vertex -39.7829 4.21257 1.4
      vertex -39.7735 4.21918 1.05
      vertex -39.7829 4.21257 1.04925
    endloop
  endfacet
  facet normal -0.0682553 0.997668 8.60239e-06
    outer loop
      vertex -40.519 4.05543 1.05
      vertex -40.155 4.08033 1.4
      vertex -40.1777 4.07878 1.05
    endloop
  endfacet
  facet normal -0.0681233 0.997677 0
    outer loop
      vertex -40.1777 4.07878 1.05
      vertex -40.155 4.08033 1.4
      vertex -40.155 4.08033 1.04617
    endloop
  endfacet
  facet normal -0.0682416 0.997669 -5.78778e-06
    outer loop
      vertex -40.155 4.08033 1.4
      vertex -40.519 4.05543 1.05
      vertex -40.549 4.05338 1.4
    endloop
  endfacet
  facet normal -0.0681744 0.997673 0
    outer loop
      vertex -40.549 4.05338 1.4
      vertex -40.519 4.05543 1.05
      vertex -40.549 4.05338 1.04555
    endloop
  endfacet
  facet normal 0.853796 0.520607 0
    outer loop
      vertex -41.78 4.92232 1.4
      vertex -41.7655 4.89854 1.05
      vertex -41.78 4.92232 1.04569
    endloop
  endfacet
  facet normal 0.854462 0.519514 0.000101854
    outer loop
      vertex -41.78 4.92232 1.4
      vertex -41.588 4.6066 1.05
      vertex -41.7655 4.89854 1.05
    endloop
  endfacet
  facet normal 0.854394 0.519626 -3.57704e-05
    outer loop
      vertex -41.5748 4.58492 1.4
      vertex -41.588 4.6066 1.05
      vertex -41.78 4.92232 1.4
    endloop
  endfacet
  facet normal 0.854138 0.520047 0
    outer loop
      vertex -41.588 4.6066 1.05
      vertex -41.5748 4.58492 1.4
      vertex -41.5748 4.58492 1.04589
    endloop
  endfacet
  facet normal 0.963586 0.267398 0
    outer loop
      vertex -41.8865 5.30256 1.4
      vertex -41.8837 5.29247 1.05
      vertex -41.8865 5.30256 1.04795
    endloop
  endfacet
  facet normal 0.962899 0.269862 -7.6538e-05
    outer loop
      vertex -41.8865 5.30256 1.4
      vertex -41.7896 4.95671 1.05
      vertex -41.8837 5.29247 1.05
    endloop
  endfacet
  facet normal 0.962942 0.269707 8.84986e-05
    outer loop
      vertex -41.78 4.92232 1.4
      vertex -41.7896 4.95671 1.05
      vertex -41.8865 5.30256 1.4
    endloop
  endfacet
  facet normal 0.963176 0.268871 0
    outer loop
      vertex -41.7896 4.95671 1.05
      vertex -41.78 4.92232 1.4
      vertex -41.78 4.92232 1.04569
    endloop
  endfacet
  facet normal 0.460072 0.887881 6.31451e-05
    outer loop
      vertex -40.9356 4.13372 1.4
      vertex -40.9623 4.14758 1.05
      vertex -41.2862 4.31539 1.4
    endloop
  endfacet
  facet normal 0.460725 0.887543 0
    outer loop
      vertex -40.9623 4.14758 1.05
      vertex -40.9356 4.13372 1.4
      vertex -40.9356 4.13372 1.0474
    endloop
  endfacet
  facet normal 0.460038 0.887899 2.25857e-05
    outer loop
      vertex -41.2686 4.30628 1.05
      vertex -41.2862 4.31539 1.4
      vertex -40.9623 4.14758 1.05
    endloop
  endfacet
  facet normal 0.459684 0.888083 0
    outer loop
      vertex -41.2862 4.31539 1.4
      vertex -41.2686 4.30628 1.05
      vertex -41.2862 4.31539 1.04856
    endloop
  endfacet
  facet normal -0.990481 -0.137647 0
    outer loop
      vertex -39.049 5.85666 1.05
      vertex -39.0538 5.8912 1.4
      vertex -39.0538 5.8912 1.04651
    endloop
  endfacet
  facet normal -0.990694 -0.136107 -0
    outer loop
      vertex -39 5.5 1.4
      vertex -39.049 5.85666 1.05
      vertex -39 5.5 1.05
    endloop
  endfacet
  facet normal -0.990675 -0.136243 -0.000141149
    outer loop
      vertex -39.049 5.85666 1.05
      vertex -39 5.5 1.4
      vertex -39.0538 5.8912 1.4
    endloop
  endfacet
  facet normal 0.203465 0.979082 1.01302e-05
    outer loop
      vertex -40.549 4.05338 1.4
      vertex -40.5831 4.06047 1.05
      vertex -40.9356 4.13372 1.4
    endloop
  endfacet
  facet normal 0.203564 0.979062 0
    outer loop
      vertex -40.5831 4.06047 1.05
      vertex -40.549 4.05338 1.4
      vertex -40.549 4.05338 1.04555
    endloop
  endfacet
  facet normal 0.20347 0.979081 1.54722e-05
    outer loop
      vertex -40.9221 4.13092 1.05
      vertex -40.9356 4.13372 1.4
      vertex -40.5831 4.06047 1.05
    endloop
  endfacet
  facet normal 0.203085 0.979161 0
    outer loop
      vertex -40.9356 4.13372 1.4
      vertex -40.9221 4.13092 1.05
      vertex -40.9356 4.13372 1.0474
    endloop
  endfacet
  facet normal -0.0682416 -0.997669 -5.78778e-06
    outer loop
      vertex -40.549 6.94662 1.4
      vertex -40.519 6.94457 1.05
      vertex -40.155 6.91967 1.4
    endloop
  endfacet
  facet normal -0.0681744 -0.997673 0
    outer loop
      vertex -40.519 6.94457 1.05
      vertex -40.549 6.94662 1.4
      vertex -40.549 6.94662 1.04555
    endloop
  endfacet
  facet normal -0.0682553 -0.997668 8.60239e-06
    outer loop
      vertex -40.1777 6.92122 1.05
      vertex -40.155 6.91967 1.4
      vertex -40.519 6.94457 1.05
    endloop
  endfacet
  facet normal -0.0681233 -0.997677 -0
    outer loop
      vertex -40.155 6.91967 1.4
      vertex -40.1777 6.92122 1.05
      vertex -40.155 6.91967 1.04617
    endloop
  endfacet
  facet normal 0.963176 -0.268871 0
    outer loop
      vertex -41.78 6.07768 1.4
      vertex -41.7896 6.04329 1.05
      vertex -41.78 6.07768 1.04569
    endloop
  endfacet
  facet normal 0.962942 -0.269707 8.84986e-05
    outer loop
      vertex -41.8865 5.69744 1.4
      vertex -41.7896 6.04329 1.05
      vertex -41.78 6.07768 1.4
    endloop
  endfacet
  facet normal 0.962899 -0.269862 -7.6538e-05
    outer loop
      vertex -41.7896 6.04329 1.05
      vertex -41.8865 5.69744 1.4
      vertex -41.8837 5.70753 1.05
    endloop
  endfacet
  facet normal 0.963586 -0.267398 0
    outer loop
      vertex -41.8837 5.70753 1.05
      vertex -41.8865 5.69744 1.4
      vertex -41.8865 5.69744 1.04795
    endloop
  endfacet
  facet normal 0.460038 -0.887899 2.25857e-05
    outer loop
      vertex -40.9623 6.85242 1.05
      vertex -41.2862 6.68461 1.4
      vertex -41.2686 6.69372 1.05
    endloop
  endfacet
  facet normal 0.459684 -0.888083 0
    outer loop
      vertex -41.2686 6.69372 1.05
      vertex -41.2862 6.68461 1.4
      vertex -41.2862 6.68461 1.04856
    endloop
  endfacet
  facet normal 0.460072 -0.887881 6.31451e-05
    outer loop
      vertex -41.2862 6.68461 1.4
      vertex -40.9623 6.85242 1.05
      vertex -40.9356 6.86628 1.4
    endloop
  endfacet
  facet normal 0.460725 -0.887543 0
    outer loop
      vertex -40.9356 6.86628 1.4
      vertex -40.9623 6.85242 1.05
      vertex -40.9356 6.86628 1.0474
    endloop
  endfacet
  facet normal -0.334921 0.942246 -3.96304e-06
    outer loop
      vertex -40.1212 4.09232 1.05
      vertex -39.7829 4.21257 1.4
      vertex -39.7863 4.21136 1.05
    endloop
  endfacet
  facet normal -0.335283 0.942117 0
    outer loop
      vertex -39.7863 4.21136 1.05
      vertex -39.7829 4.21257 1.4
      vertex -39.7829 4.21257 1.04925
    endloop
  endfacet
  facet normal -0.33487 0.942264 -5.95667e-05
    outer loop
      vertex -39.7829 4.21257 1.4
      vertex -40.1212 4.09232 1.05
      vertex -40.155 4.08033 1.4
    endloop
  endfacet
  facet normal -0.334322 0.942459 0
    outer loop
      vertex -40.155 4.08033 1.4
      vertex -40.1212 4.09232 1.05
      vertex -40.155 4.08033 1.04617
    endloop
  endfacet
  facet normal -0.33487 -0.942264 -5.95667e-05
    outer loop
      vertex -40.155 6.91967 1.4
      vertex -40.1212 6.90768 1.05
      vertex -39.7829 6.78743 1.4
    endloop
  endfacet
  facet normal -0.334322 -0.942459 0
    outer loop
      vertex -40.1212 6.90768 1.05
      vertex -40.155 6.91967 1.4
      vertex -40.155 6.91967 1.04617
    endloop
  endfacet
  facet normal -0.334921 -0.942246 -3.96304e-06
    outer loop
      vertex -39.7863 6.78864 1.05
      vertex -39.7829 6.78743 1.4
      vertex -40.1212 6.90768 1.05
    endloop
  endfacet
  facet normal -0.335283 -0.942117 -0
    outer loop
      vertex -39.7829 6.78743 1.4
      vertex -39.7863 6.78864 1.05
      vertex -39.7829 6.78743 1.04925
    endloop
  endfacet
  facet normal 0.682548 -0.73084 9.51156e-05
    outer loop
      vertex -41.5748 6.41508 1.4
      vertex -41.5484 6.43969 1.05
      vertex -41.2862 6.68461 1.4
    endloop
  endfacet
  facet normal 0.681874 -0.73147 0
    outer loop
      vertex -41.5484 6.43969 1.05
      vertex -41.5748 6.41508 1.4
      vertex -41.5748 6.41508 1.04589
    endloop
  endfacet
  facet normal 0.682627 -0.730767 -1.55496e-05
    outer loop
      vertex -41.2914 6.67976 1.05
      vertex -41.2862 6.68461 1.4
      vertex -41.5484 6.43969 1.05
    endloop
  endfacet
  facet normal 0.682068 -0.731289 0
    outer loop
      vertex -41.2862 6.68461 1.4
      vertex -41.2914 6.67976 1.05
      vertex -41.2862 6.68461 1.04856
    endloop
  endfacet
  facet normal -0.371805 0.606674 -0.702644
    outer loop
      vertex -38.9864 3.48547 0
      vertex -39.3177 3.28243 0
      vertex -39.5977 4.32693 1.05
    endloop
  endfacet
  facet normal 0.0558043 0.709116 -0.70288
    outer loop
      vertex -40.45 4.05 1.05
      vertex -40.549 4.05338 1.04555
      vertex -40.519 4.05543 1.05
    endloop
  endfacet
  facet normal 0.0558018 0.709346 -0.702648
    outer loop
      vertex -40.549 4.05338 1.04555
      vertex -40.45 4.05 1.05
      vertex -40.8374 3.04039 0
    endloop
  endfacet
  facet normal 0.0558929 0.709643 -0.702341
    outer loop
      vertex -40.549 4.05338 1.04555
      vertex -40.6768 4.06785 1.05
      vertex -40.5831 4.06047 1.05
    endloop
  endfacet
  facet normal 0.0558475 0.709338 -0.702653
    outer loop
      vertex -40.8374 3.04039 0
      vertex -40.6768 4.06785 1.05
      vertex -40.549 4.05338 1.04555
    endloop
  endfacet
  facet normal 0.0574077 0.709155 -0.702712
    outer loop
      vertex -40.6768 4.06785 1.05
      vertex -40.8374 3.04039 0
      vertex -40.8395 3.04056 0
    endloop
  endfacet
  facet normal -0.659933 0.2653 -0.702926
    outer loop
      vertex -38.0826 4.72853 0
      vertex -39.071 5.05192 1.05
      vertex -38.0818 4.73052 0
    endloop
  endfacet
  facet normal -0.657436 0.272094 -0.702669
    outer loop
      vertex -39.071 5.05192 1.05
      vertex -38.0826 4.72853 0
      vertex -39.158 4.84171 1.05
    endloop
  endfacet
  facet normal -0.709339 0.0558463 -0.702651
    outer loop
      vertex -37.9599 5.5 0
      vertex -37.9904 5.1126 0
      vertex -39 5.5 1.05
    endloop
  endfacet
  facet normal -0.70931 0.0559743 -0.702671
    outer loop
      vertex -37.9904 5.1126 0
      vertex -39.0179 5.27317 1.05
      vertex -39 5.5 1.05
    endloop
  endfacet
  facet normal -0.708079 0.0661756 -0.703026
    outer loop
      vertex -39.0179 5.27317 1.05
      vertex -37.9904 5.1126 0
      vertex -37.9906 5.11046 0
    endloop
  endfacet
  facet normal -0.164818 -0.692237 -0.702597
    outer loop
      vertex -40.0019 6.87903 1.05
      vertex -39.6826 7.86872 0
      vertex -39.6805 7.86822 0
    endloop
  endfacet
  facet normal -0.166152 -0.691864 -0.702651
    outer loop
      vertex -40.1212 6.90768 1.05
      vertex -39.6826 7.86872 0
      vertex -40.0019 6.87903 1.05
    endloop
  endfacet
  facet normal -0.165848 -0.691968 -0.702619
    outer loop
      vertex -40.155 6.91967 1.04617
      vertex -39.6826 7.86872 0
      vertex -40.1212 6.90768 1.05
    endloop
  endfacet
  facet normal -0.165918 -0.690694 -0.703856
    outer loop
      vertex -40.2232 6.93215 1.05
      vertex -40.155 6.91967 1.04617
      vertex -40.1777 6.92122 1.05
    endloop
  endfacet
  facet normal -0.166069 -0.691888 -0.702646
    outer loop
      vertex -40.155 6.91967 1.04617
      vertex -40.2232 6.93215 1.05
      vertex -39.6826 7.86872 0
    endloop
  endfacet
  facet normal 0.4621 0.541051 -0.702657
    outer loop
      vertex -41.4753 4.47469 1.05
      vertex -41.9153 3.48686 0
      vertex -42.2108 3.73924 0
    endloop
  endfacet
  facet normal 0.541129 -0.462036 -0.70264
    outer loop
      vertex -42.2122 7.25913 0
      vertex -41.6231 6.35229 1.05
      vertex -42.4645 6.96364 0
    endloop
  endfacet
  facet normal -0.708079 -0.0661756 -0.703026
    outer loop
      vertex -37.9904 5.8874 0
      vertex -39.0179 5.72683 1.05
      vertex -37.9906 5.88954 0
    endloop
  endfacet
  facet normal -0.70931 -0.0559743 -0.702671
    outer loop
      vertex -39.0179 5.72683 1.05
      vertex -37.9904 5.8874 0
      vertex -39 5.5 1.05
    endloop
  endfacet
  facet normal -0.462146 -0.541022 -0.702649
    outer loop
      vertex -39.4603 6.55971 1.04692
      vertex -38.9847 7.51313 0
      vertex -39.4247 6.5253 1.05
    endloop
  endfacet
  facet normal -0.466122 -0.544648 -0.697201
    outer loop
      vertex -39.4603 6.55971 1.04692
      vertex -39.4247 6.5253 1.05
      vertex -39.4496 6.54661 1.05
    endloop
  endfacet
  facet normal -0.461963 -0.541143 -0.702677
    outer loop
      vertex -39.4873 6.57876 1.05
      vertex -38.9847 7.51313 0
      vertex -39.4603 6.55971 1.04692
    endloop
  endfacet
  facet normal -0.46216 -0.541008 -0.702651
    outer loop
      vertex -39.5977 6.67307 1.05
      vertex -38.9847 7.51313 0
      vertex -39.4873 6.57876 1.05
    endloop
  endfacet
  facet normal -0.452055 -0.548924 -0.703085
    outer loop
      vertex -38.9847 7.51313 0
      vertex -39.5977 6.67307 1.05
      vertex -38.9864 7.51453 0
    endloop
  endfacet
  facet normal -0.269962 -0.658443 -0.702548
    outer loop
      vertex -39.7917 6.79196 1.05
      vertex -39.3215 7.71951 0
      vertex -39.3195 7.71869 0
    endloop
  endfacet
  facet normal -0.2723 -0.657372 -0.702648
    outer loop
      vertex -39.3215 7.71951 0
      vertex -39.7917 6.79196 1.05
      vertex -40.0019 6.87903 1.05
    endloop
  endfacet
  facet normal 0.371805 -0.606674 -0.702644
    outer loop
      vertex -41.5823 7.71757 0
      vertex -41.3023 6.67307 1.05
      vertex -41.9136 7.51453 0
    endloop
  endfacet
  facet normal 0.606665 -0.371817 -0.702645
    outer loop
      vertex -41.742 6.15829 1.05
      vertex -42.6676 6.63231 0
      vertex -41.6231 6.35229 1.05
    endloop
  endfacet
  facet normal 0.609659 -0.366462 -0.702867
    outer loop
      vertex -42.6676 6.63231 0
      vertex -41.742 6.15829 1.05
      vertex -42.6687 6.63048 0
    endloop
  endfacet
  facet normal -0.541116 -0.462024 -0.702658
    outer loop
      vertex -38.6892 7.26076 0
      vertex -38.4369 6.96527 0
      vertex -39.4247 6.5253 1.05
    endloop
  endfacet
  facet normal -0.0574176 -0.709276 -0.702589
    outer loop
      vertex -40.4479 7.98993 0
      vertex -40.45 6.95 1.05
      vertex -40.45 7.9901 0
    endloop
  endfacet
  facet normal -0.0558278 -0.709342 -0.70265
    outer loop
      vertex -40.45 6.95 1.05
      vertex -40.4479 7.98993 0
      vertex -40.2232 6.93215 1.05
    endloop
  endfacet
  facet normal 0.166077 0.691885 -0.702648
    outer loop
      vertex -41.2174 3.13128 0
      vertex -40.8981 4.12097 1.05
      vertex -40.6768 4.06785 1.05
    endloop
  endfacet
  facet normal 0.164818 0.692237 -0.702597
    outer loop
      vertex -40.8981 4.12097 1.05
      vertex -41.2174 3.13128 0
      vertex -41.2195 3.13178 0
    endloop
  endfacet
  facet normal 0.69188 -0.166076 -0.702653
    outer loop
      vertex -42.8182 6.26948 0
      vertex -41.829 5.94807 1.05
      vertex -42.9089 5.89162 0
    endloop
  endfacet
  facet normal -0.371831 -0.606662 -0.70264
    outer loop
      vertex -39.7735 6.78082 1.05
      vertex -39.3177 7.71757 0
      vertex -39.5977 6.67307 1.05
    endloop
  endfacet
  facet normal -0.370895 -0.607176 -0.702691
    outer loop
      vertex -39.7829 6.78743 1.04925
      vertex -39.3177 7.71757 0
      vertex -39.7735 6.78082 1.05
    endloop
  endfacet
  facet normal -0.372097 -0.606508 -0.702632
    outer loop
      vertex -39.7917 6.79196 1.05
      vertex -39.3177 7.71757 0
      vertex -39.7829 6.78743 1.04925
    endloop
  endfacet
  facet normal -0.370352 -0.60238 -0.70709
    outer loop
      vertex -39.7917 6.79196 1.05
      vertex -39.7829 6.78743 1.04925
      vertex -39.7863 6.78864 1.05
    endloop
  endfacet
  facet normal -0.376009 -0.6043 -0.702452
    outer loop
      vertex -39.3177 7.71757 0
      vertex -39.7917 6.79196 1.05
      vertex -39.3195 7.71869 0
    endloop
  endfacet
  facet normal 0.541133 0.462005 -0.702657
    outer loop
      vertex -42.2122 3.74087 0
      vertex -41.5484 4.56031 1.05
      vertex -41.4753 4.47469 1.05
    endloop
  endfacet
  facet normal 0.542445 0.463143 -0.700893
    outer loop
      vertex -41.5748 4.58492 1.04589
      vertex -41.6231 4.64771 1.05
      vertex -41.588 4.6066 1.05
    endloop
  endfacet
  facet normal 0.539706 0.463551 -0.702736
    outer loop
      vertex -42.2122 3.74087 0
      vertex -41.4753 4.47469 1.05
      vertex -42.2108 3.73924 0
    endloop
  endfacet
  facet normal 0.540582 0.462542 -0.702727
    outer loop
      vertex -41.5484 4.56031 1.05
      vertex -42.2122 3.74087 0
      vertex -41.5748 4.58492 1.04589
    endloop
  endfacet
  facet normal 0.541001 0.462148 -0.702665
    outer loop
      vertex -41.5748 4.58492 1.04589
      vertex -42.2122 3.74087 0
      vertex -41.6231 4.64771 1.05
    endloop
  endfacet
  facet normal 0.272305 0.657369 -0.702649
    outer loop
      vertex -40.8981 4.12097 1.05
      vertex -41.2195 3.13178 0
      vertex -41.5785 3.28049 0
    endloop
  endfacet
  facet normal -0.69188 -0.166076 -0.702653
    outer loop
      vertex -38.0818 6.26948 0
      vertex -37.9911 5.89162 0
      vertex -39.071 5.94807 1.05
    endloop
  endfacet
  facet normal -0.709339 -0.0558463 -0.702651
    outer loop
      vertex -37.9904 5.8874 0
      vertex -37.9599 5.5 0
      vertex -39 5.5 1.05
    endloop
  endfacet
  facet normal 0.691883 0.166052 -0.702656
    outer loop
      vertex -42.9089 5.10838 0
      vertex -41.8821 5.27317 1.05
      vertex -41.829 5.05192 1.05
    endloop
  endfacet
  facet normal 0.691832 0.166306 -0.702646
    outer loop
      vertex -41.8821 5.27317 1.05
      vertex -42.9089 5.10838 0
      vertex -42.9094 5.11046 0
    endloop
  endfacet
  facet normal 0.606665 0.371817 -0.702645
    outer loop
      vertex -42.6676 4.36769 0
      vertex -41.742 4.84171 1.05
      vertex -41.6231 4.64771 1.05
    endloop
  endfacet
  facet normal 0.609659 0.366462 -0.702867
    outer loop
      vertex -41.742 4.84171 1.05
      vertex -42.6676 4.36769 0
      vertex -42.6687 4.36952 0
    endloop
  endfacet
  facet normal 0.606645 -0.371864 -0.702638
    outer loop
      vertex -42.4645 6.96364 0
      vertex -41.6231 6.35229 1.05
      vertex -42.6676 6.63231 0
    endloop
  endfacet
  facet normal -0.371805 -0.606674 -0.702644
    outer loop
      vertex -39.3177 7.71757 0
      vertex -38.9864 7.51453 0
      vertex -39.5977 6.67307 1.05
    endloop
  endfacet
  facet normal 0.371805 0.606674 -0.702644
    outer loop
      vertex -41.3023 4.32693 1.05
      vertex -41.5823 3.28243 0
      vertex -41.9136 3.48547 0
    endloop
  endfacet
  facet normal -0.53984 -0.463667 -0.702556
    outer loop
      vertex -39.2769 6.35229 1.05
      vertex -38.4369 6.96527 0
      vertex -38.4355 6.96364 0
    endloop
  endfacet
  facet normal -0.541016 -0.462182 -0.70263
    outer loop
      vertex -38.4369 6.96527 0
      vertex -39.2769 6.35229 1.05
      vertex -39.4247 6.5253 1.05
    endloop
  endfacet
  facet normal -0.659506 -0.266467 -0.702885
    outer loop
      vertex -39.071 5.94807 1.05
      vertex -38.0826 6.27146 0
      vertex -38.0818 6.26948 0
    endloop
  endfacet
  facet normal -0.65744 -0.272083 -0.702669
    outer loop
      vertex -38.0826 6.27146 0
      vertex -39.071 5.94807 1.05
      vertex -39.158 6.15829 1.05
    endloop
  endfacet
  facet normal 0.462129 -0.541032 -0.702652
    outer loop
      vertex -41.9153 7.51313 0
      vertex -41.3023 6.67307 1.05
      vertex -41.4753 6.5253 1.05
    endloop
  endfacet
  facet normal 0.452055 -0.548924 -0.703085
    outer loop
      vertex -41.3023 6.67307 1.05
      vertex -41.9153 7.51313 0
      vertex -41.9136 7.51453 0
    endloop
  endfacet
  facet normal -0.606722 -0.371728 -0.702643
    outer loop
      vertex -38.4343 6.96181 0
      vertex -38.2313 6.63048 0
      vertex -39.158 6.15829 1.05
    endloop
  endfacet
  facet normal -0.462088 -0.541059 -0.70266
    outer loop
      vertex -38.9847 7.51313 0
      vertex -38.6892 7.26076 0
      vertex -39.4247 6.5253 1.05
    endloop
  endfacet
  facet normal -0.166095 -0.691878 -0.70265
    outer loop
      vertex -40.0605 7.95944 0
      vertex -39.6826 7.86872 0
      vertex -40.2232 6.93215 1.05
    endloop
  endfacet
  facet normal -0.166095 0.691878 -0.70265
    outer loop
      vertex -39.6826 3.13128 0
      vertex -40.0605 3.04056 0
      vertex -40.2232 4.06785 1.05
    endloop
  endfacet
  facet normal -0.657387 0.272286 -0.70264
    outer loop
      vertex -38.0826 4.72853 0
      vertex -38.2313 4.36952 0
      vertex -39.158 4.84171 1.05
    endloop
  endfacet
  facet normal -0.691832 -0.166306 -0.702646
    outer loop
      vertex -39.0179 5.72683 1.05
      vertex -37.9911 5.89162 0
      vertex -37.9906 5.88954 0
    endloop
  endfacet
  facet normal -0.691943 -0.165751 -0.702668
    outer loop
      vertex -39.049 5.85666 1.05
      vertex -37.9911 5.89162 0
      vertex -39.0179 5.72683 1.05
    endloop
  endfacet
  facet normal -0.691757 -0.167118 -0.702526
    outer loop
      vertex -39.0538 5.8912 1.04651
      vertex -37.9911 5.89162 0
      vertex -39.049 5.85666 1.05
    endloop
  endfacet
  facet normal -0.695594 -0.167505 -0.698635
    outer loop
      vertex -39.071 5.94807 1.05
      vertex -39.0538 5.8912 1.04651
      vertex -39.0617 5.90945 1.05
    endloop
  endfacet
  facet normal -0.691874 -0.166133 -0.702645
    outer loop
      vertex -39.0538 5.8912 1.04651
      vertex -39.071 5.94807 1.05
      vertex -37.9911 5.89162 0
    endloop
  endfacet
  facet normal 0.166095 0.691878 -0.70265
    outer loop
      vertex -40.6768 4.06785 1.05
      vertex -40.8395 3.04056 0
      vertex -41.2174 3.13128 0
    endloop
  endfacet
  facet normal 0.0558282 -0.709342 -0.70265
    outer loop
      vertex -40.4521 7.98993 0
      vertex -40.6768 6.93215 1.05
      vertex -40.8395 7.95944 0
    endloop
  endfacet
  facet normal 0.652853 -0.269916 -0.707763
    outer loop
      vertex -41.78 6.07768 1.04569
      vertex -41.742 6.15829 1.05
      vertex -41.7655 6.10145 1.05
    endloop
  endfacet
  facet normal 0.655806 -0.271359 -0.704474
    outer loop
      vertex -41.829 5.94807 1.05
      vertex -41.78 6.07768 1.04569
      vertex -41.7896 6.04329 1.05
    endloop
  endfacet
  facet normal 0.657377 -0.272323 -0.702635
    outer loop
      vertex -42.6695 6.6285 0
      vertex -41.742 6.15829 1.05
      vertex -41.78 6.07768 1.04569
    endloop
  endfacet
  facet normal 0.657563 -0.27196 -0.702601
    outer loop
      vertex -42.6695 6.6285 0
      vertex -41.78 6.07768 1.04569
      vertex -41.829 5.94807 1.05
    endloop
  endfacet
  facet normal 0.659966 -0.266653 -0.702382
    outer loop
      vertex -41.742 6.15829 1.05
      vertex -42.6695 6.6285 0
      vertex -42.6687 6.63048 0
    endloop
  endfacet
  facet normal -0.272305 -0.657369 -0.702649
    outer loop
      vertex -39.6805 7.86822 0
      vertex -39.3215 7.71951 0
      vertex -40.0019 6.87903 1.05
    endloop
  endfacet
  facet normal 0.691881 -0.166059 -0.702656
    outer loop
      vertex -41.8821 5.72683 1.05
      vertex -42.9089 5.89162 0
      vertex -41.829 5.94807 1.05
    endloop
  endfacet
  facet normal 0.691832 -0.166306 -0.702646
    outer loop
      vertex -42.9089 5.89162 0
      vertex -41.8821 5.72683 1.05
      vertex -42.9094 5.88954 0
    endloop
  endfacet
  facet normal 0.657377 0.272274 -0.702654
    outer loop
      vertex -41.829 5.05192 1.05
      vertex -42.6695 4.3715 0
      vertex -42.8182 4.73052 0
    endloop
  endfacet
  facet normal -0.0574077 0.709155 -0.702712
    outer loop
      vertex -40.0626 3.04039 0
      vertex -40.2232 4.06785 1.05
      vertex -40.0605 3.04056 0
    endloop
  endfacet
  facet normal -0.0558277 0.70934 -0.702652
    outer loop
      vertex -40.2232 4.06785 1.05
      vertex -40.0626 3.04039 0
      vertex -40.45 4.05 1.05
    endloop
  endfacet
  facet normal -0.65739 -0.27228 -0.702639
    outer loop
      vertex -38.2313 6.63048 0
      vertex -38.0826 6.27146 0
      vertex -39.158 6.15829 1.05
    endloop
  endfacet
  facet normal -0.376009 0.6043 -0.702452
    outer loop
      vertex -39.7917 4.20804 1.05
      vertex -39.3177 3.28243 0
      vertex -39.3195 3.28131 0
    endloop
  endfacet
  facet normal -0.371831 0.606662 -0.70264
    outer loop
      vertex -39.3177 3.28243 0
      vertex -39.7735 4.21918 1.05
      vertex -39.5977 4.32693 1.05
    endloop
  endfacet
  facet normal -0.370895 0.607176 -0.702691
    outer loop
      vertex -39.3177 3.28243 0
      vertex -39.7829 4.21257 1.04925
      vertex -39.7735 4.21918 1.05
    endloop
  endfacet
  facet normal -0.372097 0.606508 -0.702632
    outer loop
      vertex -39.3177 3.28243 0
      vertex -39.7917 4.20804 1.05
      vertex -39.7829 4.21257 1.04925
    endloop
  endfacet
  facet normal -0.370352 0.60238 -0.70709
    outer loop
      vertex -39.7829 4.21257 1.04925
      vertex -39.7917 4.20804 1.05
      vertex -39.7863 4.21136 1.05
    endloop
  endfacet
  facet normal -0.606494 -0.372001 -0.702695
    outer loop
      vertex -39.2111 6.2534 1.04548
      vertex -38.4343 6.96181 0
      vertex -39.158 6.15829 1.05
    endloop
  endfacet
  facet normal -0.602021 -0.369742 -0.707716
    outer loop
      vertex -39.2111 6.2534 1.04548
      vertex -39.158 6.15829 1.05
      vertex -39.1984 6.22407 1.05
    endloop
  endfacet
  facet normal -0.606777 -0.371624 -0.70265
    outer loop
      vertex -39.2769 6.35229 1.05
      vertex -38.4343 6.96181 0
      vertex -39.2111 6.2534 1.04548
    endloop
  endfacet
  facet normal -0.606382 -0.371339 -0.703141
    outer loop
      vertex -39.2769 6.35229 1.05
      vertex -39.2111 6.2534 1.04548
      vertex -39.2323 6.27946 1.05
    endloop
  endfacet
  facet normal -0.594461 -0.38981 -0.703324
    outer loop
      vertex -38.4343 6.96181 0
      vertex -39.2769 6.35229 1.05
      vertex -38.4355 6.96364 0
    endloop
  endfacet
  facet normal -0.272305 0.657369 -0.702649
    outer loop
      vertex -39.3215 3.28049 0
      vertex -39.6805 3.13178 0
      vertex -40.0019 4.12097 1.05
    endloop
  endfacet
  facet normal 0.271658 -0.655255 -0.704871
    outer loop
      vertex -40.9356 6.86628 1.0474
      vertex -40.8981 6.87903 1.05
      vertex -40.9221 6.86908 1.05
    endloop
  endfacet
  facet normal 0.272236 -0.657401 -0.702646
    outer loop
      vertex -41.5785 7.71951 0
      vertex -40.9623 6.85242 1.05
      vertex -41.1083 6.79196 1.05
    endloop
  endfacet
  facet normal 0.272236 -0.65741 -0.702637
    outer loop
      vertex -40.9356 6.86628 1.0474
      vertex -41.5785 7.71951 0
      vertex -40.8981 6.87903 1.05
    endloop
  endfacet
  facet normal 0.272697 -0.657146 -0.702706
    outer loop
      vertex -40.9623 6.85242 1.05
      vertex -41.5785 7.71951 0
      vertex -40.9356 6.86628 1.0474
    endloop
  endfacet
  facet normal 0.269962 -0.658443 -0.702548
    outer loop
      vertex -41.5785 7.71951 0
      vertex -41.1083 6.79196 1.05
      vertex -41.5805 7.71869 0
    endloop
  endfacet
  facet normal 0.653255 0.27013 -0.70731
    outer loop
      vertex -41.742 4.84171 1.05
      vertex -41.78 4.92232 1.04569
      vertex -41.7655 4.89854 1.05
    endloop
  endfacet
  facet normal 0.655696 0.271341 -0.704583
    outer loop
      vertex -41.78 4.92232 1.04569
      vertex -41.829 5.05192 1.05
      vertex -41.7896 4.95671 1.05
    endloop
  endfacet
  facet normal 0.659966 0.266653 -0.702382
    outer loop
      vertex -42.6695 4.3715 0
      vertex -41.742 4.84171 1.05
      vertex -42.6687 4.36952 0
    endloop
  endfacet
  facet normal 0.657377 0.272323 -0.702635
    outer loop
      vertex -41.742 4.84171 1.05
      vertex -42.6695 4.3715 0
      vertex -41.78 4.92232 1.04569
    endloop
  endfacet
  facet normal 0.657554 0.271978 -0.702603
    outer loop
      vertex -41.78 4.92232 1.04569
      vertex -42.6695 4.3715 0
      vertex -41.829 5.05192 1.05
    endloop
  endfacet
  facet normal 0.371801 0.606674 -0.702645
    outer loop
      vertex -41.5823 3.28243 0
      vertex -41.2686 4.30628 1.05
      vertex -41.1083 4.20804 1.05
    endloop
  endfacet
  facet normal 0.375425 0.610766 -0.697152
    outer loop
      vertex -41.2862 4.31539 1.04856
      vertex -41.3023 4.32693 1.05
      vertex -41.2914 4.32023 1.05
    endloop
  endfacet
  facet normal 0.376009 0.6043 -0.702452
    outer loop
      vertex -41.5823 3.28243 0
      vertex -41.1083 4.20804 1.05
      vertex -41.5805 3.28131 0
    endloop
  endfacet
  facet normal 0.371569 0.606779 -0.702678
    outer loop
      vertex -41.2686 4.30628 1.05
      vertex -41.5823 3.28243 0
      vertex -41.2862 4.31539 1.04856
    endloop
  endfacet
  facet normal 0.371956 0.606609 -0.70262
    outer loop
      vertex -41.2862 4.31539 1.04856
      vertex -41.5823 3.28243 0
      vertex -41.3023 4.32693 1.05
    endloop
  endfacet
  facet normal 0.541129 0.462036 -0.70264
    outer loop
      vertex -41.6231 4.64771 1.05
      vertex -42.2122 3.74087 0
      vertex -42.4645 4.03636 0
    endloop
  endfacet
  facet normal 0.606645 0.371864 -0.702638
    outer loop
      vertex -41.6231 4.64771 1.05
      vertex -42.4645 4.03636 0
      vertex -42.6676 4.36769 0
    endloop
  endfacet
  facet normal -0.269962 0.658443 -0.702548
    outer loop
      vertex -39.3215 3.28049 0
      vertex -39.7917 4.20804 1.05
      vertex -39.3195 3.28131 0
    endloop
  endfacet
  facet normal -0.2723 0.657372 -0.702648
    outer loop
      vertex -39.7917 4.20804 1.05
      vertex -39.3215 3.28049 0
      vertex -40.0019 4.12097 1.05
    endloop
  endfacet
  facet normal 0.540582 -0.462542 -0.702727
    outer loop
      vertex -42.2122 7.25913 0
      vertex -41.5484 6.43969 1.05
      vertex -41.5748 6.41508 1.04589
    endloop
  endfacet
  facet normal 0.542445 -0.463143 -0.700893
    outer loop
      vertex -41.6231 6.35229 1.05
      vertex -41.5748 6.41508 1.04589
      vertex -41.588 6.3934 1.05
    endloop
  endfacet
  facet normal 0.541104 -0.462034 -0.70266
    outer loop
      vertex -41.5484 6.43969 1.05
      vertex -42.2122 7.25913 0
      vertex -41.4753 6.5253 1.05
    endloop
  endfacet
  facet normal 0.541001 -0.462148 -0.702665
    outer loop
      vertex -42.2122 7.25913 0
      vertex -41.5748 6.41508 1.04589
      vertex -41.6231 6.35229 1.05
    endloop
  endfacet
  facet normal 0.539704 -0.46355 -0.702738
    outer loop
      vertex -41.4753 6.5253 1.05
      vertex -42.2122 7.25913 0
      vertex -42.2108 7.26076 0
    endloop
  endfacet
  facet normal 0.450077 0.550453 -0.703159
    outer loop
      vertex -41.9153 3.48686 0
      vertex -41.3023 4.32693 1.05
      vertex -41.9136 3.48547 0
    endloop
  endfacet
  facet normal 0.462109 0.541045 -0.702656
    outer loop
      vertex -41.3023 4.32693 1.05
      vertex -41.9153 3.48686 0
      vertex -41.4753 4.47469 1.05
    endloop
  endfacet
  facet normal 0.272305 -0.657369 -0.702649
    outer loop
      vertex -41.2195 7.86822 0
      vertex -40.8981 6.87903 1.05
      vertex -41.5785 7.71951 0
    endloop
  endfacet
  facet normal 0.166077 -0.691885 -0.702648
    outer loop
      vertex -40.8981 6.87903 1.05
      vertex -41.2174 7.86872 0
      vertex -40.6768 6.93215 1.05
    endloop
  endfacet
  facet normal 0.164818 -0.692237 -0.702597
    outer loop
      vertex -41.2174 7.86872 0
      vertex -40.8981 6.87903 1.05
      vertex -41.2195 7.86822 0
    endloop
  endfacet
  facet normal 0.708887 0.0662511 -0.702203
    outer loop
      vertex -41.9 5.5 1.05
      vertex -42.9399 5.49786 0
      vertex -42.9401 5.5 0
    endloop
  endfacet
  facet normal 0.709352 0.0558024 -0.702642
    outer loop
      vertex -41.8865 5.32839 1.05
      vertex -42.9399 5.49786 0
      vertex -41.9 5.5 1.05
    endloop
  endfacet
  facet normal 0.70935 0.0557656 -0.702647
    outer loop
      vertex -41.8865 5.30256 1.04795
      vertex -42.9399 5.49786 0
      vertex -41.8865 5.32839 1.05
    endloop
  endfacet
  facet normal 0.720884 0.0597624 -0.690474
    outer loop
      vertex -41.8821 5.27317 1.05
      vertex -41.8865 5.30256 1.04795
      vertex -41.8837 5.29247 1.05
    endloop
  endfacet
  facet normal 0.709426 0.0572115 -0.702454
    outer loop
      vertex -41.8865 5.30256 1.04795
      vertex -41.8821 5.27317 1.05
      vertex -42.9399 5.49786 0
    endloop
  endfacet
  facet normal 0.462088 -0.541059 -0.70266
    outer loop
      vertex -41.9153 7.51313 0
      vertex -41.4753 6.5253 1.05
      vertex -42.2108 7.26076 0
    endloop
  endfacet
  facet normal 0.657376 -0.272274 -0.702655
    outer loop
      vertex -42.6695 6.6285 0
      vertex -41.829 5.94807 1.05
      vertex -42.8182 6.26948 0
    endloop
  endfacet
  facet normal -0.0558282 -0.709342 -0.70265
    outer loop
      vertex -40.0605 7.95944 0
      vertex -40.2232 6.93215 1.05
      vertex -40.4479 7.98993 0
    endloop
  endfacet
  facet normal -0.606722 0.371728 -0.702643
    outer loop
      vertex -38.2313 4.36952 0
      vertex -38.4343 4.03819 0
      vertex -39.158 4.84171 1.05
    endloop
  endfacet
  facet normal 0.371569 -0.606779 -0.702678
    outer loop
      vertex -41.5823 7.71757 0
      vertex -41.2686 6.69372 1.05
      vertex -41.2862 6.68461 1.04856
    endloop
  endfacet
  facet normal 0.373309 -0.608231 -0.700497
    outer loop
      vertex -41.3023 6.67307 1.05
      vertex -41.2862 6.68461 1.04856
      vertex -41.2914 6.67976 1.05
    endloop
  endfacet
  facet normal 0.371801 -0.606674 -0.702645
    outer loop
      vertex -41.2686 6.69372 1.05
      vertex -41.5823 7.71757 0
      vertex -41.1083 6.79196 1.05
    endloop
  endfacet
  facet normal 0.371956 -0.606609 -0.70262
    outer loop
      vertex -41.5823 7.71757 0
      vertex -41.2862 6.68461 1.04856
      vertex -41.3023 6.67307 1.05
    endloop
  endfacet
  facet normal 0.376009 -0.6043 -0.702452
    outer loop
      vertex -41.1083 6.79196 1.05
      vertex -41.5823 7.71757 0
      vertex -41.5805 7.71869 0
    endloop
  endfacet
  facet normal 0.271658 0.655255 -0.704871
    outer loop
      vertex -40.8981 4.12097 1.05
      vertex -40.9356 4.13372 1.0474
      vertex -40.9221 4.13092 1.05
    endloop
  endfacet
  facet normal 0.272697 0.657146 -0.702706
    outer loop
      vertex -41.5785 3.28049 0
      vertex -40.9623 4.14758 1.05
      vertex -40.9356 4.13372 1.0474
    endloop
  endfacet
  facet normal 0.272236 0.65741 -0.702637
    outer loop
      vertex -41.5785 3.28049 0
      vertex -40.9356 4.13372 1.0474
      vertex -40.8981 4.12097 1.05
    endloop
  endfacet
  facet normal 0.272236 0.657401 -0.702646
    outer loop
      vertex -40.9623 4.14758 1.05
      vertex -41.5785 3.28049 0
      vertex -41.1083 4.20804 1.05
    endloop
  endfacet
  facet normal 0.269962 0.658443 -0.702548
    outer loop
      vertex -41.1083 4.20804 1.05
      vertex -41.5785 3.28049 0
      vertex -41.5805 3.28131 0
    endloop
  endfacet
  facet normal 0.69188 0.166076 -0.702652
    outer loop
      vertex -41.829 5.05192 1.05
      vertex -42.8182 4.73052 0
      vertex -42.9089 5.10838 0
    endloop
  endfacet
  facet normal 0.0558929 -0.709643 -0.702341
    outer loop
      vertex -40.6768 6.93215 1.05
      vertex -40.549 6.94662 1.04555
      vertex -40.5831 6.93953 1.05
    endloop
  endfacet
  facet normal 0.0558483 -0.709343 -0.702647
    outer loop
      vertex -40.549 6.94662 1.04555
      vertex -40.6768 6.93215 1.05
      vertex -40.4521 7.98993 0
    endloop
  endfacet
  facet normal 0.0558043 -0.709116 -0.70288
    outer loop
      vertex -40.549 6.94662 1.04555
      vertex -40.45 6.95 1.05
      vertex -40.519 6.94457 1.05
    endloop
  endfacet
  facet normal 0.0558018 -0.709343 -0.702651
    outer loop
      vertex -40.4521 7.98993 0
      vertex -40.45 6.95 1.05
      vertex -40.549 6.94662 1.04555
    endloop
  endfacet
  facet normal 0.0574176 -0.709276 -0.702589
    outer loop
      vertex -40.45 6.95 1.05
      vertex -40.4521 7.98993 0
      vertex -40.45 7.9901 0
    endloop
  endfacet
  facet normal -0.164818 0.692237 -0.702597
    outer loop
      vertex -39.6826 3.13128 0
      vertex -40.0019 4.12097 1.05
      vertex -39.6805 3.13178 0
    endloop
  endfacet
  facet normal -0.166152 0.691864 -0.702651
    outer loop
      vertex -39.6826 3.13128 0
      vertex -40.1212 4.09232 1.05
      vertex -40.0019 4.12097 1.05
    endloop
  endfacet
  facet normal -0.165848 0.691968 -0.702619
    outer loop
      vertex -39.6826 3.13128 0
      vertex -40.155 4.08033 1.04617
      vertex -40.1212 4.09232 1.05
    endloop
  endfacet
  facet normal -0.166069 0.691888 -0.702646
    outer loop
      vertex -40.2232 4.06785 1.05
      vertex -40.155 4.08033 1.04617
      vertex -39.6826 3.13128 0
    endloop
  endfacet
  facet normal -0.165918 0.690694 -0.703856
    outer loop
      vertex -40.155 4.08033 1.04617
      vertex -40.2232 4.06785 1.05
      vertex -40.1777 4.07878 1.05
    endloop
  endfacet
  facet normal -0.594461 0.38981 -0.703324
    outer loop
      vertex -39.2769 4.64771 1.05
      vertex -38.4343 4.03819 0
      vertex -38.4355 4.03636 0
    endloop
  endfacet
  facet normal -0.606494 0.372001 -0.702695
    outer loop
      vertex -38.4343 4.03819 0
      vertex -39.2111 4.7466 1.04548
      vertex -39.158 4.84171 1.05
    endloop
  endfacet
  facet normal -0.602021 0.369742 -0.707716
    outer loop
      vertex -39.158 4.84171 1.05
      vertex -39.2111 4.7466 1.04548
      vertex -39.1984 4.77593 1.05
    endloop
  endfacet
  facet normal -0.606777 0.371624 -0.70265
    outer loop
      vertex -38.4343 4.03819 0
      vertex -39.2769 4.64771 1.05
      vertex -39.2111 4.7466 1.04548
    endloop
  endfacet
  facet normal -0.606382 0.371339 -0.703141
    outer loop
      vertex -39.2111 4.7466 1.04548
      vertex -39.2769 4.64771 1.05
      vertex -39.2323 4.72054 1.05
    endloop
  endfacet
  facet normal 0.709336 0.055846 -0.702655
    outer loop
      vertex -41.8821 5.27317 1.05
      vertex -42.9094 5.11046 0
      vertex -42.9399 5.49786 0
    endloop
  endfacet
  facet normal 0.166095 -0.691878 -0.70265
    outer loop
      vertex -40.8395 7.95944 0
      vertex -40.6768 6.93215 1.05
      vertex -41.2174 7.86872 0
    endloop
  endfacet
  facet normal 0.709336 -0.055846 -0.702655
    outer loop
      vertex -42.9094 5.88954 0
      vertex -41.8821 5.72683 1.05
      vertex -42.9399 5.50214 0
    endloop
  endfacet
  facet normal 0.720884 -0.0597624 -0.690474
    outer loop
      vertex -41.8865 5.69744 1.04795
      vertex -41.8821 5.72683 1.05
      vertex -41.8837 5.70753 1.05
    endloop
  endfacet
  facet normal 0.709426 -0.0572115 -0.702454
    outer loop
      vertex -41.8865 5.69744 1.04795
      vertex -42.9399 5.50214 0
      vertex -41.8821 5.72683 1.05
    endloop
  endfacet
  facet normal 0.70935 -0.0557656 -0.702647
    outer loop
      vertex -41.8865 5.67161 1.05
      vertex -42.9399 5.50214 0
      vertex -41.8865 5.69744 1.04795
    endloop
  endfacet
  facet normal 0.709352 -0.0558024 -0.702642
    outer loop
      vertex -41.9 5.5 1.05
      vertex -42.9399 5.50214 0
      vertex -41.8865 5.67161 1.05
    endloop
  endfacet
  facet normal 0.708887 -0.0662511 -0.702203
    outer loop
      vertex -42.9399 5.50214 0
      vertex -41.9 5.5 1.05
      vertex -42.9401 5.5 0
    endloop
  endfacet
  facet normal -0.4621 0.541051 -0.702657
    outer loop
      vertex -38.6892 3.73924 0
      vertex -38.9847 3.48686 0
      vertex -39.4247 4.47469 1.05
    endloop
  endfacet
  facet normal -0.450077 0.550453 -0.703159
    outer loop
      vertex -39.5977 4.32693 1.05
      vertex -38.9847 3.48686 0
      vertex -38.9864 3.48547 0
    endloop
  endfacet
  facet normal -0.462051 0.541082 -0.702666
    outer loop
      vertex -38.9847 3.48686 0
      vertex -39.4603 4.44029 1.04692
      vertex -39.4247 4.47469 1.05
    endloop
  endfacet
  facet normal -0.465704 0.544415 -0.697662
    outer loop
      vertex -39.4247 4.47469 1.05
      vertex -39.4603 4.44029 1.04692
      vertex -39.4496 4.45339 1.05
    endloop
  endfacet
  facet normal -0.461962 0.541141 -0.702679
    outer loop
      vertex -38.9847 3.48686 0
      vertex -39.4873 4.42124 1.05
      vertex -39.4603 4.44029 1.04692
    endloop
  endfacet
  facet normal -0.462158 0.541006 -0.702653
    outer loop
      vertex -38.9847 3.48686 0
      vertex -39.5977 4.32693 1.05
      vertex -39.4873 4.42124 1.05
    endloop
  endfacet
  facet normal -0.541117 0.462025 -0.702655
    outer loop
      vertex -38.4369 4.03473 0
      vertex -38.6892 3.73924 0
      vertex -39.4247 4.47469 1.05
    endloop
  endfacet
  facet normal -0.055828 0.70934 -0.702652
    outer loop
      vertex -40.0626 3.04039 0
      vertex -40.45 3.0099 0
      vertex -40.45 4.05 1.05
    endloop
  endfacet
  facet normal 0.055828 0.70934 -0.702652
    outer loop
      vertex -40.45 4.05 1.05
      vertex -40.45 3.0099 0
      vertex -40.8374 3.04039 0
    endloop
  endfacet
  facet normal -0.53984 0.463667 -0.702556
    outer loop
      vertex -38.4369 4.03473 0
      vertex -39.2769 4.64771 1.05
      vertex -38.4355 4.03636 0
    endloop
  endfacet
  facet normal -0.541029 0.462166 -0.702631
    outer loop
      vertex -39.2769 4.64771 1.05
      vertex -38.4369 4.03473 0
      vertex -39.4247 4.47469 1.05
    endloop
  endfacet
  facet normal 0 0 -1
    outer loop
      vertex -40.9221 4.13092 1.05
      vertex -40.6768 4.06785 1.05
      vertex -40.8981 4.12097 1.05
    endloop
  endfacet
  facet normal 0 0 -1
    outer loop
      vertex -40.6768 4.06785 1.05
      vertex -40.9221 4.13092 1.05
      vertex -40.5831 4.06047 1.05
    endloop
  endfacet
  facet normal 0 0 -1
    outer loop
      vertex -39.158 4.84171 1.05
      vertex -39.0617 5.09055 1.05
      vertex -39.071 5.05192 1.05
    endloop
  endfacet
  facet normal 0 0 -1
    outer loop
      vertex -39.0617 5.09055 1.05
      vertex -39.158 4.84171 1.05
      vertex -39.1984 4.77593 1.05
    endloop
  endfacet
  facet normal 0 0 -1
    outer loop
      vertex -39 5.5 1.05
      vertex -39.0179 5.27317 1.05
      vertex -39.049 5.14334 1.05
    endloop
  endfacet
  facet normal 0 0 -1
    outer loop
      vertex -39.7863 6.78864 1.05
      vertex -40.0019 6.87903 1.05
      vertex -39.7917 6.79196 1.05
    endloop
  endfacet
  facet normal -0 -0 -1
    outer loop
      vertex -40.0019 6.87903 1.05
      vertex -39.7863 6.78864 1.05
      vertex -40.1212 6.90768 1.05
    endloop
  endfacet
  facet normal -0 -0 -1
    outer loop
      vertex -39.0179 5.72683 1.05
      vertex -39 5.5 1.05
      vertex -39.049 5.85666 1.05
    endloop
  endfacet
  facet normal 0 0 -1
    outer loop
      vertex -39.4496 6.54661 1.05
      vertex -39.2769 6.35229 1.05
      vertex -39.2323 6.27946 1.05
    endloop
  endfacet
  facet normal 0 0 -1
    outer loop
      vertex -39.2769 6.35229 1.05
      vertex -39.4496 6.54661 1.05
      vertex -39.4247 6.5253 1.05
    endloop
  endfacet
  facet normal 0 0 -1
    outer loop
      vertex -40.1777 6.92122 1.05
      vertex -40.45 6.95 1.05
      vertex -40.2232 6.93215 1.05
    endloop
  endfacet
  facet normal 0 -0 -1
    outer loop
      vertex -40.45 6.95 1.05
      vertex -40.1777 6.92122 1.05
      vertex -40.519 6.94457 1.05
    endloop
  endfacet
  facet normal -0 -0 -1
    outer loop
      vertex -39.5977 6.67307 1.05
      vertex -39.4873 6.57876 1.05
      vertex -39.7735 6.78082 1.05
    endloop
  endfacet
  facet normal 0 0 -1
    outer loop
      vertex -41.742 4.84171 1.05
      vertex -41.588 4.6066 1.05
      vertex -41.6231 4.64771 1.05
    endloop
  endfacet
  facet normal 0 0 -1
    outer loop
      vertex -41.588 4.6066 1.05
      vertex -41.742 4.84171 1.05
      vertex -41.7655 4.89854 1.05
    endloop
  endfacet
  facet normal 0 0 -1
    outer loop
      vertex -41.8837 5.29247 1.05
      vertex -41.829 5.05192 1.05
      vertex -41.8821 5.27317 1.05
    endloop
  endfacet
  facet normal 0 0 -1
    outer loop
      vertex -41.829 5.05192 1.05
      vertex -41.8837 5.29247 1.05
      vertex -41.7896 4.95671 1.05
    endloop
  endfacet
  facet normal 0 0 -1
    outer loop
      vertex -39.0617 5.90945 1.05
      vertex -39.158 6.15829 1.05
      vertex -39.071 5.94807 1.05
    endloop
  endfacet
  facet normal -0 -0 -1
    outer loop
      vertex -39.158 6.15829 1.05
      vertex -39.0617 5.90945 1.05
      vertex -39.1984 6.22407 1.05
    endloop
  endfacet
  facet normal 0 0 -1
    outer loop
      vertex -41.2914 6.67976 1.05
      vertex -41.4753 6.5253 1.05
      vertex -41.3023 6.67307 1.05
    endloop
  endfacet
  facet normal 0 -0 -1
    outer loop
      vertex -41.4753 6.5253 1.05
      vertex -41.2914 6.67976 1.05
      vertex -41.5484 6.43969 1.05
    endloop
  endfacet
  facet normal 0 0 -1
    outer loop
      vertex -40.9221 6.86908 1.05
      vertex -40.6768 6.93215 1.05
      vertex -40.5831 6.93953 1.05
    endloop
  endfacet
  facet normal 0 0 -1
    outer loop
      vertex -40.6768 6.93215 1.05
      vertex -40.9221 6.86908 1.05
      vertex -40.8981 6.87903 1.05
    endloop
  endfacet
  facet normal 0 0 -1
    outer loop
      vertex -41.588 6.3934 1.05
      vertex -41.742 6.15829 1.05
      vertex -41.6231 6.35229 1.05
    endloop
  endfacet
  facet normal 0 -0 -1
    outer loop
      vertex -41.742 6.15829 1.05
      vertex -41.588 6.3934 1.05
      vertex -41.7655 6.10145 1.05
    endloop
  endfacet
  facet normal 0 0 -1
    outer loop
      vertex -41.8837 5.70753 1.05
      vertex -41.829 5.94807 1.05
      vertex -41.7896 6.04329 1.05
    endloop
  endfacet
  facet normal 0 0 -1
    outer loop
      vertex -41.829 5.94807 1.05
      vertex -41.8837 5.70753 1.05
      vertex -41.8821 5.72683 1.05
    endloop
  endfacet
  facet normal 0 0 -1
    outer loop
      vertex -40.45 4.05 1.05
      vertex -40.1777 4.07878 1.05
      vertex -40.2232 4.06785 1.05
    endloop
  endfacet
  facet normal 0 0 -1
    outer loop
      vertex -40.1777 4.07878 1.05
      vertex -40.45 4.05 1.05
      vertex -40.519 4.05543 1.05
    endloop
  endfacet
  facet normal 0 0 -1
    outer loop
      vertex -40.0019 4.12097 1.05
      vertex -39.7863 4.21136 1.05
      vertex -39.7917 4.20804 1.05
    endloop
  endfacet
  facet normal 0 0 -1
    outer loop
      vertex -39.7863 4.21136 1.05
      vertex -40.0019 4.12097 1.05
      vertex -40.1212 4.09232 1.05
    endloop
  endfacet
  facet normal 0 0 -1
    outer loop
      vertex -40.9623 4.14758 1.05
      vertex -41.1083 4.20804 1.05
      vertex -41.2686 4.30628 1.05
    endloop
  endfacet
  facet normal 0 0 -1
    outer loop
      vertex -41.4753 4.47469 1.05
      vertex -41.2914 4.32023 1.05
      vertex -41.3023 4.32693 1.05
    endloop
  endfacet
  facet normal 0 0 -1
    outer loop
      vertex -41.2914 4.32023 1.05
      vertex -41.4753 4.47469 1.05
      vertex -41.5484 4.56031 1.05
    endloop
  endfacet
  facet normal 0 -0 -1
    outer loop
      vertex -41.8865 5.67161 1.05
      vertex -41.8865 5.32839 1.05
      vertex -41.9 5.5 1.05
    endloop
  endfacet
  facet normal 0 -0 -1
    outer loop
      vertex -41.1083 6.79196 1.05
      vertex -40.9623 6.85242 1.05
      vertex -41.2686 6.69372 1.05
    endloop
  endfacet
  facet normal 0 0 -1
    outer loop
      vertex -39.4496 4.45339 1.05
      vertex -39.2769 4.64771 1.05
      vertex -39.4247 4.47469 1.05
    endloop
  endfacet
  facet normal -0 0 -1
    outer loop
      vertex -39.2769 4.64771 1.05
      vertex -39.4496 4.45339 1.05
      vertex -39.2323 4.72054 1.05
    endloop
  endfacet
  facet normal 0 0 -1
    outer loop
      vertex -39.4873 4.42124 1.05
      vertex -39.5977 4.32693 1.05
      vertex -39.7735 4.21918 1.05
    endloop
  endfacet
  facet normal -0.69188 0.166076 -0.702652
    outer loop
      vertex -37.9911 5.10838 0
      vertex -38.0818 4.73052 0
      vertex -39.071 5.05192 1.05
    endloop
  endfacet
  facet normal -0.691832 0.166306 -0.702646
    outer loop
      vertex -37.9911 5.10838 0
      vertex -39.0179 5.27317 1.05
      vertex -37.9906 5.11046 0
    endloop
  endfacet
  facet normal -0.691943 0.165751 -0.702668
    outer loop
      vertex -37.9911 5.10838 0
      vertex -39.049 5.14334 1.05
      vertex -39.0179 5.27317 1.05
    endloop
  endfacet
  facet normal -0.691764 0.167071 -0.702531
    outer loop
      vertex -37.9911 5.10838 0
      vertex -39.0538 5.10879 1.04651
      vertex -39.049 5.14334 1.05
    endloop
  endfacet
  facet normal -0.691875 0.166134 -0.702644
    outer loop
      vertex -39.071 5.05192 1.05
      vertex -39.0538 5.10879 1.04651
      vertex -37.9911 5.10838 0
    endloop
  endfacet
  facet normal -0.695256 0.16738 -0.699002
    outer loop
      vertex -39.0538 5.10879 1.04651
      vertex -39.071 5.05192 1.05
      vertex -39.0617 5.09055 1.05
    endloop
  endfacet
  facet normal -0.917629 0.397438 0
    outer loop
      vertex 41.8383 5.09055 1.05
      vertex 41.8462 5.10879 1.4
      vertex 41.8462 5.10879 1.04651
    endloop
  endfacet
  facet normal -0.917167 0.398502 -6.58826e-05
    outer loop
      vertex 41.7016 4.77593 1.05
      vertex 41.8462 5.10879 1.4
      vertex 41.8383 5.09055 1.05
    endloop
  endfacet
  facet normal -0.917666 0.397353 0
    outer loop
      vertex 41.6889 4.7466 1.4
      vertex 41.7016 4.77593 1.05
      vertex 41.6889 4.7466 1.04548
    endloop
  endfacet
  facet normal -0.917231 0.398356 9.98223e-05
    outer loop
      vertex 41.7016 4.77593 1.05
      vertex 41.6889 4.7466 1.4
      vertex 41.8462 5.10879 1.4
    endloop
  endfacet
  facet normal -0.990695 0.136104 0
    outer loop
      vertex 41.851 5.14333 1.05
      vertex 41.9 5.5 1.4
      vertex 41.9 5.5 1.05
    endloop
  endfacet
  facet normal -0.990481 0.137647 0
    outer loop
      vertex 41.8462 5.10879 1.4
      vertex 41.851 5.14333 1.05
      vertex 41.8462 5.10879 1.04651
    endloop
  endfacet
  facet normal -0.990676 0.13624 -0.000141493
    outer loop
      vertex 41.851 5.14333 1.05
      vertex 41.8462 5.10879 1.4
      vertex 41.9 5.5 1.4
    endloop
  endfacet
  facet normal -0.775731 0.631063 0
    outer loop
      vertex 41.6677 4.72054 1.05
      vertex 41.6889 4.7466 1.4
      vertex 41.6889 4.7466 1.04548
    endloop
  endfacet
  facet normal -0.775772 0.631013 -9.85245e-05
    outer loop
      vertex 41.4397 4.44029 1.4
      vertex 41.6677 4.72054 1.05
      vertex 41.4504 4.45339 1.05
    endloop
  endfacet
  facet normal -0.774484 0.632594 0
    outer loop
      vertex 41.4397 4.44029 1.4
      vertex 41.4504 4.45339 1.05
      vertex 41.4397 4.44029 1.04692
    endloop
  endfacet
  facet normal -0.775713 0.631085 -2.74951e-06
    outer loop
      vertex 41.6677 4.72054 1.05
      vertex 41.4397 4.44029 1.4
      vertex 41.6889 4.7466 1.4
    endloop
  endfacet
  facet normal -0.917666 -0.397353 0
    outer loop
      vertex 41.7016 6.22407 1.05
      vertex 41.6889 6.2534 1.4
      vertex 41.6889 6.2534 1.04548
    endloop
  endfacet
  facet normal -0.917167 -0.398502 -7.72684e-05
    outer loop
      vertex 41.8462 5.8912 1.4
      vertex 41.7016 6.22407 1.05
      vertex 41.8383 5.90945 1.05
    endloop
  endfacet
  facet normal -0.917708 -0.397255 -0
    outer loop
      vertex 41.8462 5.8912 1.4
      vertex 41.8383 5.90945 1.05
      vertex 41.8462 5.8912 1.04651
    endloop
  endfacet
  facet normal -0.917235 -0.398346 9.8901e-05
    outer loop
      vertex 41.7016 6.22407 1.05
      vertex 41.8462 5.8912 1.4
      vertex 41.6889 6.2534 1.4
    endloop
  endfacet
  facet normal 0.682548 -0.73084 9.51156e-05
    outer loop
      vertex 39.3252 6.41508 1.4
      vertex 39.3516 6.43969 1.05
      vertex 39.6138 6.68461 1.4
    endloop
  endfacet
  facet normal 0.681874 -0.73147 0
    outer loop
      vertex 39.3516 6.43969 1.05
      vertex 39.3252 6.41508 1.4
      vertex 39.3252 6.41508 1.04589
    endloop
  endfacet
  facet normal 0.682642 -0.730753 -3.68504e-05
    outer loop
      vertex 39.6086 6.67977 1.05
      vertex 39.6138 6.68461 1.4
      vertex 39.3516 6.43969 1.05
    endloop
  endfacet
  facet normal 0.681315 -0.731991 0
    outer loop
      vertex 39.6138 6.68461 1.4
      vertex 39.6086 6.67977 1.05
      vertex 39.6138 6.68461 1.04856
    endloop
  endfacet
  facet normal -0.774484 -0.632594 0
    outer loop
      vertex 41.4504 6.54661 1.05
      vertex 41.4397 6.55971 1.4
      vertex 41.4397 6.55971 1.04692
    endloop
  endfacet
  facet normal -0.775772 -0.631013 -9.85245e-05
    outer loop
      vertex 41.6677 6.27946 1.05
      vertex 41.4397 6.55971 1.4
      vertex 41.4504 6.54661 1.05
    endloop
  endfacet
  facet normal -0.775731 -0.631063 -0
    outer loop
      vertex 41.6889 6.2534 1.4
      vertex 41.6677 6.27946 1.05
      vertex 41.6889 6.2534 1.04548
    endloop
  endfacet
  facet normal -0.775713 -0.631085 -2.74951e-06
    outer loop
      vertex 41.6677 6.27946 1.05
      vertex 41.6889 6.2534 1.4
      vertex 41.4397 6.55971 1.4
    endloop
  endfacet
  facet normal -0.576687 0.816965 2.10554e-05
    outer loop
      vertex 41.4397 4.44029 1.4
      vertex 41.4127 4.42124 1.05
      vertex 41.1171 4.21257 1.4
    endloop
  endfacet
  facet normal -0.576505 0.817094 0
    outer loop
      vertex 41.4127 4.42124 1.05
      vertex 41.4397 4.44029 1.4
      vertex 41.4397 4.44029 1.04692
    endloop
  endfacet
  facet normal -0.576753 0.816919 -6.18337e-05
    outer loop
      vertex 41.1265 4.21918 1.05
      vertex 41.1171 4.21257 1.4
      vertex 41.4127 4.42124 1.05
    endloop
  endfacet
  facet normal -0.575213 0.818004 0
    outer loop
      vertex 41.1171 4.21257 1.4
      vertex 41.1265 4.21918 1.05
      vertex 41.1171 4.21257 1.04925
    endloop
  endfacet
  facet normal 0.853796 0.520607 0
    outer loop
      vertex 39.12 4.92232 1.4
      vertex 39.1345 4.89854 1.05
      vertex 39.12 4.92232 1.04569
    endloop
  endfacet
  facet normal 0.854454 0.519527 0.000100644
    outer loop
      vertex 39.12 4.92232 1.4
      vertex 39.312 4.60661 1.05
      vertex 39.1345 4.89854 1.05
    endloop
  endfacet
  facet normal 0.854394 0.519626 -2.09239e-05
    outer loop
      vertex 39.3252 4.58492 1.4
      vertex 39.312 4.60661 1.05
      vertex 39.12 4.92232 1.4
    endloop
  endfacet
  facet normal 0.854244 0.519872 0
    outer loop
      vertex 39.312 4.60661 1.05
      vertex 39.3252 4.58492 1.4
      vertex 39.3252 4.58492 1.04589
    endloop
  endfacet
  facet normal -0.33487 -0.942264 -5.95667e-05
    outer loop
      vertex 40.745 6.91967 1.4
      vertex 40.7788 6.90768 1.05
      vertex 41.1171 6.78743 1.4
    endloop
  endfacet
  facet normal -0.334322 -0.942459 0
    outer loop
      vertex 40.7788 6.90768 1.05
      vertex 40.745 6.91967 1.4
      vertex 40.745 6.91967 1.04617
    endloop
  endfacet
  facet normal -0.334921 -0.942246 -3.96304e-06
    outer loop
      vertex 41.1137 6.78864 1.05
      vertex 41.1171 6.78743 1.4
      vertex 40.7788 6.90768 1.05
    endloop
  endfacet
  facet normal -0.335283 -0.942117 -0
    outer loop
      vertex 41.1171 6.78743 1.4
      vertex 41.1137 6.78864 1.05
      vertex 41.1171 6.78743 1.04925
    endloop
  endfacet
  facet normal -0.990476 -0.137686 0
    outer loop
      vertex 41.851 5.85667 1.05
      vertex 41.8462 5.8912 1.4
      vertex 41.8462 5.8912 1.04651
    endloop
  endfacet
  facet normal -0.990695 -0.136104 -0
    outer loop
      vertex 41.9 5.5 1.4
      vertex 41.851 5.85667 1.05
      vertex 41.9 5.5 1.05
    endloop
  endfacet
  facet normal -0.990675 -0.136243 -0.000145041
    outer loop
      vertex 41.851 5.85667 1.05
      vertex 41.9 5.5 1.4
      vertex 41.8462 5.8912 1.4
    endloop
  endfacet
  facet normal 0.854244 -0.519872 0
    outer loop
      vertex 39.3252 6.41508 1.4
      vertex 39.312 6.39339 1.05
      vertex 39.3252 6.41508 1.04589
    endloop
  endfacet
  facet normal 0.854454 -0.519527 -2.92775e-05
    outer loop
      vertex 39.3252 6.41508 1.4
      vertex 39.1345 6.10146 1.05
      vertex 39.312 6.39339 1.05
    endloop
  endfacet
  facet normal 0.854394 -0.519626 9.14807e-05
    outer loop
      vertex 39.12 6.07768 1.4
      vertex 39.1345 6.10146 1.05
      vertex 39.3252 6.41508 1.4
    endloop
  endfacet
  facet normal 0.853796 -0.520607 0
    outer loop
      vertex 39.1345 6.10146 1.05
      vertex 39.12 6.07768 1.4
      vertex 39.12 6.07768 1.04569
    endloop
  endfacet
  facet normal 0.460038 -0.887899 2.25857e-05
    outer loop
      vertex 39.9377 6.85242 1.05
      vertex 39.6138 6.68461 1.4
      vertex 39.6314 6.69372 1.05
    endloop
  endfacet
  facet normal 0.459684 -0.888083 0
    outer loop
      vertex 39.6314 6.69372 1.05
      vertex 39.6138 6.68461 1.4
      vertex 39.6138 6.68461 1.04856
    endloop
  endfacet
  facet normal 0.460072 -0.887881 6.31451e-05
    outer loop
      vertex 39.6138 6.68461 1.4
      vertex 39.9377 6.85242 1.05
      vertex 39.9644 6.86628 1.4
    endloop
  endfacet
  facet normal 0.460725 -0.887543 0
    outer loop
      vertex 39.9644 6.86628 1.4
      vertex 39.9377 6.85242 1.05
      vertex 39.9644 6.86628 1.0474
    endloop
  endfacet
  facet normal 0.963654 0.267152 0
    outer loop
      vertex 39.0135 5.30256 1.4
      vertex 39.0163 5.29246 1.05
      vertex 39.0135 5.30256 1.04795
    endloop
  endfacet
  facet normal 0.962897 0.269869 -8.44801e-05
    outer loop
      vertex 39.0135 5.30256 1.4
      vertex 39.1104 4.95671 1.05
      vertex 39.0163 5.29246 1.05
    endloop
  endfacet
  facet normal 0.962942 0.269707 8.84986e-05
    outer loop
      vertex 39.12 4.92232 1.4
      vertex 39.1104 4.95671 1.05
      vertex 39.0135 5.30256 1.4
    endloop
  endfacet
  facet normal 0.963176 0.268871 0
    outer loop
      vertex 39.1104 4.95671 1.05
      vertex 39.12 4.92232 1.4
      vertex 39.12 4.92232 1.04569
    endloop
  endfacet
  facet normal 0.203465 0.979082 1.01302e-05
    outer loop
      vertex 40.351 4.05338 1.4
      vertex 40.3169 4.06047 1.05
      vertex 39.9644 4.13372 1.4
    endloop
  endfacet
  facet normal 0.203564 0.979062 0
    outer loop
      vertex 40.3169 4.06047 1.05
      vertex 40.351 4.05338 1.4
      vertex 40.351 4.05338 1.04555
    endloop
  endfacet
  facet normal 0.20347 0.979081 1.54722e-05
    outer loop
      vertex 39.9779 4.13092 1.05
      vertex 39.9644 4.13372 1.4
      vertex 40.3169 4.06047 1.05
    endloop
  endfacet
  facet normal 0.203085 0.979161 0
    outer loop
      vertex 39.9644 4.13372 1.4
      vertex 39.9779 4.13092 1.05
      vertex 39.9644 4.13372 1.0474
    endloop
  endfacet
  facet normal 1 0 0
    outer loop
      vertex 39.0135 5.69744 1.4
      vertex 39.0135 5.6716 1.05
      vertex 39.0135 5.69744 1.04795
    endloop
  endfacet
  facet normal 1 0 0
    outer loop
      vertex 39.0135 5.69744 1.4
      vertex 39.0135 5.3284 1.05
      vertex 39.0135 5.6716 1.05
    endloop
  endfacet
  facet normal 1 -0 0
    outer loop
      vertex 39.0135 5.30256 1.4
      vertex 39.0135 5.3284 1.05
      vertex 39.0135 5.69744 1.4
    endloop
  endfacet
  facet normal 1 0 0
    outer loop
      vertex 39.0135 5.3284 1.05
      vertex 39.0135 5.30256 1.4
      vertex 39.0135 5.30256 1.04795
    endloop
  endfacet
  facet normal -0.576753 -0.816919 -6.18337e-05
    outer loop
      vertex 41.4127 6.57876 1.05
      vertex 41.1171 6.78743 1.4
      vertex 41.1265 6.78082 1.05
    endloop
  endfacet
  facet normal -0.575213 -0.818004 0
    outer loop
      vertex 41.1265 6.78082 1.05
      vertex 41.1171 6.78743 1.4
      vertex 41.1171 6.78743 1.04925
    endloop
  endfacet
  facet normal -0.576687 -0.816965 2.10554e-05
    outer loop
      vertex 41.1171 6.78743 1.4
      vertex 41.4127 6.57876 1.05
      vertex 41.4397 6.55971 1.4
    endloop
  endfacet
  facet normal -0.576505 -0.817094 -0
    outer loop
      vertex 41.4397 6.55971 1.4
      vertex 41.4127 6.57876 1.05
      vertex 41.4397 6.55971 1.04692
    endloop
  endfacet
  facet normal 0.682627 0.730767 -3.64287e-05
    outer loop
      vertex 39.3516 4.5603 1.05
      vertex 39.6138 4.31539 1.4
      vertex 39.6086 4.32023 1.05
    endloop
  endfacet
  facet normal 0.681315 0.731991 0
    outer loop
      vertex 39.6086 4.32023 1.05
      vertex 39.6138 4.31539 1.4
      vertex 39.6138 4.31539 1.04856
    endloop
  endfacet
  facet normal 0.682548 0.73084 7.42345e-05
    outer loop
      vertex 39.6138 4.31539 1.4
      vertex 39.3516 4.5603 1.05
      vertex 39.3252 4.58492 1.4
    endloop
  endfacet
  facet normal 0.682022 0.731332 0
    outer loop
      vertex 39.3252 4.58492 1.4
      vertex 39.3516 4.5603 1.05
      vertex 39.3252 4.58492 1.04589
    endloop
  endfacet
  facet normal 0.460072 0.887881 6.31451e-05
    outer loop
      vertex 39.9644 4.13372 1.4
      vertex 39.9377 4.14758 1.05
      vertex 39.6138 4.31539 1.4
    endloop
  endfacet
  facet normal 0.460725 0.887543 0
    outer loop
      vertex 39.9377 4.14758 1.05
      vertex 39.9644 4.13372 1.4
      vertex 39.9644 4.13372 1.0474
    endloop
  endfacet
  facet normal 0.460038 0.887899 2.25857e-05
    outer loop
      vertex 39.6314 4.30628 1.05
      vertex 39.6138 4.31539 1.4
      vertex 39.9377 4.14758 1.05
    endloop
  endfacet
  facet normal 0.459684 0.888083 0
    outer loop
      vertex 39.6138 4.31539 1.4
      vertex 39.6314 4.30628 1.05
      vertex 39.6138 4.31539 1.04856
    endloop
  endfacet
  facet normal -0.0682553 0.997668 8.60239e-06
    outer loop
      vertex 40.381 4.05543 1.05
      vertex 40.745 4.08033 1.4
      vertex 40.7223 4.07878 1.05
    endloop
  endfacet
  facet normal -0.0681233 0.997677 0
    outer loop
      vertex 40.7223 4.07878 1.05
      vertex 40.745 4.08033 1.4
      vertex 40.745 4.08033 1.04617
    endloop
  endfacet
  facet normal -0.0682416 0.997669 -5.78778e-06
    outer loop
      vertex 40.745 4.08033 1.4
      vertex 40.381 4.05543 1.05
      vertex 40.351 4.05338 1.4
    endloop
  endfacet
  facet normal -0.0681744 0.997673 0
    outer loop
      vertex 40.351 4.05338 1.4
      vertex 40.381 4.05543 1.05
      vertex 40.351 4.05338 1.04555
    endloop
  endfacet
  facet normal -0.334921 0.942246 -3.96304e-06
    outer loop
      vertex 40.7788 4.09232 1.05
      vertex 41.1171 4.21257 1.4
      vertex 41.1137 4.21136 1.05
    endloop
  endfacet
  facet normal -0.335283 0.942117 0
    outer loop
      vertex 41.1137 4.21136 1.05
      vertex 41.1171 4.21257 1.4
      vertex 41.1171 4.21257 1.04925
    endloop
  endfacet
  facet normal -0.33487 0.942264 -5.95667e-05
    outer loop
      vertex 41.1171 4.21257 1.4
      vertex 40.7788 4.09232 1.05
      vertex 40.745 4.08033 1.4
    endloop
  endfacet
  facet normal -0.334322 0.942459 0
    outer loop
      vertex 40.745 4.08033 1.4
      vertex 40.7788 4.09232 1.05
      vertex 40.745 4.08033 1.04617
    endloop
  endfacet
  facet normal -0.0682416 -0.997669 -5.78778e-06
    outer loop
      vertex 40.351 6.94662 1.4
      vertex 40.381 6.94457 1.05
      vertex 40.745 6.91967 1.4
    endloop
  endfacet
  facet normal -0.0681744 -0.997673 0
    outer loop
      vertex 40.381 6.94457 1.05
      vertex 40.351 6.94662 1.4
      vertex 40.351 6.94662 1.04555
    endloop
  endfacet
  facet normal -0.0682553 -0.997668 8.60239e-06
    outer loop
      vertex 40.7223 6.92122 1.05
      vertex 40.745 6.91967 1.4
      vertex 40.381 6.94457 1.05
    endloop
  endfacet
  facet normal -0.0681233 -0.997677 -0
    outer loop
      vertex 40.745 6.91967 1.4
      vertex 40.7223 6.92122 1.05
      vertex 40.745 6.91967 1.04617
    endloop
  endfacet
  facet normal 0.963176 -0.268871 0
    outer loop
      vertex 39.12 6.07768 1.4
      vertex 39.1104 6.04329 1.05
      vertex 39.12 6.07768 1.04569
    endloop
  endfacet
  facet normal 0.962942 -0.269707 8.84986e-05
    outer loop
      vertex 39.0135 5.69744 1.4
      vertex 39.1104 6.04329 1.05
      vertex 39.12 6.07768 1.4
    endloop
  endfacet
  facet normal 0.962897 -0.269869 -8.44801e-05
    outer loop
      vertex 39.1104 6.04329 1.05
      vertex 39.0135 5.69744 1.4
      vertex 39.0163 5.70754 1.05
    endloop
  endfacet
  facet normal 0.963654 -0.267152 0
    outer loop
      vertex 39.0163 5.70754 1.05
      vertex 39.0135 5.69744 1.4
      vertex 39.0135 5.69744 1.04795
    endloop
  endfacet
  facet normal 0.20347 -0.979081 1.54722e-05
    outer loop
      vertex 40.3169 6.93953 1.05
      vertex 39.9644 6.86628 1.4
      vertex 39.9779 6.86908 1.05
    endloop
  endfacet
  facet normal 0.203085 -0.979161 0
    outer loop
      vertex 39.9779 6.86908 1.05
      vertex 39.9644 6.86628 1.4
      vertex 39.9644 6.86628 1.0474
    endloop
  endfacet
  facet normal 0.203465 -0.979082 1.01302e-05
    outer loop
      vertex 39.9644 6.86628 1.4
      vertex 40.3169 6.93953 1.05
      vertex 40.351 6.94662 1.4
    endloop
  endfacet
  facet normal 0.203564 -0.979062 0
    outer loop
      vertex 40.351 6.94662 1.4
      vertex 40.3169 6.93953 1.05
      vertex 40.351 6.94662 1.04555
    endloop
  endfacet
  facet normal -0.708887 0.0662511 -0.702203
    outer loop
      vertex 42.9399 5.49786 0
      vertex 41.9 5.5 1.05
      vertex 42.9401 5.5 0
    endloop
  endfacet
  facet normal -0.709345 0.055977 -0.702636
    outer loop
      vertex 41.9 5.5 1.05
      vertex 42.9399 5.49786 0
      vertex 41.8821 5.27317 1.05
    endloop
  endfacet
  facet normal -0.269962 0.658443 -0.702548
    outer loop
      vertex 41.5785 3.28049 0
      vertex 41.1083 4.20804 1.05
      vertex 41.5805 3.28131 0
    endloop
  endfacet
  facet normal -0.2723 0.657372 -0.702648
    outer loop
      vertex 41.1083 4.20804 1.05
      vertex 41.5785 3.28049 0
      vertex 40.8981 4.12097 1.05
    endloop
  endfacet
  facet normal 0.371805 -0.606674 -0.702644
    outer loop
      vertex 39.3177 7.71757 0
      vertex 39.5977 6.67307 1.05
      vertex 38.9864 7.51453 0
    endloop
  endfacet
  facet normal -0.606645 0.371864 -0.702638
    outer loop
      vertex 42.6676 4.36769 0
      vertex 42.4645 4.03636 0
      vertex 41.6231 4.64771 1.05
    endloop
  endfacet
  facet normal -0.272305 0.657369 -0.702649
    outer loop
      vertex 41.5785 3.28049 0
      vertex 41.2195 3.13178 0
      vertex 40.8981 4.12097 1.05
    endloop
  endfacet
  facet normal -0.609659 -0.366462 -0.702867
    outer loop
      vertex 41.742 6.15829 1.05
      vertex 42.6676 6.63231 0
      vertex 42.6687 6.63048 0
    endloop
  endfacet
  facet normal -0.602021 -0.369742 -0.707716
    outer loop
      vertex 41.6889 6.2534 1.04548
      vertex 41.742 6.15829 1.05
      vertex 41.7016 6.22407 1.05
    endloop
  endfacet
  facet normal -0.606546 -0.372027 -0.702636
    outer loop
      vertex 41.742 6.15829 1.05
      vertex 41.6889 6.2534 1.04548
      vertex 42.6676 6.63231 0
    endloop
  endfacet
  facet normal -0.606382 -0.371339 -0.703141
    outer loop
      vertex 41.6231 6.35229 1.05
      vertex 41.6889 6.2534 1.04548
      vertex 41.6677 6.27946 1.05
    endloop
  endfacet
  facet normal -0.606754 -0.371608 -0.702678
    outer loop
      vertex 41.6889 6.2534 1.04548
      vertex 41.6231 6.35229 1.05
      vertex 42.6676 6.63231 0
    endloop
  endfacet
  facet normal 0.594461 0.38981 -0.703324
    outer loop
      vertex 38.4343 4.03819 0
      vertex 39.2769 4.64771 1.05
      vertex 38.4355 4.03636 0
    endloop
  endfacet
  facet normal 0.606653 0.37181 -0.702659
    outer loop
      vertex 39.2769 4.64771 1.05
      vertex 38.4343 4.03819 0
      vertex 39.158 4.84171 1.05
    endloop
  endfacet
  facet normal 0.371805 0.606674 -0.702644
    outer loop
      vertex 39.5977 4.32693 1.05
      vertex 39.3177 3.28243 0
      vertex 38.9864 3.48547 0
    endloop
  endfacet
  facet normal -0.166095 0.691878 -0.70265
    outer loop
      vertex 41.2174 3.13128 0
      vertex 40.8395 3.04056 0
      vertex 40.6768 4.06785 1.05
    endloop
  endfacet
  facet normal 0.69188 0.166076 -0.702652
    outer loop
      vertex 39.071 5.05192 1.05
      vertex 38.0818 4.73052 0
      vertex 37.9911 5.10838 0
    endloop
  endfacet
  facet normal -0.539706 0.463551 -0.702736
    outer loop
      vertex 41.4753 4.47469 1.05
      vertex 42.2122 3.74087 0
      vertex 42.2108 3.73924 0
    endloop
  endfacet
  facet normal -0.541004 0.462145 -0.702664
    outer loop
      vertex 42.2122 3.74087 0
      vertex 41.4753 4.47469 1.05
      vertex 41.6231 4.64771 1.05
    endloop
  endfacet
  facet normal 0.272305 0.657369 -0.702649
    outer loop
      vertex 40.0019 4.12097 1.05
      vertex 39.6805 3.13178 0
      vertex 39.3215 3.28049 0
    endloop
  endfacet
  facet normal -0.4621 0.541051 -0.702657
    outer loop
      vertex 42.2108 3.73924 0
      vertex 41.9153 3.48686 0
      vertex 41.4753 4.47469 1.05
    endloop
  endfacet
  facet normal -0.606645 -0.371864 -0.702638
    outer loop
      vertex 42.4645 6.96364 0
      vertex 42.6676 6.63231 0
      vertex 41.6231 6.35229 1.05
    endloop
  endfacet
  facet normal 0.653255 -0.27013 -0.70731
    outer loop
      vertex 39.12 6.07768 1.04569
      vertex 39.158 6.15829 1.05
      vertex 39.1345 6.10146 1.05
    endloop
  endfacet
  facet normal 0.657455 -0.272041 -0.702671
    outer loop
      vertex 38.0826 6.27146 0
      vertex 39.1104 6.04329 1.05
      vertex 39.071 5.94807 1.05
    endloop
  endfacet
  facet normal 0.657379 -0.272324 -0.702633
    outer loop
      vertex 39.12 6.07768 1.04569
      vertex 38.0826 6.27146 0
      vertex 39.158 6.15829 1.05
    endloop
  endfacet
  facet normal 0.657584 -0.271634 -0.702708
    outer loop
      vertex 39.1104 6.04329 1.05
      vertex 38.0826 6.27146 0
      vertex 39.12 6.07768 1.04569
    endloop
  endfacet
  facet normal 0.659506 -0.266467 -0.702885
    outer loop
      vertex 38.0826 6.27146 0
      vertex 39.071 5.94807 1.05
      vertex 38.0818 6.26948 0
    endloop
  endfacet
  facet normal 0.462088 -0.541059 -0.70266
    outer loop
      vertex 38.9847 7.51313 0
      vertex 39.4247 6.5253 1.05
      vertex 38.6892 7.26076 0
    endloop
  endfacet
  facet normal 0.0558043 0.709116 -0.70288
    outer loop
      vertex 40.45 4.05 1.05
      vertex 40.351 4.05338 1.04555
      vertex 40.381 4.05543 1.05
    endloop
  endfacet
  facet normal 0.0558018 0.709346 -0.702648
    outer loop
      vertex 40.351 4.05338 1.04555
      vertex 40.45 4.05 1.05
      vertex 40.0626 3.04039 0
    endloop
  endfacet
  facet normal 0.0558929 0.709643 -0.702341
    outer loop
      vertex 40.351 4.05338 1.04555
      vertex 40.2232 4.06785 1.05
      vertex 40.3169 4.06047 1.05
    endloop
  endfacet
  facet normal 0.0558475 0.709338 -0.702653
    outer loop
      vertex 40.0626 3.04039 0
      vertex 40.2232 4.06785 1.05
      vertex 40.351 4.05338 1.04555
    endloop
  endfacet
  facet normal 0.0574077 0.709155 -0.702712
    outer loop
      vertex 40.2232 4.06785 1.05
      vertex 40.0626 3.04039 0
      vertex 40.0605 3.04056 0
    endloop
  endfacet
  facet normal 0.371801 0.606674 -0.702645
    outer loop
      vertex 39.3177 3.28243 0
      vertex 39.6314 4.30628 1.05
      vertex 39.7917 4.20804 1.05
    endloop
  endfacet
  facet normal 0.375425 0.610766 -0.697152
    outer loop
      vertex 39.6138 4.31539 1.04856
      vertex 39.5977 4.32693 1.05
      vertex 39.6086 4.32023 1.05
    endloop
  endfacet
  facet normal 0.376009 0.6043 -0.702452
    outer loop
      vertex 39.3177 3.28243 0
      vertex 39.7917 4.20804 1.05
      vertex 39.3195 3.28131 0
    endloop
  endfacet
  facet normal 0.371569 0.606779 -0.702678
    outer loop
      vertex 39.6314 4.30628 1.05
      vertex 39.3177 3.28243 0
      vertex 39.6138 4.31539 1.04856
    endloop
  endfacet
  facet normal 0.371956 0.606609 -0.70262
    outer loop
      vertex 39.6138 4.31539 1.04856
      vertex 39.3177 3.28243 0
      vertex 39.5977 4.32693 1.05
    endloop
  endfacet
  facet normal 0.166095 0.691878 -0.70265
    outer loop
      vertex 40.2232 4.06785 1.05
      vertex 40.0605 3.04056 0
      vertex 39.6826 3.13128 0
    endloop
  endfacet
  facet normal -0.371831 -0.606662 -0.70264
    outer loop
      vertex 41.1265 6.78082 1.05
      vertex 41.5823 7.71757 0
      vertex 41.3023 6.67307 1.05
    endloop
  endfacet
  facet normal -0.370895 -0.607176 -0.702691
    outer loop
      vertex 41.1171 6.78743 1.04925
      vertex 41.5823 7.71757 0
      vertex 41.1265 6.78082 1.05
    endloop
  endfacet
  facet normal -0.372097 -0.606508 -0.702632
    outer loop
      vertex 41.1083 6.79196 1.05
      vertex 41.5823 7.71757 0
      vertex 41.1171 6.78743 1.04925
    endloop
  endfacet
  facet normal -0.370352 -0.60238 -0.70709
    outer loop
      vertex 41.1083 6.79196 1.05
      vertex 41.1171 6.78743 1.04925
      vertex 41.1137 6.78864 1.05
    endloop
  endfacet
  facet normal -0.376009 -0.6043 -0.702452
    outer loop
      vertex 41.5823 7.71757 0
      vertex 41.1083 6.79196 1.05
      vertex 41.5805 7.71869 0
    endloop
  endfacet
  facet normal 0.606653 -0.37181 -0.702659
    outer loop
      vertex 38.4343 6.96181 0
      vertex 39.2769 6.35229 1.05
      vertex 39.158 6.15829 1.05
    endloop
  endfacet
  facet normal 0.594461 -0.38981 -0.703324
    outer loop
      vertex 39.2769 6.35229 1.05
      vertex 38.4343 6.96181 0
      vertex 38.4355 6.96364 0
    endloop
  endfacet
  facet normal -0.657376 -0.272274 -0.702655
    outer loop
      vertex 42.6695 6.6285 0
      vertex 42.8182 6.26948 0
      vertex 41.829 5.94807 1.05
    endloop
  endfacet
  facet normal 0.691883 0.166052 -0.702656
    outer loop
      vertex 37.9911 5.10838 0
      vertex 39.0179 5.27317 1.05
      vertex 39.071 5.05192 1.05
    endloop
  endfacet
  facet normal 0.691832 0.166306 -0.702646
    outer loop
      vertex 39.0179 5.27317 1.05
      vertex 37.9911 5.10838 0
      vertex 37.9906 5.11046 0
    endloop
  endfacet
  facet normal 0.166095 -0.691878 -0.70265
    outer loop
      vertex 40.0605 7.95944 0
      vertex 40.2232 6.93215 1.05
      vertex 39.6826 7.86872 0
    endloop
  endfacet
  facet normal 0.606722 -0.371728 -0.702643
    outer loop
      vertex 38.4343 6.96181 0
      vertex 39.158 6.15829 1.05
      vertex 38.2313 6.63048 0
    endloop
  endfacet
  facet normal -0.69188 -0.166076 -0.702653
    outer loop
      vertex 42.8182 6.26948 0
      vertex 42.9089 5.89162 0
      vertex 41.829 5.94807 1.05
    endloop
  endfacet
  facet normal -0.540988 -0.462159 -0.702667
    outer loop
      vertex 41.4753 6.5253 1.05
      vertex 42.2122 7.25913 0
      vertex 41.6231 6.35229 1.05
    endloop
  endfacet
  facet normal -0.539704 -0.46355 -0.702738
    outer loop
      vertex 42.2122 7.25913 0
      vertex 41.4753 6.5253 1.05
      vertex 42.2108 7.26076 0
    endloop
  endfacet
  facet normal -0.0558282 -0.709342 -0.70265
    outer loop
      vertex 40.8395 7.95944 0
      vertex 40.6768 6.93215 1.05
      vertex 40.4521 7.98993 0
    endloop
  endfacet
  facet normal 0.65739 -0.27228 -0.702639
    outer loop
      vertex 38.2313 6.63048 0
      vertex 39.158 6.15829 1.05
      vertex 38.0826 6.27146 0
    endloop
  endfacet
  facet normal 0.166077 -0.691885 -0.702648
    outer loop
      vertex 40.0019 6.87903 1.05
      vertex 39.6826 7.86872 0
      vertex 40.2232 6.93215 1.05
    endloop
  endfacet
  facet normal 0.164818 -0.692237 -0.702597
    outer loop
      vertex 39.6826 7.86872 0
      vertex 40.0019 6.87903 1.05
      vertex 39.6805 7.86822 0
    endloop
  endfacet
  facet normal 0 0 -1
    outer loop
      vertex 41.9 5.5 1.05
      vertex 41.8821 5.27317 1.05
      vertex 41.851 5.14333 1.05
    endloop
  endfacet
  facet normal 0 0 -1
    outer loop
      vertex 40.8981 4.12097 1.05
      vertex 41.1137 4.21136 1.05
      vertex 41.1083 4.20804 1.05
    endloop
  endfacet
  facet normal 0 0 -1
    outer loop
      vertex 41.1137 4.21136 1.05
      vertex 40.8981 4.12097 1.05
      vertex 40.7788 4.09232 1.05
    endloop
  endfacet
  facet normal 0 0 -1
    outer loop
      vertex 41.8383 5.90945 1.05
      vertex 41.742 6.15829 1.05
      vertex 41.829 5.94807 1.05
    endloop
  endfacet
  facet normal -0 -0 -1
    outer loop
      vertex 41.742 6.15829 1.05
      vertex 41.8383 5.90945 1.05
      vertex 41.7016 6.22407 1.05
    endloop
  endfacet
  facet normal 0 0 -1
    outer loop
      vertex 39.158 4.84171 1.05
      vertex 39.312 4.60661 1.05
      vertex 39.2769 4.64771 1.05
    endloop
  endfacet
  facet normal 0 0 -1
    outer loop
      vertex 39.312 4.60661 1.05
      vertex 39.158 4.84171 1.05
      vertex 39.1345 4.89854 1.05
    endloop
  endfacet
  facet normal 0 0 -1
    outer loop
      vertex 41.4504 4.45339 1.05
      vertex 41.6231 4.64771 1.05
      vertex 41.4753 4.47469 1.05
    endloop
  endfacet
  facet normal -0 0 -1
    outer loop
      vertex 41.6231 4.64771 1.05
      vertex 41.4504 4.45339 1.05
      vertex 41.6677 4.72054 1.05
    endloop
  endfacet
  facet normal 0 0 -1
    outer loop
      vertex 39.312 6.39339 1.05
      vertex 39.158 6.15829 1.05
      vertex 39.2769 6.35229 1.05
    endloop
  endfacet
  facet normal 0 -0 -1
    outer loop
      vertex 39.158 6.15829 1.05
      vertex 39.312 6.39339 1.05
      vertex 39.1345 6.10146 1.05
    endloop
  endfacet
  facet normal 0 0 -1
    outer loop
      vertex 39.9779 4.13092 1.05
      vertex 40.2232 4.06785 1.05
      vertex 40.0019 4.12097 1.05
    endloop
  endfacet
  facet normal 0 0 -1
    outer loop
      vertex 40.2232 4.06785 1.05
      vertex 39.9779 4.13092 1.05
      vertex 40.3169 4.06047 1.05
    endloop
  endfacet
  facet normal 0 0 -1
    outer loop
      vertex 39.4247 4.47469 1.05
      vertex 39.6086 4.32023 1.05
      vertex 39.5977 4.32693 1.05
    endloop
  endfacet
  facet normal 0 0 -1
    outer loop
      vertex 39.6086 4.32023 1.05
      vertex 39.4247 4.47469 1.05
      vertex 39.3516 4.5603 1.05
    endloop
  endfacet
  facet normal -0 -0 -1
    outer loop
      vertex 41.3023 6.67307 1.05
      vertex 41.4127 6.57876 1.05
      vertex 41.1265 6.78082 1.05
    endloop
  endfacet
  facet normal 0 0 -1
    outer loop
      vertex 39.0163 5.29246 1.05
      vertex 39.071 5.05192 1.05
      vertex 39.0179 5.27317 1.05
    endloop
  endfacet
  facet normal 0 0 -1
    outer loop
      vertex 39.071 5.05192 1.05
      vertex 39.0163 5.29246 1.05
      vertex 39.1104 4.95671 1.05
    endloop
  endfacet
  facet normal 0 0 -1
    outer loop
      vertex 41.4504 6.54661 1.05
      vertex 41.6231 6.35229 1.05
      vertex 41.6677 6.27946 1.05
    endloop
  endfacet
  facet normal 0 0 -1
    outer loop
      vertex 41.6231 6.35229 1.05
      vertex 41.4504 6.54661 1.05
      vertex 41.4753 6.5253 1.05
    endloop
  endfacet
  facet normal 0 0 -1
    outer loop
      vertex 39.0163 5.70754 1.05
      vertex 39.071 5.94807 1.05
      vertex 39.1104 6.04329 1.05
    endloop
  endfacet
  facet normal 0 0 -1
    outer loop
      vertex 39.071 5.94807 1.05
      vertex 39.0163 5.70754 1.05
      vertex 39.0179 5.72683 1.05
    endloop
  endfacet
  facet normal 0 0 -1
    outer loop
      vertex 40.45 4.05 1.05
      vertex 40.7223 4.07878 1.05
      vertex 40.6768 4.06785 1.05
    endloop
  endfacet
  facet normal 0 0 -1
    outer loop
      vertex 40.7223 4.07878 1.05
      vertex 40.45 4.05 1.05
      vertex 40.381 4.05543 1.05
    endloop
  endfacet
  facet normal 0 0 -1
    outer loop
      vertex 41.742 4.84171 1.05
      vertex 41.8383 5.09055 1.05
      vertex 41.829 5.05192 1.05
    endloop
  endfacet
  facet normal 0 0 -1
    outer loop
      vertex 41.8383 5.09055 1.05
      vertex 41.742 4.84171 1.05
      vertex 41.7016 4.77593 1.05
    endloop
  endfacet
  facet normal 0 0 -1
    outer loop
      vertex 39.9377 4.14758 1.05
      vertex 39.7917 4.20804 1.05
      vertex 39.6314 4.30628 1.05
    endloop
  endfacet
  facet normal 0 0 -1
    outer loop
      vertex 39.6086 6.67977 1.05
      vertex 39.4247 6.5253 1.05
      vertex 39.5977 6.67307 1.05
    endloop
  endfacet
  facet normal 0 -0 -1
    outer loop
      vertex 39.4247 6.5253 1.05
      vertex 39.6086 6.67977 1.05
      vertex 39.3516 6.43969 1.05
    endloop
  endfacet
  facet normal -0 -0 -1
    outer loop
      vertex 41.8821 5.72683 1.05
      vertex 41.9 5.5 1.05
      vertex 41.851 5.85667 1.05
    endloop
  endfacet
  facet normal 0 -0 -1
    outer loop
      vertex 39.0135 5.6716 1.05
      vertex 39.0135 5.3284 1.05
      vertex 39 5.5 1.05
    endloop
  endfacet
  facet normal 0 0 -1
    outer loop
      vertex 40.7223 6.92122 1.05
      vertex 40.45 6.95 1.05
      vertex 40.6768 6.93215 1.05
    endloop
  endfacet
  facet normal 0 -0 -1
    outer loop
      vertex 40.45 6.95 1.05
      vertex 40.7223 6.92122 1.05
      vertex 40.381 6.94457 1.05
    endloop
  endfacet
  facet normal 0 0 -1
    outer loop
      vertex 39.9779 6.86908 1.05
      vertex 40.2232 6.93215 1.05
      vertex 40.3169 6.93953 1.05
    endloop
  endfacet
  facet normal 0 0 -1
    outer loop
      vertex 40.2232 6.93215 1.05
      vertex 39.9779 6.86908 1.05
      vertex 40.0019 6.87903 1.05
    endloop
  endfacet
  facet normal 0 0 -1
    outer loop
      vertex 41.1137 6.78864 1.05
      vertex 40.8981 6.87903 1.05
      vertex 41.1083 6.79196 1.05
    endloop
  endfacet
  facet normal -0 -0 -1
    outer loop
      vertex 40.8981 6.87903 1.05
      vertex 41.1137 6.78864 1.05
      vertex 40.7788 6.90768 1.05
    endloop
  endfacet
  facet normal 0 0 -1
    outer loop
      vertex 41.4127 4.42124 1.05
      vertex 41.3023 4.32693 1.05
      vertex 41.1265 4.21918 1.05
    endloop
  endfacet
  facet normal 0 -0 -1
    outer loop
      vertex 39.7917 6.79196 1.05
      vertex 39.9377 6.85242 1.05
      vertex 39.6314 6.69372 1.05
    endloop
  endfacet
  facet normal -0.371805 0.606674 -0.702644
    outer loop
      vertex 41.9136 3.48547 0
      vertex 41.5823 3.28243 0
      vertex 41.3023 4.32693 1.05
    endloop
  endfacet
  facet normal -0.0574077 0.709155 -0.702712
    outer loop
      vertex 40.8374 3.04039 0
      vertex 40.6768 4.06785 1.05
      vertex 40.8395 3.04056 0
    endloop
  endfacet
  facet normal -0.0558277 0.70934 -0.702652
    outer loop
      vertex 40.6768 4.06785 1.05
      vertex 40.8374 3.04039 0
      vertex 40.45 4.05 1.05
    endloop
  endfacet
  facet normal 0.541109 0.462038 -0.702653
    outer loop
      vertex 38.4369 4.03473 0
      vertex 39.3516 4.5603 1.05
      vertex 39.4247 4.47469 1.05
    endloop
  endfacet
  facet normal 0.541763 0.462673 -0.701731
    outer loop
      vertex 39.3252 4.58492 1.04589
      vertex 39.2769 4.64771 1.05
      vertex 39.312 4.60661 1.05
    endloop
  endfacet
  facet normal 0.540746 0.462552 -0.702594
    outer loop
      vertex 39.3516 4.5603 1.05
      vertex 38.4369 4.03473 0
      vertex 39.3252 4.58492 1.04589
    endloop
  endfacet
  facet normal 0.541028 0.462167 -0.702631
    outer loop
      vertex 38.4369 4.03473 0
      vertex 39.2769 4.64771 1.05
      vertex 39.3252 4.58492 1.04589
    endloop
  endfacet
  facet normal 0.53984 0.463667 -0.702556
    outer loop
      vertex 39.2769 4.64771 1.05
      vertex 38.4369 4.03473 0
      vertex 38.4355 4.03636 0
    endloop
  endfacet
  facet normal -0.659966 0.266653 -0.702382
    outer loop
      vertex 41.742 4.84171 1.05
      vertex 42.6695 4.3715 0
      vertex 42.6687 4.36952 0
    endloop
  endfacet
  facet normal -0.657475 0.27211 -0.702626
    outer loop
      vertex 42.6695 4.3715 0
      vertex 41.742 4.84171 1.05
      vertex 41.829 5.05192 1.05
    endloop
  endfacet
  facet normal -0.462088 -0.541059 -0.70266
    outer loop
      vertex 41.9153 7.51313 0
      vertex 42.2108 7.26076 0
      vertex 41.4753 6.5253 1.05
    endloop
  endfacet
  facet normal -0.657377 0.272274 -0.702654
    outer loop
      vertex 42.8182 4.73052 0
      vertex 42.6695 4.3715 0
      vertex 41.829 5.05192 1.05
    endloop
  endfacet
  facet normal -0.65748 -0.272099 -0.702625
    outer loop
      vertex 41.742 6.15829 1.05
      vertex 42.6695 6.6285 0
      vertex 41.829 5.94807 1.05
    endloop
  endfacet
  facet normal -0.659966 -0.266653 -0.702382
    outer loop
      vertex 42.6695 6.6285 0
      vertex 41.742 6.15829 1.05
      vertex 42.6687 6.63048 0
    endloop
  endfacet
  facet normal -0.371805 -0.606674 -0.702644
    outer loop
      vertex 41.5823 7.71757 0
      vertex 41.9136 7.51453 0
      vertex 41.3023 6.67307 1.05
    endloop
  endfacet
  facet normal 0.653255 0.27013 -0.70731
    outer loop
      vertex 39.158 4.84171 1.05
      vertex 39.12 4.92232 1.04569
      vertex 39.1345 4.89854 1.05
    endloop
  endfacet
  facet normal 0.657583 0.271633 -0.702709
    outer loop
      vertex 38.0826 4.72853 0
      vertex 39.1104 4.95671 1.05
      vertex 39.12 4.92232 1.04569
    endloop
  endfacet
  facet normal 0.657378 0.272324 -0.702634
    outer loop
      vertex 38.0826 4.72853 0
      vertex 39.12 4.92232 1.04569
      vertex 39.158 4.84171 1.05
    endloop
  endfacet
  facet normal 0.657446 0.272066 -0.70267
    outer loop
      vertex 39.1104 4.95671 1.05
      vertex 38.0826 4.72853 0
      vertex 39.071 5.05192 1.05
    endloop
  endfacet
  facet normal 0.659933 0.2653 -0.702926
    outer loop
      vertex 39.071 5.05192 1.05
      vertex 38.0826 4.72853 0
      vertex 38.0818 4.73052 0
    endloop
  endfacet
  facet normal -0.541129 -0.462036 -0.70264
    outer loop
      vertex 42.2122 7.25913 0
      vertex 42.4645 6.96364 0
      vertex 41.6231 6.35229 1.05
    endloop
  endfacet
  facet normal -0.272305 -0.657369 -0.702649
    outer loop
      vertex 41.2195 7.86822 0
      vertex 41.5785 7.71951 0
      vertex 40.8981 6.87903 1.05
    endloop
  endfacet
  facet normal 0.709339 -0.0558463 -0.702651
    outer loop
      vertex 37.9904 5.8874 0
      vertex 39 5.5 1.05
      vertex 37.9599 5.5 0
    endloop
  endfacet
  facet normal 0.4621 0.541051 -0.702657
    outer loop
      vertex 39.4247 4.47469 1.05
      vertex 38.9847 3.48686 0
      vertex 38.6892 3.73924 0
    endloop
  endfacet
  facet normal -0.709336 -0.055846 -0.702655
    outer loop
      vertex 42.9094 5.88954 0
      vertex 42.9399 5.50214 0
      vertex 41.8821 5.72683 1.05
    endloop
  endfacet
  facet normal 0.709339 0.0558463 -0.702651
    outer loop
      vertex 39 5.5 1.05
      vertex 37.9904 5.1126 0
      vertex 37.9599 5.5 0
    endloop
  endfacet
  facet normal -0.709336 0.055846 -0.702655
    outer loop
      vertex 42.9399 5.49786 0
      vertex 42.9094 5.11046 0
      vertex 41.8821 5.27317 1.05
    endloop
  endfacet
  facet normal 0.462129 -0.541032 -0.702652
    outer loop
      vertex 38.9847 7.51313 0
      vertex 39.5977 6.67307 1.05
      vertex 39.4247 6.5253 1.05
    endloop
  endfacet
  facet normal 0.452055 -0.548924 -0.703085
    outer loop
      vertex 39.5977 6.67307 1.05
      vertex 38.9847 7.51313 0
      vertex 38.9864 7.51453 0
    endloop
  endfacet
  facet normal -0.708887 -0.0662511 -0.702203
    outer loop
      vertex 41.9 5.5 1.05
      vertex 42.9399 5.50214 0
      vertex 42.9401 5.5 0
    endloop
  endfacet
  facet normal -0.709345 -0.055977 -0.702636
    outer loop
      vertex 42.9399 5.50214 0
      vertex 41.9 5.5 1.05
      vertex 41.8821 5.72683 1.05
    endloop
  endfacet
  facet normal -0.541129 0.462036 -0.70264
    outer loop
      vertex 42.4645 4.03636 0
      vertex 42.2122 3.74087 0
      vertex 41.6231 4.64771 1.05
    endloop
  endfacet
  facet normal 0.271658 0.655255 -0.704871
    outer loop
      vertex 40.0019 4.12097 1.05
      vertex 39.9644 4.13372 1.0474
      vertex 39.9779 4.13092 1.05
    endloop
  endfacet
  facet normal 0.272697 0.657146 -0.702706
    outer loop
      vertex 39.3215 3.28049 0
      vertex 39.9377 4.14758 1.05
      vertex 39.9644 4.13372 1.0474
    endloop
  endfacet
  facet normal 0.272236 0.65741 -0.702637
    outer loop
      vertex 39.3215 3.28049 0
      vertex 39.9644 4.13372 1.0474
      vertex 40.0019 4.12097 1.05
    endloop
  endfacet
  facet normal 0.272236 0.657401 -0.702646
    outer loop
      vertex 39.9377 4.14758 1.05
      vertex 39.3215 3.28049 0
      vertex 39.7917 4.20804 1.05
    endloop
  endfacet
  facet normal 0.269962 0.658443 -0.702548
    outer loop
      vertex 39.7917 4.20804 1.05
      vertex 39.3215 3.28049 0
      vertex 39.3195 3.28131 0
    endloop
  endfacet
  facet normal 0.166077 0.691885 -0.702648
    outer loop
      vertex 39.6826 3.13128 0
      vertex 40.0019 4.12097 1.05
      vertex 40.2232 4.06785 1.05
    endloop
  endfacet
  facet normal 0.164818 0.692237 -0.702597
    outer loop
      vertex 40.0019 4.12097 1.05
      vertex 39.6826 3.13128 0
      vertex 39.6805 3.13178 0
    endloop
  endfacet
  facet normal 0.69188 -0.166076 -0.702653
    outer loop
      vertex 38.0818 6.26948 0
      vertex 39.071 5.94807 1.05
      vertex 37.9911 5.89162 0
    endloop
  endfacet
  facet normal -0.164818 0.692237 -0.702597
    outer loop
      vertex 41.2174 3.13128 0
      vertex 40.8981 4.12097 1.05
      vertex 41.2195 3.13178 0
    endloop
  endfacet
  facet normal -0.166152 0.691864 -0.702651
    outer loop
      vertex 41.2174 3.13128 0
      vertex 40.7788 4.09232 1.05
      vertex 40.8981 4.12097 1.05
    endloop
  endfacet
  facet normal -0.165848 0.691968 -0.702619
    outer loop
      vertex 41.2174 3.13128 0
      vertex 40.745 4.08033 1.04617
      vertex 40.7788 4.09232 1.05
    endloop
  endfacet
  facet normal -0.166069 0.691888 -0.702646
    outer loop
      vertex 40.6768 4.06785 1.05
      vertex 40.745 4.08033 1.04617
      vertex 41.2174 3.13128 0
    endloop
  endfacet
  facet normal -0.165918 0.690694 -0.703856
    outer loop
      vertex 40.745 4.08033 1.04617
      vertex 40.6768 4.06785 1.05
      vertex 40.7223 4.07878 1.05
    endloop
  endfacet
  facet normal 0.450077 0.550453 -0.703159
    outer loop
      vertex 38.9847 3.48686 0
      vertex 39.5977 4.32693 1.05
      vertex 38.9864 3.48547 0
    endloop
  endfacet
  facet normal 0.462109 0.541045 -0.702656
    outer loop
      vertex 39.5977 4.32693 1.05
      vertex 38.9847 3.48686 0
      vertex 39.4247 4.47469 1.05
    endloop
  endfacet
  facet normal 0.708079 -0.0661756 -0.703026
    outer loop
      vertex 39.0179 5.72683 1.05
      vertex 37.9904 5.8874 0
      vertex 37.9906 5.88954 0
    endloop
  endfacet
  facet normal 0.721104 -0.0598116 -0.690241
    outer loop
      vertex 39.0135 5.69744 1.04795
      vertex 39.0179 5.72683 1.05
      vertex 39.0163 5.70754 1.05
    endloop
  endfacet
  facet normal 0.709172 -0.0571551 -0.702715
    outer loop
      vertex 39.0179 5.72683 1.05
      vertex 39.0135 5.69744 1.04795
      vertex 37.9904 5.8874 0
    endloop
  endfacet
  facet normal 0.709358 -0.0557436 -0.702641
    outer loop
      vertex 39.0135 5.6716 1.05
      vertex 37.9904 5.8874 0
      vertex 39.0135 5.69744 1.04795
    endloop
  endfacet
  facet normal 0.709349 -0.0558054 -0.702645
    outer loop
      vertex 37.9904 5.8874 0
      vertex 39.0135 5.6716 1.05
      vertex 39 5.5 1.05
    endloop
  endfacet
  facet normal 0.709358 0.0557436 -0.702641
    outer loop
      vertex 37.9904 5.1126 0
      vertex 39.0135 5.3284 1.05
      vertex 39.0135 5.30256 1.04795
    endloop
  endfacet
  facet normal 0.721104 0.0598116 -0.690241
    outer loop
      vertex 39.0179 5.27317 1.05
      vertex 39.0135 5.30256 1.04795
      vertex 39.0163 5.29246 1.05
    endloop
  endfacet
  facet normal 0.709349 0.0558054 -0.702645
    outer loop
      vertex 39.0135 5.3284 1.05
      vertex 37.9904 5.1126 0
      vertex 39 5.5 1.05
    endloop
  endfacet
  facet normal 0.709172 0.0571551 -0.702715
    outer loop
      vertex 39.0179 5.27317 1.05
      vertex 37.9904 5.1126 0
      vertex 39.0135 5.30256 1.04795
    endloop
  endfacet
  facet normal 0.708079 0.0661756 -0.703026
    outer loop
      vertex 37.9904 5.1126 0
      vertex 39.0179 5.27317 1.05
      vertex 37.9906 5.11046 0
    endloop
  endfacet
  facet normal 0.691881 -0.166059 -0.702656
    outer loop
      vertex 39.0179 5.72683 1.05
      vertex 37.9911 5.89162 0
      vertex 39.071 5.94807 1.05
    endloop
  endfacet
  facet normal 0.691832 -0.166306 -0.702646
    outer loop
      vertex 37.9911 5.89162 0
      vertex 39.0179 5.72683 1.05
      vertex 37.9906 5.88954 0
    endloop
  endfacet
  facet normal -0.164818 -0.692237 -0.702597
    outer loop
      vertex 40.8981 6.87903 1.05
      vertex 41.2174 7.86872 0
      vertex 41.2195 7.86822 0
    endloop
  endfacet
  facet normal -0.166152 -0.691864 -0.702651
    outer loop
      vertex 40.7788 6.90768 1.05
      vertex 41.2174 7.86872 0
      vertex 40.8981 6.87903 1.05
    endloop
  endfacet
  facet normal -0.165848 -0.691968 -0.702619
    outer loop
      vertex 40.745 6.91967 1.04617
      vertex 41.2174 7.86872 0
      vertex 40.7788 6.90768 1.05
    endloop
  endfacet
  facet normal -0.165918 -0.690694 -0.703856
    outer loop
      vertex 40.6768 6.93215 1.05
      vertex 40.745 6.91967 1.04617
      vertex 40.7223 6.92122 1.05
    endloop
  endfacet
  facet normal -0.166069 -0.691888 -0.702646
    outer loop
      vertex 40.745 6.91967 1.04617
      vertex 40.6768 6.93215 1.05
      vertex 41.2174 7.86872 0
    endloop
  endfacet
  facet normal -0.269962 -0.658443 -0.702548
    outer loop
      vertex 41.1083 6.79196 1.05
      vertex 41.5785 7.71951 0
      vertex 41.5805 7.71869 0
    endloop
  endfacet
  facet normal -0.2723 -0.657372 -0.702648
    outer loop
      vertex 41.5785 7.71951 0
      vertex 41.1083 6.79196 1.05
      vertex 40.8981 6.87903 1.05
    endloop
  endfacet
  facet normal -0.462146 -0.541022 -0.702649
    outer loop
      vertex 41.4397 6.55971 1.04692
      vertex 41.9153 7.51313 0
      vertex 41.4753 6.5253 1.05
    endloop
  endfacet
  facet normal -0.466122 -0.544648 -0.697201
    outer loop
      vertex 41.4397 6.55971 1.04692
      vertex 41.4753 6.5253 1.05
      vertex 41.4504 6.54661 1.05
    endloop
  endfacet
  facet normal -0.461963 -0.541143 -0.702677
    outer loop
      vertex 41.4127 6.57876 1.05
      vertex 41.9153 7.51313 0
      vertex 41.4397 6.55971 1.04692
    endloop
  endfacet
  facet normal -0.46216 -0.541008 -0.702651
    outer loop
      vertex 41.3023 6.67307 1.05
      vertex 41.9153 7.51313 0
      vertex 41.4127 6.57876 1.05
    endloop
  endfacet
  facet normal -0.452055 -0.548924 -0.703085
    outer loop
      vertex 41.9153 7.51313 0
      vertex 41.3023 6.67307 1.05
      vertex 41.9136 7.51453 0
    endloop
  endfacet
  facet normal -0.609659 0.366462 -0.702867
    outer loop
      vertex 42.6676 4.36769 0
      vertex 41.742 4.84171 1.05
      vertex 42.6687 4.36952 0
    endloop
  endfacet
  facet normal -0.606546 0.372027 -0.702636
    outer loop
      vertex 41.6889 4.7466 1.04548
      vertex 41.742 4.84171 1.05
      vertex 42.6676 4.36769 0
    endloop
  endfacet
  facet normal -0.602021 0.369742 -0.707716
    outer loop
      vertex 41.742 4.84171 1.05
      vertex 41.6889 4.7466 1.04548
      vertex 41.7016 4.77593 1.05
    endloop
  endfacet
  facet normal -0.606754 0.371608 -0.702678
    outer loop
      vertex 41.6231 4.64771 1.05
      vertex 41.6889 4.7466 1.04548
      vertex 42.6676 4.36769 0
    endloop
  endfacet
  facet normal -0.606382 0.371339 -0.703141
    outer loop
      vertex 41.6889 4.7466 1.04548
      vertex 41.6231 4.64771 1.05
      vertex 41.6677 4.72054 1.05
    endloop
  endfacet
  facet normal -0.691832 -0.166306 -0.702646
    outer loop
      vertex 41.8821 5.72683 1.05
      vertex 42.9089 5.89162 0
      vertex 42.9094 5.88954 0
    endloop
  endfacet
  facet normal -0.691945 -0.165739 -0.702668
    outer loop
      vertex 41.851 5.85667 1.05
      vertex 42.9089 5.89162 0
      vertex 41.8821 5.72683 1.05
    endloop
  endfacet
  facet normal -0.691752 -0.167165 -0.702521
    outer loop
      vertex 41.8462 5.8912 1.04651
      vertex 42.9089 5.89162 0
      vertex 41.851 5.85667 1.05
    endloop
  endfacet
  facet normal -0.695594 -0.167505 -0.698635
    outer loop
      vertex 41.829 5.94807 1.05
      vertex 41.8462 5.8912 1.04651
      vertex 41.8383 5.90945 1.05
    endloop
  endfacet
  facet normal -0.691874 -0.166133 -0.702645
    outer loop
      vertex 41.8462 5.8912 1.04651
      vertex 41.829 5.94807 1.05
      vertex 42.9089 5.89162 0
    endloop
  endfacet
  facet normal -0.69188 0.166076 -0.702652
    outer loop
      vertex 42.9089 5.10838 0
      vertex 42.8182 4.73052 0
      vertex 41.829 5.05192 1.05
    endloop
  endfacet
  facet normal -0.691832 0.166306 -0.702646
    outer loop
      vertex 42.9089 5.10838 0
      vertex 41.8821 5.27317 1.05
      vertex 42.9094 5.11046 0
    endloop
  endfacet
  facet normal -0.691945 0.165739 -0.702668
    outer loop
      vertex 42.9089 5.10838 0
      vertex 41.851 5.14333 1.05
      vertex 41.8821 5.27317 1.05
    endloop
  endfacet
  facet normal -0.691758 0.167118 -0.702526
    outer loop
      vertex 42.9089 5.10838 0
      vertex 41.8462 5.10879 1.04651
      vertex 41.851 5.14333 1.05
    endloop
  endfacet
  facet normal -0.691875 0.166134 -0.702644
    outer loop
      vertex 41.829 5.05192 1.05
      vertex 41.8462 5.10879 1.04651
      vertex 42.9089 5.10838 0
    endloop
  endfacet
  facet normal -0.695256 0.16738 -0.699002
    outer loop
      vertex 41.8462 5.10879 1.04651
      vertex 41.829 5.05192 1.05
      vertex 41.8383 5.09055 1.05
    endloop
  endfacet
  facet normal 0.541117 0.462025 -0.702655
    outer loop
      vertex 39.4247 4.47469 1.05
      vertex 38.6892 3.73924 0
      vertex 38.4369 4.03473 0
    endloop
  endfacet
  facet normal 0.541116 -0.462024 -0.702658
    outer loop
      vertex 38.6892 7.26076 0
      vertex 39.4247 6.5253 1.05
      vertex 38.4369 6.96527 0
    endloop
  endfacet
  facet normal 0.271658 -0.655255 -0.704871
    outer loop
      vertex 39.9644 6.86628 1.0474
      vertex 40.0019 6.87903 1.05
      vertex 39.9779 6.86908 1.05
    endloop
  endfacet
  facet normal 0.272236 -0.657401 -0.702646
    outer loop
      vertex 39.3215 7.71951 0
      vertex 39.9377 6.85242 1.05
      vertex 39.7917 6.79196 1.05
    endloop
  endfacet
  facet normal 0.272236 -0.65741 -0.702637
    outer loop
      vertex 39.9644 6.86628 1.0474
      vertex 39.3215 7.71951 0
      vertex 40.0019 6.87903 1.05
    endloop
  endfacet
  facet normal 0.272697 -0.657146 -0.702706
    outer loop
      vertex 39.9377 6.85242 1.05
      vertex 39.3215 7.71951 0
      vertex 39.9644 6.86628 1.0474
    endloop
  endfacet
  facet normal 0.269962 -0.658443 -0.702548
    outer loop
      vertex 39.3215 7.71951 0
      vertex 39.7917 6.79196 1.05
      vertex 39.3195 7.71869 0
    endloop
  endfacet
  facet normal 0.272305 -0.657369 -0.702649
    outer loop
      vertex 39.6805 7.86822 0
      vertex 40.0019 6.87903 1.05
      vertex 39.3215 7.71951 0
    endloop
  endfacet
  facet normal -0.376009 0.6043 -0.702452
    outer loop
      vertex 41.1083 4.20804 1.05
      vertex 41.5823 3.28243 0
      vertex 41.5805 3.28131 0
    endloop
  endfacet
  facet normal -0.371831 0.606662 -0.70264
    outer loop
      vertex 41.5823 3.28243 0
      vertex 41.1265 4.21918 1.05
      vertex 41.3023 4.32693 1.05
    endloop
  endfacet
  facet normal -0.370895 0.607176 -0.702691
    outer loop
      vertex 41.5823 3.28243 0
      vertex 41.1171 4.21257 1.04925
      vertex 41.1265 4.21918 1.05
    endloop
  endfacet
  facet normal -0.372097 0.606508 -0.702632
    outer loop
      vertex 41.5823 3.28243 0
      vertex 41.1083 4.20804 1.05
      vertex 41.1171 4.21257 1.04925
    endloop
  endfacet
  facet normal -0.370352 0.60238 -0.70709
    outer loop
      vertex 41.1171 4.21257 1.04925
      vertex 41.1083 4.20804 1.05
      vertex 41.1137 4.21136 1.05
    endloop
  endfacet
  facet normal -0.450077 0.550453 -0.703159
    outer loop
      vertex 41.3023 4.32693 1.05
      vertex 41.9153 3.48686 0
      vertex 41.9136 3.48547 0
    endloop
  endfacet
  facet normal -0.462051 0.541082 -0.702666
    outer loop
      vertex 41.9153 3.48686 0
      vertex 41.4397 4.44029 1.04692
      vertex 41.4753 4.47469 1.05
    endloop
  endfacet
  facet normal -0.465704 0.544415 -0.697662
    outer loop
      vertex 41.4753 4.47469 1.05
      vertex 41.4397 4.44029 1.04692
      vertex 41.4504 4.45339 1.05
    endloop
  endfacet
  facet normal -0.461962 0.541141 -0.702679
    outer loop
      vertex 41.9153 3.48686 0
      vertex 41.4127 4.42124 1.05
      vertex 41.4397 4.44029 1.04692
    endloop
  endfacet
  facet normal -0.462158 0.541006 -0.702653
    outer loop
      vertex 41.9153 3.48686 0
      vertex 41.3023 4.32693 1.05
      vertex 41.4127 4.42124 1.05
    endloop
  endfacet
  facet normal -0.166095 -0.691878 -0.70265
    outer loop
      vertex 40.8395 7.95944 0
      vertex 41.2174 7.86872 0
      vertex 40.6768 6.93215 1.05
    endloop
  endfacet
  facet normal -0.0574176 -0.709276 -0.702589
    outer loop
      vertex 40.4521 7.98993 0
      vertex 40.45 6.95 1.05
      vertex 40.45 7.9901 0
    endloop
  endfacet
  facet normal -0.0558278 -0.709342 -0.70265
    outer loop
      vertex 40.45 6.95 1.05
      vertex 40.4521 7.98993 0
      vertex 40.6768 6.93215 1.05
    endloop
  endfacet
  facet normal 0.657387 0.272286 -0.70264
    outer loop
      vertex 39.158 4.84171 1.05
      vertex 38.2313 4.36952 0
      vertex 38.0826 4.72853 0
    endloop
  endfacet
  facet normal 0.606722 0.371728 -0.702643
    outer loop
      vertex 39.158 4.84171 1.05
      vertex 38.4343 4.03819 0
      vertex 38.2313 4.36952 0
    endloop
  endfacet
  facet normal -0.055828 0.70934 -0.702652
    outer loop
      vertex 40.8374 3.04039 0
      vertex 40.45 3.0099 0
      vertex 40.45 4.05 1.05
    endloop
  endfacet
  facet normal 0.055828 0.70934 -0.702652
    outer loop
      vertex 40.45 4.05 1.05
      vertex 40.45 3.0099 0
      vertex 40.0626 3.04039 0
    endloop
  endfacet
  facet normal 0.371569 -0.606779 -0.702678
    outer loop
      vertex 39.3177 7.71757 0
      vertex 39.6314 6.69372 1.05
      vertex 39.6138 6.68461 1.04856
    endloop
  endfacet
  facet normal 0.375425 -0.610766 -0.697152
    outer loop
      vertex 39.5977 6.67307 1.05
      vertex 39.6138 6.68461 1.04856
      vertex 39.6086 6.67977 1.05
    endloop
  endfacet
  facet normal 0.371801 -0.606674 -0.702645
    outer loop
      vertex 39.6314 6.69372 1.05
      vertex 39.3177 7.71757 0
      vertex 39.7917 6.79196 1.05
    endloop
  endfacet
  facet normal 0.371956 -0.606609 -0.70262
    outer loop
      vertex 39.3177 7.71757 0
      vertex 39.6138 6.68461 1.04856
      vertex 39.5977 6.67307 1.05
    endloop
  endfacet
  facet normal 0.376009 -0.6043 -0.702452
    outer loop
      vertex 39.7917 6.79196 1.05
      vertex 39.3177 7.71757 0
      vertex 39.3195 7.71869 0
    endloop
  endfacet
  facet normal 0.540668 -0.462659 -0.702584
    outer loop
      vertex 38.4369 6.96527 0
      vertex 39.3516 6.43969 1.05
      vertex 39.3252 6.41508 1.04589
    endloop
  endfacet
  facet normal 0.541763 -0.462673 -0.701731
    outer loop
      vertex 39.2769 6.35229 1.05
      vertex 39.3252 6.41508 1.04589
      vertex 39.312 6.39339 1.05
    endloop
  endfacet
  facet normal 0.541108 -0.462037 -0.702656
    outer loop
      vertex 39.3516 6.43969 1.05
      vertex 38.4369 6.96527 0
      vertex 39.4247 6.5253 1.05
    endloop
  endfacet
  facet normal 0.541028 -0.462167 -0.702631
    outer loop
      vertex 39.2769 6.35229 1.05
      vertex 38.4369 6.96527 0
      vertex 39.3252 6.41508 1.04589
    endloop
  endfacet
  facet normal 0.53984 -0.463667 -0.702556
    outer loop
      vertex 38.4369 6.96527 0
      vertex 39.2769 6.35229 1.05
      vertex 38.4355 6.96364 0
    endloop
  endfacet
  facet normal 0.0558282 -0.709342 -0.70265
    outer loop
      vertex 40.4479 7.98993 0
      vertex 40.2232 6.93215 1.05
      vertex 40.0605 7.95944 0
    endloop
  endfacet
  facet normal 0.0558929 -0.709643 -0.702341
    outer loop
      vertex 40.2232 6.93215 1.05
      vertex 40.351 6.94662 1.04555
      vertex 40.3169 6.93953 1.05
    endloop
  endfacet
  facet normal 0.0558483 -0.709343 -0.702647
    outer loop
      vertex 40.351 6.94662 1.04555
      vertex 40.2232 6.93215 1.05
      vertex 40.4479 7.98993 0
    endloop
  endfacet
  facet normal 0.0558043 -0.709116 -0.70288
    outer loop
      vertex 40.351 6.94662 1.04555
      vertex 40.45 6.95 1.05
      vertex 40.381 6.94457 1.05
    endloop
  endfacet
  facet normal 0.0558018 -0.709343 -0.702651
    outer loop
      vertex 40.4479 7.98993 0
      vertex 40.45 6.95 1.05
      vertex 40.351 6.94662 1.04555
    endloop
  endfacet
  facet normal 0.0574176 -0.709276 -0.702589
    outer loop
      vertex 40.45 6.95 1.05
      vertex 40.4479 7.98993 0
      vertex 40.45 7.9901 0
    endloop
  endfacet
  facet normal -0.91569 0.401886 0
    outer loop
      vertex -39.0617 104.591 1.05
      vertex -39.0538 104.609 1.4
      vertex -39.0538 104.609 1.04651
    endloop
  endfacet
  facet normal -0.917343 0.398098 0.000232144
    outer loop
      vertex -39.1984 104.276 1.05
      vertex -39.0538 104.609 1.4
      vertex -39.0617 104.591 1.05
    endloop
  endfacet
  facet normal -0.916012 0.40115 0
    outer loop
      vertex -39.2111 104.247 1.4
      vertex -39.1984 104.276 1.05
      vertex -39.2111 104.247 1.04548
    endloop
  endfacet
  facet normal -0.917155 0.398532 -0.000258425
    outer loop
      vertex -39.1984 104.276 1.05
      vertex -39.2111 104.247 1.4
      vertex -39.0538 104.609 1.4
    endloop
  endfacet
  facet normal -0.990712 0.13598 0
    outer loop
      vertex -39.049 104.643 1.05
      vertex -39 105 1.4
      vertex -39 105 1.05
    endloop
  endfacet
  facet normal -0.990181 0.13979 0
    outer loop
      vertex -39.0538 104.609 1.4
      vertex -39.049 104.643 1.05
      vertex -39.0538 104.609 1.04651
    endloop
  endfacet
  facet normal -0.990666 0.136312 -0.000344579
    outer loop
      vertex -39.049 104.643 1.05
      vertex -39.0538 104.609 1.4
      vertex -39 105 1.4
    endloop
  endfacet
  facet normal -0.775019 0.631938 0
    outer loop
      vertex -39.2323 104.221 1.05
      vertex -39.2111 104.247 1.4
      vertex -39.2111 104.247 1.04548
    endloop
  endfacet
  facet normal -0.776752 0.629807 -0.000353596
    outer loop
      vertex -39.4603 103.94 1.4
      vertex -39.2323 104.221 1.05
      vertex -39.4496 103.953 1.05
    endloop
  endfacet
  facet normal -0.772102 0.635499 0
    outer loop
      vertex -39.4603 103.94 1.4
      vertex -39.4496 103.953 1.05
      vertex -39.4603 103.94 1.04692
    endloop
  endfacet
  facet normal -0.776408 0.630231 0.000210992
    outer loop
      vertex -39.2323 104.221 1.05
      vertex -39.4603 103.94 1.4
      vertex -39.2111 104.247 1.4
    endloop
  endfacet
  facet normal -0.772102 -0.635499 0
    outer loop
      vertex -39.4496 106.047 1.05
      vertex -39.4603 106.06 1.4
      vertex -39.4603 106.06 1.04692
    endloop
  endfacet
  facet normal -0.776752 -0.629807 -0.000353596
    outer loop
      vertex -39.2323 105.779 1.05
      vertex -39.4603 106.06 1.4
      vertex -39.4496 106.047 1.05
    endloop
  endfacet
  facet normal -0.775019 -0.631938 -0
    outer loop
      vertex -39.2111 105.753 1.4
      vertex -39.2323 105.779 1.05
      vertex -39.2111 105.753 1.04548
    endloop
  endfacet
  facet normal -0.776408 -0.630231 0.000210992
    outer loop
      vertex -39.2323 105.779 1.05
      vertex -39.2111 105.753 1.4
      vertex -39.4603 106.06 1.4
    endloop
  endfacet
  facet normal -0.916012 -0.40115 0
    outer loop
      vertex -39.1984 105.724 1.05
      vertex -39.2111 105.753 1.4
      vertex -39.2111 105.753 1.04548
    endloop
  endfacet
  facet normal -0.917343 -0.398098 0.000232144
    outer loop
      vertex -39.0538 105.391 1.4
      vertex -39.1984 105.724 1.05
      vertex -39.0617 105.409 1.05
    endloop
  endfacet
  facet normal -0.91569 -0.401886 -0
    outer loop
      vertex -39.0538 105.391 1.4
      vertex -39.0617 105.409 1.05
      vertex -39.0538 105.391 1.04651
    endloop
  endfacet
  facet normal -0.917155 -0.398532 -0.000258425
    outer loop
      vertex -39.1984 105.724 1.05
      vertex -39.0538 105.391 1.4
      vertex -39.2111 105.753 1.4
    endloop
  endfacet
  facet normal -0.576638 -0.816999 -0.00148115
    outer loop
      vertex -39.4873 106.079 1.05
      vertex -39.7829 106.287 1.4
      vertex -39.7735 106.281 1.05
    endloop
  endfacet
  facet normal -0.538035 -0.842922 0
    outer loop
      vertex -39.7735 106.281 1.05
      vertex -39.7829 106.287 1.4
      vertex -39.7829 106.287 1.04925
    endloop
  endfacet
  facet normal -0.575468 -0.817824 -2.89726e-06
    outer loop
      vertex -39.7829 106.287 1.4
      vertex -39.4873 106.079 1.05
      vertex -39.4603 106.06 1.4
    endloop
  endfacet
  facet normal -0.575493 -0.817806 -0
    outer loop
      vertex -39.4603 106.06 1.4
      vertex -39.4873 106.079 1.05
      vertex -39.4603 106.06 1.04692
    endloop
  endfacet
  facet normal 0.682521 0.730866 0.000300634
    outer loop
      vertex -41.5484 104.06 1.05
      vertex -41.2862 103.815 1.4
      vertex -41.2914 103.82 1.05
    endloop
  endfacet
  facet normal 0.693109 0.720833 0
    outer loop
      vertex -41.2914 103.82 1.05
      vertex -41.2862 103.815 1.4
      vertex -41.2862 103.815 1.04856
    endloop
  endfacet
  facet normal 0.683183 0.730247 -0.000628962
    outer loop
      vertex -41.2862 103.815 1.4
      vertex -41.5484 104.06 1.05
      vertex -41.5748 104.085 1.4
    endloop
  endfacet
  facet normal 0.687592 0.726097 0
    outer loop
      vertex -41.5748 104.085 1.4
      vertex -41.5484 104.06 1.05
      vertex -41.5748 104.085 1.04589
    endloop
  endfacet
  facet normal 0.857493 -0.514496 0
    outer loop
      vertex -41.5748 105.915 1.4
      vertex -41.588 105.893 1.05
      vertex -41.5748 105.915 1.04589
    endloop
  endfacet
  facet normal 0.854509 -0.519436 0.000423074
    outer loop
      vertex -41.5748 105.915 1.4
      vertex -41.7655 105.601 1.05
      vertex -41.588 105.893 1.05
    endloop
  endfacet
  facet normal 0.85412 -0.520075 0.00120858
    outer loop
      vertex -41.78 105.578 1.4
      vertex -41.7655 105.601 1.05
      vertex -41.5748 105.915 1.4
    endloop
  endfacet
  facet normal 0.845926 -0.533301 0
    outer loop
      vertex -41.7655 105.601 1.05
      vertex -41.78 105.578 1.4
      vertex -41.78 105.578 1.04569
    endloop
  endfacet
  facet normal 1 0 0
    outer loop
      vertex -41.8865 105.197 1.4
      vertex -41.8865 105.172 1.05
      vertex -41.8865 105.197 1.04795
    endloop
  endfacet
  facet normal 1 0 0
    outer loop
      vertex -41.8865 105.197 1.4
      vertex -41.8865 104.828 1.05
      vertex -41.8865 105.172 1.05
    endloop
  endfacet
  facet normal 1 -0 0
    outer loop
      vertex -41.8865 104.803 1.4
      vertex -41.8865 104.828 1.05
      vertex -41.8865 105.197 1.4
    endloop
  endfacet
  facet normal 1 0 0
    outer loop
      vertex -41.8865 104.828 1.05
      vertex -41.8865 104.803 1.4
      vertex -41.8865 104.803 1.04795
    endloop
  endfacet
  facet normal 0.204992 -0.978764 -0.000482576
    outer loop
      vertex -40.5831 106.44 1.05
      vertex -40.9356 106.366 1.4
      vertex -40.9221 106.369 1.05
    endloop
  endfacet
  facet normal 0.21693 -0.976187 0
    outer loop
      vertex -40.9221 106.369 1.05
      vertex -40.9356 106.366 1.4
      vertex -40.9356 106.366 1.0474
    endloop
  endfacet
  facet normal 0.205066 -0.978748 -0.000404346
    outer loop
      vertex -40.9356 106.366 1.4
      vertex -40.5831 106.44 1.05
      vertex -40.549 106.447 1.4
    endloop
  endfacet
  facet normal 0.201086 -0.979574 0
    outer loop
      vertex -40.549 106.447 1.4
      vertex -40.5831 106.44 1.05
      vertex -40.549 106.447 1.04555
    endloop
  endfacet
  facet normal -0.575468 0.817824 -2.89726e-06
    outer loop
      vertex -39.4603 103.94 1.4
      vertex -39.4873 103.921 1.05
      vertex -39.7829 103.713 1.4
    endloop
  endfacet
  facet normal -0.575493 0.817806 0
    outer loop
      vertex -39.4873 103.921 1.05
      vertex -39.4603 103.94 1.4
      vertex -39.4603 103.94 1.04692
    endloop
  endfacet
  facet normal -0.576638 0.816999 -0.00148115
    outer loop
      vertex -39.7735 103.719 1.05
      vertex -39.7829 103.713 1.4
      vertex -39.4873 103.921 1.05
    endloop
  endfacet
  facet normal -0.538035 0.842922 0
    outer loop
      vertex -39.7829 103.713 1.4
      vertex -39.7735 103.719 1.05
      vertex -39.7829 103.713 1.04925
    endloop
  endfacet
  facet normal -0.070146 0.997535 0.00169937
    outer loop
      vertex -40.519 103.555 1.05
      vertex -40.155 103.58 1.4
      vertex -40.1777 103.579 1.05
    endloop
  endfacet
  facet normal -0.0440102 0.999031 0
    outer loop
      vertex -40.1777 103.579 1.05
      vertex -40.155 103.58 1.4
      vertex -40.155 103.58 1.04617
    endloop
  endfacet
  facet normal -0.0683676 0.99766 -0.000159163
    outer loop
      vertex -40.155 103.58 1.4
      vertex -40.519 103.555 1.05
      vertex -40.549 103.553 1.4
    endloop
  endfacet
  facet normal -0.066519 0.997785 0
    outer loop
      vertex -40.549 103.553 1.4
      vertex -40.519 103.555 1.05
      vertex -40.549 103.553 1.04555
    endloop
  endfacet
  facet normal 0.845926 0.533301 0
    outer loop
      vertex -41.78 104.422 1.4
      vertex -41.7655 104.399 1.05
      vertex -41.78 104.422 1.04569
    endloop
  endfacet
  facet normal 0.854509 0.519436 0.00126671
    outer loop
      vertex -41.78 104.422 1.4
      vertex -41.588 104.107 1.05
      vertex -41.7655 104.399 1.05
    endloop
  endfacet
  facet normal 0.85412 0.520076 0.000477931
    outer loop
      vertex -41.5748 104.085 1.4
      vertex -41.588 104.107 1.05
      vertex -41.78 104.422 1.4
    endloop
  endfacet
  facet normal 0.857493 0.514496 0
    outer loop
      vertex -41.588 104.107 1.05
      vertex -41.5748 104.085 1.4
      vertex -41.5748 104.085 1.04589
    endloop
  endfacet
  facet normal 0.969097 0.246679 0
    outer loop
      vertex -41.8865 104.803 1.4
      vertex -41.8837 104.792 1.05
      vertex -41.8865 104.803 1.04795
    endloop
  endfacet
  facet normal 0.96274 0.270429 -0.000797288
    outer loop
      vertex -41.8865 104.803 1.4
      vertex -41.7896 104.457 1.05
      vertex -41.8837 104.792 1.05
    endloop
  endfacet
  facet normal 0.963082 0.269208 0.000504833
    outer loop
      vertex -41.78 104.422 1.4
      vertex -41.7896 104.457 1.05
      vertex -41.8865 104.803 1.4
    endloop
  endfacet
  facet normal 0.964381 0.264516 0
    outer loop
      vertex -41.7896 104.457 1.05
      vertex -41.78 104.422 1.4
      vertex -41.78 104.422 1.04569
    endloop
  endfacet
  facet normal 0.458733 0.888574 0.000548163
    outer loop
      vertex -40.9356 103.634 1.4
      vertex -40.9623 103.648 1.05
      vertex -41.2862 103.815 1.4
    endloop
  endfacet
  facet normal 0.464379 0.885637 0
    outer loop
      vertex -40.9623 103.648 1.05
      vertex -40.9356 103.634 1.4
      vertex -40.9356 103.634 1.0474
    endloop
  endfacet
  facet normal 0.458436 0.888727 0.000199789
    outer loop
      vertex -41.2686 103.806 1.05
      vertex -41.2862 103.815 1.4
      vertex -40.9623 103.648 1.05
    endloop
  endfacet
  facet normal 0.455289 0.890344 0
    outer loop
      vertex -41.2862 103.815 1.4
      vertex -41.2686 103.806 1.05
      vertex -41.2862 103.815 1.04856
    endloop
  endfacet
  facet normal -0.990181 -0.13979 0
    outer loop
      vertex -39.049 105.357 1.05
      vertex -39.0538 105.391 1.4
      vertex -39.0538 105.391 1.04651
    endloop
  endfacet
  facet normal -0.990712 -0.13598 -0
    outer loop
      vertex -39 105 1.4
      vertex -39.049 105.357 1.05
      vertex -39 105 1.05
    endloop
  endfacet
  facet normal -0.990666 -0.136312 -0.000344579
    outer loop
      vertex -39.049 105.357 1.05
      vertex -39 105 1.4
      vertex -39.0538 105.391 1.4
    endloop
  endfacet
  facet normal 0.205066 0.978748 -0.000404346
    outer loop
      vertex -40.549 103.553 1.4
      vertex -40.5831 103.56 1.05
      vertex -40.9356 103.634 1.4
    endloop
  endfacet
  facet normal 0.201086 0.979574 0
    outer loop
      vertex -40.5831 103.56 1.05
      vertex -40.549 103.553 1.4
      vertex -40.549 103.553 1.04555
    endloop
  endfacet
  facet normal 0.204992 0.978764 -0.000482576
    outer loop
      vertex -40.9221 103.631 1.05
      vertex -40.9356 103.634 1.4
      vertex -40.5831 103.56 1.05
    endloop
  endfacet
  facet normal 0.21693 0.976187 0
    outer loop
      vertex -40.9356 103.634 1.4
      vertex -40.9221 103.631 1.05
      vertex -40.9356 103.634 1.0474
    endloop
  endfacet
  facet normal -0.0683676 -0.99766 -0.000159163
    outer loop
      vertex -40.549 106.447 1.4
      vertex -40.519 106.445 1.05
      vertex -40.155 106.42 1.4
    endloop
  endfacet
  facet normal -0.066519 -0.997785 0
    outer loop
      vertex -40.519 106.445 1.05
      vertex -40.549 106.447 1.4
      vertex -40.549 106.447 1.04555
    endloop
  endfacet
  facet normal -0.070146 -0.997535 0.00169937
    outer loop
      vertex -40.1777 106.421 1.05
      vertex -40.155 106.42 1.4
      vertex -40.519 106.445 1.05
    endloop
  endfacet
  facet normal -0.0440102 -0.999031 -0
    outer loop
      vertex -40.155 106.42 1.4
      vertex -40.1777 106.421 1.05
      vertex -40.155 106.42 1.04617
    endloop
  endfacet
  facet normal 0.964381 -0.264516 0
    outer loop
      vertex -41.78 105.578 1.4
      vertex -41.7896 105.543 1.05
      vertex -41.78 105.578 1.04569
    endloop
  endfacet
  facet normal 0.963082 -0.269208 0.000504833
    outer loop
      vertex -41.8865 105.197 1.4
      vertex -41.7896 105.543 1.05
      vertex -41.78 105.578 1.4
    endloop
  endfacet
  facet normal 0.96274 -0.270429 -0.000797288
    outer loop
      vertex -41.7896 105.543 1.05
      vertex -41.8865 105.197 1.4
      vertex -41.8837 105.208 1.05
    endloop
  endfacet
  facet normal 0.969097 -0.246679 0
    outer loop
      vertex -41.8837 105.208 1.05
      vertex -41.8865 105.197 1.4
      vertex -41.8865 105.197 1.04795
    endloop
  endfacet
  facet normal 0.458436 -0.888727 0.000199789
    outer loop
      vertex -40.9623 106.352 1.05
      vertex -41.2862 106.185 1.4
      vertex -41.2686 106.194 1.05
    endloop
  endfacet
  facet normal 0.455289 -0.890344 0
    outer loop
      vertex -41.2686 106.194 1.05
      vertex -41.2862 106.185 1.4
      vertex -41.2862 106.185 1.04856
    endloop
  endfacet
  facet normal 0.458733 -0.888574 0.000548163
    outer loop
      vertex -41.2862 106.185 1.4
      vertex -40.9623 106.352 1.05
      vertex -40.9356 106.366 1.4
    endloop
  endfacet
  facet normal 0.464379 -0.885637 0
    outer loop
      vertex -40.9356 106.366 1.4
      vertex -40.9623 106.352 1.05
      vertex -40.9356 106.366 1.0474
    endloop
  endfacet
  facet normal -0.33482 0.94228 -0.00213192
    outer loop
      vertex -40.1212 103.592 1.05
      vertex -39.7829 103.713 1.4
      vertex -39.7863 103.711 1.05
    endloop
  endfacet
  facet normal -0.50702 0.861934 0
    outer loop
      vertex -39.7863 103.711 1.05
      vertex -39.7829 103.713 1.4
      vertex -39.7829 103.713 1.04925
    endloop
  endfacet
  facet normal -0.336577 0.941656 -0.000218359
    outer loop
      vertex -39.7829 103.713 1.4
      vertex -40.1212 103.592 1.05
      vertex -40.155 103.58 1.4
    endloop
  endfacet
  facet normal -0.33457 0.942371 0
    outer loop
      vertex -40.155 103.58 1.4
      vertex -40.1212 103.592 1.05
      vertex -40.155 103.58 1.04617
    endloop
  endfacet
  facet normal -0.336577 -0.941656 -0.000218359
    outer loop
      vertex -40.155 106.42 1.4
      vertex -40.1212 106.408 1.05
      vertex -39.7829 106.287 1.4
    endloop
  endfacet
  facet normal -0.33457 -0.942371 0
    outer loop
      vertex -40.1212 106.408 1.05
      vertex -40.155 106.42 1.4
      vertex -40.155 106.42 1.04617
    endloop
  endfacet
  facet normal -0.33482 -0.94228 -0.00213192
    outer loop
      vertex -39.7863 106.289 1.05
      vertex -39.7829 106.287 1.4
      vertex -40.1212 106.408 1.05
    endloop
  endfacet
  facet normal -0.50702 -0.861934 -0
    outer loop
      vertex -39.7829 106.287 1.4
      vertex -39.7863 106.289 1.05
      vertex -39.7829 106.287 1.04925
    endloop
  endfacet
  facet normal 0.683183 -0.730247 -0.000628962
    outer loop
      vertex -41.5748 105.915 1.4
      vertex -41.5484 105.94 1.05
      vertex -41.2862 106.185 1.4
    endloop
  endfacet
  facet normal 0.687592 -0.726097 0
    outer loop
      vertex -41.5484 105.94 1.05
      vertex -41.5748 105.915 1.4
      vertex -41.5748 105.915 1.04589
    endloop
  endfacet
  facet normal 0.682521 -0.730866 0.000300634
    outer loop
      vertex -41.2914 106.18 1.05
      vertex -41.2862 106.185 1.4
      vertex -41.5484 105.94 1.05
    endloop
  endfacet
  facet normal 0.693109 -0.720833 0
    outer loop
      vertex -41.2862 106.185 1.4
      vertex -41.2914 106.18 1.05
      vertex -41.2862 106.185 1.04856
    endloop
  endfacet
  facet normal -0.371672 0.606575 -0.702799
    outer loop
      vertex -38.9864 102.985 0
      vertex -39.3177 102.782 0
      vertex -39.5977 103.827 1.05
    endloop
  endfacet
  facet normal 0.0527793 0.728354 -0.683165
    outer loop
      vertex -40.45 103.55 1.05
      vertex -40.549 103.553 1.04555
      vertex -40.519 103.555 1.05
    endloop
  endfacet
  facet normal 0.0530812 0.709828 -0.702372
    outer loop
      vertex -40.549 103.553 1.04555
      vertex -40.45 103.55 1.05
      vertex -40.8374 102.54 0
    endloop
  endfacet
  facet normal 0.0627472 0.734927 -0.675237
    outer loop
      vertex -40.549 103.553 1.04555
      vertex -40.6768 103.568 1.05
      vertex -40.5831 103.56 1.05
    endloop
  endfacet
  facet normal 0.0587178 0.708816 -0.702945
    outer loop
      vertex -40.8374 102.54 0
      vertex -40.6768 103.568 1.05
      vertex -40.549 103.553 1.04555
    endloop
  endfacet
  facet normal 0.311748 0.654671 -0.688636
    outer loop
      vertex -40.6768 103.568 1.05
      vertex -40.8374 102.54 0
      vertex -40.8395 102.541 0
    endloop
  endfacet
  facet normal -0.6604 0.26416 -0.702917
    outer loop
      vertex -38.0826 104.229 0
      vertex -39.071 104.552 1.05
      vertex -38.0818 104.231 0
    endloop
  endfacet
  facet normal -0.657395 0.272349 -0.702608
    outer loop
      vertex -39.071 104.552 1.05
      vertex -38.0826 104.229 0
      vertex -39.158 104.342 1.05
    endloop
  endfacet
  facet normal -0.709337 0.0559038 -0.702649
    outer loop
      vertex -37.9599 105 0
      vertex -37.9904 104.613 0
      vertex -39 105 1.05
    endloop
  endfacet
  facet normal -0.70933 0.055934 -0.702654
    outer loop
      vertex -37.9904 104.613 0
      vertex -39.0179 104.773 1.05
      vertex -39 105 1.05
    endloop
  endfacet
  facet normal -0.710305 0.0473536 -0.7023
    outer loop
      vertex -39.0179 104.773 1.05
      vertex -37.9904 104.613 0
      vertex -37.9906 104.61 0
    endloop
  endfacet
  facet normal -0.306756 -0.644187 -0.700659
    outer loop
      vertex -40.0019 106.379 1.05
      vertex -39.6826 107.369 0
      vertex -39.6805 107.368 0
    endloop
  endfacet
  facet normal -0.168028 -0.69123 -0.702828
    outer loop
      vertex -40.1212 106.408 1.05
      vertex -39.6826 107.369 0
      vertex -40.0019 106.379 1.05
    endloop
  endfacet
  facet normal -0.166034 -0.691918 -0.702625
    outer loop
      vertex -40.155 106.42 1.04617
      vertex -39.6826 107.369 0
      vertex -40.1212 106.408 1.05
    endloop
  endfacet
  facet normal -0.15504 -0.641301 -0.751463
    outer loop
      vertex -40.2232 106.432 1.05
      vertex -40.155 106.42 1.04617
      vertex -40.1777 106.421 1.05
    endloop
  endfacet
  facet normal -0.161463 -0.693571 -0.70206
    outer loop
      vertex -40.155 106.42 1.04617
      vertex -40.2232 106.432 1.05
      vertex -39.6826 107.369 0
    endloop
  endfacet
  facet normal 0.461618 0.541303 -0.70278
    outer loop
      vertex -41.4753 103.975 1.05
      vertex -41.9153 102.987 0
      vertex -42.2108 103.239 0
    endloop
  endfacet
  facet normal 0.540659 -0.462401 -0.702761
    outer loop
      vertex -42.2122 106.759 0
      vertex -41.6231 105.852 1.05
      vertex -42.4645 106.464 0
    endloop
  endfacet
  facet normal -0.710305 -0.0473536 -0.7023
    outer loop
      vertex -37.9904 105.387 0
      vertex -39.0179 105.227 1.05
      vertex -37.9906 105.39 0
    endloop
  endfacet
  facet normal -0.70933 -0.055934 -0.702654
    outer loop
      vertex -39.0179 105.227 1.05
      vertex -37.9904 105.387 0
      vertex -39 105 1.05
    endloop
  endfacet
  facet normal -0.467693 -0.537461 -0.701711
    outer loop
      vertex -39.4603 106.06 1.04692
      vertex -38.9847 107.013 0
      vertex -39.4247 106.025 1.05
    endloop
  endfacet
  facet normal -0.501308 -0.567389 -0.653269
    outer loop
      vertex -39.4603 106.06 1.04692
      vertex -39.4247 106.025 1.05
      vertex -39.4496 106.047 1.05
    endloop
  endfacet
  facet normal -0.461341 -0.541683 -0.702669
    outer loop
      vertex -39.4873 106.079 1.05
      vertex -38.9847 107.013 0
      vertex -39.4603 106.06 1.04692
    endloop
  endfacet
  facet normal -0.461262 -0.541737 -0.702679
    outer loop
      vertex -39.5977 106.173 1.05
      vertex -38.9847 107.013 0
      vertex -39.4873 106.079 1.05
    endloop
  endfacet
  facet normal -0.548845 -0.466518 -0.693635
    outer loop
      vertex -38.9847 107.013 0
      vertex -39.5977 106.173 1.05
      vertex -38.9864 107.015 0
    endloop
  endfacet
  facet normal -0.317691 -0.635381 -0.703821
    outer loop
      vertex -39.7917 106.292 1.05
      vertex -39.3215 107.22 0
      vertex -39.3195 107.219 0
    endloop
  endfacet
  facet normal -0.272062 -0.657326 -0.702783
    outer loop
      vertex -39.3215 107.22 0
      vertex -39.7917 106.292 1.05
      vertex -40.0019 106.379 1.05
    endloop
  endfacet
  facet normal 0.371672 -0.606575 -0.702799
    outer loop
      vertex -41.5823 107.218 0
      vertex -41.3023 106.173 1.05
      vertex -41.9136 107.015 0
    endloop
  endfacet
  facet normal 0.606668 -0.371819 -0.702642
    outer loop
      vertex -41.742 105.658 1.05
      vertex -42.6676 106.132 0
      vertex -41.6231 105.852 1.05
    endloop
  endfacet
  facet normal 0.622697 -0.342483 -0.703529
    outer loop
      vertex -42.6676 106.132 0
      vertex -41.742 105.658 1.05
      vertex -42.6687 106.13 0
    endloop
  endfacet
  facet normal -0.541436 -0.461501 -0.702754
    outer loop
      vertex -38.6892 106.761 0
      vertex -38.4369 106.465 0
      vertex -39.4247 106.025 1.05
    endloop
  endfacet
  facet normal -0 -0.710482 -0.703715
    outer loop
      vertex -40.4479 107.49 0
      vertex -40.45 106.45 1.05
      vertex -40.45 107.49 0
    endloop
  endfacet
  facet normal -0.0562936 -0.709299 -0.702656
    outer loop
      vertex -40.45 106.45 1.05
      vertex -40.4479 107.49 0
      vertex -40.2232 106.432 1.05
    endloop
  endfacet
  facet normal 0.165702 0.691884 -0.702737
    outer loop
      vertex -41.2174 102.631 0
      vertex -40.8981 103.621 1.05
      vertex -40.6768 103.568 1.05
    endloop
  endfacet
  facet normal 0.306756 0.644187 -0.700659
    outer loop
      vertex -40.8981 103.621 1.05
      vertex -41.2174 102.631 0
      vertex -41.2195 102.632 0
    endloop
  endfacet
  facet normal 0.691811 -0.166438 -0.702635
    outer loop
      vertex -42.8182 105.769 0
      vertex -41.829 105.448 1.05
      vertex -42.9089 105.392 0
    endloop
  endfacet
  facet normal -0.372438 -0.606247 -0.702677
    outer loop
      vertex -39.7735 106.281 1.05
      vertex -39.3177 107.218 0
      vertex -39.5977 106.173 1.05
    endloop
  endfacet
  facet normal -0.34137 -0.62281 -0.703971
    outer loop
      vertex -39.7829 106.287 1.04925
      vertex -39.3177 107.218 0
      vertex -39.7735 106.281 1.05
    endloop
  endfacet
  facet normal -0.396373 -0.59241 -0.701383
    outer loop
      vertex -39.7917 106.292 1.05
      vertex -39.3177 107.218 0
      vertex -39.7829 106.287 1.04925
    endloop
  endfacet
  facet normal -0.481621 -0.866918 0.128432
    outer loop
      vertex -39.7917 106.292 1.05
      vertex -39.7829 106.287 1.04925
      vertex -39.7863 106.289 1.05
    endloop
  endfacet
  facet normal -0.345096 -0.621172 -0.703601
    outer loop
      vertex -39.3177 107.218 0
      vertex -39.7917 106.292 1.05
      vertex -39.3195 107.219 0
    endloop
  endfacet
  facet normal 0.539369 0.463857 -0.702793
    outer loop
      vertex -42.2122 103.241 0
      vertex -41.5484 104.06 1.05
      vertex -41.4753 103.975 1.05
    endloop
  endfacet
  facet normal 0.526163 0.450447 -0.721284
    outer loop
      vertex -41.5748 104.085 1.04589
      vertex -41.6231 104.148 1.05
      vertex -41.588 104.107 1.05
    endloop
  endfacet
  facet normal 0.586329 0.41043 -0.698402
    outer loop
      vertex -42.2122 103.241 0
      vertex -41.4753 103.975 1.05
      vertex -42.2108 103.239 0
    endloop
  endfacet
  facet normal 0.544151 0.459187 -0.702173
    outer loop
      vertex -41.5484 104.06 1.05
      vertex -42.2122 103.241 0
      vertex -41.5748 104.085 1.04589
    endloop
  endfacet
  facet normal 0.541916 0.4613 -0.702516
    outer loop
      vertex -41.5748 104.085 1.04589
      vertex -42.2122 103.241 0
      vertex -41.6231 104.148 1.05
    endloop
  endfacet
  facet normal 0.271199 0.657841 -0.702636
    outer loop
      vertex -40.8981 103.621 1.05
      vertex -41.2195 102.632 0
      vertex -41.5785 102.78 0
    endloop
  endfacet
  facet normal -0.691811 -0.166438 -0.702635
    outer loop
      vertex -38.0818 105.769 0
      vertex -37.9911 105.392 0
      vertex -39.071 105.448 1.05
    endloop
  endfacet
  facet normal -0.709337 -0.0559038 -0.702649
    outer loop
      vertex -37.9904 105.387 0
      vertex -37.9599 105 0
      vertex -39 105 1.05
    endloop
  endfacet
  facet normal 0.69183 0.166227 -0.702666
    outer loop
      vertex -42.9089 104.608 0
      vertex -41.8821 104.773 1.05
      vertex -41.829 104.552 1.05
    endloop
  endfacet
  facet normal 0.69053 0.172632 -0.7024
    outer loop
      vertex -41.8821 104.773 1.05
      vertex -42.9089 104.608 0
      vertex -42.9094 104.61 0
    endloop
  endfacet
  facet normal 0.606668 0.371819 -0.702642
    outer loop
      vertex -42.6676 103.868 0
      vertex -41.742 104.342 1.05
      vertex -41.6231 104.148 1.05
    endloop
  endfacet
  facet normal 0.622697 0.342483 -0.703529
    outer loop
      vertex -41.742 104.342 1.05
      vertex -42.6676 103.868 0
      vertex -42.6687 103.87 0
    endloop
  endfacet
  facet normal 0.606902 -0.371271 -0.702729
    outer loop
      vertex -42.4645 106.464 0
      vertex -41.6231 105.852 1.05
      vertex -42.6676 106.132 0
    endloop
  endfacet
  facet normal -0.371672 -0.606575 -0.702799
    outer loop
      vertex -39.3177 107.218 0
      vertex -38.9864 107.015 0
      vertex -39.5977 106.173 1.05
    endloop
  endfacet
  facet normal 0.371672 0.606575 -0.702799
    outer loop
      vertex -41.3023 103.827 1.05
      vertex -41.5823 102.782 0
      vertex -41.9136 102.985 0
    endloop
  endfacet
  facet normal -0.423494 -0.592892 -0.684932
    outer loop
      vertex -39.2769 105.852 1.05
      vertex -38.4369 106.465 0
      vertex -38.4355 106.464 0
    endloop
  endfacet
  facet normal -0.541 -0.462195 -0.702634
    outer loop
      vertex -38.4369 106.465 0
      vertex -39.2769 105.852 1.05
      vertex -39.4247 106.025 1.05
    endloop
  endfacet
  facet normal -0.6604 -0.26416 -0.702917
    outer loop
      vertex -39.071 105.448 1.05
      vertex -38.0826 105.771 0
      vertex -38.0818 105.769 0
    endloop
  endfacet
  facet normal -0.657395 -0.272349 -0.702608
    outer loop
      vertex -38.0826 105.771 0
      vertex -39.071 105.448 1.05
      vertex -39.158 105.658 1.05
    endloop
  endfacet
  facet normal 0.462568 -0.540705 -0.702616
    outer loop
      vertex -41.9153 107.013 0
      vertex -41.3023 106.173 1.05
      vertex -41.4753 106.025 1.05
    endloop
  endfacet
  facet normal 0.548845 -0.466518 -0.693635
    outer loop
      vertex -41.3023 106.173 1.05
      vertex -41.9153 107.013 0
      vertex -41.9136 107.015 0
    endloop
  endfacet
  facet normal -0.607063 -0.371186 -0.702634
    outer loop
      vertex -38.4343 106.462 0
      vertex -38.2313 106.13 0
      vertex -39.158 105.658 1.05
    endloop
  endfacet
  facet normal -0.461618 -0.541303 -0.70278
    outer loop
      vertex -38.9847 107.013 0
      vertex -38.6892 106.761 0
      vertex -39.4247 106.025 1.05
    endloop
  endfacet
  facet normal -0.164858 -0.692221 -0.702603
    outer loop
      vertex -40.0605 107.459 0
      vertex -39.6826 107.369 0
      vertex -40.2232 106.432 1.05
    endloop
  endfacet
  facet normal -0.164858 0.692221 -0.702603
    outer loop
      vertex -39.6826 102.631 0
      vertex -40.0605 102.541 0
      vertex -40.2232 103.568 1.05
    endloop
  endfacet
  facet normal -0.657407 0.272302 -0.702615
    outer loop
      vertex -38.0826 104.229 0
      vertex -38.2313 103.87 0
      vertex -39.158 104.342 1.05
    endloop
  endfacet
  facet normal -0.69053 -0.172632 -0.7024
    outer loop
      vertex -39.0179 105.227 1.05
      vertex -37.9911 105.392 0
      vertex -37.9906 105.39 0
    endloop
  endfacet
  facet normal -0.691968 -0.16554 -0.702692
    outer loop
      vertex -39.049 105.357 1.05
      vertex -37.9911 105.392 0
      vertex -39.0179 105.227 1.05
    endloop
  endfacet
  facet normal -0.691401 -0.169694 -0.702259
    outer loop
      vertex -39.0538 105.391 1.04651
      vertex -37.9911 105.392 0
      vertex -39.049 105.357 1.05
    endloop
  endfacet
  facet normal -0.685922 -0.163566 -0.709053
    outer loop
      vertex -39.071 105.448 1.05
      vertex -39.0538 105.391 1.04651
      vertex -39.0617 105.409 1.05
    endloop
  endfacet
  facet normal -0.691874 -0.165749 -0.702736
    outer loop
      vertex -39.0538 105.391 1.04651
      vertex -39.071 105.448 1.05
      vertex -37.9911 105.392 0
    endloop
  endfacet
  facet normal 0.164858 0.692221 -0.702603
    outer loop
      vertex -40.6768 103.568 1.05
      vertex -40.8395 102.541 0
      vertex -41.2174 102.631 0
    endloop
  endfacet
  facet normal 0.056761 -0.70933 -0.702588
    outer loop
      vertex -40.4521 107.49 0
      vertex -40.6768 106.432 1.05
      vertex -40.8395 107.459 0
    endloop
  endfacet
  facet normal 0.629285 -0.259442 -0.732591
    outer loop
      vertex -41.78 105.578 1.04569
      vertex -41.742 105.658 1.05
      vertex -41.7655 105.601 1.05
    endloop
  endfacet
  facet normal 0.635915 -0.263738 -0.725296
    outer loop
      vertex -41.829 105.448 1.05
      vertex -41.78 105.578 1.04569
      vertex -41.7896 105.543 1.05
    endloop
  endfacet
  facet normal 0.656619 -0.274037 -0.702677
    outer loop
      vertex -42.6695 106.128 0
      vertex -41.742 105.658 1.05
      vertex -41.78 105.578 1.04569
    endloop
  endfacet
  facet normal 0.658015 -0.271309 -0.70243
    outer loop
      vertex -42.6695 106.128 0
      vertex -41.78 105.578 1.04569
      vertex -41.829 105.448 1.05
    endloop
  endfacet
  facet normal 0.661013 -0.264405 -0.702248
    outer loop
      vertex -41.742 105.658 1.05
      vertex -42.6695 106.128 0
      vertex -42.6687 106.13 0
    endloop
  endfacet
  facet normal -0.271199 -0.657841 -0.702636
    outer loop
      vertex -39.6805 107.368 0
      vertex -39.3215 107.22 0
      vertex -40.0019 106.379 1.05
    endloop
  endfacet
  facet normal 0.69183 -0.166227 -0.702666
    outer loop
      vertex -41.8821 105.227 1.05
      vertex -42.9089 105.392 0
      vertex -41.829 105.448 1.05
    endloop
  endfacet
  facet normal 0.69053 -0.172632 -0.7024
    outer loop
      vertex -42.9089 105.392 0
      vertex -41.8821 105.227 1.05
      vertex -42.9094 105.39 0
    endloop
  endfacet
  facet normal 0.65742 0.272307 -0.702601
    outer loop
      vertex -41.829 104.552 1.05
      vertex -42.6695 103.872 0
      vertex -42.8182 104.231 0
    endloop
  endfacet
  facet normal -0.311748 0.654671 -0.688636
    outer loop
      vertex -40.0626 102.54 0
      vertex -40.2232 103.568 1.05
      vertex -40.0605 102.541 0
    endloop
  endfacet
  facet normal -0.0562781 0.709104 -0.702854
    outer loop
      vertex -40.2232 103.568 1.05
      vertex -40.0626 102.54 0
      vertex -40.45 103.55 1.05
    endloop
  endfacet
  facet normal -0.657407 -0.272302 -0.702615
    outer loop
      vertex -38.2313 106.13 0
      vertex -38.0826 105.771 0
      vertex -39.158 105.658 1.05
    endloop
  endfacet
  facet normal -0.345096 0.621172 -0.703601
    outer loop
      vertex -39.7917 103.708 1.05
      vertex -39.3177 102.782 0
      vertex -39.3195 102.781 0
    endloop
  endfacet
  facet normal -0.372438 0.606247 -0.702677
    outer loop
      vertex -39.3177 102.782 0
      vertex -39.7735 103.719 1.05
      vertex -39.5977 103.827 1.05
    endloop
  endfacet
  facet normal -0.34137 0.62281 -0.703971
    outer loop
      vertex -39.3177 102.782 0
      vertex -39.7829 103.713 1.04925
      vertex -39.7735 103.719 1.05
    endloop
  endfacet
  facet normal -0.396373 0.59241 -0.701383
    outer loop
      vertex -39.3177 102.782 0
      vertex -39.7917 103.708 1.05
      vertex -39.7829 103.713 1.04925
    endloop
  endfacet
  facet normal -0.481621 0.866918 0.128432
    outer loop
      vertex -39.7829 103.713 1.04925
      vertex -39.7917 103.708 1.05
      vertex -39.7863 103.711 1.05
    endloop
  endfacet
  facet normal -0.60617 -0.372258 -0.702839
    outer loop
      vertex -39.2111 105.753 1.04548
      vertex -38.4343 106.462 0
      vertex -39.158 105.658 1.05
    endloop
  endfacet
  facet normal -0.617366 -0.377903 -0.689963
    outer loop
      vertex -39.2111 105.753 1.04548
      vertex -39.158 105.658 1.05
      vertex -39.1984 105.724 1.05
    endloop
  endfacet
  facet normal -0.606898 -0.371289 -0.702723
    outer loop
      vertex -39.2769 105.852 1.05
      vertex -38.4343 106.462 0
      vertex -39.2111 105.753 1.04548
    endloop
  endfacet
  facet normal -0.602365 -0.36802 -0.708321
    outer loop
      vertex -39.2769 105.852 1.05
      vertex -39.2111 105.753 1.04548
      vertex -39.2323 105.779 1.05
    endloop
  endfacet
  facet normal -0.610288 -0.366173 -0.702471
    outer loop
      vertex -38.4343 106.462 0
      vertex -39.2769 105.852 1.05
      vertex -38.4355 106.464 0
    endloop
  endfacet
  facet normal -0.271199 0.657841 -0.702636
    outer loop
      vertex -39.3215 102.78 0
      vertex -39.6805 102.632 0
      vertex -40.0019 103.621 1.05
    endloop
  endfacet
  facet normal 0.281369 -0.675285 -0.681778
    outer loop
      vertex -40.9356 106.366 1.0474
      vertex -40.8981 106.379 1.05
      vertex -40.9221 106.369 1.05
    endloop
  endfacet
  facet normal 0.27044 -0.65807 -0.702714
    outer loop
      vertex -41.5785 107.22 0
      vertex -40.9623 106.352 1.05
      vertex -41.1083 106.292 1.05
    endloop
  endfacet
  facet normal 0.275857 -0.655056 -0.703424
    outer loop
      vertex -40.9356 106.366 1.0474
      vertex -41.5785 107.22 0
      vertex -40.8981 106.379 1.05
    endloop
  endfacet
  facet normal 0.275188 -0.655441 -0.703327
    outer loop
      vertex -40.9623 106.352 1.05
      vertex -41.5785 107.22 0
      vertex -40.9356 106.366 1.0474
    endloop
  endfacet
  facet normal 0.317691 -0.635381 -0.703821
    outer loop
      vertex -41.5785 107.22 0
      vertex -41.1083 106.292 1.05
      vertex -41.5805 107.219 0
    endloop
  endfacet
  facet normal 0.629285 0.259442 -0.732591
    outer loop
      vertex -41.742 104.342 1.05
      vertex -41.78 104.422 1.04569
      vertex -41.7655 104.399 1.05
    endloop
  endfacet
  facet normal 0.635915 0.263738 -0.725296
    outer loop
      vertex -41.78 104.422 1.04569
      vertex -41.829 104.552 1.05
      vertex -41.7896 104.457 1.05
    endloop
  endfacet
  facet normal 0.661013 0.264405 -0.702248
    outer loop
      vertex -42.6695 103.872 0
      vertex -41.742 104.342 1.05
      vertex -42.6687 103.87 0
    endloop
  endfacet
  facet normal 0.656619 0.274037 -0.702677
    outer loop
      vertex -41.742 104.342 1.05
      vertex -42.6695 103.872 0
      vertex -41.78 104.422 1.04569
    endloop
  endfacet
  facet normal 0.658015 0.271309 -0.70243
    outer loop
      vertex -41.78 104.422 1.04569
      vertex -42.6695 103.872 0
      vertex -41.829 104.552 1.05
    endloop
  endfacet
  facet normal 0.371066 0.606958 -0.702789
    outer loop
      vertex -41.5823 102.782 0
      vertex -41.2686 103.806 1.05
      vertex -41.1083 103.708 1.05
    endloop
  endfacet
  facet normal 0.387813 0.60388 -0.69637
    outer loop
      vertex -41.2862 103.815 1.04856
      vertex -41.3023 103.827 1.05
      vertex -41.2914 103.82 1.05
    endloop
  endfacet
  facet normal 0.345096 0.621172 -0.703601
    outer loop
      vertex -41.5823 102.782 0
      vertex -41.1083 103.708 1.05
      vertex -41.5805 102.781 0
    endloop
  endfacet
  facet normal 0.368496 0.60811 -0.703145
    outer loop
      vertex -41.2686 103.806 1.05
      vertex -41.5823 102.782 0
      vertex -41.2862 103.815 1.04856
    endloop
  endfacet
  facet normal 0.385099 0.600743 -0.700576
    outer loop
      vertex -41.2862 103.815 1.04856
      vertex -41.5823 102.782 0
      vertex -41.3023 103.827 1.05
    endloop
  endfacet
  facet normal 0.540659 0.462401 -0.702761
    outer loop
      vertex -41.6231 104.148 1.05
      vertex -42.2122 103.241 0
      vertex -42.4645 103.536 0
    endloop
  endfacet
  facet normal 0.606902 0.371271 -0.702729
    outer loop
      vertex -41.6231 104.148 1.05
      vertex -42.4645 103.536 0
      vertex -42.6676 103.868 0
    endloop
  endfacet
  facet normal -0.317691 0.635381 -0.703821
    outer loop
      vertex -39.3215 102.78 0
      vertex -39.7917 103.708 1.05
      vertex -39.3195 102.781 0
    endloop
  endfacet
  facet normal -0.272062 0.657326 -0.702783
    outer loop
      vertex -39.7917 103.708 1.05
      vertex -39.3215 102.78 0
      vertex -40.0019 103.621 1.05
    endloop
  endfacet
  facet normal 0.544151 -0.459187 -0.702173
    outer loop
      vertex -42.2122 106.759 0
      vertex -41.5484 105.94 1.05
      vertex -41.5748 105.915 1.04589
    endloop
  endfacet
  facet normal 0.526163 -0.450447 -0.721284
    outer loop
      vertex -41.6231 105.852 1.05
      vertex -41.5748 105.915 1.04589
      vertex -41.588 105.893 1.05
    endloop
  endfacet
  facet normal 0.539369 -0.463857 -0.702793
    outer loop
      vertex -41.5484 105.94 1.05
      vertex -42.2122 106.759 0
      vertex -41.4753 106.025 1.05
    endloop
  endfacet
  facet normal 0.541916 -0.4613 -0.702516
    outer loop
      vertex -42.2122 106.759 0
      vertex -41.5748 105.915 1.04589
      vertex -41.6231 105.852 1.05
    endloop
  endfacet
  facet normal 0.586329 -0.41043 -0.698402
    outer loop
      vertex -41.4753 106.025 1.05
      vertex -42.2122 106.759 0
      vertex -42.2108 106.761 0
    endloop
  endfacet
  facet normal 0.548845 0.466518 -0.693635
    outer loop
      vertex -41.9153 102.987 0
      vertex -41.3023 103.827 1.05
      vertex -41.9136 102.985 0
    endloop
  endfacet
  facet normal 0.462568 0.540705 -0.702616
    outer loop
      vertex -41.3023 103.827 1.05
      vertex -41.9153 102.987 0
      vertex -41.4753 103.975 1.05
    endloop
  endfacet
  facet normal 0.271199 -0.657841 -0.702636
    outer loop
      vertex -41.2195 107.368 0
      vertex -40.8981 106.379 1.05
      vertex -41.5785 107.22 0
    endloop
  endfacet
  facet normal 0.165702 -0.691884 -0.702737
    outer loop
      vertex -40.8981 106.379 1.05
      vertex -41.2174 107.369 0
      vertex -40.6768 106.432 1.05
    endloop
  endfacet
  facet normal 0.306756 -0.644187 -0.700659
    outer loop
      vertex -41.2174 107.369 0
      vertex -40.8981 106.379 1.05
      vertex -41.2195 107.368 0
    endloop
  endfacet
  facet normal 0.708662 0.0708662 -0.70198
    outer loop
      vertex -41.9 105 1.05
      vertex -42.9399 104.998 0
      vertex -42.9401 105 0
    endloop
  endfacet
  facet normal 0.709361 0.0556766 -0.702643
    outer loop
      vertex -41.8865 104.828 1.05
      vertex -42.9399 104.998 0
      vertex -41.9 105 1.05
    endloop
  endfacet
  facet normal 0.709438 0.0575976 -0.70241
    outer loop
      vertex -41.8865 104.803 1.04795
      vertex -42.9399 104.998 0
      vertex -41.8865 104.828 1.05
    endloop
  endfacet
  facet normal 0.736715 0.0620391 -0.673352
    outer loop
      vertex -41.8821 104.773 1.05
      vertex -41.8865 104.803 1.04795
      vertex -41.8837 104.792 1.05
    endloop
  endfacet
  facet normal 0.709356 0.0560265 -0.70262
    outer loop
      vertex -41.8865 104.803 1.04795
      vertex -41.8821 104.773 1.05
      vertex -42.9399 104.998 0
    endloop
  endfacet
  facet normal 0.461618 -0.541303 -0.70278
    outer loop
      vertex -41.9153 107.013 0
      vertex -41.4753 106.025 1.05
      vertex -42.2108 106.761 0
    endloop
  endfacet
  facet normal 0.65742 -0.272307 -0.702601
    outer loop
      vertex -42.6695 106.128 0
      vertex -41.829 105.448 1.05
      vertex -42.8182 105.769 0
    endloop
  endfacet
  facet normal -0.056761 -0.70933 -0.702588
    outer loop
      vertex -40.0605 107.459 0
      vertex -40.2232 106.432 1.05
      vertex -40.4479 107.49 0
    endloop
  endfacet
  facet normal -0.607063 0.371186 -0.702634
    outer loop
      vertex -38.2313 103.87 0
      vertex -38.4343 103.538 0
      vertex -39.158 104.342 1.05
    endloop
  endfacet
  facet normal 0.368496 -0.60811 -0.703145
    outer loop
      vertex -41.5823 107.218 0
      vertex -41.2686 106.194 1.05
      vertex -41.2862 106.185 1.04856
    endloop
  endfacet
  facet normal 0.387813 -0.60388 -0.69637
    outer loop
      vertex -41.3023 106.173 1.05
      vertex -41.2862 106.185 1.04856
      vertex -41.2914 106.18 1.05
    endloop
  endfacet
  facet normal 0.371066 -0.606958 -0.702789
    outer loop
      vertex -41.2686 106.194 1.05
      vertex -41.5823 107.218 0
      vertex -41.1083 106.292 1.05
    endloop
  endfacet
  facet normal 0.385099 -0.600743 -0.700576
    outer loop
      vertex -41.5823 107.218 0
      vertex -41.2862 106.185 1.04856
      vertex -41.3023 106.173 1.05
    endloop
  endfacet
  facet normal 0.345096 -0.621172 -0.703601
    outer loop
      vertex -41.1083 106.292 1.05
      vertex -41.5823 107.218 0
      vertex -41.5805 107.219 0
    endloop
  endfacet
  facet normal 0.281369 0.675285 -0.681778
    outer loop
      vertex -40.8981 103.621 1.05
      vertex -40.9356 103.634 1.0474
      vertex -40.9221 103.631 1.05
    endloop
  endfacet
  facet normal 0.275188 0.655441 -0.703327
    outer loop
      vertex -41.5785 102.78 0
      vertex -40.9623 103.648 1.05
      vertex -40.9356 103.634 1.0474
    endloop
  endfacet
  facet normal 0.275857 0.655056 -0.703424
    outer loop
      vertex -41.5785 102.78 0
      vertex -40.9356 103.634 1.0474
      vertex -40.8981 103.621 1.05
    endloop
  endfacet
  facet normal 0.27044 0.65807 -0.702714
    outer loop
      vertex -40.9623 103.648 1.05
      vertex -41.5785 102.78 0
      vertex -41.1083 103.708 1.05
    endloop
  endfacet
  facet normal 0.317691 0.635381 -0.703821
    outer loop
      vertex -41.1083 103.708 1.05
      vertex -41.5785 102.78 0
      vertex -41.5805 102.781 0
    endloop
  endfacet
  facet normal 0.691811 0.166438 -0.702635
    outer loop
      vertex -41.829 104.552 1.05
      vertex -42.8182 104.231 0
      vertex -42.9089 104.608 0
    endloop
  endfacet
  facet normal 0.0627472 -0.734927 -0.675237
    outer loop
      vertex -40.6768 106.432 1.05
      vertex -40.549 106.447 1.04555
      vertex -40.5831 106.44 1.05
    endloop
  endfacet
  facet normal 0.0588169 -0.709464 -0.702283
    outer loop
      vertex -40.549 106.447 1.04555
      vertex -40.6768 106.432 1.05
      vertex -40.4521 107.49 0
    endloop
  endfacet
  facet normal 0.0527793 -0.728354 -0.683165
    outer loop
      vertex -40.549 106.447 1.04555
      vertex -40.45 106.45 1.05
      vertex -40.519 106.445 1.05
    endloop
  endfacet
  facet normal 0.0530872 -0.709427 -0.702777
    outer loop
      vertex -40.4521 107.49 0
      vertex -40.45 106.45 1.05
      vertex -40.549 106.447 1.04555
    endloop
  endfacet
  facet normal 0 -0.710482 -0.703715
    outer loop
      vertex -40.45 106.45 1.05
      vertex -40.4521 107.49 0
      vertex -40.45 107.49 0
    endloop
  endfacet
  facet normal -0.306756 0.644187 -0.700659
    outer loop
      vertex -39.6826 102.631 0
      vertex -40.0019 103.621 1.05
      vertex -39.6805 102.632 0
    endloop
  endfacet
  facet normal -0.168028 0.69123 -0.702828
    outer loop
      vertex -39.6826 102.631 0
      vertex -40.1212 103.592 1.05
      vertex -40.0019 103.621 1.05
    endloop
  endfacet
  facet normal -0.166034 0.691918 -0.702625
    outer loop
      vertex -39.6826 102.631 0
      vertex -40.155 103.58 1.04617
      vertex -40.1212 103.592 1.05
    endloop
  endfacet
  facet normal -0.161463 0.693571 -0.70206
    outer loop
      vertex -40.2232 103.568 1.05
      vertex -40.155 103.58 1.04617
      vertex -39.6826 102.631 0
    endloop
  endfacet
  facet normal -0.15504 0.641301 -0.751463
    outer loop
      vertex -40.155 103.58 1.04617
      vertex -40.2232 103.568 1.05
      vertex -40.1777 103.579 1.05
    endloop
  endfacet
  facet normal -0.610288 0.366173 -0.702471
    outer loop
      vertex -39.2769 104.148 1.05
      vertex -38.4343 103.538 0
      vertex -38.4355 103.536 0
    endloop
  endfacet
  facet normal -0.60617 0.372258 -0.702839
    outer loop
      vertex -38.4343 103.538 0
      vertex -39.2111 104.247 1.04548
      vertex -39.158 104.342 1.05
    endloop
  endfacet
  facet normal -0.617366 0.377903 -0.689963
    outer loop
      vertex -39.158 104.342 1.05
      vertex -39.2111 104.247 1.04548
      vertex -39.1984 104.276 1.05
    endloop
  endfacet
  facet normal -0.606898 0.371289 -0.702723
    outer loop
      vertex -38.4343 103.538 0
      vertex -39.2769 104.148 1.05
      vertex -39.2111 104.247 1.04548
    endloop
  endfacet
  facet normal -0.602365 0.36802 -0.708321
    outer loop
      vertex -39.2111 104.247 1.04548
      vertex -39.2769 104.148 1.05
      vertex -39.2323 104.221 1.05
    endloop
  endfacet
  facet normal 0.709338 0.0557598 -0.702659
    outer loop
      vertex -41.8821 104.773 1.05
      vertex -42.9094 104.61 0
      vertex -42.9399 104.998 0
    endloop
  endfacet
  facet normal 0.164858 -0.692221 -0.702603
    outer loop
      vertex -40.8395 107.459 0
      vertex -40.6768 106.432 1.05
      vertex -41.2174 107.369 0
    endloop
  endfacet
  facet normal 0.709338 -0.0557598 -0.702659
    outer loop
      vertex -42.9094 105.39 0
      vertex -41.8821 105.227 1.05
      vertex -42.9399 105.002 0
    endloop
  endfacet
  facet normal 0.736715 -0.0620391 -0.673352
    outer loop
      vertex -41.8865 105.197 1.04795
      vertex -41.8821 105.227 1.05
      vertex -41.8837 105.208 1.05
    endloop
  endfacet
  facet normal 0.709356 -0.0560265 -0.70262
    outer loop
      vertex -41.8865 105.197 1.04795
      vertex -42.9399 105.002 0
      vertex -41.8821 105.227 1.05
    endloop
  endfacet
  facet normal 0.709438 -0.0575976 -0.70241
    outer loop
      vertex -41.8865 105.172 1.05
      vertex -42.9399 105.002 0
      vertex -41.8865 105.197 1.04795
    endloop
  endfacet
  facet normal 0.709361 -0.0556766 -0.702643
    outer loop
      vertex -41.9 105 1.05
      vertex -42.9399 105.002 0
      vertex -41.8865 105.172 1.05
    endloop
  endfacet
  facet normal 0.708662 -0.0708662 -0.70198
    outer loop
      vertex -42.9399 105.002 0
      vertex -41.9 105 1.05
      vertex -42.9401 105 0
    endloop
  endfacet
  facet normal -0.461618 0.541303 -0.70278
    outer loop
      vertex -38.6892 103.239 0
      vertex -38.9847 102.987 0
      vertex -39.4247 103.975 1.05
    endloop
  endfacet
  facet normal -0.548845 0.466518 -0.693635
    outer loop
      vertex -39.5977 103.827 1.05
      vertex -38.9847 102.987 0
      vertex -38.9864 102.985 0
    endloop
  endfacet
  facet normal -0.467693 0.537461 -0.701711
    outer loop
      vertex -38.9847 102.987 0
      vertex -39.4603 103.94 1.04692
      vertex -39.4247 103.975 1.05
    endloop
  endfacet
  facet normal -0.501308 0.567389 -0.653269
    outer loop
      vertex -39.4247 103.975 1.05
      vertex -39.4603 103.94 1.04692
      vertex -39.4496 103.953 1.05
    endloop
  endfacet
  facet normal -0.461341 0.541683 -0.702669
    outer loop
      vertex -38.9847 102.987 0
      vertex -39.4873 103.921 1.05
      vertex -39.4603 103.94 1.04692
    endloop
  endfacet
  facet normal -0.461262 0.541737 -0.702679
    outer loop
      vertex -38.9847 102.987 0
      vertex -39.5977 103.827 1.05
      vertex -39.4873 103.921 1.05
    endloop
  endfacet
  facet normal -0.541436 0.461501 -0.702754
    outer loop
      vertex -38.4369 103.535 0
      vertex -38.6892 103.239 0
      vertex -39.4247 103.975 1.05
    endloop
  endfacet
  facet normal -0.0549362 0.709409 -0.702653
    outer loop
      vertex -40.0626 102.54 0
      vertex -40.45 102.51 0
      vertex -40.45 103.55 1.05
    endloop
  endfacet
  facet normal 0.0549362 0.709409 -0.702653
    outer loop
      vertex -40.45 103.55 1.05
      vertex -40.45 102.51 0
      vertex -40.8374 102.54 0
    endloop
  endfacet
  facet normal -0.423494 0.592892 -0.684932
    outer loop
      vertex -38.4369 103.535 0
      vertex -39.2769 104.148 1.05
      vertex -38.4355 103.536 0
    endloop
  endfacet
  facet normal -0.541 0.462195 -0.702634
    outer loop
      vertex -39.2769 104.148 1.05
      vertex -38.4369 103.535 0
      vertex -39.4247 103.975 1.05
    endloop
  endfacet
  facet normal 0 0 -1
    outer loop
      vertex -40.9221 103.631 1.05
      vertex -40.6768 103.568 1.05
      vertex -40.8981 103.621 1.05
    endloop
  endfacet
  facet normal 0 0 -1
    outer loop
      vertex -40.6768 103.568 1.05
      vertex -40.9221 103.631 1.05
      vertex -40.5831 103.56 1.05
    endloop
  endfacet
  facet normal 0 0 -1
    outer loop
      vertex -39.7863 106.289 1.05
      vertex -40.0019 106.379 1.05
      vertex -39.7917 106.292 1.05
    endloop
  endfacet
  facet normal -0 -0 -1
    outer loop
      vertex -40.0019 106.379 1.05
      vertex -39.7863 106.289 1.05
      vertex -40.1212 106.408 1.05
    endloop
  endfacet
  facet normal 0 0 -1
    outer loop
      vertex -41.588 105.893 1.05
      vertex -41.742 105.658 1.05
      vertex -41.6231 105.852 1.05
    endloop
  endfacet
  facet normal 0 -0 -1
    outer loop
      vertex -41.742 105.658 1.05
      vertex -41.588 105.893 1.05
      vertex -41.7655 105.601 1.05
    endloop
  endfacet
  facet normal -0 -0 -1
    outer loop
      vertex -39.0179 105.227 1.05
      vertex -39 105 1.05
      vertex -39.049 105.357 1.05
    endloop
  endfacet
  facet normal 0 0 -1
    outer loop
      vertex -40.1777 106.421 1.05
      vertex -40.45 106.45 1.05
      vertex -40.2232 106.432 1.05
    endloop
  endfacet
  facet normal 0 -0 -1
    outer loop
      vertex -40.45 106.45 1.05
      vertex -40.1777 106.421 1.05
      vertex -40.519 106.445 1.05
    endloop
  endfacet
  facet normal 0 0 -1
    outer loop
      vertex -41.8837 104.792 1.05
      vertex -41.829 104.552 1.05
      vertex -41.8821 104.773 1.05
    endloop
  endfacet
  facet normal 0 0 -1
    outer loop
      vertex -41.829 104.552 1.05
      vertex -41.8837 104.792 1.05
      vertex -41.7896 104.457 1.05
    endloop
  endfacet
  facet normal -0 -0 -1
    outer loop
      vertex -39.5977 106.173 1.05
      vertex -39.4873 106.079 1.05
      vertex -39.7735 106.281 1.05
    endloop
  endfacet
  facet normal 0 0 -1
    outer loop
      vertex -41.742 104.342 1.05
      vertex -41.588 104.107 1.05
      vertex -41.6231 104.148 1.05
    endloop
  endfacet
  facet normal 0 0 -1
    outer loop
      vertex -41.588 104.107 1.05
      vertex -41.742 104.342 1.05
      vertex -41.7655 104.399 1.05
    endloop
  endfacet
  facet normal 0 0 -1
    outer loop
      vertex -39.4496 106.047 1.05
      vertex -39.2769 105.852 1.05
      vertex -39.2323 105.779 1.05
    endloop
  endfacet
  facet normal 0 0 -1
    outer loop
      vertex -39.2769 105.852 1.05
      vertex -39.4496 106.047 1.05
      vertex -39.4247 106.025 1.05
    endloop
  endfacet
  facet normal 0 0 -1
    outer loop
      vertex -39.0617 105.409 1.05
      vertex -39.158 105.658 1.05
      vertex -39.071 105.448 1.05
    endloop
  endfacet
  facet normal -0 -0 -1
    outer loop
      vertex -39.158 105.658 1.05
      vertex -39.0617 105.409 1.05
      vertex -39.1984 105.724 1.05
    endloop
  endfacet
  facet normal 0 0 -1
    outer loop
      vertex -41.2914 106.18 1.05
      vertex -41.4753 106.025 1.05
      vertex -41.3023 106.173 1.05
    endloop
  endfacet
  facet normal 0 -0 -1
    outer loop
      vertex -41.4753 106.025 1.05
      vertex -41.2914 106.18 1.05
      vertex -41.5484 105.94 1.05
    endloop
  endfacet
  facet normal 0 0 -1
    outer loop
      vertex -40.9221 106.369 1.05
      vertex -40.6768 106.432 1.05
      vertex -40.5831 106.44 1.05
    endloop
  endfacet
  facet normal 0 0 -1
    outer loop
      vertex -40.6768 106.432 1.05
      vertex -40.9221 106.369 1.05
      vertex -40.8981 106.379 1.05
    endloop
  endfacet
  facet normal 0 0 -1
    outer loop
      vertex -41.8837 105.208 1.05
      vertex -41.829 105.448 1.05
      vertex -41.7896 105.543 1.05
    endloop
  endfacet
  facet normal 0 0 -1
    outer loop
      vertex -41.829 105.448 1.05
      vertex -41.8837 105.208 1.05
      vertex -41.8821 105.227 1.05
    endloop
  endfacet
  facet normal 0 0 -1
    outer loop
      vertex -40.45 103.55 1.05
      vertex -40.1777 103.579 1.05
      vertex -40.2232 103.568 1.05
    endloop
  endfacet
  facet normal 0 0 -1
    outer loop
      vertex -40.1777 103.579 1.05
      vertex -40.45 103.55 1.05
      vertex -40.519 103.555 1.05
    endloop
  endfacet
  facet normal 0 0 -1
    outer loop
      vertex -40.0019 103.621 1.05
      vertex -39.7863 103.711 1.05
      vertex -39.7917 103.708 1.05
    endloop
  endfacet
  facet normal 0 0 -1
    outer loop
      vertex -39.7863 103.711 1.05
      vertex -40.0019 103.621 1.05
      vertex -40.1212 103.592 1.05
    endloop
  endfacet
  facet normal 0 0 -1
    outer loop
      vertex -40.9623 103.648 1.05
      vertex -41.1083 103.708 1.05
      vertex -41.2686 103.806 1.05
    endloop
  endfacet
  facet normal 0 0 -1
    outer loop
      vertex -41.4753 103.975 1.05
      vertex -41.2914 103.82 1.05
      vertex -41.3023 103.827 1.05
    endloop
  endfacet
  facet normal 0 0 -1
    outer loop
      vertex -41.2914 103.82 1.05
      vertex -41.4753 103.975 1.05
      vertex -41.5484 104.06 1.05
    endloop
  endfacet
  facet normal 0 -0 -1
    outer loop
      vertex -41.8865 105.172 1.05
      vertex -41.8865 104.828 1.05
      vertex -41.9 105 1.05
    endloop
  endfacet
  facet normal 0 -0 -1
    outer loop
      vertex -41.1083 106.292 1.05
      vertex -40.9623 106.352 1.05
      vertex -41.2686 106.194 1.05
    endloop
  endfacet
  facet normal 0 0 -1
    outer loop
      vertex -39.4496 103.953 1.05
      vertex -39.2769 104.148 1.05
      vertex -39.4247 103.975 1.05
    endloop
  endfacet
  facet normal -0 0 -1
    outer loop
      vertex -39.2769 104.148 1.05
      vertex -39.4496 103.953 1.05
      vertex -39.2323 104.221 1.05
    endloop
  endfacet
  facet normal 0 0 -1
    outer loop
      vertex -39 105 1.05
      vertex -39.0179 104.773 1.05
      vertex -39.049 104.643 1.05
    endloop
  endfacet
  facet normal 0 0 -1
    outer loop
      vertex -39.4873 103.921 1.05
      vertex -39.5977 103.827 1.05
      vertex -39.7735 103.719 1.05
    endloop
  endfacet
  facet normal 0 0 -1
    outer loop
      vertex -39.158 104.342 1.05
      vertex -39.0617 104.591 1.05
      vertex -39.071 104.552 1.05
    endloop
  endfacet
  facet normal 0 0 -1
    outer loop
      vertex -39.0617 104.591 1.05
      vertex -39.158 104.342 1.05
      vertex -39.1984 104.276 1.05
    endloop
  endfacet
  facet normal -0.691811 0.166438 -0.702635
    outer loop
      vertex -37.9911 104.608 0
      vertex -38.0818 104.231 0
      vertex -39.071 104.552 1.05
    endloop
  endfacet
  facet normal -0.69053 0.172632 -0.7024
    outer loop
      vertex -37.9911 104.608 0
      vertex -39.0179 104.773 1.05
      vertex -37.9906 104.61 0
    endloop
  endfacet
  facet normal -0.691968 0.16554 -0.702692
    outer loop
      vertex -37.9911 104.608 0
      vertex -39.049 104.643 1.05
      vertex -39.0179 104.773 1.05
    endloop
  endfacet
  facet normal -0.691401 0.169694 -0.702259
    outer loop
      vertex -37.9911 104.608 0
      vertex -39.0538 104.609 1.04651
      vertex -39.049 104.643 1.05
    endloop
  endfacet
  facet normal -0.691874 0.165749 -0.702736
    outer loop
      vertex -39.071 104.552 1.05
      vertex -39.0538 104.609 1.04651
      vertex -37.9911 104.608 0
    endloop
  endfacet
  facet normal -0.685922 0.163566 -0.709053
    outer loop
      vertex -39.0538 104.609 1.04651
      vertex -39.071 104.552 1.05
      vertex -39.0617 104.591 1.05
    endloop
  endfacet
  facet normal -0.91569 0.401886 0
    outer loop
      vertex 41.8383 104.591 1.05
      vertex 41.8462 104.609 1.4
      vertex 41.8462 104.609 1.04651
    endloop
  endfacet
  facet normal -0.917343 0.398098 0.000232144
    outer loop
      vertex 41.7016 104.276 1.05
      vertex 41.8462 104.609 1.4
      vertex 41.8383 104.591 1.05
    endloop
  endfacet
  facet normal -0.916012 0.40115 0
    outer loop
      vertex 41.6889 104.247 1.4
      vertex 41.7016 104.276 1.05
      vertex 41.6889 104.247 1.04548
    endloop
  endfacet
  facet normal -0.917155 0.398532 -0.000258425
    outer loop
      vertex 41.7016 104.276 1.05
      vertex 41.6889 104.247 1.4
      vertex 41.8462 104.609 1.4
    endloop
  endfacet
  facet normal -0.990712 0.13598 0
    outer loop
      vertex 41.851 104.643 1.05
      vertex 41.9 105 1.4
      vertex 41.9 105 1.05
    endloop
  endfacet
  facet normal -0.990181 0.13979 0
    outer loop
      vertex 41.8462 104.609 1.4
      vertex 41.851 104.643 1.05
      vertex 41.8462 104.609 1.04651
    endloop
  endfacet
  facet normal -0.990666 0.136312 -0.000344579
    outer loop
      vertex 41.851 104.643 1.05
      vertex 41.8462 104.609 1.4
      vertex 41.9 105 1.4
    endloop
  endfacet
  facet normal -0.775019 0.631938 0
    outer loop
      vertex 41.6677 104.221 1.05
      vertex 41.6889 104.247 1.4
      vertex 41.6889 104.247 1.04548
    endloop
  endfacet
  facet normal -0.776752 0.629807 -0.000353596
    outer loop
      vertex 41.4397 103.94 1.4
      vertex 41.6677 104.221 1.05
      vertex 41.4504 103.953 1.05
    endloop
  endfacet
  facet normal -0.772102 0.635499 0
    outer loop
      vertex 41.4397 103.94 1.4
      vertex 41.4504 103.953 1.05
      vertex 41.4397 103.94 1.04692
    endloop
  endfacet
  facet normal -0.776408 0.630231 0.000210992
    outer loop
      vertex 41.6677 104.221 1.05
      vertex 41.4397 103.94 1.4
      vertex 41.6889 104.247 1.4
    endloop
  endfacet
  facet normal -0.916012 -0.40115 0
    outer loop
      vertex 41.7016 105.724 1.05
      vertex 41.6889 105.753 1.4
      vertex 41.6889 105.753 1.04548
    endloop
  endfacet
  facet normal -0.917343 -0.398098 0.000232144
    outer loop
      vertex 41.8462 105.391 1.4
      vertex 41.7016 105.724 1.05
      vertex 41.8383 105.409 1.05
    endloop
  endfacet
  facet normal -0.91569 -0.401886 -0
    outer loop
      vertex 41.8462 105.391 1.4
      vertex 41.8383 105.409 1.05
      vertex 41.8462 105.391 1.04651
    endloop
  endfacet
  facet normal -0.917155 -0.398532 -0.000258425
    outer loop
      vertex 41.7016 105.724 1.05
      vertex 41.8462 105.391 1.4
      vertex 41.6889 105.753 1.4
    endloop
  endfacet
  facet normal 0.683183 -0.730247 -0.000628962
    outer loop
      vertex 39.3252 105.915 1.4
      vertex 39.3516 105.94 1.05
      vertex 39.6138 106.185 1.4
    endloop
  endfacet
  facet normal 0.687592 -0.726097 0
    outer loop
      vertex 39.3516 105.94 1.05
      vertex 39.3252 105.915 1.4
      vertex 39.3252 105.915 1.04589
    endloop
  endfacet
  facet normal 0.682521 -0.730866 0.000300634
    outer loop
      vertex 39.6086 106.18 1.05
      vertex 39.6138 106.185 1.4
      vertex 39.3516 105.94 1.05
    endloop
  endfacet
  facet normal 0.693109 -0.720833 0
    outer loop
      vertex 39.6138 106.185 1.4
      vertex 39.6086 106.18 1.05
      vertex 39.6138 106.185 1.04856
    endloop
  endfacet
  facet normal -0.772102 -0.635499 0
    outer loop
      vertex 41.4504 106.047 1.05
      vertex 41.4397 106.06 1.4
      vertex 41.4397 106.06 1.04692
    endloop
  endfacet
  facet normal -0.776752 -0.629807 -0.000353596
    outer loop
      vertex 41.6677 105.779 1.05
      vertex 41.4397 106.06 1.4
      vertex 41.4504 106.047 1.05
    endloop
  endfacet
  facet normal -0.775019 -0.631938 -0
    outer loop
      vertex 41.6889 105.753 1.4
      vertex 41.6677 105.779 1.05
      vertex 41.6889 105.753 1.04548
    endloop
  endfacet
  facet normal -0.776408 -0.630231 0.000210992
    outer loop
      vertex 41.6677 105.779 1.05
      vertex 41.6889 105.753 1.4
      vertex 41.4397 106.06 1.4
    endloop
  endfacet
  facet normal -0.575468 0.817824 -2.89726e-06
    outer loop
      vertex 41.4397 103.94 1.4
      vertex 41.4127 103.921 1.05
      vertex 41.1171 103.713 1.4
    endloop
  endfacet
  facet normal -0.575493 0.817806 0
    outer loop
      vertex 41.4127 103.921 1.05
      vertex 41.4397 103.94 1.4
      vertex 41.4397 103.94 1.04692
    endloop
  endfacet
  facet normal -0.576638 0.816999 -0.00148115
    outer loop
      vertex 41.1265 103.719 1.05
      vertex 41.1171 103.713 1.4
      vertex 41.4127 103.921 1.05
    endloop
  endfacet
  facet normal -0.538035 0.842922 0
    outer loop
      vertex 41.1171 103.713 1.4
      vertex 41.1265 103.719 1.05
      vertex 41.1171 103.713 1.04925
    endloop
  endfacet
  facet normal 0.845926 0.533301 0
    outer loop
      vertex 39.12 104.422 1.4
      vertex 39.1345 104.399 1.05
      vertex 39.12 104.422 1.04569
    endloop
  endfacet
  facet normal 0.854509 0.519436 0.00126671
    outer loop
      vertex 39.12 104.422 1.4
      vertex 39.312 104.107 1.05
      vertex 39.1345 104.399 1.05
    endloop
  endfacet
  facet normal 0.85412 0.520076 0.000477931
    outer loop
      vertex 39.3252 104.085 1.4
      vertex 39.312 104.107 1.05
      vertex 39.12 104.422 1.4
    endloop
  endfacet
  facet normal 0.857493 0.514496 0
    outer loop
      vertex 39.312 104.107 1.05
      vertex 39.3252 104.085 1.4
      vertex 39.3252 104.085 1.04589
    endloop
  endfacet
  facet normal -0.336577 -0.941656 -0.000218359
    outer loop
      vertex 40.745 106.42 1.4
      vertex 40.7788 106.408 1.05
      vertex 41.1171 106.287 1.4
    endloop
  endfacet
  facet normal -0.33457 -0.942371 0
    outer loop
      vertex 40.7788 106.408 1.05
      vertex 40.745 106.42 1.4
      vertex 40.745 106.42 1.04617
    endloop
  endfacet
  facet normal -0.33482 -0.94228 -0.00213192
    outer loop
      vertex 41.1137 106.289 1.05
      vertex 41.1171 106.287 1.4
      vertex 40.7788 106.408 1.05
    endloop
  endfacet
  facet normal -0.50702 -0.861934 -0
    outer loop
      vertex 41.1171 106.287 1.4
      vertex 41.1137 106.289 1.05
      vertex 41.1171 106.287 1.04925
    endloop
  endfacet
  facet normal -0.990181 -0.13979 0
    outer loop
      vertex 41.851 105.357 1.05
      vertex 41.8462 105.391 1.4
      vertex 41.8462 105.391 1.04651
    endloop
  endfacet
  facet normal -0.990712 -0.13598 -0
    outer loop
      vertex 41.9 105 1.4
      vertex 41.851 105.357 1.05
      vertex 41.9 105 1.05
    endloop
  endfacet
  facet normal -0.990666 -0.136312 -0.000344579
    outer loop
      vertex 41.851 105.357 1.05
      vertex 41.9 105 1.4
      vertex 41.8462 105.391 1.4
    endloop
  endfacet
  facet normal 0.857493 -0.514496 0
    outer loop
      vertex 39.3252 105.915 1.4
      vertex 39.312 105.893 1.05
      vertex 39.3252 105.915 1.04589
    endloop
  endfacet
  facet normal 0.854509 -0.519436 0.000423074
    outer loop
      vertex 39.3252 105.915 1.4
      vertex 39.1345 105.601 1.05
      vertex 39.312 105.893 1.05
    endloop
  endfacet
  facet normal 0.85412 -0.520075 0.00120858
    outer loop
      vertex 39.12 105.578 1.4
      vertex 39.1345 105.601 1.05
      vertex 39.3252 105.915 1.4
    endloop
  endfacet
  facet normal 0.845926 -0.533301 0
    outer loop
      vertex 39.1345 105.601 1.05
      vertex 39.12 105.578 1.4
      vertex 39.12 105.578 1.04569
    endloop
  endfacet
  facet normal 0.458436 -0.888727 0.000199789
    outer loop
      vertex 39.9377 106.352 1.05
      vertex 39.6138 106.185 1.4
      vertex 39.6314 106.194 1.05
    endloop
  endfacet
  facet normal 0.455289 -0.890344 0
    outer loop
      vertex 39.6314 106.194 1.05
      vertex 39.6138 106.185 1.4
      vertex 39.6138 106.185 1.04856
    endloop
  endfacet
  facet normal 0.458733 -0.888574 0.000548163
    outer loop
      vertex 39.6138 106.185 1.4
      vertex 39.9377 106.352 1.05
      vertex 39.9644 106.366 1.4
    endloop
  endfacet
  facet normal 0.464379 -0.885637 0
    outer loop
      vertex 39.9644 106.366 1.4
      vertex 39.9377 106.352 1.05
      vertex 39.9644 106.366 1.0474
    endloop
  endfacet
  facet normal 0.969097 0.246679 0
    outer loop
      vertex 39.0135 104.803 1.4
      vertex 39.0163 104.792 1.05
      vertex 39.0135 104.803 1.04795
    endloop
  endfacet
  facet normal 0.96274 0.270429 -0.000797288
    outer loop
      vertex 39.0135 104.803 1.4
      vertex 39.1104 104.457 1.05
      vertex 39.0163 104.792 1.05
    endloop
  endfacet
  facet normal 0.963082 0.269208 0.000504833
    outer loop
      vertex 39.12 104.422 1.4
      vertex 39.1104 104.457 1.05
      vertex 39.0135 104.803 1.4
    endloop
  endfacet
  facet normal 0.964381 0.264516 0
    outer loop
      vertex 39.1104 104.457 1.05
      vertex 39.12 104.422 1.4
      vertex 39.12 104.422 1.04569
    endloop
  endfacet
  facet normal 0.205066 0.978748 -0.000404346
    outer loop
      vertex 40.351 103.553 1.4
      vertex 40.3169 103.56 1.05
      vertex 39.9644 103.634 1.4
    endloop
  endfacet
  facet normal 0.201086 0.979574 0
    outer loop
      vertex 40.3169 103.56 1.05
      vertex 40.351 103.553 1.4
      vertex 40.351 103.553 1.04555
    endloop
  endfacet
  facet normal 0.204992 0.978764 -0.000482576
    outer loop
      vertex 39.9779 103.631 1.05
      vertex 39.9644 103.634 1.4
      vertex 40.3169 103.56 1.05
    endloop
  endfacet
  facet normal 0.21693 0.976187 0
    outer loop
      vertex 39.9644 103.634 1.4
      vertex 39.9779 103.631 1.05
      vertex 39.9644 103.634 1.0474
    endloop
  endfacet
  facet normal 1 0 0
    outer loop
      vertex 39.0135 105.197 1.4
      vertex 39.0135 105.172 1.05
      vertex 39.0135 105.197 1.04795
    endloop
  endfacet
  facet normal 1 0 0
    outer loop
      vertex 39.0135 105.197 1.4
      vertex 39.0135 104.828 1.05
      vertex 39.0135 105.172 1.05
    endloop
  endfacet
  facet normal 1 -0 0
    outer loop
      vertex 39.0135 104.803 1.4
      vertex 39.0135 104.828 1.05
      vertex 39.0135 105.197 1.4
    endloop
  endfacet
  facet normal 1 0 0
    outer loop
      vertex 39.0135 104.828 1.05
      vertex 39.0135 104.803 1.4
      vertex 39.0135 104.803 1.04795
    endloop
  endfacet
  facet normal -0.576638 -0.816999 -0.00148115
    outer loop
      vertex 41.4127 106.079 1.05
      vertex 41.1171 106.287 1.4
      vertex 41.1265 106.281 1.05
    endloop
  endfacet
  facet normal -0.538035 -0.842922 0
    outer loop
      vertex 41.1265 106.281 1.05
      vertex 41.1171 106.287 1.4
      vertex 41.1171 106.287 1.04925
    endloop
  endfacet
  facet normal -0.575468 -0.817824 -2.89726e-06
    outer loop
      vertex 41.1171 106.287 1.4
      vertex 41.4127 106.079 1.05
      vertex 41.4397 106.06 1.4
    endloop
  endfacet
  facet normal -0.575493 -0.817806 -0
    outer loop
      vertex 41.4397 106.06 1.4
      vertex 41.4127 106.079 1.05
      vertex 41.4397 106.06 1.04692
    endloop
  endfacet
  facet normal 0.682521 0.730866 0.000300634
    outer loop
      vertex 39.3516 104.06 1.05
      vertex 39.6138 103.815 1.4
      vertex 39.6086 103.82 1.05
    endloop
  endfacet
  facet normal 0.693109 0.720833 0
    outer loop
      vertex 39.6086 103.82 1.05
      vertex 39.6138 103.815 1.4
      vertex 39.6138 103.815 1.04856
    endloop
  endfacet
  facet normal 0.683183 0.730247 -0.000628962
    outer loop
      vertex 39.6138 103.815 1.4
      vertex 39.3516 104.06 1.05
      vertex 39.3252 104.085 1.4
    endloop
  endfacet
  facet normal 0.687592 0.726097 0
    outer loop
      vertex 39.3252 104.085 1.4
      vertex 39.3516 104.06 1.05
      vertex 39.3252 104.085 1.04589
    endloop
  endfacet
  facet normal 0.458733 0.888574 0.000548163
    outer loop
      vertex 39.9644 103.634 1.4
      vertex 39.9377 103.648 1.05
      vertex 39.6138 103.815 1.4
    endloop
  endfacet
  facet normal 0.464379 0.885637 0
    outer loop
      vertex 39.9377 103.648 1.05
      vertex 39.9644 103.634 1.4
      vertex 39.9644 103.634 1.0474
    endloop
  endfacet
  facet normal 0.458436 0.888727 0.000199789
    outer loop
      vertex 39.6314 103.806 1.05
      vertex 39.6138 103.815 1.4
      vertex 39.9377 103.648 1.05
    endloop
  endfacet
  facet normal 0.455289 0.890344 0
    outer loop
      vertex 39.6138 103.815 1.4
      vertex 39.6314 103.806 1.05
      vertex 39.6138 103.815 1.04856
    endloop
  endfacet
  facet normal -0.070146 0.997535 0.00169937
    outer loop
      vertex 40.381 103.555 1.05
      vertex 40.745 103.58 1.4
      vertex 40.7223 103.579 1.05
    endloop
  endfacet
  facet normal -0.0440102 0.999031 0
    outer loop
      vertex 40.7223 103.579 1.05
      vertex 40.745 103.58 1.4
      vertex 40.745 103.58 1.04617
    endloop
  endfacet
  facet normal -0.0683676 0.99766 -0.000159163
    outer loop
      vertex 40.745 103.58 1.4
      vertex 40.381 103.555 1.05
      vertex 40.351 103.553 1.4
    endloop
  endfacet
  facet normal -0.066519 0.997785 0
    outer loop
      vertex 40.351 103.553 1.4
      vertex 40.381 103.555 1.05
      vertex 40.351 103.553 1.04555
    endloop
  endfacet
  facet normal -0.33482 0.94228 -0.00213192
    outer loop
      vertex 40.7788 103.592 1.05
      vertex 41.1171 103.713 1.4
      vertex 41.1137 103.711 1.05
    endloop
  endfacet
  facet normal -0.50702 0.861934 0
    outer loop
      vertex 41.1137 103.711 1.05
      vertex 41.1171 103.713 1.4
      vertex 41.1171 103.713 1.04925
    endloop
  endfacet
  facet normal -0.336577 0.941656 -0.000218359
    outer loop
      vertex 41.1171 103.713 1.4
      vertex 40.7788 103.592 1.05
      vertex 40.745 103.58 1.4
    endloop
  endfacet
  facet normal -0.33457 0.942371 0
    outer loop
      vertex 40.745 103.58 1.4
      vertex 40.7788 103.592 1.05
      vertex 40.745 103.58 1.04617
    endloop
  endfacet
  facet normal -0.0683676 -0.99766 -0.000159163
    outer loop
      vertex 40.351 106.447 1.4
      vertex 40.381 106.445 1.05
      vertex 40.745 106.42 1.4
    endloop
  endfacet
  facet normal -0.066519 -0.997785 0
    outer loop
      vertex 40.381 106.445 1.05
      vertex 40.351 106.447 1.4
      vertex 40.351 106.447 1.04555
    endloop
  endfacet
  facet normal -0.070146 -0.997535 0.00169937
    outer loop
      vertex 40.7223 106.421 1.05
      vertex 40.745 106.42 1.4
      vertex 40.381 106.445 1.05
    endloop
  endfacet
  facet normal -0.0440102 -0.999031 -0
    outer loop
      vertex 40.745 106.42 1.4
      vertex 40.7223 106.421 1.05
      vertex 40.745 106.42 1.04617
    endloop
  endfacet
  facet normal 0.964381 -0.264516 0
    outer loop
      vertex 39.12 105.578 1.4
      vertex 39.1104 105.543 1.05
      vertex 39.12 105.578 1.04569
    endloop
  endfacet
  facet normal 0.963082 -0.269208 0.000504833
    outer loop
      vertex 39.0135 105.197 1.4
      vertex 39.1104 105.543 1.05
      vertex 39.12 105.578 1.4
    endloop
  endfacet
  facet normal 0.96274 -0.270429 -0.000797288
    outer loop
      vertex 39.1104 105.543 1.05
      vertex 39.0135 105.197 1.4
      vertex 39.0163 105.208 1.05
    endloop
  endfacet
  facet normal 0.969097 -0.246679 0
    outer loop
      vertex 39.0163 105.208 1.05
      vertex 39.0135 105.197 1.4
      vertex 39.0135 105.197 1.04795
    endloop
  endfacet
  facet normal 0.204992 -0.978764 -0.000482576
    outer loop
      vertex 40.3169 106.44 1.05
      vertex 39.9644 106.366 1.4
      vertex 39.9779 106.369 1.05
    endloop
  endfacet
  facet normal 0.21693 -0.976187 0
    outer loop
      vertex 39.9779 106.369 1.05
      vertex 39.9644 106.366 1.4
      vertex 39.9644 106.366 1.0474
    endloop
  endfacet
  facet normal 0.205066 -0.978748 -0.000404346
    outer loop
      vertex 39.9644 106.366 1.4
      vertex 40.3169 106.44 1.05
      vertex 40.351 106.447 1.4
    endloop
  endfacet
  facet normal 0.201086 -0.979574 0
    outer loop
      vertex 40.351 106.447 1.4
      vertex 40.3169 106.44 1.05
      vertex 40.351 106.447 1.04555
    endloop
  endfacet
  facet normal -0.708662 0.0708662 -0.70198
    outer loop
      vertex 42.9399 104.998 0
      vertex 41.9 105 1.05
      vertex 42.9401 105 0
    endloop
  endfacet
  facet normal -0.70935 0.0559355 -0.702633
    outer loop
      vertex 41.9 105 1.05
      vertex 42.9399 104.998 0
      vertex 41.8821 104.773 1.05
    endloop
  endfacet
  facet normal -0.317691 0.635381 -0.703821
    outer loop
      vertex 41.5785 102.78 0
      vertex 41.1083 103.708 1.05
      vertex 41.5805 102.781 0
    endloop
  endfacet
  facet normal -0.272062 0.657326 -0.702783
    outer loop
      vertex 41.1083 103.708 1.05
      vertex 41.5785 102.78 0
      vertex 40.8981 103.621 1.05
    endloop
  endfacet
  facet normal 0.371672 -0.606575 -0.702799
    outer loop
      vertex 39.3177 107.218 0
      vertex 39.5977 106.173 1.05
      vertex 38.9864 107.015 0
    endloop
  endfacet
  facet normal -0.606902 0.371271 -0.702729
    outer loop
      vertex 42.6676 103.868 0
      vertex 42.4645 103.536 0
      vertex 41.6231 104.148 1.05
    endloop
  endfacet
  facet normal -0.271199 0.657841 -0.702636
    outer loop
      vertex 41.5785 102.78 0
      vertex 41.2195 102.632 0
      vertex 40.8981 103.621 1.05
    endloop
  endfacet
  facet normal -0.622697 -0.342483 -0.703529
    outer loop
      vertex 41.742 105.658 1.05
      vertex 42.6676 106.132 0
      vertex 42.6687 106.13 0
    endloop
  endfacet
  facet normal -0.617366 -0.377903 -0.689963
    outer loop
      vertex 41.6889 105.753 1.04548
      vertex 41.742 105.658 1.05
      vertex 41.7016 105.724 1.05
    endloop
  endfacet
  facet normal -0.606365 -0.372356 -0.702618
    outer loop
      vertex 41.742 105.658 1.05
      vertex 41.6889 105.753 1.04548
      vertex 42.6676 106.132 0
    endloop
  endfacet
  facet normal -0.602365 -0.36802 -0.708321
    outer loop
      vertex 41.6231 105.852 1.05
      vertex 41.6889 105.753 1.04548
      vertex 41.6677 105.779 1.05
    endloop
  endfacet
  facet normal -0.606895 -0.371287 -0.702726
    outer loop
      vertex 41.6889 105.753 1.04548
      vertex 41.6231 105.852 1.05
      vertex 42.6676 106.132 0
    endloop
  endfacet
  facet normal 0.610288 0.366173 -0.702471
    outer loop
      vertex 38.4343 103.538 0
      vertex 39.2769 104.148 1.05
      vertex 38.4355 103.536 0
    endloop
  endfacet
  facet normal 0.606581 0.371765 -0.702745
    outer loop
      vertex 39.2769 104.148 1.05
      vertex 38.4343 103.538 0
      vertex 39.158 104.342 1.05
    endloop
  endfacet
  facet normal 0.371672 0.606575 -0.702799
    outer loop
      vertex 39.5977 103.827 1.05
      vertex 39.3177 102.782 0
      vertex 38.9864 102.985 0
    endloop
  endfacet
  facet normal -0.164858 0.692221 -0.702603
    outer loop
      vertex 41.2174 102.631 0
      vertex 40.8395 102.541 0
      vertex 40.6768 103.568 1.05
    endloop
  endfacet
  facet normal 0.691811 0.166438 -0.702635
    outer loop
      vertex 39.071 104.552 1.05
      vertex 38.0818 104.231 0
      vertex 37.9911 104.608 0
    endloop
  endfacet
  facet normal -0.586329 0.41043 -0.698402
    outer loop
      vertex 41.4753 103.975 1.05
      vertex 42.2122 103.241 0
      vertex 42.2108 103.239 0
    endloop
  endfacet
  facet normal -0.540946 0.462149 -0.702706
    outer loop
      vertex 42.2122 103.241 0
      vertex 41.4753 103.975 1.05
      vertex 41.6231 104.148 1.05
    endloop
  endfacet
  facet normal 0.271199 0.657841 -0.702636
    outer loop
      vertex 40.0019 103.621 1.05
      vertex 39.6805 102.632 0
      vertex 39.3215 102.78 0
    endloop
  endfacet
  facet normal -0.461618 0.541303 -0.70278
    outer loop
      vertex 42.2108 103.239 0
      vertex 41.9153 102.987 0
      vertex 41.4753 103.975 1.05
    endloop
  endfacet
  facet normal -0.606902 -0.371271 -0.702729
    outer loop
      vertex 42.4645 106.464 0
      vertex 42.6676 106.132 0
      vertex 41.6231 105.852 1.05
    endloop
  endfacet
  facet normal 0.629285 -0.259442 -0.732591
    outer loop
      vertex 39.12 105.578 1.04569
      vertex 39.158 105.658 1.05
      vertex 39.1345 105.601 1.05
    endloop
  endfacet
  facet normal 0.6573 -0.272606 -0.702597
    outer loop
      vertex 38.0826 105.771 0
      vertex 39.1104 105.543 1.05
      vertex 39.071 105.448 1.05
    endloop
  endfacet
  facet normal 0.656926 -0.274202 -0.702326
    outer loop
      vertex 39.12 105.578 1.04569
      vertex 38.0826 105.771 0
      vertex 39.158 105.658 1.05
    endloop
  endfacet
  facet normal 0.658959 -0.267321 -0.703074
    outer loop
      vertex 39.1104 105.543 1.05
      vertex 38.0826 105.771 0
      vertex 39.12 105.578 1.04569
    endloop
  endfacet
  facet normal 0.6604 -0.26416 -0.702917
    outer loop
      vertex 38.0826 105.771 0
      vertex 39.071 105.448 1.05
      vertex 38.0818 105.769 0
    endloop
  endfacet
  facet normal 0.461618 -0.541303 -0.70278
    outer loop
      vertex 38.9847 107.013 0
      vertex 39.4247 106.025 1.05
      vertex 38.6892 106.761 0
    endloop
  endfacet
  facet normal 0.0527793 0.728354 -0.683165
    outer loop
      vertex 40.45 103.55 1.05
      vertex 40.351 103.553 1.04555
      vertex 40.381 103.555 1.05
    endloop
  endfacet
  facet normal 0.0530812 0.709828 -0.702372
    outer loop
      vertex 40.351 103.553 1.04555
      vertex 40.45 103.55 1.05
      vertex 40.0626 102.54 0
    endloop
  endfacet
  facet normal 0.0627472 0.734927 -0.675237
    outer loop
      vertex 40.351 103.553 1.04555
      vertex 40.2232 103.568 1.05
      vertex 40.3169 103.56 1.05
    endloop
  endfacet
  facet normal 0.0587178 0.708816 -0.702945
    outer loop
      vertex 40.0626 102.54 0
      vertex 40.2232 103.568 1.05
      vertex 40.351 103.553 1.04555
    endloop
  endfacet
  facet normal 0.311748 0.654671 -0.688636
    outer loop
      vertex 40.2232 103.568 1.05
      vertex 40.0626 102.54 0
      vertex 40.0605 102.541 0
    endloop
  endfacet
  facet normal 0.371066 0.606958 -0.702789
    outer loop
      vertex 39.3177 102.782 0
      vertex 39.6314 103.806 1.05
      vertex 39.7917 103.708 1.05
    endloop
  endfacet
  facet normal 0.387813 0.60388 -0.69637
    outer loop
      vertex 39.6138 103.815 1.04856
      vertex 39.5977 103.827 1.05
      vertex 39.6086 103.82 1.05
    endloop
  endfacet
  facet normal 0.345096 0.621172 -0.703601
    outer loop
      vertex 39.3177 102.782 0
      vertex 39.7917 103.708 1.05
      vertex 39.3195 102.781 0
    endloop
  endfacet
  facet normal 0.368496 0.60811 -0.703145
    outer loop
      vertex 39.6314 103.806 1.05
      vertex 39.3177 102.782 0
      vertex 39.6138 103.815 1.04856
    endloop
  endfacet
  facet normal 0.385099 0.600743 -0.700576
    outer loop
      vertex 39.6138 103.815 1.04856
      vertex 39.3177 102.782 0
      vertex 39.5977 103.827 1.05
    endloop
  endfacet
  facet normal 0.164858 0.692221 -0.702603
    outer loop
      vertex 40.2232 103.568 1.05
      vertex 40.0605 102.541 0
      vertex 39.6826 102.631 0
    endloop
  endfacet
  facet normal -0.372438 -0.606247 -0.702677
    outer loop
      vertex 41.1265 106.281 1.05
      vertex 41.5823 107.218 0
      vertex 41.3023 106.173 1.05
    endloop
  endfacet
  facet normal -0.34137 -0.62281 -0.703971
    outer loop
      vertex 41.1171 106.287 1.04925
      vertex 41.5823 107.218 0
      vertex 41.1265 106.281 1.05
    endloop
  endfacet
  facet normal -0.396373 -0.59241 -0.701383
    outer loop
      vertex 41.1083 106.292 1.05
      vertex 41.5823 107.218 0
      vertex 41.1171 106.287 1.04925
    endloop
  endfacet
  facet normal -0.481621 -0.866918 0.128432
    outer loop
      vertex 41.1083 106.292 1.05
      vertex 41.1171 106.287 1.04925
      vertex 41.1137 106.289 1.05
    endloop
  endfacet
  facet normal -0.345096 -0.621172 -0.703601
    outer loop
      vertex 41.5823 107.218 0
      vertex 41.1083 106.292 1.05
      vertex 41.5805 107.219 0
    endloop
  endfacet
  facet normal 0.606581 -0.371765 -0.702745
    outer loop
      vertex 38.4343 106.462 0
      vertex 39.2769 105.852 1.05
      vertex 39.158 105.658 1.05
    endloop
  endfacet
  facet normal 0.610288 -0.366173 -0.702471
    outer loop
      vertex 39.2769 105.852 1.05
      vertex 38.4343 106.462 0
      vertex 38.4355 106.464 0
    endloop
  endfacet
  facet normal -0.65742 -0.272307 -0.702601
    outer loop
      vertex 42.6695 106.128 0
      vertex 42.8182 105.769 0
      vertex 41.829 105.448 1.05
    endloop
  endfacet
  facet normal 0.69183 0.166227 -0.702666
    outer loop
      vertex 37.9911 104.608 0
      vertex 39.0179 104.773 1.05
      vertex 39.071 104.552 1.05
    endloop
  endfacet
  facet normal 0.69053 0.172632 -0.7024
    outer loop
      vertex 39.0179 104.773 1.05
      vertex 37.9911 104.608 0
      vertex 37.9906 104.61 0
    endloop
  endfacet
  facet normal 0.164858 -0.692221 -0.702603
    outer loop
      vertex 40.0605 107.459 0
      vertex 40.2232 106.432 1.05
      vertex 39.6826 107.369 0
    endloop
  endfacet
  facet normal 0.607063 -0.371186 -0.702634
    outer loop
      vertex 38.4343 106.462 0
      vertex 39.158 105.658 1.05
      vertex 38.2313 106.13 0
    endloop
  endfacet
  facet normal -0.691811 -0.166438 -0.702635
    outer loop
      vertex 42.8182 105.769 0
      vertex 42.9089 105.392 0
      vertex 41.829 105.448 1.05
    endloop
  endfacet
  facet normal -0.540946 -0.462149 -0.702706
    outer loop
      vertex 41.4753 106.025 1.05
      vertex 42.2122 106.759 0
      vertex 41.6231 105.852 1.05
    endloop
  endfacet
  facet normal -0.586329 -0.41043 -0.698402
    outer loop
      vertex 42.2122 106.759 0
      vertex 41.4753 106.025 1.05
      vertex 42.2108 106.761 0
    endloop
  endfacet
  facet normal -0.056761 -0.70933 -0.702588
    outer loop
      vertex 40.8395 107.459 0
      vertex 40.6768 106.432 1.05
      vertex 40.4521 107.49 0
    endloop
  endfacet
  facet normal 0.657407 -0.272302 -0.702615
    outer loop
      vertex 38.2313 106.13 0
      vertex 39.158 105.658 1.05
      vertex 38.0826 105.771 0
    endloop
  endfacet
  facet normal 0.165702 -0.691884 -0.702737
    outer loop
      vertex 40.0019 106.379 1.05
      vertex 39.6826 107.369 0
      vertex 40.2232 106.432 1.05
    endloop
  endfacet
  facet normal 0.306756 -0.644187 -0.700659
    outer loop
      vertex 39.6826 107.369 0
      vertex 40.0019 106.379 1.05
      vertex 39.6805 107.368 0
    endloop
  endfacet
  facet normal 0 0 -1
    outer loop
      vertex 41.9 105 1.05
      vertex 41.8821 104.773 1.05
      vertex 41.851 104.643 1.05
    endloop
  endfacet
  facet normal 0 0 -1
    outer loop
      vertex 39.0163 104.792 1.05
      vertex 39.071 104.552 1.05
      vertex 39.0179 104.773 1.05
    endloop
  endfacet
  facet normal 0 0 -1
    outer loop
      vertex 39.071 104.552 1.05
      vertex 39.0163 104.792 1.05
      vertex 39.1104 104.457 1.05
    endloop
  endfacet
  facet normal 0 0 -1
    outer loop
      vertex 40.8981 103.621 1.05
      vertex 41.1137 103.711 1.05
      vertex 41.1083 103.708 1.05
    endloop
  endfacet
  facet normal 0 0 -1
    outer loop
      vertex 41.1137 103.711 1.05
      vertex 40.8981 103.621 1.05
      vertex 40.7788 103.592 1.05
    endloop
  endfacet
  facet normal 0 0 -1
    outer loop
      vertex 39.312 105.893 1.05
      vertex 39.158 105.658 1.05
      vertex 39.2769 105.852 1.05
    endloop
  endfacet
  facet normal 0 -0 -1
    outer loop
      vertex 39.158 105.658 1.05
      vertex 39.312 105.893 1.05
      vertex 39.1345 105.601 1.05
    endloop
  endfacet
  facet normal 0 0 -1
    outer loop
      vertex 41.8383 105.409 1.05
      vertex 41.742 105.658 1.05
      vertex 41.829 105.448 1.05
    endloop
  endfacet
  facet normal -0 -0 -1
    outer loop
      vertex 41.742 105.658 1.05
      vertex 41.8383 105.409 1.05
      vertex 41.7016 105.724 1.05
    endloop
  endfacet
  facet normal 0 0 -1
    outer loop
      vertex 39.158 104.342 1.05
      vertex 39.312 104.107 1.05
      vertex 39.2769 104.148 1.05
    endloop
  endfacet
  facet normal 0 0 -1
    outer loop
      vertex 39.312 104.107 1.05
      vertex 39.158 104.342 1.05
      vertex 39.1345 104.399 1.05
    endloop
  endfacet
  facet normal 0 0 -1
    outer loop
      vertex 41.4504 103.953 1.05
      vertex 41.6231 104.148 1.05
      vertex 41.4753 103.975 1.05
    endloop
  endfacet
  facet normal -0 0 -1
    outer loop
      vertex 41.6231 104.148 1.05
      vertex 41.4504 103.953 1.05
      vertex 41.6677 104.221 1.05
    endloop
  endfacet
  facet normal 0 0 -1
    outer loop
      vertex 39.9779 103.631 1.05
      vertex 40.2232 103.568 1.05
      vertex 40.0019 103.621 1.05
    endloop
  endfacet
  facet normal 0 0 -1
    outer loop
      vertex 40.2232 103.568 1.05
      vertex 39.9779 103.631 1.05
      vertex 40.3169 103.56 1.05
    endloop
  endfacet
  facet normal 0 0 -1
    outer loop
      vertex 39.4247 103.975 1.05
      vertex 39.6086 103.82 1.05
      vertex 39.5977 103.827 1.05
    endloop
  endfacet
  facet normal 0 0 -1
    outer loop
      vertex 39.6086 103.82 1.05
      vertex 39.4247 103.975 1.05
      vertex 39.3516 104.06 1.05
    endloop
  endfacet
  facet normal -0 -0 -1
    outer loop
      vertex 41.3023 106.173 1.05
      vertex 41.4127 106.079 1.05
      vertex 41.1265 106.281 1.05
    endloop
  endfacet
  facet normal 0 0 -1
    outer loop
      vertex 41.4504 106.047 1.05
      vertex 41.6231 105.852 1.05
      vertex 41.6677 105.779 1.05
    endloop
  endfacet
  facet normal 0 0 -1
    outer loop
      vertex 41.6231 105.852 1.05
      vertex 41.4504 106.047 1.05
      vertex 41.4753 106.025 1.05
    endloop
  endfacet
  facet normal 0 0 -1
    outer loop
      vertex 39.0163 105.208 1.05
      vertex 39.071 105.448 1.05
      vertex 39.1104 105.543 1.05
    endloop
  endfacet
  facet normal 0 0 -1
    outer loop
      vertex 39.071 105.448 1.05
      vertex 39.0163 105.208 1.05
      vertex 39.0179 105.227 1.05
    endloop
  endfacet
  facet normal 0 0 -1
    outer loop
      vertex 40.45 103.55 1.05
      vertex 40.7223 103.579 1.05
      vertex 40.6768 103.568 1.05
    endloop
  endfacet
  facet normal 0 0 -1
    outer loop
      vertex 40.7223 103.579 1.05
      vertex 40.45 103.55 1.05
      vertex 40.381 103.555 1.05
    endloop
  endfacet
  facet normal 0 0 -1
    outer loop
      vertex 41.742 104.342 1.05
      vertex 41.8383 104.591 1.05
      vertex 41.829 104.552 1.05
    endloop
  endfacet
  facet normal 0 0 -1
    outer loop
      vertex 41.8383 104.591 1.05
      vertex 41.742 104.342 1.05
      vertex 41.7016 104.276 1.05
    endloop
  endfacet
  facet normal 0 0 -1
    outer loop
      vertex 39.9377 103.648 1.05
      vertex 39.7917 103.708 1.05
      vertex 39.6314 103.806 1.05
    endloop
  endfacet
  facet normal 0 0 -1
    outer loop
      vertex 39.6086 106.18 1.05
      vertex 39.4247 106.025 1.05
      vertex 39.5977 106.173 1.05
    endloop
  endfacet
  facet normal 0 -0 -1
    outer loop
      vertex 39.4247 106.025 1.05
      vertex 39.6086 106.18 1.05
      vertex 39.3516 105.94 1.05
    endloop
  endfacet
  facet normal -0 -0 -1
    outer loop
      vertex 41.8821 105.227 1.05
      vertex 41.9 105 1.05
      vertex 41.851 105.357 1.05
    endloop
  endfacet
  facet normal 0 -0 -1
    outer loop
      vertex 39.0135 105.172 1.05
      vertex 39.0135 104.828 1.05
      vertex 39 105 1.05
    endloop
  endfacet
  facet normal 0 0 -1
    outer loop
      vertex 40.7223 106.421 1.05
      vertex 40.45 106.45 1.05
      vertex 40.6768 106.432 1.05
    endloop
  endfacet
  facet normal 0 -0 -1
    outer loop
      vertex 40.45 106.45 1.05
      vertex 40.7223 106.421 1.05
      vertex 40.381 106.445 1.05
    endloop
  endfacet
  facet normal 0 0 -1
    outer loop
      vertex 39.9779 106.369 1.05
      vertex 40.2232 106.432 1.05
      vertex 40.3169 106.44 1.05
    endloop
  endfacet
  facet normal 0 0 -1
    outer loop
      vertex 40.2232 106.432 1.05
      vertex 39.9779 106.369 1.05
      vertex 40.0019 106.379 1.05
    endloop
  endfacet
  facet normal 0 0 -1
    outer loop
      vertex 41.1137 106.289 1.05
      vertex 40.8981 106.379 1.05
      vertex 41.1083 106.292 1.05
    endloop
  endfacet
  facet normal -0 -0 -1
    outer loop
      vertex 40.8981 106.379 1.05
      vertex 41.1137 106.289 1.05
      vertex 40.7788 106.408 1.05
    endloop
  endfacet
  facet normal 0 0 -1
    outer loop
      vertex 41.4127 103.921 1.05
      vertex 41.3023 103.827 1.05
      vertex 41.1265 103.719 1.05
    endloop
  endfacet
  facet normal 0 -0 -1
    outer loop
      vertex 39.7917 106.292 1.05
      vertex 39.9377 106.352 1.05
      vertex 39.6314 106.194 1.05
    endloop
  endfacet
  facet normal -0.371672 0.606575 -0.702799
    outer loop
      vertex 41.9136 102.985 0
      vertex 41.5823 102.782 0
      vertex 41.3023 103.827 1.05
    endloop
  endfacet
  facet normal -0.311748 0.654671 -0.688636
    outer loop
      vertex 40.8374 102.54 0
      vertex 40.6768 103.568 1.05
      vertex 40.8395 102.541 0
    endloop
  endfacet
  facet normal -0.0562781 0.709104 -0.702854
    outer loop
      vertex 40.6768 103.568 1.05
      vertex 40.8374 102.54 0
      vertex 40.45 103.55 1.05
    endloop
  endfacet
  facet normal 0.539747 0.464182 -0.702288
    outer loop
      vertex 38.4369 103.535 0
      vertex 39.3516 104.06 1.05
      vertex 39.4247 103.975 1.05
    endloop
  endfacet
  facet normal 0.526163 0.450447 -0.721284
    outer loop
      vertex 39.3252 104.085 1.04589
      vertex 39.2769 104.148 1.05
      vertex 39.312 104.107 1.05
    endloop
  endfacet
  facet normal 0.543693 0.458579 -0.702924
    outer loop
      vertex 39.3516 104.06 1.05
      vertex 38.4369 103.535 0
      vertex 39.3252 104.085 1.04589
    endloop
  endfacet
  facet normal 0.541781 0.461207 -0.702682
    outer loop
      vertex 38.4369 103.535 0
      vertex 39.2769 104.148 1.05
      vertex 39.3252 104.085 1.04589
    endloop
  endfacet
  facet normal 0.423494 0.592892 -0.684932
    outer loop
      vertex 39.2769 104.148 1.05
      vertex 38.4369 103.535 0
      vertex 38.4355 103.536 0
    endloop
  endfacet
  facet normal -0.661013 0.264405 -0.702248
    outer loop
      vertex 41.742 104.342 1.05
      vertex 42.6695 103.872 0
      vertex 42.6687 103.87 0
    endloop
  endfacet
  facet normal -0.657395 0.272349 -0.702608
    outer loop
      vertex 42.6695 103.872 0
      vertex 41.742 104.342 1.05
      vertex 41.829 104.552 1.05
    endloop
  endfacet
  facet normal -0.461618 -0.541303 -0.70278
    outer loop
      vertex 41.9153 107.013 0
      vertex 42.2108 106.761 0
      vertex 41.4753 106.025 1.05
    endloop
  endfacet
  facet normal -0.65742 0.272307 -0.702601
    outer loop
      vertex 42.8182 104.231 0
      vertex 42.6695 103.872 0
      vertex 41.829 104.552 1.05
    endloop
  endfacet
  facet normal -0.657395 -0.272349 -0.702608
    outer loop
      vertex 41.742 105.658 1.05
      vertex 42.6695 106.128 0
      vertex 41.829 105.448 1.05
    endloop
  endfacet
  facet normal -0.661013 -0.264405 -0.702248
    outer loop
      vertex 42.6695 106.128 0
      vertex 41.742 105.658 1.05
      vertex 42.6687 106.13 0
    endloop
  endfacet
  facet normal -0.371672 -0.606575 -0.702799
    outer loop
      vertex 41.5823 107.218 0
      vertex 41.9136 107.015 0
      vertex 41.3023 106.173 1.05
    endloop
  endfacet
  facet normal 0.629285 0.259442 -0.732591
    outer loop
      vertex 39.158 104.342 1.05
      vertex 39.12 104.422 1.04569
      vertex 39.1345 104.399 1.05
    endloop
  endfacet
  facet normal 0.658959 0.267321 -0.703074
    outer loop
      vertex 38.0826 104.229 0
      vertex 39.1104 104.457 1.05
      vertex 39.12 104.422 1.04569
    endloop
  endfacet
  facet normal 0.656926 0.274202 -0.702326
    outer loop
      vertex 38.0826 104.229 0
      vertex 39.12 104.422 1.04569
      vertex 39.158 104.342 1.05
    endloop
  endfacet
  facet normal 0.6573 0.272606 -0.702597
    outer loop
      vertex 39.1104 104.457 1.05
      vertex 38.0826 104.229 0
      vertex 39.071 104.552 1.05
    endloop
  endfacet
  facet normal 0.6604 0.26416 -0.702917
    outer loop
      vertex 39.071 104.552 1.05
      vertex 38.0826 104.229 0
      vertex 38.0818 104.231 0
    endloop
  endfacet
  facet normal -0.540659 -0.462401 -0.702761
    outer loop
      vertex 42.2122 106.759 0
      vertex 42.4645 106.464 0
      vertex 41.6231 105.852 1.05
    endloop
  endfacet
  facet normal -0.271199 -0.657841 -0.702636
    outer loop
      vertex 41.2195 107.368 0
      vertex 41.5785 107.22 0
      vertex 40.8981 106.379 1.05
    endloop
  endfacet
  facet normal 0.709337 -0.0559038 -0.702649
    outer loop
      vertex 37.9904 105.387 0
      vertex 39 105 1.05
      vertex 37.9599 105 0
    endloop
  endfacet
  facet normal 0.461618 0.541303 -0.70278
    outer loop
      vertex 39.4247 103.975 1.05
      vertex 38.9847 102.987 0
      vertex 38.6892 103.239 0
    endloop
  endfacet
  facet normal -0.709338 -0.0557598 -0.702659
    outer loop
      vertex 42.9094 105.39 0
      vertex 42.9399 105.002 0
      vertex 41.8821 105.227 1.05
    endloop
  endfacet
  facet normal 0.709337 0.0559038 -0.702649
    outer loop
      vertex 39 105 1.05
      vertex 37.9904 104.613 0
      vertex 37.9599 105 0
    endloop
  endfacet
  facet normal -0.709338 0.0557598 -0.702659
    outer loop
      vertex 42.9399 104.998 0
      vertex 42.9094 104.61 0
      vertex 41.8821 104.773 1.05
    endloop
  endfacet
  facet normal 0.462568 -0.540705 -0.702616
    outer loop
      vertex 38.9847 107.013 0
      vertex 39.5977 106.173 1.05
      vertex 39.4247 106.025 1.05
    endloop
  endfacet
  facet normal 0.548845 -0.466518 -0.693635
    outer loop
      vertex 39.5977 106.173 1.05
      vertex 38.9847 107.013 0
      vertex 38.9864 107.015 0
    endloop
  endfacet
  facet normal -0.708662 -0.0708662 -0.70198
    outer loop
      vertex 41.9 105 1.05
      vertex 42.9399 105.002 0
      vertex 42.9401 105 0
    endloop
  endfacet
  facet normal -0.70935 -0.0559355 -0.702633
    outer loop
      vertex 42.9399 105.002 0
      vertex 41.9 105 1.05
      vertex 41.8821 105.227 1.05
    endloop
  endfacet
  facet normal -0.540659 0.462401 -0.702761
    outer loop
      vertex 42.4645 103.536 0
      vertex 42.2122 103.241 0
      vertex 41.6231 104.148 1.05
    endloop
  endfacet
  facet normal 0.281369 0.675285 -0.681778
    outer loop
      vertex 40.0019 103.621 1.05
      vertex 39.9644 103.634 1.0474
      vertex 39.9779 103.631 1.05
    endloop
  endfacet
  facet normal 0.275188 0.655441 -0.703327
    outer loop
      vertex 39.3215 102.78 0
      vertex 39.9377 103.648 1.05
      vertex 39.9644 103.634 1.0474
    endloop
  endfacet
  facet normal 0.275857 0.655056 -0.703424
    outer loop
      vertex 39.3215 102.78 0
      vertex 39.9644 103.634 1.0474
      vertex 40.0019 103.621 1.05
    endloop
  endfacet
  facet normal 0.27044 0.65807 -0.702714
    outer loop
      vertex 39.9377 103.648 1.05
      vertex 39.3215 102.78 0
      vertex 39.7917 103.708 1.05
    endloop
  endfacet
  facet normal 0.317691 0.635381 -0.703821
    outer loop
      vertex 39.7917 103.708 1.05
      vertex 39.3215 102.78 0
      vertex 39.3195 102.781 0
    endloop
  endfacet
  facet normal 0.165702 0.691884 -0.702737
    outer loop
      vertex 39.6826 102.631 0
      vertex 40.0019 103.621 1.05
      vertex 40.2232 103.568 1.05
    endloop
  endfacet
  facet normal 0.306756 0.644187 -0.700659
    outer loop
      vertex 40.0019 103.621 1.05
      vertex 39.6826 102.631 0
      vertex 39.6805 102.632 0
    endloop
  endfacet
  facet normal 0.691811 -0.166438 -0.702635
    outer loop
      vertex 38.0818 105.769 0
      vertex 39.071 105.448 1.05
      vertex 37.9911 105.392 0
    endloop
  endfacet
  facet normal -0.306756 0.644187 -0.700659
    outer loop
      vertex 41.2174 102.631 0
      vertex 40.8981 103.621 1.05
      vertex 41.2195 102.632 0
    endloop
  endfacet
  facet normal -0.168028 0.69123 -0.702828
    outer loop
      vertex 41.2174 102.631 0
      vertex 40.7788 103.592 1.05
      vertex 40.8981 103.621 1.05
    endloop
  endfacet
  facet normal -0.166034 0.691918 -0.702625
    outer loop
      vertex 41.2174 102.631 0
      vertex 40.745 103.58 1.04617
      vertex 40.7788 103.592 1.05
    endloop
  endfacet
  facet normal -0.161463 0.693571 -0.70206
    outer loop
      vertex 40.6768 103.568 1.05
      vertex 40.745 103.58 1.04617
      vertex 41.2174 102.631 0
    endloop
  endfacet
  facet normal -0.15504 0.641301 -0.751463
    outer loop
      vertex 40.745 103.58 1.04617
      vertex 40.6768 103.568 1.05
      vertex 40.7223 103.579 1.05
    endloop
  endfacet
  facet normal 0.548845 0.466518 -0.693635
    outer loop
      vertex 38.9847 102.987 0
      vertex 39.5977 103.827 1.05
      vertex 38.9864 102.985 0
    endloop
  endfacet
  facet normal 0.462568 0.540705 -0.702616
    outer loop
      vertex 39.5977 103.827 1.05
      vertex 38.9847 102.987 0
      vertex 39.4247 103.975 1.05
    endloop
  endfacet
  facet normal 0.710305 -0.0473536 -0.7023
    outer loop
      vertex 39.0179 105.227 1.05
      vertex 37.9904 105.387 0
      vertex 37.9906 105.39 0
    endloop
  endfacet
  facet normal 0.736715 -0.0620391 -0.673352
    outer loop
      vertex 39.0135 105.197 1.04795
      vertex 39.0179 105.227 1.05
      vertex 39.0163 105.208 1.05
    endloop
  endfacet
  facet normal 0.70932 -0.0560188 -0.702657
    outer loop
      vertex 39.0179 105.227 1.05
      vertex 39.0135 105.197 1.04795
      vertex 37.9904 105.387 0
    endloop
  endfacet
  facet normal 0.709108 -0.0576248 -0.702741
    outer loop
      vertex 39.0135 105.172 1.05
      vertex 37.9904 105.387 0
      vertex 39.0135 105.197 1.04795
    endloop
  endfacet
  facet normal 0.709388 -0.0556787 -0.702615
    outer loop
      vertex 37.9904 105.387 0
      vertex 39.0135 105.172 1.05
      vertex 39 105 1.05
    endloop
  endfacet
  facet normal 0.709108 0.0576248 -0.702741
    outer loop
      vertex 37.9904 104.613 0
      vertex 39.0135 104.828 1.05
      vertex 39.0135 104.803 1.04795
    endloop
  endfacet
  facet normal 0.736715 0.0620391 -0.673352
    outer loop
      vertex 39.0179 104.773 1.05
      vertex 39.0135 104.803 1.04795
      vertex 39.0163 104.792 1.05
    endloop
  endfacet
  facet normal 0.709388 0.0556787 -0.702615
    outer loop
      vertex 39.0135 104.828 1.05
      vertex 37.9904 104.613 0
      vertex 39 105 1.05
    endloop
  endfacet
  facet normal 0.70932 0.0560188 -0.702657
    outer loop
      vertex 39.0179 104.773 1.05
      vertex 37.9904 104.613 0
      vertex 39.0135 104.803 1.04795
    endloop
  endfacet
  facet normal 0.710305 0.0473536 -0.7023
    outer loop
      vertex 37.9904 104.613 0
      vertex 39.0179 104.773 1.05
      vertex 37.9906 104.61 0
    endloop
  endfacet
  facet normal 0.69183 -0.166227 -0.702666
    outer loop
      vertex 39.0179 105.227 1.05
      vertex 37.9911 105.392 0
      vertex 39.071 105.448 1.05
    endloop
  endfacet
  facet normal 0.69053 -0.172632 -0.7024
    outer loop
      vertex 37.9911 105.392 0
      vertex 39.0179 105.227 1.05
      vertex 37.9906 105.39 0
    endloop
  endfacet
  facet normal -0.306756 -0.644187 -0.700659
    outer loop
      vertex 40.8981 106.379 1.05
      vertex 41.2174 107.369 0
      vertex 41.2195 107.368 0
    endloop
  endfacet
  facet normal -0.168028 -0.69123 -0.702828
    outer loop
      vertex 40.7788 106.408 1.05
      vertex 41.2174 107.369 0
      vertex 40.8981 106.379 1.05
    endloop
  endfacet
  facet normal -0.166034 -0.691918 -0.702625
    outer loop
      vertex 40.745 106.42 1.04617
      vertex 41.2174 107.369 0
      vertex 40.7788 106.408 1.05
    endloop
  endfacet
  facet normal -0.15504 -0.641301 -0.751463
    outer loop
      vertex 40.6768 106.432 1.05
      vertex 40.745 106.42 1.04617
      vertex 40.7223 106.421 1.05
    endloop
  endfacet
  facet normal -0.161463 -0.693571 -0.70206
    outer loop
      vertex 40.745 106.42 1.04617
      vertex 40.6768 106.432 1.05
      vertex 41.2174 107.369 0
    endloop
  endfacet
  facet normal -0.317691 -0.635381 -0.703821
    outer loop
      vertex 41.1083 106.292 1.05
      vertex 41.5785 107.22 0
      vertex 41.5805 107.219 0
    endloop
  endfacet
  facet normal -0.272062 -0.657326 -0.702783
    outer loop
      vertex 41.5785 107.22 0
      vertex 41.1083 106.292 1.05
      vertex 40.8981 106.379 1.05
    endloop
  endfacet
  facet normal -0.467693 -0.537461 -0.701711
    outer loop
      vertex 41.4397 106.06 1.04692
      vertex 41.9153 107.013 0
      vertex 41.4753 106.025 1.05
    endloop
  endfacet
  facet normal -0.501308 -0.567389 -0.653269
    outer loop
      vertex 41.4397 106.06 1.04692
      vertex 41.4753 106.025 1.05
      vertex 41.4504 106.047 1.05
    endloop
  endfacet
  facet normal -0.461341 -0.541683 -0.702669
    outer loop
      vertex 41.4127 106.079 1.05
      vertex 41.9153 107.013 0
      vertex 41.4397 106.06 1.04692
    endloop
  endfacet
  facet normal -0.461262 -0.541737 -0.702679
    outer loop
      vertex 41.3023 106.173 1.05
      vertex 41.9153 107.013 0
      vertex 41.4127 106.079 1.05
    endloop
  endfacet
  facet normal -0.548845 -0.466518 -0.693635
    outer loop
      vertex 41.9153 107.013 0
      vertex 41.3023 106.173 1.05
      vertex 41.9136 107.015 0
    endloop
  endfacet
  facet normal -0.622697 0.342483 -0.703529
    outer loop
      vertex 42.6676 103.868 0
      vertex 41.742 104.342 1.05
      vertex 42.6687 103.87 0
    endloop
  endfacet
  facet normal -0.606365 0.372356 -0.702618
    outer loop
      vertex 41.6889 104.247 1.04548
      vertex 41.742 104.342 1.05
      vertex 42.6676 103.868 0
    endloop
  endfacet
  facet normal -0.617366 0.377903 -0.689963
    outer loop
      vertex 41.742 104.342 1.05
      vertex 41.6889 104.247 1.04548
      vertex 41.7016 104.276 1.05
    endloop
  endfacet
  facet normal -0.606895 0.371287 -0.702726
    outer loop
      vertex 41.6231 104.148 1.05
      vertex 41.6889 104.247 1.04548
      vertex 42.6676 103.868 0
    endloop
  endfacet
  facet normal -0.602365 0.36802 -0.708321
    outer loop
      vertex 41.6889 104.247 1.04548
      vertex 41.6231 104.148 1.05
      vertex 41.6677 104.221 1.05
    endloop
  endfacet
  facet normal -0.69053 -0.172632 -0.7024
    outer loop
      vertex 41.8821 105.227 1.05
      vertex 42.9089 105.392 0
      vertex 42.9094 105.39 0
    endloop
  endfacet
  facet normal -0.691968 -0.16554 -0.702692
    outer loop
      vertex 41.851 105.357 1.05
      vertex 42.9089 105.392 0
      vertex 41.8821 105.227 1.05
    endloop
  endfacet
  facet normal -0.691401 -0.169694 -0.702259
    outer loop
      vertex 41.8462 105.391 1.04651
      vertex 42.9089 105.392 0
      vertex 41.851 105.357 1.05
    endloop
  endfacet
  facet normal -0.685922 -0.163566 -0.709053
    outer loop
      vertex 41.829 105.448 1.05
      vertex 41.8462 105.391 1.04651
      vertex 41.8383 105.409 1.05
    endloop
  endfacet
  facet normal -0.691874 -0.165749 -0.702736
    outer loop
      vertex 41.8462 105.391 1.04651
      vertex 41.829 105.448 1.05
      vertex 42.9089 105.392 0
    endloop
  endfacet
  facet normal -0.691811 0.166438 -0.702635
    outer loop
      vertex 42.9089 104.608 0
      vertex 42.8182 104.231 0
      vertex 41.829 104.552 1.05
    endloop
  endfacet
  facet normal -0.69053 0.172632 -0.7024
    outer loop
      vertex 42.9089 104.608 0
      vertex 41.8821 104.773 1.05
      vertex 42.9094 104.61 0
    endloop
  endfacet
  facet normal -0.691968 0.16554 -0.702692
    outer loop
      vertex 42.9089 104.608 0
      vertex 41.851 104.643 1.05
      vertex 41.8821 104.773 1.05
    endloop
  endfacet
  facet normal -0.691401 0.169694 -0.702259
    outer loop
      vertex 42.9089 104.608 0
      vertex 41.8462 104.609 1.04651
      vertex 41.851 104.643 1.05
    endloop
  endfacet
  facet normal -0.691874 0.165749 -0.702736
    outer loop
      vertex 41.829 104.552 1.05
      vertex 41.8462 104.609 1.04651
      vertex 42.9089 104.608 0
    endloop
  endfacet
  facet normal -0.685922 0.163566 -0.709053
    outer loop
      vertex 41.8462 104.609 1.04651
      vertex 41.829 104.552 1.05
      vertex 41.8383 104.591 1.05
    endloop
  endfacet
  facet normal 0.541436 0.461501 -0.702754
    outer loop
      vertex 39.4247 103.975 1.05
      vertex 38.6892 103.239 0
      vertex 38.4369 103.535 0
    endloop
  endfacet
  facet normal 0.541436 -0.461501 -0.702754
    outer loop
      vertex 38.6892 106.761 0
      vertex 39.4247 106.025 1.05
      vertex 38.4369 106.465 0
    endloop
  endfacet
  facet normal 0.281369 -0.675285 -0.681778
    outer loop
      vertex 39.9644 106.366 1.0474
      vertex 40.0019 106.379 1.05
      vertex 39.9779 106.369 1.05
    endloop
  endfacet
  facet normal 0.27044 -0.65807 -0.702714
    outer loop
      vertex 39.3215 107.22 0
      vertex 39.9377 106.352 1.05
      vertex 39.7917 106.292 1.05
    endloop
  endfacet
  facet normal 0.275857 -0.655056 -0.703424
    outer loop
      vertex 39.9644 106.366 1.0474
      vertex 39.3215 107.22 0
      vertex 40.0019 106.379 1.05
    endloop
  endfacet
  facet normal 0.275188 -0.655441 -0.703327
    outer loop
      vertex 39.9377 106.352 1.05
      vertex 39.3215 107.22 0
      vertex 39.9644 106.366 1.0474
    endloop
  endfacet
  facet normal 0.317691 -0.635381 -0.703821
    outer loop
      vertex 39.3215 107.22 0
      vertex 39.7917 106.292 1.05
      vertex 39.3195 107.219 0
    endloop
  endfacet
  facet normal 0.271199 -0.657841 -0.702636
    outer loop
      vertex 39.6805 107.368 0
      vertex 40.0019 106.379 1.05
      vertex 39.3215 107.22 0
    endloop
  endfacet
  facet normal -0.345096 0.621172 -0.703601
    outer loop
      vertex 41.1083 103.708 1.05
      vertex 41.5823 102.782 0
      vertex 41.5805 102.781 0
    endloop
  endfacet
  facet normal -0.372438 0.606247 -0.702677
    outer loop
      vertex 41.5823 102.782 0
      vertex 41.1265 103.719 1.05
      vertex 41.3023 103.827 1.05
    endloop
  endfacet
  facet normal -0.34137 0.62281 -0.703971
    outer loop
      vertex 41.5823 102.782 0
      vertex 41.1171 103.713 1.04925
      vertex 41.1265 103.719 1.05
    endloop
  endfacet
  facet normal -0.396373 0.59241 -0.701383
    outer loop
      vertex 41.5823 102.782 0
      vertex 41.1083 103.708 1.05
      vertex 41.1171 103.713 1.04925
    endloop
  endfacet
  facet normal -0.481621 0.866918 0.128432
    outer loop
      vertex 41.1171 103.713 1.04925
      vertex 41.1083 103.708 1.05
      vertex 41.1137 103.711 1.05
    endloop
  endfacet
  facet normal -0.548845 0.466518 -0.693635
    outer loop
      vertex 41.3023 103.827 1.05
      vertex 41.9153 102.987 0
      vertex 41.9136 102.985 0
    endloop
  endfacet
  facet normal -0.467693 0.537461 -0.701711
    outer loop
      vertex 41.9153 102.987 0
      vertex 41.4397 103.94 1.04692
      vertex 41.4753 103.975 1.05
    endloop
  endfacet
  facet normal -0.501308 0.567389 -0.653269
    outer loop
      vertex 41.4753 103.975 1.05
      vertex 41.4397 103.94 1.04692
      vertex 41.4504 103.953 1.05
    endloop
  endfacet
  facet normal -0.461341 0.541683 -0.702669
    outer loop
      vertex 41.9153 102.987 0
      vertex 41.4127 103.921 1.05
      vertex 41.4397 103.94 1.04692
    endloop
  endfacet
  facet normal -0.461262 0.541737 -0.702679
    outer loop
      vertex 41.9153 102.987 0
      vertex 41.3023 103.827 1.05
      vertex 41.4127 103.921 1.05
    endloop
  endfacet
  facet normal -0.164858 -0.692221 -0.702603
    outer loop
      vertex 40.8395 107.459 0
      vertex 41.2174 107.369 0
      vertex 40.6768 106.432 1.05
    endloop
  endfacet
  facet normal -0 -0.710482 -0.703715
    outer loop
      vertex 40.4521 107.49 0
      vertex 40.45 106.45 1.05
      vertex 40.45 107.49 0
    endloop
  endfacet
  facet normal -0.0562936 -0.709299 -0.702656
    outer loop
      vertex 40.45 106.45 1.05
      vertex 40.4521 107.49 0
      vertex 40.6768 106.432 1.05
    endloop
  endfacet
  facet normal 0.657407 0.272302 -0.702615
    outer loop
      vertex 39.158 104.342 1.05
      vertex 38.2313 103.87 0
      vertex 38.0826 104.229 0
    endloop
  endfacet
  facet normal 0.607063 0.371186 -0.702634
    outer loop
      vertex 39.158 104.342 1.05
      vertex 38.4343 103.538 0
      vertex 38.2313 103.87 0
    endloop
  endfacet
  facet normal -0.0549362 0.709409 -0.702653
    outer loop
      vertex 40.8374 102.54 0
      vertex 40.45 102.51 0
      vertex 40.45 103.55 1.05
    endloop
  endfacet
  facet normal 0.0549362 0.709409 -0.702653
    outer loop
      vertex 40.45 103.55 1.05
      vertex 40.45 102.51 0
      vertex 40.0626 102.54 0
    endloop
  endfacet
  facet normal 0.368496 -0.60811 -0.703145
    outer loop
      vertex 39.3177 107.218 0
      vertex 39.6314 106.194 1.05
      vertex 39.6138 106.185 1.04856
    endloop
  endfacet
  facet normal 0.387813 -0.60388 -0.69637
    outer loop
      vertex 39.5977 106.173 1.05
      vertex 39.6138 106.185 1.04856
      vertex 39.6086 106.18 1.05
    endloop
  endfacet
  facet normal 0.371066 -0.606958 -0.702789
    outer loop
      vertex 39.6314 106.194 1.05
      vertex 39.3177 107.218 0
      vertex 39.7917 106.292 1.05
    endloop
  endfacet
  facet normal 0.385099 -0.600743 -0.700576
    outer loop
      vertex 39.3177 107.218 0
      vertex 39.6138 106.185 1.04856
      vertex 39.5977 106.173 1.05
    endloop
  endfacet
  facet normal 0.345096 -0.621172 -0.703601
    outer loop
      vertex 39.7917 106.292 1.05
      vertex 39.3177 107.218 0
      vertex 39.3195 107.219 0
    endloop
  endfacet
  facet normal 0.543693 -0.458579 -0.702924
    outer loop
      vertex 38.4369 106.465 0
      vertex 39.3516 105.94 1.05
      vertex 39.3252 105.915 1.04589
    endloop
  endfacet
  facet normal 0.526163 -0.450447 -0.721284
    outer loop
      vertex 39.2769 105.852 1.05
      vertex 39.3252 105.915 1.04589
      vertex 39.312 105.893 1.05
    endloop
  endfacet
  facet normal 0.539747 -0.464182 -0.702288
    outer loop
      vertex 39.3516 105.94 1.05
      vertex 38.4369 106.465 0
      vertex 39.4247 106.025 1.05
    endloop
  endfacet
  facet normal 0.541781 -0.461207 -0.702682
    outer loop
      vertex 39.2769 105.852 1.05
      vertex 38.4369 106.465 0
      vertex 39.3252 105.915 1.04589
    endloop
  endfacet
  facet normal 0.423494 -0.592892 -0.684932
    outer loop
      vertex 38.4369 106.465 0
      vertex 39.2769 105.852 1.05
      vertex 38.4355 106.464 0
    endloop
  endfacet
  facet normal 0.056761 -0.70933 -0.702588
    outer loop
      vertex 40.4479 107.49 0
      vertex 40.2232 106.432 1.05
      vertex 40.0605 107.459 0
    endloop
  endfacet
  facet normal 0.0627472 -0.734927 -0.675237
    outer loop
      vertex 40.2232 106.432 1.05
      vertex 40.351 106.447 1.04555
      vertex 40.3169 106.44 1.05
    endloop
  endfacet
  facet normal 0.0588169 -0.709464 -0.702283
    outer loop
      vertex 40.351 106.447 1.04555
      vertex 40.2232 106.432 1.05
      vertex 40.4479 107.49 0
    endloop
  endfacet
  facet normal 0.0527793 -0.728354 -0.683165
    outer loop
      vertex 40.351 106.447 1.04555
      vertex 40.45 106.45 1.05
      vertex 40.381 106.445 1.05
    endloop
  endfacet
  facet normal 0.0530872 -0.709427 -0.702777
    outer loop
      vertex 40.4479 107.49 0
      vertex 40.45 106.45 1.05
      vertex 40.351 106.447 1.04555
    endloop
  endfacet
  facet normal 0 -0.710482 -0.703715
    outer loop
      vertex 40.45 106.45 1.05
      vertex 40.4479 107.49 0
      vertex 40.45 107.49 0
    endloop
  endfacet
  facet normal -0.309043 -0.951048 0
    outer loop
      vertex 1.54999 94.4 0
      vertex 1.90266 94.2854 1.2
      vertex 1.54999 94.4 1.2
    endloop
  endfacet
  facet normal -0.309043 -0.951048 -0
    outer loop
      vertex 1.90266 94.2854 1.2
      vertex 1.54999 94.4 0
      vertex 1.90266 94.2854 0
    endloop
  endfacet
  facet normal -0.891002 -0.454 0
    outer loop
      vertex 2.14999 93.8 0
      vertex 1.90266 94.2854 1.2
      vertex 1.90266 94.2854 0
    endloop
  endfacet
  facet normal -0.891002 -0.454 0
    outer loop
      vertex 1.90266 94.2854 1.2
      vertex 2.14999 93.8 0
      vertex 2.14999 93.8 1.2
    endloop
  endfacet
  facet normal -0.951064 0.308995 0
    outer loop
      vertex 2.0354 89.8473 0
      vertex 2.14999 90.2 1.2
      vertex 2.14999 90.2 0
    endloop
  endfacet
  facet normal -0.951064 0.308995 0
    outer loop
      vertex 2.14999 90.2 1.2
      vertex 2.0354 89.8473 0
      vertex 2.0354 89.8473 1.2
    endloop
  endfacet
  facet normal 0.951056 -0.309019 0
    outer loop
      vertex -12.15 93.8 1.2
      vertex -12.0354 94.1527 0
      vertex -12.0354 94.1527 1.2
    endloop
  endfacet
  facet normal 0.951056 -0.309019 0
    outer loop
      vertex -12.0354 94.1527 0
      vertex -12.15 93.8 1.2
      vertex -12.15 93.8 0
    endloop
  endfacet
  facet normal 0.309019 0.951056 -0
    outer loop
      vertex -11.55 89.6 0
      vertex -11.9027 89.7146 1.2
      vertex -11.55 89.6 1.2
    endloop
  endfacet
  facet normal 0.309019 0.951056 0
    outer loop
      vertex -11.9027 89.7146 1.2
      vertex -11.55 89.6 0
      vertex -11.9027 89.7146 0
    endloop
  endfacet
  facet normal 0 1 -0
    outer loop
      vertex 1.54999 89.6 0
      vertex -11.55 89.6 1.2
      vertex 1.54999 89.6 1.2
    endloop
  endfacet
  facet normal 0 1 0
    outer loop
      vertex -11.55 89.6 1.2
      vertex 1.54999 89.6 0
      vertex -11.55 89.6 0
    endloop
  endfacet
  facet normal -1 0 0
    outer loop
      vertex 2.14999 90.2 0
      vertex 2.14999 93.8 1.2
      vertex 2.14999 93.8 0
    endloop
  endfacet
  facet normal -1 -0 0
    outer loop
      vertex 2.14999 93.8 1.2
      vertex 2.14999 90.2 0
      vertex 2.14999 90.2 1.2
    endloop
  endfacet
  facet normal 0 -1 0
    outer loop
      vertex -11.55 94.4 0
      vertex 1.54999 94.4 1.2
      vertex -11.55 94.4 1.2
    endloop
  endfacet
  facet normal 0 -1 -0
    outer loop
      vertex 1.54999 94.4 1.2
      vertex -11.55 94.4 0
      vertex 1.54999 94.4 0
    endloop
  endfacet
  facet normal -0.453949 0.891028 0
    outer loop
      vertex 2.0354 89.8473 0
      vertex 1.54999 89.6 1.2
      vertex 2.0354 89.8473 1.2
    endloop
  endfacet
  facet normal -0.453949 0.891028 0
    outer loop
      vertex 1.54999 89.6 1.2
      vertex 2.0354 89.8473 0
      vertex 1.54999 89.6 0
    endloop
  endfacet
  facet normal 1 -0 0
    outer loop
      vertex -12.15 90.2 1.2
      vertex -12.15 93.8 0
      vertex -12.15 93.8 1.2
    endloop
  endfacet
  facet normal 1 0 0
    outer loop
      vertex -12.15 93.8 0
      vertex -12.15 90.2 1.2
      vertex -12.15 90.2 0
    endloop
  endfacet
  facet normal 0.891024 0.453956 0
    outer loop
      vertex -11.9027 89.7146 1.2
      vertex -12.15 90.2 0
      vertex -12.15 90.2 1.2
    endloop
  endfacet
  facet normal 0.891024 0.453956 0
    outer loop
      vertex -12.15 90.2 0
      vertex -11.9027 89.7146 1.2
      vertex -11.9027 89.7146 0
    endloop
  endfacet
  facet normal 0.453956 -0.891024 0
    outer loop
      vertex -12.0354 94.1527 0
      vertex -11.55 94.4 1.2
      vertex -12.0354 94.1527 1.2
    endloop
  endfacet
  facet normal 0.453956 -0.891024 0
    outer loop
      vertex -11.55 94.4 1.2
      vertex -12.0354 94.1527 0
      vertex -11.55 94.4 0
    endloop
  endfacet
  facet normal 0 -1 0
    outer loop
      vertex -12.75 95 1.2
      vertex 2.75 95 2.4
      vertex -12.75 95 2.4
    endloop
  endfacet
  facet normal 0 -1 -0
    outer loop
      vertex 2.75 95 2.4
      vertex -12.75 95 1.2
      vertex 2.75 95 1.2
    endloop
  endfacet
  facet normal 0 0 1
    outer loop
      vertex 2.75 95 1.2
      vertex 2.14999 93.8 1.2
      vertex 2.75 89 1.2
    endloop
  endfacet
  facet normal 0 0 1
    outer loop
      vertex 2.75 95 1.2
      vertex 1.90266 94.2854 1.2
      vertex 2.14999 93.8 1.2
    endloop
  endfacet
  facet normal 0 0 1
    outer loop
      vertex 2.75 95 1.2
      vertex 1.54999 94.4 1.2
      vertex 1.90266 94.2854 1.2
    endloop
  endfacet
  facet normal 0 0 1
    outer loop
      vertex 2.75 95 1.2
      vertex -11.55 94.4 1.2
      vertex 1.54999 94.4 1.2
    endloop
  endfacet
  facet normal 0 0 1
    outer loop
      vertex -12.15 93.8 1.2
      vertex -12.75 95 1.2
      vertex -12.15 90.2 1.2
    endloop
  endfacet
  facet normal 0 0 1
    outer loop
      vertex -12.0354 94.1527 1.2
      vertex -12.75 95 1.2
      vertex -12.15 93.8 1.2
    endloop
  endfacet
  facet normal 0 0 1
    outer loop
      vertex -11.55 94.4 1.2
      vertex -12.75 95 1.2
      vertex -12.0354 94.1527 1.2
    endloop
  endfacet
  facet normal -0 0 1
    outer loop
      vertex -12.75 95 1.2
      vertex -11.55 94.4 1.2
      vertex 2.75 95 1.2
    endloop
  endfacet
  facet normal -0 0 1
    outer loop
      vertex 2.14999 90.2 1.2
      vertex 2.75 89 1.2
      vertex 2.14999 93.8 1.2
    endloop
  endfacet
  facet normal -0 0 1
    outer loop
      vertex 2.0354 89.8473 1.2
      vertex 2.75 89 1.2
      vertex 2.14999 90.2 1.2
    endloop
  endfacet
  facet normal -0 0 1
    outer loop
      vertex 1.54999 89.6 1.2
      vertex 2.75 89 1.2
      vertex 2.0354 89.8473 1.2
    endloop
  endfacet
  facet normal -0 0 1
    outer loop
      vertex -11.55 89.6 1.2
      vertex 2.75 89 1.2
      vertex 1.54999 89.6 1.2
    endloop
  endfacet
  facet normal 0 0 1
    outer loop
      vertex -11.55 89.6 1.2
      vertex -12.75 89 1.2
      vertex 2.75 89 1.2
    endloop
  endfacet
  facet normal 0 0 1
    outer loop
      vertex -11.9027 89.7146 1.2
      vertex -12.75 89 1.2
      vertex -11.55 89.6 1.2
    endloop
  endfacet
  facet normal 0 0 1
    outer loop
      vertex -12.15 90.2 1.2
      vertex -12.75 89 1.2
      vertex -11.9027 89.7146 1.2
    endloop
  endfacet
  facet normal 0 0 1
    outer loop
      vertex -12.75 89 1.2
      vertex -12.15 90.2 1.2
      vertex -12.75 95 1.2
    endloop
  endfacet
  facet normal 1 -0 0
    outer loop
      vertex -12.75 89 2.4
      vertex -12.75 95 1.2
      vertex -12.75 95 2.4
    endloop
  endfacet
  facet normal 1 0 0
    outer loop
      vertex -12.75 95 1.2
      vertex -12.75 89 2.4
      vertex -12.75 89 1.2
    endloop
  endfacet
  facet normal -1 0 0
    outer loop
      vertex 2.75 89 1.2
      vertex 2.75 95 2.4
      vertex 2.75 95 1.2
    endloop
  endfacet
  facet normal -1 -0 0
    outer loop
      vertex 2.75 95 2.4
      vertex 2.75 89 1.2
      vertex 2.75 89 2.4
    endloop
  endfacet
  facet normal 0 1 -0
    outer loop
      vertex 2.75 89 1.2
      vertex -12.75 89 2.4
      vertex 2.75 89 2.4
    endloop
  endfacet
  facet normal 0 1 0
    outer loop
      vertex -12.75 89 2.4
      vertex 2.75 89 1.2
      vertex -12.75 89 1.2
    endloop
  endfacet
  facet normal 1 0 0
    outer loop
      vertex -7 62 0
      vertex -7 59.041 2.13705
      vertex -7 59.05 2
    endloop
  endfacet
  facet normal 1 0 0
    outer loop
      vertex -7 62 4.5
      vertex -7 59.0142 2.27176
      vertex -7 59.041 2.13705
    endloop
  endfacet
  facet normal 1 0 0
    outer loop
      vertex -7 62 4.5
      vertex -7 58.9701 2.40182
      vertex -7 59.0142 2.27176
    endloop
  endfacet
  facet normal 1 0 0
    outer loop
      vertex -7 59.2594 4.5
      vertex -7 58.9093 2.525
      vertex -7 58.9701 2.40182
    endloop
  endfacet
  facet normal 1 0 0
    outer loop
      vertex -7 59.2594 4.5
      vertex -7 58.833 2.6392
      vertex -7 58.9093 2.525
    endloop
  endfacet
  facet normal 1 0 0
    outer loop
      vertex -7 59.2594 4.5
      vertex -7 58.756 2.756
      vertex -7 58.833 2.6392
    endloop
  endfacet
  facet normal 1 -0 0
    outer loop
      vertex -7 58.6392 2.83302
      vertex -7 58.756 2.756
      vertex -7 59.2594 4.5
    endloop
  endfacet
  facet normal 1 0 0
    outer loop
      vertex -7 58.756 2.756
      vertex -7 58.6392 2.83302
      vertex -7 58.727 2.756
    endloop
  endfacet
  facet normal 1 0 0
    outer loop
      vertex -7 59.2594 4.5
      vertex -7 58.525 2.90933
      vertex -7 58.6392 2.83302
    endloop
  endfacet
  facet normal 1 0 0
    outer loop
      vertex -7 59.2594 4.5
      vertex -7 58.4018 2.97007
      vertex -7 58.525 2.90933
    endloop
  endfacet
  facet normal 1 0 0
    outer loop
      vertex -7 59.2594 4.5
      vertex -7 58.2718 3.01422
      vertex -7 58.4018 2.97007
    endloop
  endfacet
  facet normal 1 0 0
    outer loop
      vertex -7 59.2594 4.5
      vertex -7 58.1371 3.04102
      vertex -7 58.2718 3.01422
    endloop
  endfacet
  facet normal 1 0 0
    outer loop
      vertex -7 59.2594 4.5
      vertex -7 58 3.05
      vertex -7 58.1371 3.04102
    endloop
  endfacet
  facet normal 1 -0 0
    outer loop
      vertex -7 56.7406 4.5
      vertex -7 58 3.05
      vertex -7 59.2594 4.5
    endloop
  endfacet
  facet normal 1 0 0
    outer loop
      vertex -7 58 3.05
      vertex -7 56.7406 4.5
      vertex -7 57.8629 3.04102
    endloop
  endfacet
  facet normal 1 0 0
    outer loop
      vertex -7 57.8629 3.04102
      vertex -7 56.7406 4.5
      vertex -7 57.7282 3.01422
    endloop
  endfacet
  facet normal 1 0 0
    outer loop
      vertex -7 57.7282 3.01422
      vertex -7 56.7406 4.5
      vertex -7 57.5982 2.97007
    endloop
  endfacet
  facet normal 1 0 0
    outer loop
      vertex -7 57.5982 2.97007
      vertex -7 56.7406 4.5
      vertex -7 57.475 2.90933
    endloop
  endfacet
  facet normal 1 0 0
    outer loop
      vertex -7 57.475 2.90933
      vertex -7 56.7406 4.5
      vertex -7 57.3608 2.83302
    endloop
  endfacet
  facet normal 1 0 -0
    outer loop
      vertex -7 57.244 2.756
      vertex -7 57.3608 2.83302
      vertex -7 56.7406 4.5
    endloop
  endfacet
  facet normal 1 0 0
    outer loop
      vertex -7 57.244 2.756
      vertex -7 57.167 2.6392
      vertex -7 57.244 2.72702
    endloop
  endfacet
  facet normal 1 0 0
    outer loop
      vertex -7 56.7406 4.5
      vertex -7 57.167 2.6392
      vertex -7 57.244 2.756
    endloop
  endfacet
  facet normal 1 0 0
    outer loop
      vertex -7 56.9858 2.27176
      vertex -7 54 4.5
      vertex -7 56.959 2.13705
    endloop
  endfacet
  facet normal 1 0 0
    outer loop
      vertex -7 57.0299 2.40182
      vertex -7 54 4.5
      vertex -7 56.9858 2.27176
    endloop
  endfacet
  facet normal 1 -0 0
    outer loop
      vertex -7 54 4.5
      vertex -7 57.0299 2.40182
      vertex -7 56.7406 4.5
    endloop
  endfacet
  facet normal 1 0 0
    outer loop
      vertex -7 57.0907 2.525
      vertex -7 56.7406 4.5
      vertex -7 57.0299 2.40182
    endloop
  endfacet
  facet normal 1 0 0
    outer loop
      vertex -7 57.167 2.6392
      vertex -7 56.7406 4.5
      vertex -7 57.0907 2.525
    endloop
  endfacet
  facet normal 1 0 0
    outer loop
      vertex -7 57.3608 2.83302
      vertex -7 57.244 2.756
      vertex -7 57.273 2.756
    endloop
  endfacet
  facet normal 1 0 0
    outer loop
      vertex -7 58.9701 2.40182
      vertex -7 62 4.5
      vertex -7 59.2594 4.5
    endloop
  endfacet
  facet normal 1 -0 0
    outer loop
      vertex -7 59.041 2.13705
      vertex -7 62 0
      vertex -7 62 4.5
    endloop
  endfacet
  facet normal 1 -0 0
    outer loop
      vertex -7 59.041 1.86295
      vertex -7 62 0
      vertex -7 59.05 2
    endloop
  endfacet
  facet normal 1 -0 0
    outer loop
      vertex -7 59.0142 1.72824
      vertex -7 62 0
      vertex -7 59.041 1.86295
    endloop
  endfacet
  facet normal 1 -0 0
    outer loop
      vertex -7 58.9701 1.59818
      vertex -7 62 0
      vertex -7 59.0142 1.72824
    endloop
  endfacet
  facet normal 1 -0 0
    outer loop
      vertex -7 58.9093 1.475
      vertex -7 62 0
      vertex -7 58.9701 1.59818
    endloop
  endfacet
  facet normal 1 0 0
    outer loop
      vertex -7 58.756 0
      vertex -7 58.9093 1.475
      vertex -7 58.833 1.3608
    endloop
  endfacet
  facet normal 1 0 0
    outer loop
      vertex -7 58.756 0
      vertex -7 58.833 1.3608
      vertex -7 58.756 1.27298
    endloop
  endfacet
  facet normal 1 0 0
    outer loop
      vertex -7 58.9093 1.475
      vertex -7 58.756 0
      vertex -7 62 0
    endloop
  endfacet
  facet normal 1 0 0
    outer loop
      vertex -7 58.833 2.6392
      vertex -7 58.756 2.756
      vertex -7 58.756 2.72702
    endloop
  endfacet
  facet normal 1 0 0
    outer loop
      vertex -7 57.167 1.3608
      vertex -7 57.244 0
      vertex -7 57.244 1.27298
    endloop
  endfacet
  facet normal 1 0 0
    outer loop
      vertex -7 57.0907 1.475
      vertex -7 57.244 0
      vertex -7 57.167 1.3608
    endloop
  endfacet
  facet normal 1 0 0
    outer loop
      vertex -7 54 0
      vertex -7 57.0907 1.475
      vertex -7 57.0299 1.59818
    endloop
  endfacet
  facet normal 1 0 0
    outer loop
      vertex -7 54 0
      vertex -7 57.0299 1.59818
      vertex -7 56.9858 1.72824
    endloop
  endfacet
  facet normal 1 0 0
    outer loop
      vertex -7 54 0
      vertex -7 56.9858 1.72824
      vertex -7 56.959 1.86295
    endloop
  endfacet
  facet normal 1 0 0
    outer loop
      vertex -7 54 0
      vertex -7 56.959 2.13705
      vertex -7 54 4.5
    endloop
  endfacet
  facet normal 1 0 0
    outer loop
      vertex -7 56.959 2.13705
      vertex -7 54 0
      vertex -7 56.95 2
    endloop
  endfacet
  facet normal 1 0 0
    outer loop
      vertex -7 56.95 2
      vertex -7 54 0
      vertex -7 56.959 1.86295
    endloop
  endfacet
  facet normal 1 0 0
    outer loop
      vertex -7 57.0907 1.475
      vertex -7 54 0
      vertex -7 57.244 0
    endloop
  endfacet
  facet normal 0 1 -0
    outer loop
      vertex -7 62 0
      vertex -9 62 4.5
      vertex -7 62 4.5
    endloop
  endfacet
  facet normal 0 1 0
    outer loop
      vertex -9 62 4.5
      vertex -7 62 0
      vertex -9 62 0
    endloop
  endfacet
  facet normal 0 -1 0
    outer loop
      vertex -9 54 0
      vertex -7 54 4.5
      vertex -9 54 4.5
    endloop
  endfacet
  facet normal 0 -1 -0
    outer loop
      vertex -7 54 4.5
      vertex -9 54 0
      vertex -7 54 0
    endloop
  endfacet
  facet normal 0 1 -0
    outer loop
      vertex 9 62 0
      vertex 7 62 4.5
      vertex 9 62 4.5
    endloop
  endfacet
  facet normal 0 1 0
    outer loop
      vertex 7 62 4.5
      vertex 9 62 0
      vertex 7 62 0
    endloop
  endfacet
  facet normal 0 -1 0
    outer loop
      vertex 7 54 0
      vertex 9 54 4.5
      vertex 7 54 4.5
    endloop
  endfacet
  facet normal 0 -1 -0
    outer loop
      vertex 9 54 4.5
      vertex 7 54 0
      vertex 9 54 0
    endloop
  endfacet
  facet normal -1 -0 0
    outer loop
      vertex 7 57.244 2.72702
      vertex 7 57.167 2.6392
      vertex 7 57.244 2.756
    endloop
  endfacet
  facet normal -1 0 0
    outer loop
      vertex 7 59.041 2.13705
      vertex 7 62 4.5
      vertex 7 62 0
    endloop
  endfacet
  facet normal -1 0 0
    outer loop
      vertex 7 59.041 2.13705
      vertex 7 62 0
      vertex 7 59.05 2
    endloop
  endfacet
  facet normal -1 0 0
    outer loop
      vertex 7 62 0
      vertex 7 59.041 1.86295
      vertex 7 59.05 2
    endloop
  endfacet
  facet normal -1 0 0
    outer loop
      vertex 7 62 0
      vertex 7 59.0142 1.72824
      vertex 7 59.041 1.86295
    endloop
  endfacet
  facet normal -1 0 0
    outer loop
      vertex 7 62 0
      vertex 7 58.9701 1.59818
      vertex 7 59.0142 1.72824
    endloop
  endfacet
  facet normal -1 0 0
    outer loop
      vertex 7 62 0
      vertex 7 58.9093 1.475
      vertex 7 58.9701 1.59818
    endloop
  endfacet
  facet normal -1 0 0
    outer loop
      vertex 7 58.756 0
      vertex 7 58.9093 1.475
      vertex 7 62 0
    endloop
  endfacet
  facet normal -1 0 0
    outer loop
      vertex 7 58.9093 1.475
      vertex 7 58.756 0
      vertex 7 58.833 1.3608
    endloop
  endfacet
  facet normal -1 0 0
    outer loop
      vertex 7 58.833 1.3608
      vertex 7 58.756 0
      vertex 7 58.756 1.27298
    endloop
  endfacet
  facet normal -1 0 0
    outer loop
      vertex 7 62 4.5
      vertex 7 59.041 2.13705
      vertex 7 59.0142 2.27176
    endloop
  endfacet
  facet normal -1 0 0
    outer loop
      vertex 7 58.9701 2.40182
      vertex 7 62 4.5
      vertex 7 59.0142 2.27176
    endloop
  endfacet
  facet normal -1 -0 0
    outer loop
      vertex 7 62 4.5
      vertex 7 58.9701 2.40182
      vertex 7 59.2594 4.5
    endloop
  endfacet
  facet normal -1 0 0
    outer loop
      vertex 7 58.9093 2.525
      vertex 7 59.2594 4.5
      vertex 7 58.9701 2.40182
    endloop
  endfacet
  facet normal -1 0 0
    outer loop
      vertex 7 58.833 2.6392
      vertex 7 59.2594 4.5
      vertex 7 58.9093 2.525
    endloop
  endfacet
  facet normal -1 0 0
    outer loop
      vertex 7 58.756 2.756
      vertex 7 58.833 2.6392
      vertex 7 58.756 2.72702
    endloop
  endfacet
  facet normal -1 0 0
    outer loop
      vertex 7 58.833 2.6392
      vertex 7 58.756 2.756
      vertex 7 59.2594 4.5
    endloop
  endfacet
  facet normal -1 0 0
    outer loop
      vertex 7 58.6392 2.83302
      vertex 7 58.756 2.756
      vertex 7 58.727 2.756
    endloop
  endfacet
  facet normal -1 0 0
    outer loop
      vertex 7 58.756 2.756
      vertex 7 58.6392 2.83302
      vertex 7 59.2594 4.5
    endloop
  endfacet
  facet normal -1 0 0
    outer loop
      vertex 7 58.525 2.90933
      vertex 7 59.2594 4.5
      vertex 7 58.6392 2.83302
    endloop
  endfacet
  facet normal -1 0 0
    outer loop
      vertex 7 58.4018 2.97007
      vertex 7 59.2594 4.5
      vertex 7 58.525 2.90933
    endloop
  endfacet
  facet normal -1 0 0
    outer loop
      vertex 7 58.2718 3.01422
      vertex 7 59.2594 4.5
      vertex 7 58.4018 2.97007
    endloop
  endfacet
  facet normal -1 0 0
    outer loop
      vertex 7 58.1371 3.04102
      vertex 7 59.2594 4.5
      vertex 7 58.2718 3.01422
    endloop
  endfacet
  facet normal -1 0 0
    outer loop
      vertex 7 58 3.05
      vertex 7 59.2594 4.5
      vertex 7 58.1371 3.04102
    endloop
  endfacet
  facet normal -1 0 0
    outer loop
      vertex 7 56.7406 4.5
      vertex 7 58 3.05
      vertex 7 57.8629 3.04102
    endloop
  endfacet
  facet normal -1 0 0
    outer loop
      vertex 7 56.7406 4.5
      vertex 7 57.8629 3.04102
      vertex 7 57.7282 3.01422
    endloop
  endfacet
  facet normal -1 0 0
    outer loop
      vertex 7 56.7406 4.5
      vertex 7 57.7282 3.01422
      vertex 7 57.5982 2.97007
    endloop
  endfacet
  facet normal -1 0 0
    outer loop
      vertex 7 56.7406 4.5
      vertex 7 57.5982 2.97007
      vertex 7 57.475 2.90933
    endloop
  endfacet
  facet normal -1 0 0
    outer loop
      vertex 7 56.7406 4.5
      vertex 7 57.475 2.90933
      vertex 7 57.3608 2.83302
    endloop
  endfacet
  facet normal -1 0 0
    outer loop
      vertex 7 57.244 2.756
      vertex 7 57.3608 2.83302
      vertex 7 57.273 2.756
    endloop
  endfacet
  facet normal -1 -0 0
    outer loop
      vertex 7 57.3608 2.83302
      vertex 7 57.244 2.756
      vertex 7 56.7406 4.5
    endloop
  endfacet
  facet normal -1 0 0
    outer loop
      vertex 7 56.7406 4.5
      vertex 7 57.167 2.6392
      vertex 7 57.0907 2.525
    endloop
  endfacet
  facet normal -1 0 0
    outer loop
      vertex 7 58 3.05
      vertex 7 56.7406 4.5
      vertex 7 59.2594 4.5
    endloop
  endfacet
  facet normal -1 0 0
    outer loop
      vertex 7 57.167 2.6392
      vertex 7 56.7406 4.5
      vertex 7 57.244 2.756
    endloop
  endfacet
  facet normal -1 0 0
    outer loop
      vertex 7 57.0299 2.40182
      vertex 7 56.7406 4.5
      vertex 7 57.0907 2.525
    endloop
  endfacet
  facet normal -1 0 0
    outer loop
      vertex 7 54 4.5
      vertex 7 57.0299 2.40182
      vertex 7 56.9858 2.27176
    endloop
  endfacet
  facet normal -1 0 0
    outer loop
      vertex 7 54 4.5
      vertex 7 56.9858 2.27176
      vertex 7 56.959 2.13705
    endloop
  endfacet
  facet normal -1 0 0
    outer loop
      vertex 7 54 0
      vertex 7 56.959 2.13705
      vertex 7 56.95 2
    endloop
  endfacet
  facet normal -1 0 0
    outer loop
      vertex 7 57.244 0
      vertex 7 57.167 1.3608
      vertex 7 57.244 1.27298
    endloop
  endfacet
  facet normal -1 0 0
    outer loop
      vertex 7 57.244 0
      vertex 7 57.0907 1.475
      vertex 7 57.167 1.3608
    endloop
  endfacet
  facet normal -1 0 0
    outer loop
      vertex 7 54 0
      vertex 7 57.0907 1.475
      vertex 7 57.244 0
    endloop
  endfacet
  facet normal -1 -0 0
    outer loop
      vertex 7 57.0907 1.475
      vertex 7 54 0
      vertex 7 57.0299 1.59818
    endloop
  endfacet
  facet normal -1 -0 0
    outer loop
      vertex 7 57.0299 1.59818
      vertex 7 54 0
      vertex 7 56.9858 1.72824
    endloop
  endfacet
  facet normal -1 0 0
    outer loop
      vertex 7 54 0
      vertex 7 56.95 2
      vertex 7 56.959 1.86295
    endloop
  endfacet
  facet normal -1 -0 0
    outer loop
      vertex 7 56.9858 1.72824
      vertex 7 54 0
      vertex 7 56.959 1.86295
    endloop
  endfacet
  facet normal -1 -0 0
    outer loop
      vertex 7 56.959 2.13705
      vertex 7 54 0
      vertex 7 54 4.5
    endloop
  endfacet
  facet normal -1 0 0
    outer loop
      vertex 7 57.0299 2.40182
      vertex 7 54 4.5
      vertex 7 56.7406 4.5
    endloop
  endfacet
  facet normal 0 0.195136 -0.980776
    outer loop
      vertex -9.1 57.7282 3.01422
      vertex -7 57.8629 3.04102
      vertex -7 57.7282 3.01422
    endloop
  endfacet
  facet normal 0 0.195136 -0.980776
    outer loop
      vertex -7 57.8629 3.04102
      vertex -9.1 57.7282 3.01422
      vertex -9.1 57.8629 3.04102
    endloop
  endfacet
  facet normal 0 0.0653596 -0.997862
    outer loop
      vertex -9.1 57.8629 3.04102
      vertex -7 58 3.05
      vertex -7 57.8629 3.04102
    endloop
  endfacet
  facet normal 0 0.0653596 -0.997862
    outer loop
      vertex -7 58 3.05
      vertex -9.1 57.8629 3.04102
      vertex -9.1 58 3.05
    endloop
  endfacet
  facet normal 0 0.997851 0.0655283
    outer loop
      vertex -7 56.959 1.86295
      vertex -9.1 56.95 2
      vertex -7 56.95 2
    endloop
  endfacet
  facet normal 0 0.997851 0.0655283
    outer loop
      vertex -9.1 56.95 2
      vertex -7 56.959 1.86295
      vertex -9.1 56.959 1.86295
    endloop
  endfacet
  facet normal 0 0.980779 -0.195122
    outer loop
      vertex -7 56.959 2.13705
      vertex -9.1 56.9858 2.27176
      vertex -7 56.9858 2.27176
    endloop
  endfacet
  facet normal 0 0.980779 -0.195122
    outer loop
      vertex -9.1 56.9858 2.27176
      vertex -7 56.959 2.13705
      vertex -9.1 56.959 2.13705
    endloop
  endfacet
  facet normal 0 0.94704 -0.321117
    outer loop
      vertex -7 56.9858 2.27176
      vertex -9.1 57.0299 2.40182
      vertex -7 57.0299 2.40182
    endloop
  endfacet
  facet normal 0 0.94704 -0.321117
    outer loop
      vertex -9.1 57.0299 2.40182
      vertex -7 56.9858 2.27176
      vertex -9.1 56.9858 2.27176
    endloop
  endfacet
  facet normal 0 -0.752818 -0.658228
    outer loop
      vertex -9.1 58.7425 2.74246
      vertex -9.05 58.756 2.72702
      vertex -9.05 58.7425 2.74246
    endloop
  endfacet
  facet normal -0.000482136 -0.752044 -0.659113
    outer loop
      vertex -9.1 58.833 2.6392
      vertex -9.05 58.756 2.72702
      vertex -9.1 58.7425 2.74246
    endloop
  endfacet
  facet normal -0 -0.751908 -0.659268
    outer loop
      vertex -7 58.833 2.6392
      vertex -9.05 58.756 2.72702
      vertex -9.1 58.833 2.6392
    endloop
  endfacet
  facet normal 0 -0.751908 -0.659268
    outer loop
      vertex -9.05 58.756 2.72702
      vertex -7 58.833 2.6392
      vertex -7 58.756 2.72702
    endloop
  endfacet
  facet normal -0 0.751908 0.659268
    outer loop
      vertex -9.05 57.244 1.27298
      vertex -7 57.167 1.3608
      vertex -7 57.244 1.27298
    endloop
  endfacet
  facet normal 0 0.751908 0.659268
    outer loop
      vertex -7 57.167 1.3608
      vertex -9.05 57.244 1.27298
      vertex -9.1 57.167 1.3608
    endloop
  endfacet
  facet normal -0 0.752818 0.658228
    outer loop
      vertex -9.1 57.2575 1.25754
      vertex -9.05 57.244 1.27298
      vertex -9.05 57.2575 1.25754
    endloop
  endfacet
  facet normal -0.000482136 0.752044 0.659113
    outer loop
      vertex -9.05 57.244 1.27298
      vertex -9.1 57.2575 1.25754
      vertex -9.1 57.167 1.3608
    endloop
  endfacet
  facet normal 0 0.657885 -0.753118
    outer loop
      vertex -9.05 57.2575 2.74246
      vertex -9.1 57.2575 2.74246
      vertex -9.05 57.273 2.756
    endloop
  endfacet
  facet normal 0 0.65945 -0.751749
    outer loop
      vertex -9.05 57.273 2.756
      vertex -7 57.3608 2.83302
      vertex -7 57.273 2.756
    endloop
  endfacet
  facet normal 0 0.65945 -0.751749
    outer loop
      vertex -9.05 57.273 2.756
      vertex -9.1 57.3608 2.83302
      vertex -7 57.3608 2.83302
    endloop
  endfacet
  facet normal -0.000727641 0.659215 -0.751954
    outer loop
      vertex -9.1 57.3608 2.83302
      vertex -9.05 57.273 2.756
      vertex -9.1 57.2575 2.74246
    endloop
  endfacet
  facet normal 0 -0.0653596 -0.997862
    outer loop
      vertex -9.1 58 3.05
      vertex -7 58.1371 3.04102
      vertex -7 58 3.05
    endloop
  endfacet
  facet normal -0 -0.0653596 -0.997862
    outer loop
      vertex -7 58.1371 3.04102
      vertex -9.1 58 3.05
      vertex -9.1 58.1371 3.04102
    endloop
  endfacet
  facet normal 0 -0.980779 0.195122
    outer loop
      vertex -9.1 59.0142 1.72824
      vertex -7 59.041 1.86295
      vertex -9.1 59.041 1.86295
    endloop
  endfacet
  facet normal 0 -0.980779 0.195122
    outer loop
      vertex -7 59.041 1.86295
      vertex -9.1 59.0142 1.72824
      vertex -7 59.0142 1.72824
    endloop
  endfacet
  facet normal 0 -0.94704 0.321117
    outer loop
      vertex -9.1 58.9701 1.59818
      vertex -7 59.0142 1.72824
      vertex -9.1 59.0142 1.72824
    endloop
  endfacet
  facet normal 0 -0.94704 0.321117
    outer loop
      vertex -7 59.0142 1.72824
      vertex -9.1 58.9701 1.59818
      vertex -7 58.9701 1.59818
    endloop
  endfacet
  facet normal -0 0.195108 0.980782
    outer loop
      vertex -9.1 57.8629 0.958983
      vertex -9.05 57.7282 0.985779
      vertex -9.05 57.8629 0.958983
    endloop
  endfacet
  facet normal 0 0.195108 0.980782
    outer loop
      vertex -9.05 57.7282 0.985779
      vertex -9.1 57.8629 0.958983
      vertex -9.1 57.7282 0.985779
    endloop
  endfacet
  facet normal 0 -0.980779 -0.195122
    outer loop
      vertex -9.1 59.041 2.13705
      vertex -7 59.0142 2.27176
      vertex -9.1 59.0142 2.27176
    endloop
  endfacet
  facet normal 0 -0.980779 -0.195122
    outer loop
      vertex -7 59.0142 2.27176
      vertex -9.1 59.041 2.13705
      vertex -7 59.041 2.13705
    endloop
  endfacet
  facet normal 0 0.83149 -0.55554
    outer loop
      vertex -7 57.0907 2.525
      vertex -9.1 57.167 2.6392
      vertex -7 57.167 2.6392
    endloop
  endfacet
  facet normal 0 0.83149 -0.55554
    outer loop
      vertex -9.1 57.167 2.6392
      vertex -7 57.0907 2.525
      vertex -9.1 57.0907 2.525
    endloop
  endfacet
  facet normal 0 -0.321583 0.946881
    outer loop
      vertex -9.1 58.4018 1.02993
      vertex -9.05 58.2718 0.985779
      vertex -9.05 58.4018 1.02993
    endloop
  endfacet
  facet normal 0 -0.321583 0.946881
    outer loop
      vertex -9.05 58.2718 0.985779
      vertex -9.1 58.4018 1.02993
      vertex -9.1 58.2718 0.985779
    endloop
  endfacet
  facet normal 0 0.980779 0.195122
    outer loop
      vertex -7 56.9858 1.72824
      vertex -9.1 56.959 1.86295
      vertex -7 56.959 1.86295
    endloop
  endfacet
  facet normal 0 0.980779 0.195122
    outer loop
      vertex -9.1 56.959 1.86295
      vertex -7 56.9858 1.72824
      vertex -9.1 56.9858 1.72824
    endloop
  endfacet
  facet normal 0 -0.55559 0.831456
    outer loop
      vertex -9.1 58.6392 1.16698
      vertex -9.05 58.525 1.09067
      vertex -9.05 58.6392 1.16698
    endloop
  endfacet
  facet normal 0 -0.55559 0.831456
    outer loop
      vertex -9.05 58.525 1.09067
      vertex -9.1 58.6392 1.16698
      vertex -9.1 58.525 1.09067
    endloop
  endfacet
  facet normal 0 -0.896716 0.442607
    outer loop
      vertex -9.1 58.9093 1.475
      vertex -7 58.9701 1.59818
      vertex -9.1 58.9701 1.59818
    endloop
  endfacet
  facet normal 0 -0.896716 0.442607
    outer loop
      vertex -7 58.9701 1.59818
      vertex -9.1 58.9093 1.475
      vertex -7 58.9093 1.475
    endloop
  endfacet
  facet normal 0 0.751908 -0.659268
    outer loop
      vertex -7 57.244 2.72702
      vertex -7 57.167 2.6392
      vertex -9.05 57.244 2.72702
    endloop
  endfacet
  facet normal 0 0.752818 -0.658228
    outer loop
      vertex -9.05 57.244 2.72702
      vertex -9.1 57.2575 2.74246
      vertex -9.05 57.2575 2.74246
    endloop
  endfacet
  facet normal -0.000482136 0.752044 -0.659113
    outer loop
      vertex -9.05 57.244 2.72702
      vertex -9.1 57.167 2.6392
      vertex -9.1 57.2575 2.74246
    endloop
  endfacet
  facet normal 0 0.751908 -0.659268
    outer loop
      vertex -9.1 57.167 2.6392
      vertex -9.05 57.244 2.72702
      vertex -7 57.167 2.6392
    endloop
  endfacet
  facet normal 0 -0.997851 -0.0655283
    outer loop
      vertex -9.1 59.05 2
      vertex -7 59.041 2.13705
      vertex -9.1 59.041 2.13705
    endloop
  endfacet
  facet normal 0 -0.997851 -0.0655283
    outer loop
      vertex -7 59.041 2.13705
      vertex -9.1 59.05 2
      vertex -7 59.05 2
    endloop
  endfacet
  facet normal 0 0.896716 0.442607
    outer loop
      vertex -7 57.0907 1.475
      vertex -9.1 57.0299 1.59818
      vertex -7 57.0299 1.59818
    endloop
  endfacet
  facet normal 0 0.896716 0.442607
    outer loop
      vertex -9.1 57.0299 1.59818
      vertex -7 57.0907 1.475
      vertex -9.1 57.0907 1.475
    endloop
  endfacet
  facet normal -0 0.442198 0.896918
    outer loop
      vertex -9.1 57.5982 1.02993
      vertex -9.05 57.475 1.09067
      vertex -9.05 57.5982 1.02993
    endloop
  endfacet
  facet normal 0 0.442198 0.896918
    outer loop
      vertex -9.05 57.475 1.09067
      vertex -9.1 57.5982 1.02993
      vertex -9.1 57.475 1.09067
    endloop
  endfacet
  facet normal 0 0.83149 0.55554
    outer loop
      vertex -7 57.167 1.3608
      vertex -9.1 57.0907 1.475
      vertex -7 57.0907 1.475
    endloop
  endfacet
  facet normal 0 0.83149 0.55554
    outer loop
      vertex -9.1 57.0907 1.475
      vertex -7 57.167 1.3608
      vertex -9.1 57.167 1.3608
    endloop
  endfacet
  facet normal 0 -0.659215 0.751954
    outer loop
      vertex -9.1 58.7425 1.25754
      vertex -9.05 58.6392 1.16698
      vertex -9.05 58.7425 1.25754
    endloop
  endfacet
  facet normal 0 -0.659215 0.751954
    outer loop
      vertex -9.05 58.6392 1.16698
      vertex -9.1 58.7425 1.25754
      vertex -9.1 58.6392 1.16698
    endloop
  endfacet
  facet normal 0 -0.83149 0.55554
    outer loop
      vertex -9.1 58.833 1.3608
      vertex -7 58.9093 1.475
      vertex -9.1 58.9093 1.475
    endloop
  endfacet
  facet normal 0 -0.83149 0.55554
    outer loop
      vertex -7 58.9093 1.475
      vertex -9.1 58.833 1.3608
      vertex -7 58.833 1.3608
    endloop
  endfacet
  facet normal 0 0.997851 -0.0655283
    outer loop
      vertex -7 56.95 2
      vertex -9.1 56.959 2.13705
      vertex -7 56.959 2.13705
    endloop
  endfacet
  facet normal 0 0.997851 -0.0655283
    outer loop
      vertex -9.1 56.959 2.13705
      vertex -7 56.95 2
      vertex -9.1 56.95 2
    endloop
  endfacet
  facet normal 0 -0.94704 -0.321117
    outer loop
      vertex -9.1 59.0142 2.27176
      vertex -7 58.9701 2.40182
      vertex -9.1 58.9701 2.40182
    endloop
  endfacet
  facet normal 0 -0.94704 -0.321117
    outer loop
      vertex -7 58.9701 2.40182
      vertex -9.1 59.0142 2.27176
      vertex -7 59.0142 2.27176
    endloop
  endfacet
  facet normal -0 0.55559 0.831456
    outer loop
      vertex -9.1 57.475 1.09067
      vertex -9.05 57.3608 1.16698
      vertex -9.05 57.475 1.09067
    endloop
  endfacet
  facet normal 0 0.55559 0.831456
    outer loop
      vertex -9.05 57.3608 1.16698
      vertex -9.1 57.475 1.09067
      vertex -9.1 57.3608 1.16698
    endloop
  endfacet
  facet normal 0 -0.321576 -0.946884
    outer loop
      vertex -9.1 58.2718 3.01422
      vertex -7 58.4018 2.97007
      vertex -7 58.2718 3.01422
    endloop
  endfacet
  facet normal -0 -0.321576 -0.946884
    outer loop
      vertex -7 58.4018 2.97007
      vertex -9.1 58.2718 3.01422
      vertex -9.1 58.4018 2.97007
    endloop
  endfacet
  facet normal -0 0.321583 0.946881
    outer loop
      vertex -9.1 57.7282 0.985779
      vertex -9.05 57.5982 1.02993
      vertex -9.05 57.7282 0.985779
    endloop
  endfacet
  facet normal 0 0.321583 0.946881
    outer loop
      vertex -9.05 57.5982 1.02993
      vertex -9.1 57.7282 0.985779
      vertex -9.1 57.5982 1.02993
    endloop
  endfacet
  facet normal 1 0 0
    outer loop
      vertex -9.1 59.041 2.13705
      vertex -9.1 59.041 1.86295
      vertex -9.1 59.05 2
    endloop
  endfacet
  facet normal 1 0 0
    outer loop
      vertex -9.1 59.0142 2.27176
      vertex -9.1 59.041 1.86295
      vertex -9.1 59.041 2.13705
    endloop
  endfacet
  facet normal 1 0 0
    outer loop
      vertex -9.1 59.0142 2.27176
      vertex -9.1 59.0142 1.72824
      vertex -9.1 59.041 1.86295
    endloop
  endfacet
  facet normal 1 0 0
    outer loop
      vertex -9.1 58.9701 2.40182
      vertex -9.1 59.0142 1.72824
      vertex -9.1 59.0142 2.27176
    endloop
  endfacet
  facet normal 1 0 0
    outer loop
      vertex -9.1 58.9701 2.40182
      vertex -9.1 58.9701 1.59818
      vertex -9.1 59.0142 1.72824
    endloop
  endfacet
  facet normal 1 0 0
    outer loop
      vertex -9.1 58.9093 2.525
      vertex -9.1 58.9701 1.59818
      vertex -9.1 58.9701 2.40182
    endloop
  endfacet
  facet normal 1 0 0
    outer loop
      vertex -9.1 58.9093 2.525
      vertex -9.1 58.9093 1.475
      vertex -9.1 58.9701 1.59818
    endloop
  endfacet
  facet normal 1 0 0
    outer loop
      vertex -9.1 58.833 2.6392
      vertex -9.1 58.9093 1.475
      vertex -9.1 58.9093 2.525
    endloop
  endfacet
  facet normal 1 0 0
    outer loop
      vertex -9.1 58.833 2.6392
      vertex -9.1 58.833 1.3608
      vertex -9.1 58.9093 1.475
    endloop
  endfacet
  facet normal 1 0 0
    outer loop
      vertex -9.1 58.7425 2.74246
      vertex -9.1 58.833 1.3608
      vertex -9.1 58.833 2.6392
    endloop
  endfacet
  facet normal 1 0 0
    outer loop
      vertex -9.1 58.7425 2.74246
      vertex -9.1 58.7425 1.25754
      vertex -9.1 58.833 1.3608
    endloop
  endfacet
  facet normal 1 0 0
    outer loop
      vertex -9.1 58.6392 2.83302
      vertex -9.1 58.7425 1.25754
      vertex -9.1 58.7425 2.74246
    endloop
  endfacet
  facet normal 1 0 0
    outer loop
      vertex -9.1 58.6392 2.83302
      vertex -9.1 58.6392 1.16698
      vertex -9.1 58.7425 1.25754
    endloop
  endfacet
  facet normal 1 0 0
    outer loop
      vertex -9.1 58.525 2.90933
      vertex -9.1 58.6392 1.16698
      vertex -9.1 58.6392 2.83302
    endloop
  endfacet
  facet normal 1 0 0
    outer loop
      vertex -9.1 58.525 2.90933
      vertex -9.1 58.525 1.09067
      vertex -9.1 58.6392 1.16698
    endloop
  endfacet
  facet normal 1 0 0
    outer loop
      vertex -9.1 58.4018 2.97007
      vertex -9.1 58.525 1.09067
      vertex -9.1 58.525 2.90933
    endloop
  endfacet
  facet normal 1 0 0
    outer loop
      vertex -9.1 58.4018 2.97007
      vertex -9.1 58.4018 1.02993
      vertex -9.1 58.525 1.09067
    endloop
  endfacet
  facet normal 1 0 0
    outer loop
      vertex -9.1 58.2718 3.01422
      vertex -9.1 58.4018 1.02993
      vertex -9.1 58.4018 2.97007
    endloop
  endfacet
  facet normal 1 0 0
    outer loop
      vertex -9.1 58.2718 3.01422
      vertex -9.1 58.2718 0.985779
      vertex -9.1 58.4018 1.02993
    endloop
  endfacet
  facet normal 1 0 0
    outer loop
      vertex -9.1 58.1371 3.04102
      vertex -9.1 58.2718 0.985779
      vertex -9.1 58.2718 3.01422
    endloop
  endfacet
  facet normal 1 0 0
    outer loop
      vertex -9.1 58.1371 3.04102
      vertex -9.1 58.1371 0.958983
      vertex -9.1 58.2718 0.985779
    endloop
  endfacet
  facet normal 1 0 0
    outer loop
      vertex -9.1 58 3.05
      vertex -9.1 58.1371 0.958983
      vertex -9.1 58.1371 3.04102
    endloop
  endfacet
  facet normal 1 0 0
    outer loop
      vertex -9.1 58 3.05
      vertex -9.1 58 0.950001
      vertex -9.1 58.1371 0.958983
    endloop
  endfacet
  facet normal 1 -0 0
    outer loop
      vertex -9.1 57.8629 3.04102
      vertex -9.1 58 0.950001
      vertex -9.1 58 3.05
    endloop
  endfacet
  facet normal 1 0 0
    outer loop
      vertex -9.1 57.8629 3.04102
      vertex -9.1 57.8629 0.958983
      vertex -9.1 58 0.950001
    endloop
  endfacet
  facet normal 1 -0 0
    outer loop
      vertex -9.1 57.7282 3.01422
      vertex -9.1 57.8629 0.958983
      vertex -9.1 57.8629 3.04102
    endloop
  endfacet
  facet normal 1 0 0
    outer loop
      vertex -9.1 57.7282 3.01422
      vertex -9.1 57.7282 0.985779
      vertex -9.1 57.8629 0.958983
    endloop
  endfacet
  facet normal 1 -0 0
    outer loop
      vertex -9.1 57.5982 2.97007
      vertex -9.1 57.7282 0.985779
      vertex -9.1 57.7282 3.01422
    endloop
  endfacet
  facet normal 1 0 0
    outer loop
      vertex -9.1 57.5982 2.97007
      vertex -9.1 57.5982 1.02993
      vertex -9.1 57.7282 0.985779
    endloop
  endfacet
  facet normal 1 -0 0
    outer loop
      vertex -9.1 57.475 2.90933
      vertex -9.1 57.5982 1.02993
      vertex -9.1 57.5982 2.97007
    endloop
  endfacet
  facet normal 1 0 0
    outer loop
      vertex -9.1 57.475 2.90933
      vertex -9.1 57.475 1.09067
      vertex -9.1 57.5982 1.02993
    endloop
  endfacet
  facet normal 1 -0 0
    outer loop
      vertex -9.1 57.3608 2.83302
      vertex -9.1 57.475 1.09067
      vertex -9.1 57.475 2.90933
    endloop
  endfacet
  facet normal 1 0 0
    outer loop
      vertex -9.1 57.3608 2.83302
      vertex -9.1 57.3608 1.16698
      vertex -9.1 57.475 1.09067
    endloop
  endfacet
  facet normal 1 -0 0
    outer loop
      vertex -9.1 57.2575 2.74246
      vertex -9.1 57.3608 1.16698
      vertex -9.1 57.3608 2.83302
    endloop
  endfacet
  facet normal 1 0 0
    outer loop
      vertex -9.1 57.2575 2.74246
      vertex -9.1 57.2575 1.25754
      vertex -9.1 57.3608 1.16698
    endloop
  endfacet
  facet normal 1 -0 0
    outer loop
      vertex -9.1 57.167 2.6392
      vertex -9.1 57.2575 1.25754
      vertex -9.1 57.2575 2.74246
    endloop
  endfacet
  facet normal 1 0 0
    outer loop
      vertex -9.1 57.167 2.6392
      vertex -9.1 57.167 1.3608
      vertex -9.1 57.2575 1.25754
    endloop
  endfacet
  facet normal 1 -0 0
    outer loop
      vertex -9.1 57.0907 2.525
      vertex -9.1 57.167 1.3608
      vertex -9.1 57.167 2.6392
    endloop
  endfacet
  facet normal 1 0 0
    outer loop
      vertex -9.1 57.0907 2.525
      vertex -9.1 57.0907 1.475
      vertex -9.1 57.167 1.3608
    endloop
  endfacet
  facet normal 1 -0 0
    outer loop
      vertex -9.1 57.0299 2.40182
      vertex -9.1 57.0907 1.475
      vertex -9.1 57.0907 2.525
    endloop
  endfacet
  facet normal 1 0 0
    outer loop
      vertex -9.1 57.0299 2.40182
      vertex -9.1 57.0299 1.59818
      vertex -9.1 57.0907 1.475
    endloop
  endfacet
  facet normal 1 -0 0
    outer loop
      vertex -9.1 56.9858 2.27176
      vertex -9.1 57.0299 1.59818
      vertex -9.1 57.0299 2.40182
    endloop
  endfacet
  facet normal 1 0 0
    outer loop
      vertex -9.1 56.9858 2.27176
      vertex -9.1 56.9858 1.72824
      vertex -9.1 57.0299 1.59818
    endloop
  endfacet
  facet normal 1 -0 0
    outer loop
      vertex -9.1 56.959 2.13705
      vertex -9.1 56.9858 1.72824
      vertex -9.1 56.9858 2.27176
    endloop
  endfacet
  facet normal 1 0 0
    outer loop
      vertex -9.1 56.959 2.13705
      vertex -9.1 56.959 1.86295
      vertex -9.1 56.9858 1.72824
    endloop
  endfacet
  facet normal 1 0 -0
    outer loop
      vertex -9.1 56.959 1.86295
      vertex -9.1 56.959 2.13705
      vertex -9.1 56.95 2
    endloop
  endfacet
  facet normal 0 -0.195108 0.980782
    outer loop
      vertex -9.1 58.2718 0.985779
      vertex -9.05 58.1371 0.958983
      vertex -9.05 58.2718 0.985779
    endloop
  endfacet
  facet normal 0 -0.195108 0.980782
    outer loop
      vertex -9.05 58.1371 0.958983
      vertex -9.1 58.2718 0.985779
      vertex -9.1 58.1371 0.958983
    endloop
  endfacet
  facet normal 0 -0.83149 -0.55554
    outer loop
      vertex -9.1 58.9093 2.525
      vertex -7 58.833 2.6392
      vertex -9.1 58.833 2.6392
    endloop
  endfacet
  facet normal 0 -0.83149 -0.55554
    outer loop
      vertex -7 58.833 2.6392
      vertex -9.1 58.9093 2.525
      vertex -7 58.9093 2.525
    endloop
  endfacet
  facet normal -0 0.0653741 0.997861
    outer loop
      vertex -9.1 58 0.950001
      vertex -9.05 57.8629 0.958983
      vertex -9.05 58 0.950001
    endloop
  endfacet
  facet normal 0 0.0653741 0.997861
    outer loop
      vertex -9.05 57.8629 0.958983
      vertex -9.1 58 0.950001
      vertex -9.1 57.8629 0.958983
    endloop
  endfacet
  facet normal 0 0.896716 -0.442607
    outer loop
      vertex -7 57.0299 2.40182
      vertex -9.1 57.0907 2.525
      vertex -7 57.0907 2.525
    endloop
  endfacet
  facet normal 0 0.896716 -0.442607
    outer loop
      vertex -9.1 57.0907 2.525
      vertex -7 57.0299 2.40182
      vertex -9.1 57.0299 2.40182
    endloop
  endfacet
  facet normal 0 0.55559 -0.831456
    outer loop
      vertex -9.1 57.3608 2.83302
      vertex -7 57.475 2.90933
      vertex -7 57.3608 2.83302
    endloop
  endfacet
  facet normal 0 0.55559 -0.831456
    outer loop
      vertex -7 57.475 2.90933
      vertex -9.1 57.3608 2.83302
      vertex -9.1 57.475 2.90933
    endloop
  endfacet
  facet normal 0 -0.997851 0.0655283
    outer loop
      vertex -9.1 59.041 1.86295
      vertex -7 59.05 2
      vertex -9.1 59.05 2
    endloop
  endfacet
  facet normal 0 -0.997851 0.0655283
    outer loop
      vertex -7 59.05 2
      vertex -9.1 59.041 1.86295
      vertex -7 59.041 1.86295
    endloop
  endfacet
  facet normal 0 -0.0653741 0.997861
    outer loop
      vertex -9.1 58.1371 0.958983
      vertex -9.05 58 0.950001
      vertex -9.05 58.1371 0.958983
    endloop
  endfacet
  facet normal 0 -0.0653741 0.997861
    outer loop
      vertex -9.05 58 0.950001
      vertex -9.1 58.1371 0.958983
      vertex -9.1 58 0.950001
    endloop
  endfacet
  facet normal 0 0.94704 0.321117
    outer loop
      vertex -7 57.0299 1.59818
      vertex -9.1 56.9858 1.72824
      vertex -7 56.9858 1.72824
    endloop
  endfacet
  facet normal 0 0.94704 0.321117
    outer loop
      vertex -9.1 56.9858 1.72824
      vertex -7 57.0299 1.59818
      vertex -9.1 57.0299 1.59818
    endloop
  endfacet
  facet normal 0 -0.442198 0.896918
    outer loop
      vertex -9.1 58.525 1.09067
      vertex -9.05 58.4018 1.02993
      vertex -9.05 58.525 1.09067
    endloop
  endfacet
  facet normal 0 -0.442198 0.896918
    outer loop
      vertex -9.05 58.4018 1.02993
      vertex -9.1 58.525 1.09067
      vertex -9.1 58.4018 1.02993
    endloop
  endfacet
  facet normal -0 0.659215 0.751954
    outer loop
      vertex -9.1 57.3608 1.16698
      vertex -9.05 57.2575 1.25754
      vertex -9.05 57.3608 1.16698
    endloop
  endfacet
  facet normal 0 0.659215 0.751954
    outer loop
      vertex -9.05 57.2575 1.25754
      vertex -9.1 57.3608 1.16698
      vertex -9.1 57.2575 1.25754
    endloop
  endfacet
  facet normal 0 0.442198 -0.896918
    outer loop
      vertex -9.1 57.475 2.90933
      vertex -7 57.5982 2.97007
      vertex -7 57.475 2.90933
    endloop
  endfacet
  facet normal 0 0.442198 -0.896918
    outer loop
      vertex -7 57.5982 2.97007
      vertex -9.1 57.475 2.90933
      vertex -9.1 57.5982 2.97007
    endloop
  endfacet
  facet normal 0 0.321576 -0.946884
    outer loop
      vertex -9.1 57.5982 2.97007
      vertex -7 57.7282 3.01422
      vertex -7 57.5982 2.97007
    endloop
  endfacet
  facet normal 0 0.321576 -0.946884
    outer loop
      vertex -7 57.7282 3.01422
      vertex -9.1 57.5982 2.97007
      vertex -9.1 57.7282 3.01422
    endloop
  endfacet
  facet normal 0 -0.751908 0.659268
    outer loop
      vertex -9.1 58.833 1.3608
      vertex -9.05 58.756 1.27298
      vertex -7 58.833 1.3608
    endloop
  endfacet
  facet normal -0.000482136 -0.752044 0.659113
    outer loop
      vertex -9.1 58.7425 1.25754
      vertex -9.05 58.756 1.27298
      vertex -9.1 58.833 1.3608
    endloop
  endfacet
  facet normal 0 -0.752818 0.658228
    outer loop
      vertex -9.05 58.756 1.27298
      vertex -9.1 58.7425 1.25754
      vertex -9.05 58.7425 1.25754
    endloop
  endfacet
  facet normal 0 -0.751908 0.659268
    outer loop
      vertex -7 58.833 1.3608
      vertex -9.05 58.756 1.27298
      vertex -7 58.756 1.27298
    endloop
  endfacet
  facet normal 0 -0.195136 -0.980776
    outer loop
      vertex -9.1 58.1371 3.04102
      vertex -7 58.2718 3.01422
      vertex -7 58.1371 3.04102
    endloop
  endfacet
  facet normal -0 -0.195136 -0.980776
    outer loop
      vertex -7 58.2718 3.01422
      vertex -9.1 58.1371 3.04102
      vertex -9.1 58.2718 3.01422
    endloop
  endfacet
  facet normal 0 -0.65945 -0.751749
    outer loop
      vertex -7 58.6392 2.83302
      vertex -9.05 58.727 2.756
      vertex -7 58.727 2.756
    endloop
  endfacet
  facet normal 0 -0.65945 -0.751749
    outer loop
      vertex -9.1 58.6392 2.83302
      vertex -9.05 58.727 2.756
      vertex -7 58.6392 2.83302
    endloop
  endfacet
  facet normal -0.000727641 -0.659215 -0.751954
    outer loop
      vertex -9.1 58.7425 2.74246
      vertex -9.05 58.727 2.756
      vertex -9.1 58.6392 2.83302
    endloop
  endfacet
  facet normal 0 -0.657885 -0.753118
    outer loop
      vertex -9.05 58.727 2.756
      vertex -9.1 58.7425 2.74246
      vertex -9.05 58.7425 2.74246
    endloop
  endfacet
  facet normal 0 -0.55559 -0.831456
    outer loop
      vertex -9.1 58.525 2.90933
      vertex -7 58.6392 2.83302
      vertex -7 58.525 2.90933
    endloop
  endfacet
  facet normal -0 -0.55559 -0.831456
    outer loop
      vertex -7 58.6392 2.83302
      vertex -9.1 58.525 2.90933
      vertex -9.1 58.6392 2.83302
    endloop
  endfacet
  facet normal 0 -0.896716 -0.442607
    outer loop
      vertex -9.1 58.9701 2.40182
      vertex -7 58.9093 2.525
      vertex -9.1 58.9093 2.525
    endloop
  endfacet
  facet normal 0 -0.896716 -0.442607
    outer loop
      vertex -7 58.9093 2.525
      vertex -9.1 58.9701 2.40182
      vertex -7 58.9701 2.40182
    endloop
  endfacet
  facet normal 0 -0.442198 -0.896918
    outer loop
      vertex -9.1 58.4018 2.97007
      vertex -7 58.525 2.90933
      vertex -7 58.4018 2.97007
    endloop
  endfacet
  facet normal -0 -0.442198 -0.896918
    outer loop
      vertex -7 58.525 2.90933
      vertex -9.1 58.4018 2.97007
      vertex -9.1 58.525 2.90933
    endloop
  endfacet
  facet normal 0 -1 0
    outer loop
      vertex -9.05 58.756 2.72702
      vertex -7 58.756 2.756
      vertex -9.05 58.756 2.756
    endloop
  endfacet
  facet normal 0 -1 -0
    outer loop
      vertex -7 58.756 2.756
      vertex -9.05 58.756 2.72702
      vertex -7 58.756 2.72702
    endloop
  endfacet
  facet normal 0 -1 0
    outer loop
      vertex -9.05 58.756 0
      vertex -7 58.756 1.27298
      vertex -9.05 58.756 1.27298
    endloop
  endfacet
  facet normal 0 -1 -0
    outer loop
      vertex -7 58.756 1.27298
      vertex -9.05 58.756 0
      vertex -7 58.756 0
    endloop
  endfacet
  facet normal 0 1 -0
    outer loop
      vertex -7 57.244 2.72702
      vertex -9.05 57.244 2.756
      vertex -7 57.244 2.756
    endloop
  endfacet
  facet normal 0 1 0
    outer loop
      vertex -9.05 57.244 2.756
      vertex -7 57.244 2.72702
      vertex -9.05 57.244 2.72702
    endloop
  endfacet
  facet normal 0 1 -0
    outer loop
      vertex -7 57.244 0
      vertex -9.05 57.244 1.27298
      vertex -7 57.244 1.27298
    endloop
  endfacet
  facet normal 0 1 0
    outer loop
      vertex -9.05 57.244 1.27298
      vertex -7 57.244 0
      vertex -9.05 57.244 0
    endloop
  endfacet
  facet normal 1 0 0
    outer loop
      vertex -9.05 58.756 2.756
      vertex -9.05 58.7425 2.74246
      vertex -9.05 58.756 2.72702
    endloop
  endfacet
  facet normal 1 0 -0
    outer loop
      vertex -9.05 58.7425 2.74246
      vertex -9.05 58.756 2.756
      vertex -9.05 58.727 2.756
    endloop
  endfacet
  facet normal 1 -0 0
    outer loop
      vertex -9.05 57.244 2.756
      vertex -9.05 57.2575 2.74246
      vertex -9.05 57.273 2.756
    endloop
  endfacet
  facet normal 1 0 0
    outer loop
      vertex -9.05 57.2575 2.74246
      vertex -9.05 57.244 2.756
      vertex -9.05 57.244 2.72702
    endloop
  endfacet
  facet normal 1 -0 0
    outer loop
      vertex -9.05 58.7425 1.25754
      vertex -9.05 58.756 0
      vertex -9.05 58.756 1.27298
    endloop
  endfacet
  facet normal 1 -0 0
    outer loop
      vertex -9.05 58.6392 1.16698
      vertex -9.05 58.756 0
      vertex -9.05 58.7425 1.25754
    endloop
  endfacet
  facet normal 1 -0 0
    outer loop
      vertex -9.05 58.525 1.09067
      vertex -9.05 58.756 0
      vertex -9.05 58.6392 1.16698
    endloop
  endfacet
  facet normal 1 -0 0
    outer loop
      vertex -9.05 58.4018 1.02993
      vertex -9.05 58.756 0
      vertex -9.05 58.525 1.09067
    endloop
  endfacet
  facet normal 1 -0 0
    outer loop
      vertex -9.05 58.2718 0.985779
      vertex -9.05 58.756 0
      vertex -9.05 58.4018 1.02993
    endloop
  endfacet
  facet normal 1 -0 0
    outer loop
      vertex -9.05 58.1371 0.958983
      vertex -9.05 58.756 0
      vertex -9.05 58.2718 0.985779
    endloop
  endfacet
  facet normal 1 -0 0
    outer loop
      vertex -9.05 58 0.950001
      vertex -9.05 58.756 0
      vertex -9.05 58.1371 0.958983
    endloop
  endfacet
  facet normal 1 0 0
    outer loop
      vertex -9.05 57.244 0
      vertex -9.05 58 0.950001
      vertex -9.05 57.8629 0.958983
    endloop
  endfacet
  facet normal 1 0 0
    outer loop
      vertex -9.05 57.244 0
      vertex -9.05 57.8629 0.958983
      vertex -9.05 57.7282 0.985779
    endloop
  endfacet
  facet normal 1 0 0
    outer loop
      vertex -9.05 57.244 0
      vertex -9.05 57.7282 0.985779
      vertex -9.05 57.5982 1.02993
    endloop
  endfacet
  facet normal 1 0 0
    outer loop
      vertex -9.05 57.244 0
      vertex -9.05 57.5982 1.02993
      vertex -9.05 57.475 1.09067
    endloop
  endfacet
  facet normal 1 0 0
    outer loop
      vertex -9.05 57.244 0
      vertex -9.05 57.475 1.09067
      vertex -9.05 57.3608 1.16698
    endloop
  endfacet
  facet normal 1 0 0
    outer loop
      vertex -9.05 58 0.950001
      vertex -9.05 57.244 0
      vertex -9.05 58.756 0
    endloop
  endfacet
  facet normal 1 0 0
    outer loop
      vertex -9.05 57.2575 1.25754
      vertex -9.05 57.244 0
      vertex -9.05 57.3608 1.16698
    endloop
  endfacet
  facet normal 1 0 0
    outer loop
      vertex -9.05 57.244 0
      vertex -9.05 57.2575 1.25754
      vertex -9.05 57.244 1.27298
    endloop
  endfacet
  facet normal 0 0 -1
    outer loop
      vertex -9.05 58.727 2.756
      vertex -7 58.756 2.756
      vertex -7 58.727 2.756
    endloop
  endfacet
  facet normal -0 0 -1
    outer loop
      vertex -7 58.756 2.756
      vertex -9.05 58.727 2.756
      vertex -9.05 58.756 2.756
    endloop
  endfacet
  facet normal 0 0 -1
    outer loop
      vertex -9.05 57.244 2.756
      vertex -7 57.273 2.756
      vertex -7 57.244 2.756
    endloop
  endfacet
  facet normal -0 0 -1
    outer loop
      vertex -7 57.273 2.756
      vertex -9.05 57.244 2.756
      vertex -9.05 57.273 2.756
    endloop
  endfacet
  facet normal 0 -0.195136 -0.980776
    outer loop
      vertex 7 58.1371 3.04102
      vertex 9.1 58.2718 3.01422
      vertex 9.1 58.1371 3.04102
    endloop
  endfacet
  facet normal -0 -0.195136 -0.980776
    outer loop
      vertex 9.1 58.2718 3.01422
      vertex 7 58.1371 3.04102
      vertex 7 58.2718 3.01422
    endloop
  endfacet
  facet normal 0 -0.83149 0.55554
    outer loop
      vertex 7 58.833 1.3608
      vertex 9.1 58.9093 1.475
      vertex 7 58.9093 1.475
    endloop
  endfacet
  facet normal 0 -0.83149 0.55554
    outer loop
      vertex 9.1 58.9093 1.475
      vertex 7 58.833 1.3608
      vertex 9.1 58.833 1.3608
    endloop
  endfacet
  facet normal -0 0.321583 0.946881
    outer loop
      vertex 9.05 57.7282 0.985779
      vertex 9.1 57.5982 1.02993
      vertex 9.1 57.7282 0.985779
    endloop
  endfacet
  facet normal 0 0.321583 0.946881
    outer loop
      vertex 9.1 57.5982 1.02993
      vertex 9.05 57.7282 0.985779
      vertex 9.05 57.5982 1.02993
    endloop
  endfacet
  facet normal 0 -0.997851 0.0655283
    outer loop
      vertex 7 59.041 1.86295
      vertex 9.1 59.05 2
      vertex 7 59.05 2
    endloop
  endfacet
  facet normal 0 -0.997851 0.0655283
    outer loop
      vertex 9.1 59.05 2
      vertex 7 59.041 1.86295
      vertex 9.1 59.041 1.86295
    endloop
  endfacet
  facet normal 0 -0.442198 0.896918
    outer loop
      vertex 9.05 58.525 1.09067
      vertex 9.1 58.4018 1.02993
      vertex 9.1 58.525 1.09067
    endloop
  endfacet
  facet normal 0 -0.442198 0.896918
    outer loop
      vertex 9.1 58.4018 1.02993
      vertex 9.05 58.525 1.09067
      vertex 9.05 58.4018 1.02993
    endloop
  endfacet
  facet normal 0 0.83149 0.55554
    outer loop
      vertex 9.1 57.167 1.3608
      vertex 7 57.0907 1.475
      vertex 9.1 57.0907 1.475
    endloop
  endfacet
  facet normal 0 0.83149 0.55554
    outer loop
      vertex 7 57.0907 1.475
      vertex 9.1 57.167 1.3608
      vertex 7 57.167 1.3608
    endloop
  endfacet
  facet normal 0 -0.980779 -0.195122
    outer loop
      vertex 7 59.041 2.13705
      vertex 9.1 59.0142 2.27176
      vertex 7 59.0142 2.27176
    endloop
  endfacet
  facet normal 0 -0.980779 -0.195122
    outer loop
      vertex 9.1 59.0142 2.27176
      vertex 7 59.041 2.13705
      vertex 9.1 59.041 2.13705
    endloop
  endfacet
  facet normal 0 0.55559 -0.831456
    outer loop
      vertex 7 57.3608 2.83302
      vertex 9.1 57.475 2.90933
      vertex 9.1 57.3608 2.83302
    endloop
  endfacet
  facet normal 0 0.55559 -0.831456
    outer loop
      vertex 9.1 57.475 2.90933
      vertex 7 57.3608 2.83302
      vertex 7 57.475 2.90933
    endloop
  endfacet
  facet normal 0 -0.94704 -0.321117
    outer loop
      vertex 7 59.0142 2.27176
      vertex 9.1 58.9701 2.40182
      vertex 7 58.9701 2.40182
    endloop
  endfacet
  facet normal 0 -0.94704 -0.321117
    outer loop
      vertex 9.1 58.9701 2.40182
      vertex 7 59.0142 2.27176
      vertex 9.1 59.0142 2.27176
    endloop
  endfacet
  facet normal 0 -0.751908 0.659268
    outer loop
      vertex 9.05 58.756 1.27298
      vertex 7 58.833 1.3608
      vertex 7 58.756 1.27298
    endloop
  endfacet
  facet normal 0 -0.751908 0.659268
    outer loop
      vertex 7 58.833 1.3608
      vertex 9.05 58.756 1.27298
      vertex 9.1 58.833 1.3608
    endloop
  endfacet
  facet normal 0 -0.752818 0.658228
    outer loop
      vertex 9.1 58.7425 1.25754
      vertex 9.05 58.756 1.27298
      vertex 9.05 58.7425 1.25754
    endloop
  endfacet
  facet normal 0.000482136 -0.752044 0.659113
    outer loop
      vertex 9.05 58.756 1.27298
      vertex 9.1 58.7425 1.25754
      vertex 9.1 58.833 1.3608
    endloop
  endfacet
  facet normal 0 0.0653596 -0.997862
    outer loop
      vertex 7 57.8629 3.04102
      vertex 9.1 58 3.05
      vertex 9.1 57.8629 3.04102
    endloop
  endfacet
  facet normal 0 0.0653596 -0.997862
    outer loop
      vertex 9.1 58 3.05
      vertex 7 57.8629 3.04102
      vertex 7 58 3.05
    endloop
  endfacet
  facet normal 0 0.896716 -0.442607
    outer loop
      vertex 9.1 57.0299 2.40182
      vertex 7 57.0907 2.525
      vertex 9.1 57.0907 2.525
    endloop
  endfacet
  facet normal 0 0.896716 -0.442607
    outer loop
      vertex 7 57.0907 2.525
      vertex 9.1 57.0299 2.40182
      vertex 7 57.0299 2.40182
    endloop
  endfacet
  facet normal 0 0.94704 0.321117
    outer loop
      vertex 9.1 57.0299 1.59818
      vertex 7 56.9858 1.72824
      vertex 9.1 56.9858 1.72824
    endloop
  endfacet
  facet normal 0 0.94704 0.321117
    outer loop
      vertex 7 56.9858 1.72824
      vertex 9.1 57.0299 1.59818
      vertex 7 57.0299 1.59818
    endloop
  endfacet
  facet normal 0 -0.55559 -0.831456
    outer loop
      vertex 7 58.525 2.90933
      vertex 9.1 58.6392 2.83302
      vertex 9.1 58.525 2.90933
    endloop
  endfacet
  facet normal -0 -0.55559 -0.831456
    outer loop
      vertex 9.1 58.6392 2.83302
      vertex 7 58.525 2.90933
      vertex 7 58.6392 2.83302
    endloop
  endfacet
  facet normal 0 0.980779 0.195122
    outer loop
      vertex 9.1 56.9858 1.72824
      vertex 7 56.959 1.86295
      vertex 9.1 56.959 1.86295
    endloop
  endfacet
  facet normal 0 0.980779 0.195122
    outer loop
      vertex 7 56.959 1.86295
      vertex 9.1 56.9858 1.72824
      vertex 7 56.9858 1.72824
    endloop
  endfacet
  facet normal 0 -0.195108 0.980782
    outer loop
      vertex 9.05 58.2718 0.985779
      vertex 9.1 58.1371 0.958983
      vertex 9.1 58.2718 0.985779
    endloop
  endfacet
  facet normal 0 -0.195108 0.980782
    outer loop
      vertex 9.1 58.1371 0.958983
      vertex 9.05 58.2718 0.985779
      vertex 9.05 58.1371 0.958983
    endloop
  endfacet
  facet normal 0 -0.83149 -0.55554
    outer loop
      vertex 7 58.9093 2.525
      vertex 9.1 58.833 2.6392
      vertex 7 58.833 2.6392
    endloop
  endfacet
  facet normal 0 -0.83149 -0.55554
    outer loop
      vertex 9.1 58.833 2.6392
      vertex 7 58.9093 2.525
      vertex 9.1 58.9093 2.525
    endloop
  endfacet
  facet normal 0 -0.896716 -0.442607
    outer loop
      vertex 7 58.9701 2.40182
      vertex 9.1 58.9093 2.525
      vertex 7 58.9093 2.525
    endloop
  endfacet
  facet normal 0 -0.896716 -0.442607
    outer loop
      vertex 9.1 58.9093 2.525
      vertex 7 58.9701 2.40182
      vertex 9.1 58.9701 2.40182
    endloop
  endfacet
  facet normal -0 0.0653741 0.997861
    outer loop
      vertex 9.05 58 0.950001
      vertex 9.1 57.8629 0.958983
      vertex 9.1 58 0.950001
    endloop
  endfacet
  facet normal 0 0.0653741 0.997861
    outer loop
      vertex 9.1 57.8629 0.958983
      vertex 9.05 58 0.950001
      vertex 9.05 57.8629 0.958983
    endloop
  endfacet
  facet normal 0 0.83149 -0.55554
    outer loop
      vertex 9.1 57.0907 2.525
      vertex 7 57.167 2.6392
      vertex 9.1 57.167 2.6392
    endloop
  endfacet
  facet normal 0 0.83149 -0.55554
    outer loop
      vertex 7 57.167 2.6392
      vertex 9.1 57.0907 2.525
      vertex 7 57.0907 2.525
    endloop
  endfacet
  facet normal -0 0.195108 0.980782
    outer loop
      vertex 9.05 57.8629 0.958983
      vertex 9.1 57.7282 0.985779
      vertex 9.1 57.8629 0.958983
    endloop
  endfacet
  facet normal 0 0.195108 0.980782
    outer loop
      vertex 9.1 57.7282 0.985779
      vertex 9.05 57.8629 0.958983
      vertex 9.05 57.7282 0.985779
    endloop
  endfacet
  facet normal 0 0.94704 -0.321117
    outer loop
      vertex 9.1 56.9858 2.27176
      vertex 7 57.0299 2.40182
      vertex 9.1 57.0299 2.40182
    endloop
  endfacet
  facet normal 0 0.94704 -0.321117
    outer loop
      vertex 7 57.0299 2.40182
      vertex 9.1 56.9858 2.27176
      vertex 7 56.9858 2.27176
    endloop
  endfacet
  facet normal 0 0.321576 -0.946884
    outer loop
      vertex 7 57.5982 2.97007
      vertex 9.1 57.7282 3.01422
      vertex 9.1 57.5982 2.97007
    endloop
  endfacet
  facet normal 0 0.321576 -0.946884
    outer loop
      vertex 9.1 57.7282 3.01422
      vertex 7 57.5982 2.97007
      vertex 7 57.7282 3.01422
    endloop
  endfacet
  facet normal 0 -0.980779 0.195122
    outer loop
      vertex 7 59.0142 1.72824
      vertex 9.1 59.041 1.86295
      vertex 7 59.041 1.86295
    endloop
  endfacet
  facet normal 0 -0.980779 0.195122
    outer loop
      vertex 9.1 59.041 1.86295
      vertex 7 59.0142 1.72824
      vertex 9.1 59.0142 1.72824
    endloop
  endfacet
  facet normal 0 -0.55559 0.831456
    outer loop
      vertex 9.05 58.6392 1.16698
      vertex 9.1 58.525 1.09067
      vertex 9.1 58.6392 1.16698
    endloop
  endfacet
  facet normal 0 -0.55559 0.831456
    outer loop
      vertex 9.1 58.525 1.09067
      vertex 9.05 58.6392 1.16698
      vertex 9.05 58.525 1.09067
    endloop
  endfacet
  facet normal 0 -0.751908 -0.659268
    outer loop
      vertex 7 58.756 2.72702
      vertex 7 58.833 2.6392
      vertex 9.05 58.756 2.72702
    endloop
  endfacet
  facet normal 0 -0.752818 -0.658228
    outer loop
      vertex 9.05 58.756 2.72702
      vertex 9.1 58.7425 2.74246
      vertex 9.05 58.7425 2.74246
    endloop
  endfacet
  facet normal 0.000482136 -0.752044 -0.659113
    outer loop
      vertex 9.05 58.756 2.72702
      vertex 9.1 58.833 2.6392
      vertex 9.1 58.7425 2.74246
    endloop
  endfacet
  facet normal -0 -0.751908 -0.659268
    outer loop
      vertex 9.1 58.833 2.6392
      vertex 9.05 58.756 2.72702
      vertex 7 58.833 2.6392
    endloop
  endfacet
  facet normal 0 -0.0653596 -0.997862
    outer loop
      vertex 7 58 3.05
      vertex 9.1 58.1371 3.04102
      vertex 9.1 58 3.05
    endloop
  endfacet
  facet normal -0 -0.0653596 -0.997862
    outer loop
      vertex 9.1 58.1371 3.04102
      vertex 7 58 3.05
      vertex 7 58.1371 3.04102
    endloop
  endfacet
  facet normal 0 0.896716 0.442607
    outer loop
      vertex 9.1 57.0907 1.475
      vertex 7 57.0299 1.59818
      vertex 9.1 57.0299 1.59818
    endloop
  endfacet
  facet normal 0 0.896716 0.442607
    outer loop
      vertex 7 57.0299 1.59818
      vertex 9.1 57.0907 1.475
      vertex 7 57.0907 1.475
    endloop
  endfacet
  facet normal -0 0.55559 0.831456
    outer loop
      vertex 9.05 57.475 1.09067
      vertex 9.1 57.3608 1.16698
      vertex 9.1 57.475 1.09067
    endloop
  endfacet
  facet normal 0 0.55559 0.831456
    outer loop
      vertex 9.1 57.3608 1.16698
      vertex 9.05 57.475 1.09067
      vertex 9.05 57.3608 1.16698
    endloop
  endfacet
  facet normal 0 -0.896716 0.442607
    outer loop
      vertex 7 58.9093 1.475
      vertex 9.1 58.9701 1.59818
      vertex 7 58.9701 1.59818
    endloop
  endfacet
  facet normal 0 -0.896716 0.442607
    outer loop
      vertex 9.1 58.9701 1.59818
      vertex 7 58.9093 1.475
      vertex 9.1 58.9093 1.475
    endloop
  endfacet
  facet normal 0 -0.321583 0.946881
    outer loop
      vertex 9.05 58.4018 1.02993
      vertex 9.1 58.2718 0.985779
      vertex 9.1 58.4018 1.02993
    endloop
  endfacet
  facet normal 0 -0.321583 0.946881
    outer loop
      vertex 9.1 58.2718 0.985779
      vertex 9.05 58.4018 1.02993
      vertex 9.05 58.2718 0.985779
    endloop
  endfacet
  facet normal 0 0.997851 -0.0655283
    outer loop
      vertex 9.1 56.95 2
      vertex 7 56.959 2.13705
      vertex 9.1 56.959 2.13705
    endloop
  endfacet
  facet normal 0 0.997851 -0.0655283
    outer loop
      vertex 7 56.959 2.13705
      vertex 9.1 56.95 2
      vertex 7 56.95 2
    endloop
  endfacet
  facet normal -1 0 0
    outer loop
      vertex 9.1 59.041 1.86295
      vertex 9.1 59.041 2.13705
      vertex 9.1 59.05 2
    endloop
  endfacet
  facet normal -1 0 0
    outer loop
      vertex 9.1 59.0142 1.72824
      vertex 9.1 59.041 2.13705
      vertex 9.1 59.041 1.86295
    endloop
  endfacet
  facet normal -1 0 0
    outer loop
      vertex 9.1 59.0142 1.72824
      vertex 9.1 59.0142 2.27176
      vertex 9.1 59.041 2.13705
    endloop
  endfacet
  facet normal -1 0 0
    outer loop
      vertex 9.1 58.9701 1.59818
      vertex 9.1 59.0142 2.27176
      vertex 9.1 59.0142 1.72824
    endloop
  endfacet
  facet normal -1 0 0
    outer loop
      vertex 9.1 58.9701 1.59818
      vertex 9.1 58.9701 2.40182
      vertex 9.1 59.0142 2.27176
    endloop
  endfacet
  facet normal -1 0 0
    outer loop
      vertex 9.1 58.9093 1.475
      vertex 9.1 58.9701 2.40182
      vertex 9.1 58.9701 1.59818
    endloop
  endfacet
  facet normal -1 0 0
    outer loop
      vertex 9.1 58.9093 1.475
      vertex 9.1 58.9093 2.525
      vertex 9.1 58.9701 2.40182
    endloop
  endfacet
  facet normal -1 0 0
    outer loop
      vertex 9.1 58.833 1.3608
      vertex 9.1 58.9093 2.525
      vertex 9.1 58.9093 1.475
    endloop
  endfacet
  facet normal -1 0 0
    outer loop
      vertex 9.1 58.833 1.3608
      vertex 9.1 58.833 2.6392
      vertex 9.1 58.9093 2.525
    endloop
  endfacet
  facet normal -1 0 0
    outer loop
      vertex 9.1 58.7425 1.25754
      vertex 9.1 58.833 2.6392
      vertex 9.1 58.833 1.3608
    endloop
  endfacet
  facet normal -1 0 0
    outer loop
      vertex 9.1 58.7425 1.25754
      vertex 9.1 58.7425 2.74246
      vertex 9.1 58.833 2.6392
    endloop
  endfacet
  facet normal -1 0 0
    outer loop
      vertex 9.1 58.6392 1.16698
      vertex 9.1 58.7425 2.74246
      vertex 9.1 58.7425 1.25754
    endloop
  endfacet
  facet normal -1 0 0
    outer loop
      vertex 9.1 58.6392 1.16698
      vertex 9.1 58.6392 2.83302
      vertex 9.1 58.7425 2.74246
    endloop
  endfacet
  facet normal -1 0 0
    outer loop
      vertex 9.1 58.525 1.09067
      vertex 9.1 58.6392 2.83302
      vertex 9.1 58.6392 1.16698
    endloop
  endfacet
  facet normal -1 0 0
    outer loop
      vertex 9.1 58.525 1.09067
      vertex 9.1 58.525 2.90933
      vertex 9.1 58.6392 2.83302
    endloop
  endfacet
  facet normal -1 0 0
    outer loop
      vertex 9.1 58.4018 1.02993
      vertex 9.1 58.525 2.90933
      vertex 9.1 58.525 1.09067
    endloop
  endfacet
  facet normal -1 0 0
    outer loop
      vertex 9.1 58.4018 1.02993
      vertex 9.1 58.4018 2.97007
      vertex 9.1 58.525 2.90933
    endloop
  endfacet
  facet normal -1 0 0
    outer loop
      vertex 9.1 58.2718 0.985779
      vertex 9.1 58.4018 2.97007
      vertex 9.1 58.4018 1.02993
    endloop
  endfacet
  facet normal -1 0 0
    outer loop
      vertex 9.1 58.2718 0.985779
      vertex 9.1 58.2718 3.01422
      vertex 9.1 58.4018 2.97007
    endloop
  endfacet
  facet normal -1 0 0
    outer loop
      vertex 9.1 58.1371 0.958983
      vertex 9.1 58.2718 3.01422
      vertex 9.1 58.2718 0.985779
    endloop
  endfacet
  facet normal -1 0 0
    outer loop
      vertex 9.1 58.1371 0.958983
      vertex 9.1 58.1371 3.04102
      vertex 9.1 58.2718 3.01422
    endloop
  endfacet
  facet normal -1 0 0
    outer loop
      vertex 9.1 58 0.950001
      vertex 9.1 58.1371 3.04102
      vertex 9.1 58.1371 0.958983
    endloop
  endfacet
  facet normal -1 0 0
    outer loop
      vertex 9.1 58 0.950001
      vertex 9.1 58 3.05
      vertex 9.1 58.1371 3.04102
    endloop
  endfacet
  facet normal -1 0 0
    outer loop
      vertex 9.1 57.8629 0.958983
      vertex 9.1 58 3.05
      vertex 9.1 58 0.950001
    endloop
  endfacet
  facet normal -1 0 0
    outer loop
      vertex 9.1 57.8629 0.958983
      vertex 9.1 57.8629 3.04102
      vertex 9.1 58 3.05
    endloop
  endfacet
  facet normal -1 0 0
    outer loop
      vertex 9.1 57.7282 0.985779
      vertex 9.1 57.8629 3.04102
      vertex 9.1 57.8629 0.958983
    endloop
  endfacet
  facet normal -1 0 0
    outer loop
      vertex 9.1 57.7282 0.985779
      vertex 9.1 57.7282 3.01422
      vertex 9.1 57.8629 3.04102
    endloop
  endfacet
  facet normal -1 0 0
    outer loop
      vertex 9.1 57.5982 1.02993
      vertex 9.1 57.7282 3.01422
      vertex 9.1 57.7282 0.985779
    endloop
  endfacet
  facet normal -1 0 0
    outer loop
      vertex 9.1 57.5982 1.02993
      vertex 9.1 57.5982 2.97007
      vertex 9.1 57.7282 3.01422
    endloop
  endfacet
  facet normal -1 0 0
    outer loop
      vertex 9.1 57.475 1.09067
      vertex 9.1 57.5982 2.97007
      vertex 9.1 57.5982 1.02993
    endloop
  endfacet
  facet normal -1 0 0
    outer loop
      vertex 9.1 57.475 1.09067
      vertex 9.1 57.475 2.90933
      vertex 9.1 57.5982 2.97007
    endloop
  endfacet
  facet normal -1 0 0
    outer loop
      vertex 9.1 57.3608 1.16698
      vertex 9.1 57.475 2.90933
      vertex 9.1 57.475 1.09067
    endloop
  endfacet
  facet normal -1 0 0
    outer loop
      vertex 9.1 57.3608 1.16698
      vertex 9.1 57.3608 2.83302
      vertex 9.1 57.475 2.90933
    endloop
  endfacet
  facet normal -1 0 0
    outer loop
      vertex 9.1 57.2575 1.25754
      vertex 9.1 57.3608 2.83302
      vertex 9.1 57.3608 1.16698
    endloop
  endfacet
  facet normal -1 0 0
    outer loop
      vertex 9.1 57.2575 1.25754
      vertex 9.1 57.2575 2.74246
      vertex 9.1 57.3608 2.83302
    endloop
  endfacet
  facet normal -1 0 0
    outer loop
      vertex 9.1 57.167 1.3608
      vertex 9.1 57.2575 2.74246
      vertex 9.1 57.2575 1.25754
    endloop
  endfacet
  facet normal -1 0 0
    outer loop
      vertex 9.1 57.167 1.3608
      vertex 9.1 57.167 2.6392
      vertex 9.1 57.2575 2.74246
    endloop
  endfacet
  facet normal -1 0 0
    outer loop
      vertex 9.1 57.0907 1.475
      vertex 9.1 57.167 2.6392
      vertex 9.1 57.167 1.3608
    endloop
  endfacet
  facet normal -1 0 0
    outer loop
      vertex 9.1 57.0907 1.475
      vertex 9.1 57.0907 2.525
      vertex 9.1 57.167 2.6392
    endloop
  endfacet
  facet normal -1 0 0
    outer loop
      vertex 9.1 57.0299 1.59818
      vertex 9.1 57.0907 2.525
      vertex 9.1 57.0907 1.475
    endloop
  endfacet
  facet normal -1 0 0
    outer loop
      vertex 9.1 57.0299 1.59818
      vertex 9.1 57.0299 2.40182
      vertex 9.1 57.0907 2.525
    endloop
  endfacet
  facet normal -1 0 0
    outer loop
      vertex 9.1 56.9858 1.72824
      vertex 9.1 57.0299 2.40182
      vertex 9.1 57.0299 1.59818
    endloop
  endfacet
  facet normal -1 0 0
    outer loop
      vertex 9.1 56.9858 1.72824
      vertex 9.1 56.9858 2.27176
      vertex 9.1 57.0299 2.40182
    endloop
  endfacet
  facet normal -1 0 0
    outer loop
      vertex 9.1 56.959 1.86295
      vertex 9.1 56.9858 2.27176
      vertex 9.1 56.9858 1.72824
    endloop
  endfacet
  facet normal -1 0 0
    outer loop
      vertex 9.1 56.959 1.86295
      vertex 9.1 56.959 2.13705
      vertex 9.1 56.9858 2.27176
    endloop
  endfacet
  facet normal -1 0 -0
    outer loop
      vertex 9.1 56.959 2.13705
      vertex 9.1 56.959 1.86295
      vertex 9.1 56.95 2
    endloop
  endfacet
  facet normal 0 -0.997851 -0.0655283
    outer loop
      vertex 7 59.05 2
      vertex 9.1 59.041 2.13705
      vertex 7 59.041 2.13705
    endloop
  endfacet
  facet normal 0 -0.997851 -0.0655283
    outer loop
      vertex 9.1 59.041 2.13705
      vertex 7 59.05 2
      vertex 9.1 59.05 2
    endloop
  endfacet
  facet normal 0 0.751908 0.659268
    outer loop
      vertex 9.1 57.167 1.3608
      vertex 9.05 57.244 1.27298
      vertex 7 57.167 1.3608
    endloop
  endfacet
  facet normal 0.000482136 0.752044 0.659113
    outer loop
      vertex 9.1 57.2575 1.25754
      vertex 9.05 57.244 1.27298
      vertex 9.1 57.167 1.3608
    endloop
  endfacet
  facet normal 0 0.752818 0.658228
    outer loop
      vertex 9.05 57.244 1.27298
      vertex 9.1 57.2575 1.25754
      vertex 9.05 57.2575 1.25754
    endloop
  endfacet
  facet normal 0 0.751908 0.659268
    outer loop
      vertex 7 57.167 1.3608
      vertex 9.05 57.244 1.27298
      vertex 7 57.244 1.27298
    endloop
  endfacet
  facet normal 0 -0.0653741 0.997861
    outer loop
      vertex 9.05 58.1371 0.958983
      vertex 9.1 58 0.950001
      vertex 9.1 58.1371 0.958983
    endloop
  endfacet
  facet normal 0 -0.0653741 0.997861
    outer loop
      vertex 9.1 58 0.950001
      vertex 9.05 58.1371 0.958983
      vertex 9.05 58 0.950001
    endloop
  endfacet
  facet normal 0 0.980779 -0.195122
    outer loop
      vertex 9.1 56.959 2.13705
      vertex 7 56.9858 2.27176
      vertex 9.1 56.9858 2.27176
    endloop
  endfacet
  facet normal 0 0.980779 -0.195122
    outer loop
      vertex 7 56.9858 2.27176
      vertex 9.1 56.959 2.13705
      vertex 7 56.959 2.13705
    endloop
  endfacet
  facet normal -0 0.659215 0.751954
    outer loop
      vertex 9.05 57.3608 1.16698
      vertex 9.1 57.2575 1.25754
      vertex 9.1 57.3608 1.16698
    endloop
  endfacet
  facet normal 0 0.659215 0.751954
    outer loop
      vertex 9.1 57.2575 1.25754
      vertex 9.05 57.3608 1.16698
      vertex 9.05 57.2575 1.25754
    endloop
  endfacet
  facet normal 0 -0.94704 0.321117
    outer loop
      vertex 7 58.9701 1.59818
      vertex 9.1 59.0142 1.72824
      vertex 7 59.0142 1.72824
    endloop
  endfacet
  facet normal 0 -0.94704 0.321117
    outer loop
      vertex 9.1 59.0142 1.72824
      vertex 7 58.9701 1.59818
      vertex 9.1 58.9701 1.59818
    endloop
  endfacet
  facet normal 0 0.997851 0.0655283
    outer loop
      vertex 9.1 56.959 1.86295
      vertex 7 56.95 2
      vertex 9.1 56.95 2
    endloop
  endfacet
  facet normal 0 0.997851 0.0655283
    outer loop
      vertex 7 56.95 2
      vertex 9.1 56.959 1.86295
      vertex 7 56.959 1.86295
    endloop
  endfacet
  facet normal -0 0.442198 0.896918
    outer loop
      vertex 9.05 57.5982 1.02993
      vertex 9.1 57.475 1.09067
      vertex 9.1 57.5982 1.02993
    endloop
  endfacet
  facet normal 0 0.442198 0.896918
    outer loop
      vertex 9.1 57.475 1.09067
      vertex 9.05 57.5982 1.02993
      vertex 9.05 57.475 1.09067
    endloop
  endfacet
  facet normal 0 -0.659215 0.751954
    outer loop
      vertex 9.05 58.7425 1.25754
      vertex 9.1 58.6392 1.16698
      vertex 9.1 58.7425 1.25754
    endloop
  endfacet
  facet normal 0 -0.659215 0.751954
    outer loop
      vertex 9.1 58.6392 1.16698
      vertex 9.05 58.7425 1.25754
      vertex 9.05 58.6392 1.16698
    endloop
  endfacet
  facet normal 0 -0.442198 -0.896918
    outer loop
      vertex 7 58.4018 2.97007
      vertex 9.1 58.525 2.90933
      vertex 9.1 58.4018 2.97007
    endloop
  endfacet
  facet normal -0 -0.442198 -0.896918
    outer loop
      vertex 9.1 58.525 2.90933
      vertex 7 58.4018 2.97007
      vertex 7 58.525 2.90933
    endloop
  endfacet
  facet normal 0 -0.321576 -0.946884
    outer loop
      vertex 7 58.2718 3.01422
      vertex 9.1 58.4018 2.97007
      vertex 9.1 58.2718 3.01422
    endloop
  endfacet
  facet normal -0 -0.321576 -0.946884
    outer loop
      vertex 9.1 58.4018 2.97007
      vertex 7 58.2718 3.01422
      vertex 7 58.4018 2.97007
    endloop
  endfacet
  facet normal 0.000727641 -0.659215 -0.751954
    outer loop
      vertex 9.1 58.6392 2.83302
      vertex 9.05 58.727 2.756
      vertex 9.1 58.7425 2.74246
    endloop
  endfacet
  facet normal 0 -0.65945 -0.751749
    outer loop
      vertex 7 58.6392 2.83302
      vertex 9.05 58.727 2.756
      vertex 9.1 58.6392 2.83302
    endloop
  endfacet
  facet normal -0 -0.65945 -0.751749
    outer loop
      vertex 9.05 58.727 2.756
      vertex 7 58.6392 2.83302
      vertex 7 58.727 2.756
    endloop
  endfacet
  facet normal -0 -0.657885 -0.753118
    outer loop
      vertex 9.1 58.7425 2.74246
      vertex 9.05 58.727 2.756
      vertex 9.05 58.7425 2.74246
    endloop
  endfacet
  facet normal 0 0.195136 -0.980776
    outer loop
      vertex 7 57.7282 3.01422
      vertex 9.1 57.8629 3.04102
      vertex 9.1 57.7282 3.01422
    endloop
  endfacet
  facet normal 0 0.195136 -0.980776
    outer loop
      vertex 9.1 57.8629 3.04102
      vertex 7 57.7282 3.01422
      vertex 7 57.8629 3.04102
    endloop
  endfacet
  facet normal 0 0.752818 -0.658228
    outer loop
      vertex 9.1 57.2575 2.74246
      vertex 9.05 57.244 2.72702
      vertex 9.05 57.2575 2.74246
    endloop
  endfacet
  facet normal 0.000482136 0.752044 -0.659113
    outer loop
      vertex 9.1 57.167 2.6392
      vertex 9.05 57.244 2.72702
      vertex 9.1 57.2575 2.74246
    endloop
  endfacet
  facet normal 0 0.751908 -0.659268
    outer loop
      vertex 7 57.167 2.6392
      vertex 9.05 57.244 2.72702
      vertex 9.1 57.167 2.6392
    endloop
  endfacet
  facet normal 0 0.751908 -0.659268
    outer loop
      vertex 9.05 57.244 2.72702
      vertex 7 57.167 2.6392
      vertex 7 57.244 2.72702
    endloop
  endfacet
  facet normal 0 0.657885 -0.753118
    outer loop
      vertex 9.05 57.273 2.756
      vertex 9.1 57.2575 2.74246
      vertex 9.05 57.2575 2.74246
    endloop
  endfacet
  facet normal 0.000727641 0.659215 -0.751954
    outer loop
      vertex 9.1 57.2575 2.74246
      vertex 9.05 57.273 2.756
      vertex 9.1 57.3608 2.83302
    endloop
  endfacet
  facet normal 0 0.65945 -0.751749
    outer loop
      vertex 7 57.3608 2.83302
      vertex 9.05 57.273 2.756
      vertex 7 57.273 2.756
    endloop
  endfacet
  facet normal 0 0.65945 -0.751749
    outer loop
      vertex 9.05 57.273 2.756
      vertex 7 57.3608 2.83302
      vertex 9.1 57.3608 2.83302
    endloop
  endfacet
  facet normal 0 0.442198 -0.896918
    outer loop
      vertex 7 57.475 2.90933
      vertex 9.1 57.5982 2.97007
      vertex 9.1 57.475 2.90933
    endloop
  endfacet
  facet normal 0 0.442198 -0.896918
    outer loop
      vertex 9.1 57.5982 2.97007
      vertex 7 57.475 2.90933
      vertex 7 57.5982 2.97007
    endloop
  endfacet
  facet normal -1 0 0
    outer loop
      vertex 9.05 58.7425 2.74246
      vertex 9.05 58.756 2.756
      vertex 9.05 58.756 2.72702
    endloop
  endfacet
  facet normal -1 -0 0
    outer loop
      vertex 9.05 58.756 2.756
      vertex 9.05 58.7425 2.74246
      vertex 9.05 58.727 2.756
    endloop
  endfacet
  facet normal -1 0 0
    outer loop
      vertex 9.05 57.2575 2.74246
      vertex 9.05 57.244 2.756
      vertex 9.05 57.273 2.756
    endloop
  endfacet
  facet normal -1 0 0
    outer loop
      vertex 9.05 57.244 2.756
      vertex 9.05 57.2575 2.74246
      vertex 9.05 57.244 2.72702
    endloop
  endfacet
  facet normal -1 0 0
    outer loop
      vertex 9.05 58.756 0
      vertex 9.05 58.7425 1.25754
      vertex 9.05 58.756 1.27298
    endloop
  endfacet
  facet normal -1 0 0
    outer loop
      vertex 9.05 58.756 0
      vertex 9.05 58.6392 1.16698
      vertex 9.05 58.7425 1.25754
    endloop
  endfacet
  facet normal -1 0 0
    outer loop
      vertex 9.05 58.756 0
      vertex 9.05 58.525 1.09067
      vertex 9.05 58.6392 1.16698
    endloop
  endfacet
  facet normal -1 0 0
    outer loop
      vertex 9.05 58.756 0
      vertex 9.05 58.4018 1.02993
      vertex 9.05 58.525 1.09067
    endloop
  endfacet
  facet normal -1 0 0
    outer loop
      vertex 9.05 58.756 0
      vertex 9.05 58.2718 0.985779
      vertex 9.05 58.4018 1.02993
    endloop
  endfacet
  facet normal -1 0 0
    outer loop
      vertex 9.05 58.756 0
      vertex 9.05 58.1371 0.958983
      vertex 9.05 58.2718 0.985779
    endloop
  endfacet
  facet normal -1 0 0
    outer loop
      vertex 9.05 58.756 0
      vertex 9.05 58 0.950001
      vertex 9.05 58.1371 0.958983
    endloop
  endfacet
  facet normal -1 0 0
    outer loop
      vertex 9.05 57.244 0
      vertex 9.05 58 0.950001
      vertex 9.05 58.756 0
    endloop
  endfacet
  facet normal -1 -0 0
    outer loop
      vertex 9.05 58 0.950001
      vertex 9.05 57.244 0
      vertex 9.05 57.8629 0.958983
    endloop
  endfacet
  facet normal -1 -0 0
    outer loop
      vertex 9.05 57.8629 0.958983
      vertex 9.05 57.244 0
      vertex 9.05 57.7282 0.985779
    endloop
  endfacet
  facet normal -1 -0 0
    outer loop
      vertex 9.05 57.7282 0.985779
      vertex 9.05 57.244 0
      vertex 9.05 57.5982 1.02993
    endloop
  endfacet
  facet normal -1 -0 0
    outer loop
      vertex 9.05 57.5982 1.02993
      vertex 9.05 57.244 0
      vertex 9.05 57.475 1.09067
    endloop
  endfacet
  facet normal -1 -0 0
    outer loop
      vertex 9.05 57.475 1.09067
      vertex 9.05 57.244 0
      vertex 9.05 57.3608 1.16698
    endloop
  endfacet
  facet normal -1 0 0
    outer loop
      vertex 9.05 57.244 0
      vertex 9.05 57.2575 1.25754
      vertex 9.05 57.3608 1.16698
    endloop
  endfacet
  facet normal -1 -0 0
    outer loop
      vertex 9.05 57.2575 1.25754
      vertex 9.05 57.244 0
      vertex 9.05 57.244 1.27298
    endloop
  endfacet
  facet normal 0 -1 0
    outer loop
      vertex 7 58.756 2.72702
      vertex 9.05 58.756 2.756
      vertex 7 58.756 2.756
    endloop
  endfacet
  facet normal 0 -1 -0
    outer loop
      vertex 9.05 58.756 2.756
      vertex 7 58.756 2.72702
      vertex 9.05 58.756 2.72702
    endloop
  endfacet
  facet normal 0 -1 0
    outer loop
      vertex 7 58.756 0
      vertex 9.05 58.756 1.27298
      vertex 7 58.756 1.27298
    endloop
  endfacet
  facet normal 0 -1 -0
    outer loop
      vertex 9.05 58.756 1.27298
      vertex 7 58.756 0
      vertex 9.05 58.756 0
    endloop
  endfacet
  facet normal 0 1 -0
    outer loop
      vertex 9.05 57.244 2.72702
      vertex 7 57.244 2.756
      vertex 9.05 57.244 2.756
    endloop
  endfacet
  facet normal 0 1 0
    outer loop
      vertex 7 57.244 2.756
      vertex 9.05 57.244 2.72702
      vertex 7 57.244 2.72702
    endloop
  endfacet
  facet normal 0 1 -0
    outer loop
      vertex 9.05 57.244 0
      vertex 7 57.244 1.27298
      vertex 9.05 57.244 1.27298
    endloop
  endfacet
  facet normal 0 1 0
    outer loop
      vertex 7 57.244 1.27298
      vertex 9.05 57.244 0
      vertex 7 57.244 0
    endloop
  endfacet
  facet normal 0 0 -1
    outer loop
      vertex 7 58.727 2.756
      vertex 9.05 58.756 2.756
      vertex 9.05 58.727 2.756
    endloop
  endfacet
  facet normal -0 0 -1
    outer loop
      vertex 9.05 58.756 2.756
      vertex 7 58.727 2.756
      vertex 7 58.756 2.756
    endloop
  endfacet
  facet normal 0 0 -1
    outer loop
      vertex 7 57.244 2.756
      vertex 9.05 57.273 2.756
      vertex 9.05 57.244 2.756
    endloop
  endfacet
  facet normal -0 0 -1
    outer loop
      vertex 9.05 57.273 2.756
      vertex 7 57.244 2.756
      vertex 7 57.273 2.756
    endloop
  endfacet
endsolid OpenSCAD_Model
