solid OpenSCAD_Model
  facet normal -0 0 1
    outer loop
      vertex 27.7577 0.345942 -1.45
      vertex 28 0 -1.45
      vertex 27.9829 0.977173 -1.45
    endloop
  endfacet
  facet normal 0 0 1
    outer loop
      vertex 27.3327 0.891935 -1.45
      vertex 27.9829 0.977173 -1.45
      vertex 27.9318 1.95317 -1.45
    endloop
  endfacet
  facet normal 0 0 1
    outer loop
      vertex 27.8146 -0.00472669 -1.45
      vertex 28 0 -1.45
      vertex 27.8154 0 -1.45
    endloop
  endfacet
  facet normal 0 0 1
    outer loop
      vertex 26.9342 1.88342 -1.45
      vertex 27.9318 1.95317 -1.45
      vertex 27.8466 2.92679 -1.45
    endloop
  endfacet
  facet normal 0 0 1
    outer loop
      vertex 27.7577 -0.345942 -1.45
      vertex 28 0 -1.45
      vertex 27.8146 -0.00472669 -1.45
    endloop
  endfacet
  facet normal 0 0 1
    outer loop
      vertex 28 0 -1.45
      vertex 27.7577 -0.345942 -1.45
      vertex 27.9829 -0.977173 -1.45
    endloop
  endfacet
  facet normal 0 0 1
    outer loop
      vertex 28 0 -1.45
      vertex 27.8146 0.00472669 -1.45
      vertex 27.8154 0 -1.45
    endloop
  endfacet
  facet normal 0 0 1
    outer loop
      vertex 28 0 -1.45
      vertex 27.7577 0.345942 -1.45
      vertex 27.8146 0.00472669 -1.45
    endloop
  endfacet
  facet normal 0 0 1
    outer loop
      vertex 26.8521 2.82227 -1.45
      vertex 27.8466 2.92679 -1.45
      vertex 27.7275 3.89684 -1.45
    endloop
  endfacet
  facet normal 0 0 1
    outer loop
      vertex 27.9829 0.977173 -1.45
      vertex 27.593 0.65018 -1.45
      vertex 27.7577 0.345942 -1.45
    endloop
  endfacet
  facet normal 0 0 1
    outer loop
      vertex 27.9829 0.977173 -1.45
      vertex 27.5908 0.654395 -1.45
      vertex 27.593 0.65018 -1.45
    endloop
  endfacet
  facet normal 0 0 1
    outer loop
      vertex 27.9829 0.977173 -1.45
      vertex 27.5872 0.65764 -1.45
      vertex 27.5908 0.654395 -1.45
    endloop
  endfacet
  facet normal 0 0 1
    outer loop
      vertex 26.7372 3.75767 -1.45
      vertex 27.7275 3.89684 -1.45
      vertex 27.5746 4.86214 -1.45
    endloop
  endfacet
  facet normal 0 0 1
    outer loop
      vertex 26.5898 4.6885 -1.45
      vertex 27.5746 4.86214 -1.45
      vertex 27.3881 5.82152 -1.45
    endloop
  endfacet
  facet normal 0 0 1
    outer loop
      vertex 27.8466 2.92679 -1.45
      vertex 26.8521 2.82227 -1.45
      vertex 26.9342 1.88342 -1.45
    endloop
  endfacet
  facet normal 0 -0 1
    outer loop
      vertex 27.3283 0.89386 -1.45
      vertex 27.9318 1.95317 -1.45
      vertex 26.9342 1.88342 -1.45
    endloop
  endfacet
  facet normal 0 0 1
    outer loop
      vertex 26.41 5.61362 -1.45
      vertex 27.3881 5.82152 -1.45
      vertex 27.2782 6.29767 -1.45
    endloop
  endfacet
  facet normal 0 0 1
    outer loop
      vertex 27.9829 0.977173 -1.45
      vertex 27.3327 0.891935 -1.45
      vertex 27.5872 0.65764 -1.45
    endloop
  endfacet
  facet normal 0 0 1
    outer loop
      vertex 27.3283 0.89386 -1.45
      vertex 26.9342 1.88342 -1.45
      vertex 27.0115 1.03282 -1.45
    endloop
  endfacet
  facet normal 0 0 1
    outer loop
      vertex 27.0115 1.03282 -1.45
      vertex 26.9342 1.88342 -1.45
      vertex 26.9787 1.03554 -1.45
    endloop
  endfacet
  facet normal 0 0 1
    outer loop
      vertex 27.9318 1.95317 -1.45
      vertex 27.3283 0.89386 -1.45
      vertex 27.3327 0.891935 -1.45
    endloop
  endfacet
  facet normal 0 0 1
    outer loop
      vertex 27.7275 3.89684 -1.45
      vertex 26.7372 3.75767 -1.45
      vertex 26.8521 2.82227 -1.45
    endloop
  endfacet
  facet normal 0 0 1
    outer loop
      vertex 27.5746 4.86214 -1.45
      vertex 26.5898 4.6885 -1.45
      vertex 26.7372 3.75767 -1.45
    endloop
  endfacet
  facet normal 0 0 1
    outer loop
      vertex 27.3881 5.82152 -1.45
      vertex 26.41 5.61362 -1.45
      vertex 26.5898 4.6885 -1.45
    endloop
  endfacet
  facet normal 0 -0 1
    outer loop
      vertex 26.41 5.61362 -1.45
      vertex 27.2782 6.29767 -1.45
      vertex 26.304 6.07275 -1.45
    endloop
  endfacet
  facet normal -0 0 1
    outer loop
      vertex 27.593 -0.65018 -1.45
      vertex 27.9829 -0.977173 -1.45
      vertex 27.7577 -0.345942 -1.45
    endloop
  endfacet
  facet normal -0 0 1
    outer loop
      vertex 27.5908 -0.654395 -1.45
      vertex 27.9829 -0.977173 -1.45
      vertex 27.593 -0.65018 -1.45
    endloop
  endfacet
  facet normal -0 0 1
    outer loop
      vertex 27.5872 -0.65764 -1.45
      vertex 27.9829 -0.977173 -1.45
      vertex 27.5908 -0.654395 -1.45
    endloop
  endfacet
  facet normal -0 0 1
    outer loop
      vertex 27.3327 -0.891935 -1.45
      vertex 27.9829 -0.977173 -1.45
      vertex 27.5872 -0.65764 -1.45
    endloop
  endfacet
  facet normal 0 0 1
    outer loop
      vertex 27.9829 -0.977173 -1.45
      vertex 27.3327 -0.891935 -1.45
      vertex 27.9318 -1.95317 -1.45
    endloop
  endfacet
  facet normal -0 0 1
    outer loop
      vertex 27.3283 -0.89386 -1.45
      vertex 27.9318 -1.95317 -1.45
      vertex 27.3327 -0.891935 -1.45
    endloop
  endfacet
  facet normal -0 0 1
    outer loop
      vertex 26.8521 -2.82227 -1.45
      vertex 27.8466 -2.92679 -1.45
      vertex 26.9342 -1.88342 -1.45
    endloop
  endfacet
  facet normal -0 0 1
    outer loop
      vertex 26.7372 -3.75767 -1.45
      vertex 27.7275 -3.89684 -1.45
      vertex 26.8521 -2.82227 -1.45
    endloop
  endfacet
  facet normal 0 0 1
    outer loop
      vertex 27.9318 -1.95317 -1.45
      vertex 26.9342 -1.88342 -1.45
      vertex 27.8466 -2.92679 -1.45
    endloop
  endfacet
  facet normal 0 0 1
    outer loop
      vertex 27.9318 -1.95317 -1.45
      vertex 27.3283 -0.89386 -1.45
      vertex 26.9342 -1.88342 -1.45
    endloop
  endfacet
  facet normal 0 0 1
    outer loop
      vertex 27.7275 -3.89684 -1.45
      vertex 26.7372 -3.75767 -1.45
      vertex 27.5746 -4.86214 -1.45
    endloop
  endfacet
  facet normal 0 0 1
    outer loop
      vertex 26.9342 -1.88342 -1.45
      vertex 27.3283 -0.89386 -1.45
      vertex 27.0115 -1.03282 -1.45
    endloop
  endfacet
  facet normal 0 0 1
    outer loop
      vertex 26.9342 -1.88342 -1.45
      vertex 27.0115 -1.03282 -1.45
      vertex 26.9787 -1.03554 -1.45
    endloop
  endfacet
  facet normal 0 0 1
    outer loop
      vertex 27.8466 -2.92679 -1.45
      vertex 26.8521 -2.82227 -1.45
      vertex 27.7275 -3.89684 -1.45
    endloop
  endfacet
  facet normal -0 0 1
    outer loop
      vertex 26.5898 -4.6885 -1.45
      vertex 27.5746 -4.86214 -1.45
      vertex 26.7372 -3.75767 -1.45
    endloop
  endfacet
  facet normal 0 0 1
    outer loop
      vertex 27.5746 -4.86214 -1.45
      vertex 26.5898 -4.6885 -1.45
      vertex 27.3881 -5.82152 -1.45
    endloop
  endfacet
  facet normal -0 0 1
    outer loop
      vertex 26.41 -5.61362 -1.45
      vertex 27.3881 -5.82152 -1.45
      vertex 26.5898 -4.6885 -1.45
    endloop
  endfacet
  facet normal 0 0 1
    outer loop
      vertex 27.3881 -5.82152 -1.45
      vertex 26.41 -5.61362 -1.45
      vertex 27.2782 -6.29767 -1.45
    endloop
  endfacet
  facet normal 0 0 1
    outer loop
      vertex 27.2782 -6.29767 -1.45
      vertex 26.41 -5.61362 -1.45
      vertex 26.304 -6.07275 -1.45
    endloop
  endfacet
  facet normal 0 0 -1
    outer loop
      vertex 27.7577 -0.345942 -2.55
      vertex 28 0 -2.55
      vertex 27.9829 -0.977173 -2.55
    endloop
  endfacet
  facet normal 0 0 -1
    outer loop
      vertex 27.3327 -0.891935 -2.55
      vertex 27.9829 -0.977173 -2.55
      vertex 27.9318 -1.95317 -2.55
    endloop
  endfacet
  facet normal 0 0 -1
    outer loop
      vertex 27.8146 0.00472669 -2.55
      vertex 28 0 -2.55
      vertex 27.8154 0 -2.55
    endloop
  endfacet
  facet normal 0 0 -1
    outer loop
      vertex 26.9342 -1.88342 -2.55
      vertex 27.9318 -1.95317 -2.55
      vertex 27.8466 -2.92679 -2.55
    endloop
  endfacet
  facet normal 0 0 -1
    outer loop
      vertex 27.7577 0.345942 -2.55
      vertex 28 0 -2.55
      vertex 27.8146 0.00472669 -2.55
    endloop
  endfacet
  facet normal 0 0 -1
    outer loop
      vertex 28 0 -2.55
      vertex 27.7577 0.345942 -2.55
      vertex 27.9829 0.977173 -2.55
    endloop
  endfacet
  facet normal -0 0 -1
    outer loop
      vertex 28 0 -2.55
      vertex 27.8146 -0.00472669 -2.55
      vertex 27.8154 0 -2.55
    endloop
  endfacet
  facet normal 0 0 -1
    outer loop
      vertex 28 0 -2.55
      vertex 27.7577 -0.345942 -2.55
      vertex 27.8146 -0.00472669 -2.55
    endloop
  endfacet
  facet normal 0 0 -1
    outer loop
      vertex 26.8521 -2.82227 -2.55
      vertex 27.8466 -2.92679 -2.55
      vertex 27.7275 -3.89684 -2.55
    endloop
  endfacet
  facet normal 0 0 -1
    outer loop
      vertex 27.9829 -0.977173 -2.55
      vertex 27.593 -0.65018 -2.55
      vertex 27.7577 -0.345942 -2.55
    endloop
  endfacet
  facet normal 0 0 -1
    outer loop
      vertex 27.9829 -0.977173 -2.55
      vertex 27.5908 -0.654395 -2.55
      vertex 27.593 -0.65018 -2.55
    endloop
  endfacet
  facet normal 0 0 -1
    outer loop
      vertex 27.9829 -0.977173 -2.55
      vertex 27.5872 -0.65764 -2.55
      vertex 27.5908 -0.654395 -2.55
    endloop
  endfacet
  facet normal 0 0 -1
    outer loop
      vertex 26.7372 -3.75767 -2.55
      vertex 27.7275 -3.89684 -2.55
      vertex 27.5746 -4.86214 -2.55
    endloop
  endfacet
  facet normal 0 0 -1
    outer loop
      vertex 26.5898 -4.6885 -2.55
      vertex 27.5746 -4.86214 -2.55
      vertex 27.3881 -5.82152 -2.55
    endloop
  endfacet
  facet normal 0 0 -1
    outer loop
      vertex 27.8466 -2.92679 -2.55
      vertex 26.8521 -2.82227 -2.55
      vertex 26.9342 -1.88342 -2.55
    endloop
  endfacet
  facet normal 0 -0 -1
    outer loop
      vertex 27.3283 -0.89386 -2.55
      vertex 27.9318 -1.95317 -2.55
      vertex 26.9342 -1.88342 -2.55
    endloop
  endfacet
  facet normal 0 0 -1
    outer loop
      vertex 26.41 -5.61362 -2.55
      vertex 27.3881 -5.82152 -2.55
      vertex 27.2782 -6.29767 -2.55
    endloop
  endfacet
  facet normal 0 0 -1
    outer loop
      vertex 27.9829 -0.977173 -2.55
      vertex 27.3327 -0.891935 -2.55
      vertex 27.5872 -0.65764 -2.55
    endloop
  endfacet
  facet normal 0 0 -1
    outer loop
      vertex 27.3283 -0.89386 -2.55
      vertex 26.9342 -1.88342 -2.55
      vertex 27.0115 -1.03282 -2.55
    endloop
  endfacet
  facet normal 0 0 -1
    outer loop
      vertex 27.0115 -1.03282 -2.55
      vertex 26.9342 -1.88342 -2.55
      vertex 26.9787 -1.03554 -2.55
    endloop
  endfacet
  facet normal 0 0 -1
    outer loop
      vertex 27.9318 -1.95317 -2.55
      vertex 27.3283 -0.89386 -2.55
      vertex 27.3327 -0.891935 -2.55
    endloop
  endfacet
  facet normal 0 0 -1
    outer loop
      vertex 27.7275 -3.89684 -2.55
      vertex 26.7372 -3.75767 -2.55
      vertex 26.8521 -2.82227 -2.55
    endloop
  endfacet
  facet normal 0 0 -1
    outer loop
      vertex 27.5746 -4.86214 -2.55
      vertex 26.5898 -4.6885 -2.55
      vertex 26.7372 -3.75767 -2.55
    endloop
  endfacet
  facet normal 0 0 -1
    outer loop
      vertex 27.3881 -5.82152 -2.55
      vertex 26.41 -5.61362 -2.55
      vertex 26.5898 -4.6885 -2.55
    endloop
  endfacet
  facet normal 0 -0 -1
    outer loop
      vertex 26.41 -5.61362 -2.55
      vertex 27.2782 -6.29767 -2.55
      vertex 26.304 -6.07275 -2.55
    endloop
  endfacet
  facet normal 0 0 -1
    outer loop
      vertex 27.593 0.65018 -2.55
      vertex 27.9829 0.977173 -2.55
      vertex 27.7577 0.345942 -2.55
    endloop
  endfacet
  facet normal 0 0 -1
    outer loop
      vertex 27.5908 0.654395 -2.55
      vertex 27.9829 0.977173 -2.55
      vertex 27.593 0.65018 -2.55
    endloop
  endfacet
  facet normal 0 0 -1
    outer loop
      vertex 27.5872 0.65764 -2.55
      vertex 27.9829 0.977173 -2.55
      vertex 27.5908 0.654395 -2.55
    endloop
  endfacet
  facet normal 0 0 -1
    outer loop
      vertex 27.3327 0.891935 -2.55
      vertex 27.9829 0.977173 -2.55
      vertex 27.5872 0.65764 -2.55
    endloop
  endfacet
  facet normal -0 0 -1
    outer loop
      vertex 27.9829 0.977173 -2.55
      vertex 27.3327 0.891935 -2.55
      vertex 27.9318 1.95317 -2.55
    endloop
  endfacet
  facet normal 0 0 -1
    outer loop
      vertex 27.3283 0.89386 -2.55
      vertex 27.9318 1.95317 -2.55
      vertex 27.3327 0.891935 -2.55
    endloop
  endfacet
  facet normal 0 0 -1
    outer loop
      vertex 26.8521 2.82227 -2.55
      vertex 27.8466 2.92679 -2.55
      vertex 26.9342 1.88342 -2.55
    endloop
  endfacet
  facet normal 0 0 -1
    outer loop
      vertex 26.7372 3.75767 -2.55
      vertex 27.7275 3.89684 -2.55
      vertex 26.8521 2.82227 -2.55
    endloop
  endfacet
  facet normal -0 0 -1
    outer loop
      vertex 27.9318 1.95317 -2.55
      vertex 26.9342 1.88342 -2.55
      vertex 27.8466 2.92679 -2.55
    endloop
  endfacet
  facet normal 0 0 -1
    outer loop
      vertex 27.9318 1.95317 -2.55
      vertex 27.3283 0.89386 -2.55
      vertex 26.9342 1.88342 -2.55
    endloop
  endfacet
  facet normal -0 0 -1
    outer loop
      vertex 27.7275 3.89684 -2.55
      vertex 26.7372 3.75767 -2.55
      vertex 27.5746 4.86214 -2.55
    endloop
  endfacet
  facet normal 0 0 -1
    outer loop
      vertex 26.9342 1.88342 -2.55
      vertex 27.3283 0.89386 -2.55
      vertex 27.0115 1.03282 -2.55
    endloop
  endfacet
  facet normal 0 0 -1
    outer loop
      vertex 26.9342 1.88342 -2.55
      vertex 27.0115 1.03282 -2.55
      vertex 26.9787 1.03554 -2.55
    endloop
  endfacet
  facet normal -0 0 -1
    outer loop
      vertex 27.8466 2.92679 -2.55
      vertex 26.8521 2.82227 -2.55
      vertex 27.7275 3.89684 -2.55
    endloop
  endfacet
  facet normal 0 0 -1
    outer loop
      vertex 26.5898 4.6885 -2.55
      vertex 27.5746 4.86214 -2.55
      vertex 26.7372 3.75767 -2.55
    endloop
  endfacet
  facet normal -0 0 -1
    outer loop
      vertex 27.5746 4.86214 -2.55
      vertex 26.5898 4.6885 -2.55
      vertex 27.3881 5.82152 -2.55
    endloop
  endfacet
  facet normal 0 0 -1
    outer loop
      vertex 26.41 5.61362 -2.55
      vertex 27.3881 5.82152 -2.55
      vertex 26.5898 4.6885 -2.55
    endloop
  endfacet
  facet normal -0 0 -1
    outer loop
      vertex 27.3881 5.82152 -2.55
      vertex 26.41 5.61362 -2.55
      vertex 27.2782 6.29767 -2.55
    endloop
  endfacet
  facet normal 0 0 -1
    outer loop
      vertex 27.2782 6.29767 -2.55
      vertex 26.41 5.61362 -2.55
      vertex 26.304 6.07275 -2.55
    endloop
  endfacet
  facet normal 0.981624 0.190824 0
    outer loop
      vertex 27.5746 4.86214 -1.45
      vertex 27.3881 5.82152 -2.55
      vertex 27.3881 5.82152 -1.45
    endloop
  endfacet
  facet normal 0.981624 0.190824 0
    outer loop
      vertex 27.3881 5.82152 -2.55
      vertex 27.5746 4.86214 -1.45
      vertex 27.5746 4.86214 -2.55
    endloop
  endfacet
  facet normal 0.987687 0.156446 0
    outer loop
      vertex 27.7275 3.89684 -1.45
      vertex 27.5746 4.86214 -2.55
      vertex 27.5746 4.86214 -1.45
    endloop
  endfacet
  facet normal 0.987687 0.156446 0
    outer loop
      vertex 27.5746 4.86214 -2.55
      vertex 27.7275 3.89684 -1.45
      vertex 27.7275 3.89684 -2.55
    endloop
  endfacet
  facet normal 0.992547 0.121862 0
    outer loop
      vertex 27.8466 2.92679 -1.45
      vertex 27.7275 3.89684 -2.55
      vertex 27.7275 3.89684 -1.45
    endloop
  endfacet
  facet normal 0.992547 0.121862 0
    outer loop
      vertex 27.7275 3.89684 -2.55
      vertex 27.8466 2.92679 -1.45
      vertex 27.8466 2.92679 -2.55
    endloop
  endfacet
  facet normal 0.996193 0.0871753 0
    outer loop
      vertex 27.9318 1.95317 -1.45
      vertex 27.8466 2.92679 -2.55
      vertex 27.8466 2.92679 -1.45
    endloop
  endfacet
  facet normal 0.996193 0.0871753 0
    outer loop
      vertex 27.8466 2.92679 -2.55
      vertex 27.9318 1.95317 -1.45
      vertex 27.9318 1.95317 -2.55
    endloop
  endfacet
  facet normal 0.998632 0.0522851 0
    outer loop
      vertex 27.9829 0.977173 -1.45
      vertex 27.9318 1.95317 -2.55
      vertex 27.9318 1.95317 -1.45
    endloop
  endfacet
  facet normal 0.998632 0.0522851 0
    outer loop
      vertex 27.9318 1.95317 -2.55
      vertex 27.9829 0.977173 -1.45
      vertex 27.9829 0.977173 -2.55
    endloop
  endfacet
  facet normal 0.999847 0.0174968 0
    outer loop
      vertex 28 0 -1.45
      vertex 27.9829 0.977173 -2.55
      vertex 27.9829 0.977173 -1.45
    endloop
  endfacet
  facet normal 0.999847 0.0174968 0
    outer loop
      vertex 27.9829 0.977173 -2.55
      vertex 28 0 -1.45
      vertex 28 0 -2.55
    endloop
  endfacet
  facet normal 0.999847 -0.0174968 0
    outer loop
      vertex 27.9829 -0.977173 -1.45
      vertex 28 0 -2.55
      vertex 28 0 -1.45
    endloop
  endfacet
  facet normal 0.999847 -0.0174968 0
    outer loop
      vertex 28 0 -2.55
      vertex 27.9829 -0.977173 -1.45
      vertex 27.9829 -0.977173 -2.55
    endloop
  endfacet
  facet normal 0.998632 -0.0522851 0
    outer loop
      vertex 27.9318 -1.95317 -1.45
      vertex 27.9829 -0.977173 -2.55
      vertex 27.9829 -0.977173 -1.45
    endloop
  endfacet
  facet normal 0.998632 -0.0522851 0
    outer loop
      vertex 27.9829 -0.977173 -2.55
      vertex 27.9318 -1.95317 -1.45
      vertex 27.9318 -1.95317 -2.55
    endloop
  endfacet
  facet normal 0.996193 -0.0871753 0
    outer loop
      vertex 27.8466 -2.92679 -1.45
      vertex 27.9318 -1.95317 -2.55
      vertex 27.9318 -1.95317 -1.45
    endloop
  endfacet
  facet normal 0.996193 -0.0871753 0
    outer loop
      vertex 27.9318 -1.95317 -2.55
      vertex 27.8466 -2.92679 -1.45
      vertex 27.8466 -2.92679 -2.55
    endloop
  endfacet
  facet normal 0.992547 -0.121862 0
    outer loop
      vertex 27.7275 -3.89684 -1.45
      vertex 27.8466 -2.92679 -2.55
      vertex 27.8466 -2.92679 -1.45
    endloop
  endfacet
  facet normal 0.992547 -0.121862 0
    outer loop
      vertex 27.8466 -2.92679 -2.55
      vertex 27.7275 -3.89684 -1.45
      vertex 27.7275 -3.89684 -2.55
    endloop
  endfacet
  facet normal 0.987687 -0.156446 0
    outer loop
      vertex 27.5746 -4.86214 -1.45
      vertex 27.7275 -3.89684 -2.55
      vertex 27.7275 -3.89684 -1.45
    endloop
  endfacet
  facet normal 0.987687 -0.156446 0
    outer loop
      vertex 27.7275 -3.89684 -2.55
      vertex 27.5746 -4.86214 -1.45
      vertex 27.5746 -4.86214 -2.55
    endloop
  endfacet
  facet normal 0.981624 -0.190824 0
    outer loop
      vertex 27.3881 -5.82152 -1.45
      vertex 27.5746 -4.86214 -2.55
      vertex 27.5746 -4.86214 -1.45
    endloop
  endfacet
  facet normal 0.981624 -0.190824 0
    outer loop
      vertex 27.5746 -4.86214 -2.55
      vertex 27.3881 -5.82152 -1.45
      vertex 27.3881 -5.82152 -2.55
    endloop
  endfacet
  facet normal 0.974383 -0.224897 0
    outer loop
      vertex 27.2782 -6.29767 -1.45
      vertex 27.3881 -5.82152 -2.55
      vertex 27.3881 -5.82152 -1.45
    endloop
  endfacet
  facet normal 0.974383 -0.224897 0
    outer loop
      vertex 27.3881 -5.82152 -2.55
      vertex 27.2782 -6.29767 -1.45
      vertex 27.2782 -6.29767 -2.55
    endloop
  endfacet
  facet normal -0.224959 -0.974368 0
    outer loop
      vertex 26.304 -6.07275 -2.55
      vertex 27.2782 -6.29767 -1.45
      vertex 26.304 -6.07275 -1.45
    endloop
  endfacet
  facet normal -0.224959 -0.974368 -0
    outer loop
      vertex 27.2782 -6.29767 -1.45
      vertex 26.304 -6.07275 -2.55
      vertex 27.2782 -6.29767 -2.55
    endloop
  endfacet
  facet normal -0.224959 0.974368 0
    outer loop
      vertex 27.2782 6.29767 -2.55
      vertex 26.304 6.07275 -1.45
      vertex 27.2782 6.29767 -1.45
    endloop
  endfacet
  facet normal -0.224959 0.974368 0
    outer loop
      vertex 26.304 6.07275 -1.45
      vertex 27.2782 6.29767 -2.55
      vertex 26.304 6.07275 -2.55
    endloop
  endfacet
  facet normal 0.974383 0.224897 0
    outer loop
      vertex 27.3881 5.82152 -1.45
      vertex 27.2782 6.29767 -2.55
      vertex 27.2782 6.29767 -1.45
    endloop
  endfacet
  facet normal 0.974383 0.224897 0
    outer loop
      vertex 27.2782 6.29767 -2.55
      vertex 27.3881 5.82152 -1.45
      vertex 27.3881 5.82152 -2.55
    endloop
  endfacet
  facet normal 0 0 1
    outer loop
      vertex -8.34346 -25.6785 -1.45
      vertex -8.18516 -26.7724 -1.45
      vertex -7.89283 -25.8163 -1.45
    endloop
  endfacet
  facet normal 0 0 1
    outer loop
      vertex -8.34346 -25.6785 -1.45
      vertex -8.65248 -26.6296 -1.45
      vertex -8.18516 -26.7724 -1.45
    endloop
  endfacet
  facet normal 0 0 1
    outer loop
      vertex -9.23454 -25.3717 -1.45
      vertex -8.65248 -26.6296 -1.45
      vertex -8.34346 -25.6785 -1.45
    endloop
  endfacet
  facet normal 0 0 1
    outer loop
      vertex -9.23454 -25.3717 -1.45
      vertex -9.57657 -26.3114 -1.45
      vertex -8.65248 -26.6296 -1.45
    endloop
  endfacet
  facet normal 0 0 1
    outer loop
      vertex -10.1144 -25.034 -1.45
      vertex -9.57657 -26.3114 -1.45
      vertex -9.23454 -25.3717 -1.45
    endloop
  endfacet
  facet normal 0 0 1
    outer loop
      vertex -10.1144 -25.034 -1.45
      vertex -10.489 -25.9611 -1.45
      vertex -9.57657 -26.3114 -1.45
    endloop
  endfacet
  facet normal 0 0 1
    outer loop
      vertex -10.9819 -24.6657 -1.45
      vertex -10.489 -25.9611 -1.45
      vertex -10.1144 -25.034 -1.45
    endloop
  endfacet
  facet normal 0 0 1
    outer loop
      vertex -10.9819 -24.6657 -1.45
      vertex -11.3886 -25.5793 -1.45
      vertex -10.489 -25.9611 -1.45
    endloop
  endfacet
  facet normal 0 0 1
    outer loop
      vertex -11.836 -24.2674 -1.45
      vertex -11.3886 -25.5793 -1.45
      vertex -10.9819 -24.6657 -1.45
    endloop
  endfacet
  facet normal 0 0 1
    outer loop
      vertex -11.836 -24.2674 -1.45
      vertex -12.2744 -25.1662 -1.45
      vertex -11.3886 -25.5793 -1.45
    endloop
  endfacet
  facet normal 0 0 1
    outer loop
      vertex -12.6757 -23.8396 -1.45
      vertex -12.2744 -25.1662 -1.45
      vertex -11.836 -24.2674 -1.45
    endloop
  endfacet
  facet normal 0 0 1
    outer loop
      vertex -12.6757 -23.8396 -1.45
      vertex -13.1452 -24.7225 -1.45
      vertex -12.2744 -25.1662 -1.45
    endloop
  endfacet
  facet normal 0 0 1
    outer loop
      vertex -13.5 -23.3827 -1.45
      vertex -13.1452 -24.7225 -1.45
      vertex -12.6757 -23.8396 -1.45
    endloop
  endfacet
  facet normal 0 0 1
    outer loop
      vertex -13.5 -23.3827 -1.45
      vertex -14 -24.2487 -1.45
      vertex -13.1452 -24.7225 -1.45
    endloop
  endfacet
  facet normal 0 0 1
    outer loop
      vertex -14.3078 -22.8973 -1.45
      vertex -14 -24.2487 -1.45
      vertex -13.5 -23.3827 -1.45
    endloop
  endfacet
  facet normal 0 0 1
    outer loop
      vertex -14.3078 -22.8973 -1.45
      vertex -14.8377 -23.7453 -1.45
      vertex -14 -24.2487 -1.45
    endloop
  endfacet
  facet normal 0 0 1
    outer loop
      vertex -15.0982 -22.384 -1.45
      vertex -14.8377 -23.7453 -1.45
      vertex -14.3078 -22.8973 -1.45
    endloop
  endfacet
  facet normal 0 0 1
    outer loop
      vertex -15.0982 -22.384 -1.45
      vertex -15.6574 -23.2131 -1.45
      vertex -14.8377 -23.7453 -1.45
    endloop
  endfacet
  facet normal 0 0 1
    outer loop
      vertex -15.8702 -21.8435 -1.45
      vertex -15.6574 -23.2131 -1.45
      vertex -15.0982 -22.384 -1.45
    endloop
  endfacet
  facet normal 0 0 1
    outer loop
      vertex -15.8702 -21.8435 -1.45
      vertex -16.458 -22.6525 -1.45
      vertex -15.6574 -23.2131 -1.45
    endloop
  endfacet
  facet normal 0 0 1
    outer loop
      vertex -16.6229 -21.2763 -1.45
      vertex -16.458 -22.6525 -1.45
      vertex -15.8702 -21.8435 -1.45
    endloop
  endfacet
  facet normal 0 0 1
    outer loop
      vertex -16.6229 -21.2763 -1.45
      vertex -17.2385 -22.0643 -1.45
      vertex -16.458 -22.6525 -1.45
    endloop
  endfacet
  facet normal 0 0 1
    outer loop
      vertex -17.3553 -20.6832 -1.45
      vertex -17.2385 -22.0643 -1.45
      vertex -16.6229 -21.2763 -1.45
    endloop
  endfacet
  facet normal 0 0 1
    outer loop
      vertex -17.3553 -20.6832 -1.45
      vertex -17.998 -21.4492 -1.45
      vertex -17.2385 -22.0643 -1.45
    endloop
  endfacet
  facet normal 0 0 1
    outer loop
      vertex -18.0665 -20.0649 -1.45
      vertex -17.998 -21.4492 -1.45
      vertex -17.3553 -20.6832 -1.45
    endloop
  endfacet
  facet normal 0 0 1
    outer loop
      vertex -19.093 -20.4748 -1.45
      vertex -18.0665 -20.0649 -1.45
      vertex -18.4112 -19.7435 -1.45
    endloop
  endfacet
  facet normal 0 0 1
    outer loop
      vertex -18.0665 -20.0649 -1.45
      vertex -18.7356 -20.8081 -1.45
      vertex -17.998 -21.4492 -1.45
    endloop
  endfacet
  facet normal 0 0 1
    outer loop
      vertex -18.0665 -20.0649 -1.45
      vertex -19.093 -20.4748 -1.45
      vertex -18.7356 -20.8081 -1.45
    endloop
  endfacet
  facet normal 0 0 -1
    outer loop
      vertex -8.18516 -26.7724 -2.55
      vertex -8.34346 -25.6785 -2.55
      vertex -7.89283 -25.8163 -2.55
    endloop
  endfacet
  facet normal 0 0 -1
    outer loop
      vertex -8.65248 -26.6296 -2.55
      vertex -8.34346 -25.6785 -2.55
      vertex -8.18516 -26.7724 -2.55
    endloop
  endfacet
  facet normal 0 0 -1
    outer loop
      vertex -8.65248 -26.6296 -2.55
      vertex -9.23454 -25.3717 -2.55
      vertex -8.34346 -25.6785 -2.55
    endloop
  endfacet
  facet normal 0 0 -1
    outer loop
      vertex -9.57657 -26.3114 -2.55
      vertex -9.23454 -25.3717 -2.55
      vertex -8.65248 -26.6296 -2.55
    endloop
  endfacet
  facet normal 0 0 -1
    outer loop
      vertex -9.57657 -26.3114 -2.55
      vertex -10.1144 -25.034 -2.55
      vertex -9.23454 -25.3717 -2.55
    endloop
  endfacet
  facet normal 0 0 -1
    outer loop
      vertex -10.489 -25.9611 -2.55
      vertex -10.1144 -25.034 -2.55
      vertex -9.57657 -26.3114 -2.55
    endloop
  endfacet
  facet normal 0 0 -1
    outer loop
      vertex -10.489 -25.9611 -2.55
      vertex -10.9819 -24.6657 -2.55
      vertex -10.1144 -25.034 -2.55
    endloop
  endfacet
  facet normal 0 0 -1
    outer loop
      vertex -11.3886 -25.5793 -2.55
      vertex -10.9819 -24.6657 -2.55
      vertex -10.489 -25.9611 -2.55
    endloop
  endfacet
  facet normal 0 0 -1
    outer loop
      vertex -11.3886 -25.5793 -2.55
      vertex -11.836 -24.2674 -2.55
      vertex -10.9819 -24.6657 -2.55
    endloop
  endfacet
  facet normal 0 0 -1
    outer loop
      vertex -12.2744 -25.1662 -2.55
      vertex -11.836 -24.2674 -2.55
      vertex -11.3886 -25.5793 -2.55
    endloop
  endfacet
  facet normal 0 0 -1
    outer loop
      vertex -12.2744 -25.1662 -2.55
      vertex -12.6757 -23.8396 -2.55
      vertex -11.836 -24.2674 -2.55
    endloop
  endfacet
  facet normal 0 0 -1
    outer loop
      vertex -13.1452 -24.7225 -2.55
      vertex -12.6757 -23.8396 -2.55
      vertex -12.2744 -25.1662 -2.55
    endloop
  endfacet
  facet normal 0 0 -1
    outer loop
      vertex -13.1452 -24.7225 -2.55
      vertex -13.5 -23.3827 -2.55
      vertex -12.6757 -23.8396 -2.55
    endloop
  endfacet
  facet normal 0 0 -1
    outer loop
      vertex -14 -24.2487 -2.55
      vertex -13.5 -23.3827 -2.55
      vertex -13.1452 -24.7225 -2.55
    endloop
  endfacet
  facet normal 0 0 -1
    outer loop
      vertex -14 -24.2487 -2.55
      vertex -14.3078 -22.8973 -2.55
      vertex -13.5 -23.3827 -2.55
    endloop
  endfacet
  facet normal 0 0 -1
    outer loop
      vertex -14.8377 -23.7453 -2.55
      vertex -14.3078 -22.8973 -2.55
      vertex -14 -24.2487 -2.55
    endloop
  endfacet
  facet normal 0 0 -1
    outer loop
      vertex -14.8377 -23.7453 -2.55
      vertex -15.0982 -22.384 -2.55
      vertex -14.3078 -22.8973 -2.55
    endloop
  endfacet
  facet normal 0 0 -1
    outer loop
      vertex -15.6574 -23.2131 -2.55
      vertex -15.0982 -22.384 -2.55
      vertex -14.8377 -23.7453 -2.55
    endloop
  endfacet
  facet normal 0 0 -1
    outer loop
      vertex -15.6574 -23.2131 -2.55
      vertex -15.8702 -21.8435 -2.55
      vertex -15.0982 -22.384 -2.55
    endloop
  endfacet
  facet normal 0 0 -1
    outer loop
      vertex -16.458 -22.6525 -2.55
      vertex -15.8702 -21.8435 -2.55
      vertex -15.6574 -23.2131 -2.55
    endloop
  endfacet
  facet normal 0 0 -1
    outer loop
      vertex -16.458 -22.6525 -2.55
      vertex -16.6229 -21.2763 -2.55
      vertex -15.8702 -21.8435 -2.55
    endloop
  endfacet
  facet normal 0 0 -1
    outer loop
      vertex -17.2385 -22.0643 -2.55
      vertex -16.6229 -21.2763 -2.55
      vertex -16.458 -22.6525 -2.55
    endloop
  endfacet
  facet normal 0 0 -1
    outer loop
      vertex -17.2385 -22.0643 -2.55
      vertex -17.3553 -20.6832 -2.55
      vertex -16.6229 -21.2763 -2.55
    endloop
  endfacet
  facet normal 0 0 -1
    outer loop
      vertex -17.998 -21.4492 -2.55
      vertex -17.3553 -20.6832 -2.55
      vertex -17.2385 -22.0643 -2.55
    endloop
  endfacet
  facet normal 0 0 -1
    outer loop
      vertex -17.998 -21.4492 -2.55
      vertex -18.0665 -20.0649 -2.55
      vertex -17.3553 -20.6832 -2.55
    endloop
  endfacet
  facet normal 0 0 -1
    outer loop
      vertex -18.7356 -20.8081 -2.55
      vertex -18.0665 -20.0649 -2.55
      vertex -17.998 -21.4492 -2.55
    endloop
  endfacet
  facet normal 0 0 -1
    outer loop
      vertex -19.093 -20.4748 -2.55
      vertex -18.0665 -20.0649 -2.55
      vertex -18.7356 -20.8081 -2.55
    endloop
  endfacet
  facet normal -0 0 -1
    outer loop
      vertex -18.0665 -20.0649 -2.55
      vertex -19.093 -20.4748 -2.55
      vertex -18.4112 -19.7435 -2.55
    endloop
  endfacet
  facet normal -0.325578 -0.945515 0
    outer loop
      vertex -9.57657 -26.3114 -2.55
      vertex -8.65248 -26.6296 -1.45
      vertex -9.57657 -26.3114 -1.45
    endloop
  endfacet
  facet normal -0.325578 -0.945515 -0
    outer loop
      vertex -8.65248 -26.6296 -1.45
      vertex -9.57657 -26.3114 -2.55
      vertex -8.65248 -26.6296 -2.55
    endloop
  endfacet
  facet normal -0.358413 -0.933563 0
    outer loop
      vertex -10.489 -25.9611 -2.55
      vertex -9.57657 -26.3114 -1.45
      vertex -10.489 -25.9611 -1.45
    endloop
  endfacet
  facet normal -0.358413 -0.933563 -0
    outer loop
      vertex -9.57657 -26.3114 -1.45
      vertex -10.489 -25.9611 -2.55
      vertex -9.57657 -26.3114 -2.55
    endloop
  endfacet
  facet normal -0.390681 -0.920526 0
    outer loop
      vertex -11.3886 -25.5793 -2.55
      vertex -10.489 -25.9611 -1.45
      vertex -11.3886 -25.5793 -1.45
    endloop
  endfacet
  facet normal -0.390681 -0.920526 -0
    outer loop
      vertex -10.489 -25.9611 -1.45
      vertex -11.3886 -25.5793 -2.55
      vertex -10.489 -25.9611 -2.55
    endloop
  endfacet
  facet normal -0.422656 -0.90629 0
    outer loop
      vertex -12.2744 -25.1662 -2.55
      vertex -11.3886 -25.5793 -1.45
      vertex -12.2744 -25.1662 -1.45
    endloop
  endfacet
  facet normal -0.422656 -0.90629 -0
    outer loop
      vertex -11.3886 -25.5793 -1.45
      vertex -12.2744 -25.1662 -2.55
      vertex -11.3886 -25.5793 -2.55
    endloop
  endfacet
  facet normal -0.453995 -0.891004 0
    outer loop
      vertex -13.1452 -24.7225 -2.55
      vertex -12.2744 -25.1662 -1.45
      vertex -13.1452 -24.7225 -1.45
    endloop
  endfacet
  facet normal -0.453995 -0.891004 -0
    outer loop
      vertex -12.2744 -25.1662 -1.45
      vertex -13.1452 -24.7225 -2.55
      vertex -12.2744 -25.1662 -2.55
    endloop
  endfacet
  facet normal -0.484791 -0.87463 0
    outer loop
      vertex -14 -24.2487 -2.55
      vertex -13.1452 -24.7225 -1.45
      vertex -14 -24.2487 -1.45
    endloop
  endfacet
  facet normal -0.484791 -0.87463 -0
    outer loop
      vertex -13.1452 -24.7225 -1.45
      vertex -14 -24.2487 -2.55
      vertex -13.1452 -24.7225 -2.55
    endloop
  endfacet
  facet normal -0.515082 -0.857141 0
    outer loop
      vertex -14.8377 -23.7453 -2.55
      vertex -14 -24.2487 -1.45
      vertex -14.8377 -23.7453 -1.45
    endloop
  endfacet
  facet normal -0.515082 -0.857141 -0
    outer loop
      vertex -14 -24.2487 -1.45
      vertex -14.8377 -23.7453 -2.55
      vertex -14 -24.2487 -2.55
    endloop
  endfacet
  facet normal -0.544553 -0.838726 0
    outer loop
      vertex -15.6574 -23.2131 -2.55
      vertex -14.8377 -23.7453 -1.45
      vertex -15.6574 -23.2131 -1.45
    endloop
  endfacet
  facet normal -0.544553 -0.838726 -0
    outer loop
      vertex -14.8377 -23.7453 -1.45
      vertex -15.6574 -23.2131 -2.55
      vertex -14.8377 -23.7453 -2.55
    endloop
  endfacet
  facet normal -0.573586 -0.819145 0
    outer loop
      vertex -16.458 -22.6525 -2.55
      vertex -15.6574 -23.2131 -1.45
      vertex -16.458 -22.6525 -1.45
    endloop
  endfacet
  facet normal -0.573586 -0.819145 -0
    outer loop
      vertex -15.6574 -23.2131 -1.45
      vertex -16.458 -22.6525 -2.55
      vertex -15.6574 -23.2131 -2.55
    endloop
  endfacet
  facet normal -0.601848 -0.79861 0
    outer loop
      vertex -17.2385 -22.0643 -2.55
      vertex -16.458 -22.6525 -1.45
      vertex -17.2385 -22.0643 -1.45
    endloop
  endfacet
  facet normal -0.601848 -0.79861 -0
    outer loop
      vertex -16.458 -22.6525 -1.45
      vertex -17.2385 -22.0643 -2.55
      vertex -16.458 -22.6525 -2.55
    endloop
  endfacet
  facet normal -0.629363 -0.777111 0
    outer loop
      vertex -17.998 -21.4492 -2.55
      vertex -17.2385 -22.0643 -1.45
      vertex -17.998 -21.4492 -1.45
    endloop
  endfacet
  facet normal -0.629363 -0.777111 -0
    outer loop
      vertex -17.2385 -22.0643 -1.45
      vertex -17.998 -21.4492 -2.55
      vertex -17.2385 -22.0643 -2.55
    endloop
  endfacet
  facet normal -0.656009 -0.754753 0
    outer loop
      vertex -18.7356 -20.8081 -2.55
      vertex -17.998 -21.4492 -1.45
      vertex -18.7356 -20.8081 -1.45
    endloop
  endfacet
  facet normal -0.656009 -0.754753 -0
    outer loop
      vertex -17.998 -21.4492 -1.45
      vertex -18.7356 -20.8081 -2.55
      vertex -17.998 -21.4492 -2.55
    endloop
  endfacet
  facet normal -0.682019 -0.731334 0
    outer loop
      vertex -19.093 -20.4748 -2.55
      vertex -18.7356 -20.8081 -1.45
      vertex -19.093 -20.4748 -1.45
    endloop
  endfacet
  facet normal -0.682019 -0.731334 -0
    outer loop
      vertex -18.7356 -20.8081 -1.45
      vertex -19.093 -20.4748 -2.55
      vertex -18.7356 -20.8081 -2.55
    endloop
  endfacet
  facet normal -0.731428 0.681919 0
    outer loop
      vertex -19.093 -20.4748 -2.55
      vertex -18.4112 -19.7435 -1.45
      vertex -18.4112 -19.7435 -2.55
    endloop
  endfacet
  facet normal -0.731428 0.681919 0
    outer loop
      vertex -18.4112 -19.7435 -1.45
      vertex -19.093 -20.4748 -2.55
      vertex -19.093 -20.4748 -1.45
    endloop
  endfacet
  facet normal 0.956299 -0.292391 0
    outer loop
      vertex -8.18516 -26.7724 -1.45
      vertex -7.89283 -25.8163 -2.55
      vertex -7.89283 -25.8163 -1.45
    endloop
  endfacet
  facet normal 0.956299 -0.292391 0
    outer loop
      vertex -7.89283 -25.8163 -2.55
      vertex -8.18516 -26.7724 -1.45
      vertex -8.18516 -26.7724 -2.55
    endloop
  endfacet
  facet normal -0.292233 -0.956347 0
    outer loop
      vertex -8.65248 -26.6296 -2.55
      vertex -8.18516 -26.7724 -1.45
      vertex -8.65248 -26.6296 -1.45
    endloop
  endfacet
  facet normal -0.292233 -0.956347 -0
    outer loop
      vertex -8.18516 -26.7724 -1.45
      vertex -8.65248 -26.6296 -2.55
      vertex -8.18516 -26.7724 -2.55
    endloop
  endfacet
  facet normal 0 0 1
    outer loop
      vertex -8.18516 26.7724 -1.45
      vertex -8.34346 25.6785 -1.45
      vertex -7.89283 25.8163 -1.45
    endloop
  endfacet
  facet normal -0 0 1
    outer loop
      vertex -8.65248 26.6296 -1.45
      vertex -8.34346 25.6785 -1.45
      vertex -8.18516 26.7724 -1.45
    endloop
  endfacet
  facet normal 0 0 1
    outer loop
      vertex -8.65248 26.6296 -1.45
      vertex -9.23454 25.3717 -1.45
      vertex -8.34346 25.6785 -1.45
    endloop
  endfacet
  facet normal -0 0 1
    outer loop
      vertex -9.57657 26.3114 -1.45
      vertex -9.23454 25.3717 -1.45
      vertex -8.65248 26.6296 -1.45
    endloop
  endfacet
  facet normal 0 0 1
    outer loop
      vertex -9.57657 26.3114 -1.45
      vertex -10.1144 25.034 -1.45
      vertex -9.23454 25.3717 -1.45
    endloop
  endfacet
  facet normal -0 0 1
    outer loop
      vertex -10.489 25.9611 -1.45
      vertex -10.1144 25.034 -1.45
      vertex -9.57657 26.3114 -1.45
    endloop
  endfacet
  facet normal 0 0 1
    outer loop
      vertex -10.489 25.9611 -1.45
      vertex -10.9819 24.6657 -1.45
      vertex -10.1144 25.034 -1.45
    endloop
  endfacet
  facet normal -0 0 1
    outer loop
      vertex -11.3886 25.5793 -1.45
      vertex -10.9819 24.6657 -1.45
      vertex -10.489 25.9611 -1.45
    endloop
  endfacet
  facet normal 0 0 1
    outer loop
      vertex -11.3886 25.5793 -1.45
      vertex -11.836 24.2674 -1.45
      vertex -10.9819 24.6657 -1.45
    endloop
  endfacet
  facet normal -0 0 1
    outer loop
      vertex -12.2744 25.1662 -1.45
      vertex -11.836 24.2674 -1.45
      vertex -11.3886 25.5793 -1.45
    endloop
  endfacet
  facet normal 0 0 1
    outer loop
      vertex -12.2744 25.1662 -1.45
      vertex -12.6757 23.8396 -1.45
      vertex -11.836 24.2674 -1.45
    endloop
  endfacet
  facet normal -0 0 1
    outer loop
      vertex -13.1452 24.7225 -1.45
      vertex -12.6757 23.8396 -1.45
      vertex -12.2744 25.1662 -1.45
    endloop
  endfacet
  facet normal 0 0 1
    outer loop
      vertex -13.1452 24.7225 -1.45
      vertex -13.5 23.3827 -1.45
      vertex -12.6757 23.8396 -1.45
    endloop
  endfacet
  facet normal -0 0 1
    outer loop
      vertex -14 24.2487 -1.45
      vertex -13.5 23.3827 -1.45
      vertex -13.1452 24.7225 -1.45
    endloop
  endfacet
  facet normal 0 0 1
    outer loop
      vertex -14 24.2487 -1.45
      vertex -14.3078 22.8973 -1.45
      vertex -13.5 23.3827 -1.45
    endloop
  endfacet
  facet normal -0 0 1
    outer loop
      vertex -14.8377 23.7453 -1.45
      vertex -14.3078 22.8973 -1.45
      vertex -14 24.2487 -1.45
    endloop
  endfacet
  facet normal 0 0 1
    outer loop
      vertex -14.8377 23.7453 -1.45
      vertex -15.0982 22.384 -1.45
      vertex -14.3078 22.8973 -1.45
    endloop
  endfacet
  facet normal -0 0 1
    outer loop
      vertex -15.6574 23.2131 -1.45
      vertex -15.0982 22.384 -1.45
      vertex -14.8377 23.7453 -1.45
    endloop
  endfacet
  facet normal 0 0 1
    outer loop
      vertex -15.6574 23.2131 -1.45
      vertex -15.8702 21.8435 -1.45
      vertex -15.0982 22.384 -1.45
    endloop
  endfacet
  facet normal -0 0 1
    outer loop
      vertex -16.458 22.6525 -1.45
      vertex -15.8702 21.8435 -1.45
      vertex -15.6574 23.2131 -1.45
    endloop
  endfacet
  facet normal 0 0 1
    outer loop
      vertex -16.458 22.6525 -1.45
      vertex -16.6229 21.2763 -1.45
      vertex -15.8702 21.8435 -1.45
    endloop
  endfacet
  facet normal -0 0 1
    outer loop
      vertex -17.2385 22.0643 -1.45
      vertex -16.6229 21.2763 -1.45
      vertex -16.458 22.6525 -1.45
    endloop
  endfacet
  facet normal 0 0 1
    outer loop
      vertex -17.2385 22.0643 -1.45
      vertex -17.3553 20.6832 -1.45
      vertex -16.6229 21.2763 -1.45
    endloop
  endfacet
  facet normal -0 0 1
    outer loop
      vertex -17.998 21.4492 -1.45
      vertex -17.3553 20.6832 -1.45
      vertex -17.2385 22.0643 -1.45
    endloop
  endfacet
  facet normal 0 0 1
    outer loop
      vertex -17.998 21.4492 -1.45
      vertex -18.0665 20.0649 -1.45
      vertex -17.3553 20.6832 -1.45
    endloop
  endfacet
  facet normal -0 0 1
    outer loop
      vertex -18.7356 20.8081 -1.45
      vertex -18.0665 20.0649 -1.45
      vertex -17.998 21.4492 -1.45
    endloop
  endfacet
  facet normal -0 0 1
    outer loop
      vertex -19.093 20.4748 -1.45
      vertex -18.0665 20.0649 -1.45
      vertex -18.7356 20.8081 -1.45
    endloop
  endfacet
  facet normal 0 0 1
    outer loop
      vertex -18.0665 20.0649 -1.45
      vertex -19.093 20.4748 -1.45
      vertex -18.4112 19.7435 -1.45
    endloop
  endfacet
  facet normal 0 0 -1
    outer loop
      vertex -8.34346 25.6785 -2.55
      vertex -8.18516 26.7724 -2.55
      vertex -7.89283 25.8163 -2.55
    endloop
  endfacet
  facet normal 0 0 -1
    outer loop
      vertex -8.34346 25.6785 -2.55
      vertex -8.65248 26.6296 -2.55
      vertex -8.18516 26.7724 -2.55
    endloop
  endfacet
  facet normal 0 0 -1
    outer loop
      vertex -9.23454 25.3717 -2.55
      vertex -8.65248 26.6296 -2.55
      vertex -8.34346 25.6785 -2.55
    endloop
  endfacet
  facet normal 0 0 -1
    outer loop
      vertex -9.23454 25.3717 -2.55
      vertex -9.57657 26.3114 -2.55
      vertex -8.65248 26.6296 -2.55
    endloop
  endfacet
  facet normal 0 0 -1
    outer loop
      vertex -10.1144 25.034 -2.55
      vertex -9.57657 26.3114 -2.55
      vertex -9.23454 25.3717 -2.55
    endloop
  endfacet
  facet normal 0 0 -1
    outer loop
      vertex -10.1144 25.034 -2.55
      vertex -10.489 25.9611 -2.55
      vertex -9.57657 26.3114 -2.55
    endloop
  endfacet
  facet normal 0 0 -1
    outer loop
      vertex -10.9819 24.6657 -2.55
      vertex -10.489 25.9611 -2.55
      vertex -10.1144 25.034 -2.55
    endloop
  endfacet
  facet normal 0 0 -1
    outer loop
      vertex -10.9819 24.6657 -2.55
      vertex -11.3886 25.5793 -2.55
      vertex -10.489 25.9611 -2.55
    endloop
  endfacet
  facet normal 0 0 -1
    outer loop
      vertex -11.836 24.2674 -2.55
      vertex -11.3886 25.5793 -2.55
      vertex -10.9819 24.6657 -2.55
    endloop
  endfacet
  facet normal 0 0 -1
    outer loop
      vertex -11.836 24.2674 -2.55
      vertex -12.2744 25.1662 -2.55
      vertex -11.3886 25.5793 -2.55
    endloop
  endfacet
  facet normal 0 0 -1
    outer loop
      vertex -12.6757 23.8396 -2.55
      vertex -12.2744 25.1662 -2.55
      vertex -11.836 24.2674 -2.55
    endloop
  endfacet
  facet normal 0 0 -1
    outer loop
      vertex -12.6757 23.8396 -2.55
      vertex -13.1452 24.7225 -2.55
      vertex -12.2744 25.1662 -2.55
    endloop
  endfacet
  facet normal 0 0 -1
    outer loop
      vertex -13.5 23.3827 -2.55
      vertex -13.1452 24.7225 -2.55
      vertex -12.6757 23.8396 -2.55
    endloop
  endfacet
  facet normal 0 0 -1
    outer loop
      vertex -13.5 23.3827 -2.55
      vertex -14 24.2487 -2.55
      vertex -13.1452 24.7225 -2.55
    endloop
  endfacet
  facet normal 0 0 -1
    outer loop
      vertex -14.3078 22.8973 -2.55
      vertex -14 24.2487 -2.55
      vertex -13.5 23.3827 -2.55
    endloop
  endfacet
  facet normal 0 0 -1
    outer loop
      vertex -14.3078 22.8973 -2.55
      vertex -14.8377 23.7453 -2.55
      vertex -14 24.2487 -2.55
    endloop
  endfacet
  facet normal 0 0 -1
    outer loop
      vertex -15.0982 22.384 -2.55
      vertex -14.8377 23.7453 -2.55
      vertex -14.3078 22.8973 -2.55
    endloop
  endfacet
  facet normal 0 0 -1
    outer loop
      vertex -15.0982 22.384 -2.55
      vertex -15.6574 23.2131 -2.55
      vertex -14.8377 23.7453 -2.55
    endloop
  endfacet
  facet normal 0 0 -1
    outer loop
      vertex -15.8702 21.8435 -2.55
      vertex -15.6574 23.2131 -2.55
      vertex -15.0982 22.384 -2.55
    endloop
  endfacet
  facet normal 0 0 -1
    outer loop
      vertex -15.8702 21.8435 -2.55
      vertex -16.458 22.6525 -2.55
      vertex -15.6574 23.2131 -2.55
    endloop
  endfacet
  facet normal 0 0 -1
    outer loop
      vertex -16.6229 21.2763 -2.55
      vertex -16.458 22.6525 -2.55
      vertex -15.8702 21.8435 -2.55
    endloop
  endfacet
  facet normal 0 0 -1
    outer loop
      vertex -16.6229 21.2763 -2.55
      vertex -17.2385 22.0643 -2.55
      vertex -16.458 22.6525 -2.55
    endloop
  endfacet
  facet normal 0 0 -1
    outer loop
      vertex -17.3553 20.6832 -2.55
      vertex -17.2385 22.0643 -2.55
      vertex -16.6229 21.2763 -2.55
    endloop
  endfacet
  facet normal 0 0 -1
    outer loop
      vertex -17.3553 20.6832 -2.55
      vertex -17.998 21.4492 -2.55
      vertex -17.2385 22.0643 -2.55
    endloop
  endfacet
  facet normal 0 0 -1
    outer loop
      vertex -18.0665 20.0649 -2.55
      vertex -17.998 21.4492 -2.55
      vertex -17.3553 20.6832 -2.55
    endloop
  endfacet
  facet normal 0 0 -1
    outer loop
      vertex -19.093 20.4748 -2.55
      vertex -18.0665 20.0649 -2.55
      vertex -18.4112 19.7435 -2.55
    endloop
  endfacet
  facet normal 0 0 -1
    outer loop
      vertex -18.0665 20.0649 -2.55
      vertex -18.7356 20.8081 -2.55
      vertex -17.998 21.4492 -2.55
    endloop
  endfacet
  facet normal 0 0 -1
    outer loop
      vertex -18.0665 20.0649 -2.55
      vertex -19.093 20.4748 -2.55
      vertex -18.7356 20.8081 -2.55
    endloop
  endfacet
  facet normal -0.656009 0.754753 0
    outer loop
      vertex -17.998 21.4492 -2.55
      vertex -18.7356 20.8081 -1.45
      vertex -17.998 21.4492 -1.45
    endloop
  endfacet
  facet normal -0.656009 0.754753 0
    outer loop
      vertex -18.7356 20.8081 -1.45
      vertex -17.998 21.4492 -2.55
      vertex -18.7356 20.8081 -2.55
    endloop
  endfacet
  facet normal -0.629363 0.777111 0
    outer loop
      vertex -17.2385 22.0643 -2.55
      vertex -17.998 21.4492 -1.45
      vertex -17.2385 22.0643 -1.45
    endloop
  endfacet
  facet normal -0.629363 0.777111 0
    outer loop
      vertex -17.998 21.4492 -1.45
      vertex -17.2385 22.0643 -2.55
      vertex -17.998 21.4492 -2.55
    endloop
  endfacet
  facet normal -0.601848 0.79861 0
    outer loop
      vertex -16.458 22.6525 -2.55
      vertex -17.2385 22.0643 -1.45
      vertex -16.458 22.6525 -1.45
    endloop
  endfacet
  facet normal -0.601848 0.79861 0
    outer loop
      vertex -17.2385 22.0643 -1.45
      vertex -16.458 22.6525 -2.55
      vertex -17.2385 22.0643 -2.55
    endloop
  endfacet
  facet normal -0.573586 0.819145 0
    outer loop
      vertex -15.6574 23.2131 -2.55
      vertex -16.458 22.6525 -1.45
      vertex -15.6574 23.2131 -1.45
    endloop
  endfacet
  facet normal -0.573586 0.819145 0
    outer loop
      vertex -16.458 22.6525 -1.45
      vertex -15.6574 23.2131 -2.55
      vertex -16.458 22.6525 -2.55
    endloop
  endfacet
  facet normal -0.544553 0.838726 0
    outer loop
      vertex -14.8377 23.7453 -2.55
      vertex -15.6574 23.2131 -1.45
      vertex -14.8377 23.7453 -1.45
    endloop
  endfacet
  facet normal -0.544553 0.838726 0
    outer loop
      vertex -15.6574 23.2131 -1.45
      vertex -14.8377 23.7453 -2.55
      vertex -15.6574 23.2131 -2.55
    endloop
  endfacet
  facet normal -0.515082 0.857141 0
    outer loop
      vertex -14 24.2487 -2.55
      vertex -14.8377 23.7453 -1.45
      vertex -14 24.2487 -1.45
    endloop
  endfacet
  facet normal -0.515082 0.857141 0
    outer loop
      vertex -14.8377 23.7453 -1.45
      vertex -14 24.2487 -2.55
      vertex -14.8377 23.7453 -2.55
    endloop
  endfacet
  facet normal -0.484791 0.87463 0
    outer loop
      vertex -13.1452 24.7225 -2.55
      vertex -14 24.2487 -1.45
      vertex -13.1452 24.7225 -1.45
    endloop
  endfacet
  facet normal -0.484791 0.87463 0
    outer loop
      vertex -14 24.2487 -1.45
      vertex -13.1452 24.7225 -2.55
      vertex -14 24.2487 -2.55
    endloop
  endfacet
  facet normal -0.453995 0.891004 0
    outer loop
      vertex -12.2744 25.1662 -2.55
      vertex -13.1452 24.7225 -1.45
      vertex -12.2744 25.1662 -1.45
    endloop
  endfacet
  facet normal -0.453995 0.891004 0
    outer loop
      vertex -13.1452 24.7225 -1.45
      vertex -12.2744 25.1662 -2.55
      vertex -13.1452 24.7225 -2.55
    endloop
  endfacet
  facet normal -0.422656 0.90629 0
    outer loop
      vertex -11.3886 25.5793 -2.55
      vertex -12.2744 25.1662 -1.45
      vertex -11.3886 25.5793 -1.45
    endloop
  endfacet
  facet normal -0.422656 0.90629 0
    outer loop
      vertex -12.2744 25.1662 -1.45
      vertex -11.3886 25.5793 -2.55
      vertex -12.2744 25.1662 -2.55
    endloop
  endfacet
  facet normal -0.390681 0.920526 0
    outer loop
      vertex -10.489 25.9611 -2.55
      vertex -11.3886 25.5793 -1.45
      vertex -10.489 25.9611 -1.45
    endloop
  endfacet
  facet normal -0.390681 0.920526 0
    outer loop
      vertex -11.3886 25.5793 -1.45
      vertex -10.489 25.9611 -2.55
      vertex -11.3886 25.5793 -2.55
    endloop
  endfacet
  facet normal -0.358413 0.933563 0
    outer loop
      vertex -9.57657 26.3114 -2.55
      vertex -10.489 25.9611 -1.45
      vertex -9.57657 26.3114 -1.45
    endloop
  endfacet
  facet normal -0.358413 0.933563 0
    outer loop
      vertex -10.489 25.9611 -1.45
      vertex -9.57657 26.3114 -2.55
      vertex -10.489 25.9611 -2.55
    endloop
  endfacet
  facet normal -0.325578 0.945515 0
    outer loop
      vertex -8.65248 26.6296 -2.55
      vertex -9.57657 26.3114 -1.45
      vertex -8.65248 26.6296 -1.45
    endloop
  endfacet
  facet normal -0.325578 0.945515 0
    outer loop
      vertex -9.57657 26.3114 -1.45
      vertex -8.65248 26.6296 -2.55
      vertex -9.57657 26.3114 -2.55
    endloop
  endfacet
  facet normal -0.292233 0.956347 0
    outer loop
      vertex -8.18516 26.7724 -2.55
      vertex -8.65248 26.6296 -1.45
      vertex -8.18516 26.7724 -1.45
    endloop
  endfacet
  facet normal -0.292233 0.956347 0
    outer loop
      vertex -8.65248 26.6296 -1.45
      vertex -8.18516 26.7724 -2.55
      vertex -8.65248 26.6296 -2.55
    endloop
  endfacet
  facet normal 0.956299 0.292391 0
    outer loop
      vertex -7.89283 25.8163 -1.45
      vertex -8.18516 26.7724 -2.55
      vertex -8.18516 26.7724 -1.45
    endloop
  endfacet
  facet normal 0.956299 0.292391 0
    outer loop
      vertex -8.18516 26.7724 -2.55
      vertex -7.89283 25.8163 -1.45
      vertex -7.89283 25.8163 -2.55
    endloop
  endfacet
  facet normal -0.731428 -0.681919 0
    outer loop
      vertex -18.4112 19.7435 -2.55
      vertex -19.093 20.4748 -1.45
      vertex -19.093 20.4748 -2.55
    endloop
  endfacet
  facet normal -0.731428 -0.681919 0
    outer loop
      vertex -19.093 20.4748 -1.45
      vertex -18.4112 19.7435 -2.55
      vertex -18.4112 19.7435 -1.45
    endloop
  endfacet
  facet normal -0.682019 0.731334 0
    outer loop
      vertex -18.7356 20.8081 -2.55
      vertex -19.093 20.4748 -1.45
      vertex -18.7356 20.8081 -1.45
    endloop
  endfacet
  facet normal -0.682019 0.731334 0
    outer loop
      vertex -19.093 20.4748 -1.45
      vertex -18.7356 20.8081 -2.55
      vertex -19.093 20.4748 -2.55
    endloop
  endfacet
  facet normal 0.550546 -0.598031 -0.582458
    outer loop
      vertex 27.4196 -0.521176 -2.84853
      vertex 27.5872 -0.65764 -2.55
      vertex 27.2141 -0.710359 -2.84853
    endloop
  endfacet
  facet normal 0.544528 -0.604099 -0.581853
    outer loop
      vertex 27.5872 -0.65764 -2.55
      vertex 27.4196 -0.521176 -2.84853
      vertex 27.5908 -0.654395 -2.55
    endloop
  endfacet
  facet normal 0.714857 0.38699 -0.582424
    outer loop
      vertex 27.7577 0.345942 -2.55
      vertex 27.5526 0.275517 -2.84853
      vertex 27.593 0.65018 -2.55
    endloop
  endfacet
  facet normal 0.550548 0.598026 -0.582461
    outer loop
      vertex 27.5872 0.65764 -2.55
      vertex 27.2141 0.710359 -2.84853
      vertex 27.3327 0.891935 -2.55
    endloop
  endfacet
  facet normal 0.308575 0.0514606 0.949807
    outer loop
      vertex 26.9994 0.0333194 -0.836627
      vertex 27.2948 0 -0.930792
      vertex 27.2653 0.176892 -0.930792
    endloop
  endfacet
  facet normal 0.308594 0.051679 0.949789
    outer loop
      vertex 27.2948 0 -0.930792
      vertex 26.9994 0.0333194 -0.836627
      vertex 27 0 -0.835009
    endloop
  endfacet
  facet normal 0.211659 -0.230296 0.949823
    outer loop
      vertex 26.9942 -0.333725 -0.889137
      vertex 26.9935 -0.372696 -0.89843
      vertex 27.048 -0.456079 -0.930792
    endloop
  endfacet
  facet normal 0.0678082 -0.809975 0.582531
    outer loop
      vertex 26.9836 -0.942286 -1.32087
      vertex 27.0115 -1.03282 -1.45
      vertex 26.9839 -0.923569 -1.29488
    endloop
  endfacet
  facet normal 0.067177 -0.810076 0.582464
    outer loop
      vertex 27.0115 -1.03282 -1.45
      vertex 26.9836 -0.942286 -1.32087
      vertex 26.9787 -1.03554 -1.45
    endloop
  endfacet
  facet normal 0.721181 0.376417 0.581557
    outer loop
      vertex 27.4196 0.521176 -1.15147
      vertex 27.593 0.65018 -1.45
      vertex 27.5908 0.654395 -1.45
    endloop
  endfacet
  facet normal 0.71483 0.387009 0.582445
    outer loop
      vertex 27.593 0.65018 -1.45
      vertex 27.4196 0.521176 -1.15147
      vertex 27.5526 0.275517 -1.15147
    endloop
  endfacet
  facet normal 0.275159 -0.148825 0.94981
    outer loop
      vertex 26.9985 -0.0853134 -0.839151
      vertex 26.9977 -0.132003 -0.846235
      vertex 27.2653 -0.176892 -0.930792
    endloop
  endfacet
  facet normal 0.714857 0.38699 0.582424
    outer loop
      vertex 27.593 0.65018 -1.45
      vertex 27.5526 0.275517 -1.15147
      vertex 27.7577 0.345942 -1.45
    endloop
  endfacet
  facet normal 0.125603 0.286535 0.949801
    outer loop
      vertex 27.048 0.456079 -0.930792
      vertex 26.9916 0.480802 -0.930792
      vertex 26.9935 0.372696 -0.89843
    endloop
  endfacet
  facet normal 0.585028 0.0975642 0.805123
    outer loop
      vertex 27.5985 0 -1.15147
      vertex 27.2653 0.176892 -0.930792
      vertex 27.2948 0 -0.930792
    endloop
  endfacet
  facet normal 0.550548 0.598026 0.582461
    outer loop
      vertex 27.3327 0.891935 -1.45
      vertex 27.2141 0.710359 -1.15147
      vertex 27.5872 0.65764 -1.45
    endloop
  endfacet
  facet normal 0.584996 0.0974579 0.80516
    outer loop
      vertex 27.5526 0.275517 -1.15147
      vertex 27.2653 0.176892 -0.930792
      vertex 27.5985 0 -1.15147
    endloop
  endfacet
  facet normal 0.067177 0.810076 -0.582464
    outer loop
      vertex 27.0115 1.03282 -2.55
      vertex 26.9836 0.942286 -2.67913
      vertex 26.9787 1.03554 -2.55
    endloop
  endfacet
  facet normal 0.0678082 0.809975 -0.582531
    outer loop
      vertex 26.9836 0.942286 -2.67913
      vertex 27.0115 1.03282 -2.55
      vertex 26.9839 0.923569 -2.70512
    endloop
  endfacet
  facet normal 0.308581 -0.0514489 0.949806
    outer loop
      vertex 26.9994 -0.0333194 -0.836627
      vertex 26.9985 -0.0853134 -0.839151
      vertex 27.2653 -0.176892 -0.930792
    endloop
  endfacet
  facet normal 0.275092 0.148949 0.94981
    outer loop
      vertex 26.9966 0.191974 -0.855334
      vertex 27.2653 0.176892 -0.930792
      vertex 27.1799 0.334616 -0.930792
    endloop
  endfacet
  facet normal 0.275094 0.149149 0.949778
    outer loop
      vertex 27.2653 0.176892 -0.930792
      vertex 26.9966 0.191974 -0.855334
      vertex 26.9977 0.132003 -0.846235
    endloop
  endfacet
  facet normal 0.401675 0.436319 0.80516
    outer loop
      vertex 27.2141 0.710359 -1.15147
      vertex 27.1799 0.334616 -0.930792
      vertex 27.4196 0.521176 -1.15147
    endloop
  endfacet
  facet normal 0.125596 -0.286519 -0.949807
    outer loop
      vertex 27.048 -0.456079 -3.06921
      vertex 26.9916 -0.480802 -3.06921
      vertex 26.9935 -0.372696 -3.10157
    endloop
  endfacet
  facet normal 0.584999 0.0974584 -0.805157
    outer loop
      vertex 27.5985 0 -2.84853
      vertex 27.2653 0.176892 -3.06921
      vertex 27.5526 0.275517 -2.84853
    endloop
  endfacet
  facet normal 0.544528 0.604099 0.581853
    outer loop
      vertex 27.5872 0.65764 -1.45
      vertex 27.4196 0.521176 -1.15147
      vertex 27.5908 0.654395 -1.45
    endloop
  endfacet
  facet normal 0.550546 0.598031 0.582458
    outer loop
      vertex 27.4196 0.521176 -1.15147
      vertex 27.5872 0.65764 -1.45
      vertex 27.2141 0.710359 -1.15147
    endloop
  endfacet
  facet normal 0.23827 0.543086 -0.805162
    outer loop
      vertex 26.9898 0.586604 -2.99838
      vertex 26.9859 0.810478 -2.84853
      vertex 27.2141 0.710359 -2.84853
    endloop
  endfacet
  facet normal 0.125603 -0.286535 0.949801
    outer loop
      vertex 26.9935 -0.372696 -0.89843
      vertex 26.9916 -0.480802 -0.930792
      vertex 27.048 -0.456079 -0.930792
    endloop
  endfacet
  facet normal 0.550546 -0.598031 0.582458
    outer loop
      vertex 27.5872 -0.65764 -1.45
      vertex 27.4196 -0.521176 -1.15147
      vertex 27.2141 -0.710359 -1.15147
    endloop
  endfacet
  facet normal 0.544528 -0.604099 0.581853
    outer loop
      vertex 27.4196 -0.521176 -1.15147
      vertex 27.5872 -0.65764 -1.45
      vertex 27.5908 -0.654395 -1.45
    endloop
  endfacet
  facet normal 0.801818 0.133709 0.582418
    outer loop
      vertex 27.7577 0.345942 -1.45
      vertex 27.5526 0.275517 -1.15147
      vertex 27.8146 0.00472669 -1.45
    endloop
  endfacet
  facet normal 0.71483 -0.387009 -0.582445
    outer loop
      vertex 27.593 -0.65018 -2.55
      vertex 27.4196 -0.521176 -2.84853
      vertex 27.5526 -0.275517 -2.84853
    endloop
  endfacet
  facet normal 0.721181 -0.376417 -0.581557
    outer loop
      vertex 27.4196 -0.521176 -2.84853
      vertex 27.593 -0.65018 -2.55
      vertex 27.5908 -0.654395 -2.55
    endloop
  endfacet
  facet normal 0.801777 0.133573 0.582505
    outer loop
      vertex 27.5985 0 -1.15147
      vertex 27.8146 0.00472669 -1.45
      vertex 27.5526 0.275517 -1.15147
    endloop
  endfacet
  facet normal 0.801531 0.13566 0.582361
    outer loop
      vertex 27.8146 0.00472669 -1.45
      vertex 27.5985 0 -1.15147
      vertex 27.8154 0 -1.45
    endloop
  endfacet
  facet normal 0.275159 0.148825 0.94981
    outer loop
      vertex 27.2653 0.176892 -0.930792
      vertex 26.9977 0.132003 -0.846235
      vertex 26.9985 0.0853134 -0.839151
    endloop
  endfacet
  facet normal 0.308581 0.0514489 0.949806
    outer loop
      vertex 27.2653 0.176892 -0.930792
      vertex 26.9985 0.0853134 -0.839151
      vertex 26.9994 0.0333194 -0.836627
    endloop
  endfacet
  facet normal 0.23807 0.543104 -0.805209
    outer loop
      vertex 26.9898 0.586604 -2.99838
      vertex 27.048 0.456079 -3.06921
      vertex 26.9916 0.480802 -3.06921
    endloop
  endfacet
  facet normal 0.238227 0.543137 -0.80514
    outer loop
      vertex 27.048 0.456079 -3.06921
      vertex 26.9898 0.586604 -2.99838
      vertex 27.2141 0.710359 -2.84853
    endloop
  endfacet
  facet normal 0.308561 -0.0514582 -0.949812
    outer loop
      vertex 26.9994 -0.0333194 -3.16337
      vertex 27.2948 0 -3.06921
      vertex 27.2653 -0.176892 -3.06921
    endloop
  endfacet
  facet normal 0.308585 -0.0517359 -0.949789
    outer loop
      vertex 27.2948 0 -3.06921
      vertex 26.9994 -0.0333194 -3.16337
      vertex 27 0 -3.16499
    endloop
  endfacet
  facet normal 0.52152 0.282378 -0.805158
    outer loop
      vertex 27.2653 0.176892 -3.06921
      vertex 27.1799 0.334616 -3.06921
      vertex 27.5526 0.275517 -2.84853
    endloop
  endfacet
  facet normal 0.585031 -0.0975648 -0.805121
    outer loop
      vertex 27.5985 0 -2.84853
      vertex 27.2653 -0.176892 -3.06921
      vertex 27.2948 0 -3.06921
    endloop
  endfacet
  facet normal 0.550548 -0.598026 0.582461
    outer loop
      vertex 27.5872 -0.65764 -1.45
      vertex 27.2141 -0.710359 -1.15147
      vertex 27.3327 -0.891935 -1.45
    endloop
  endfacet
  facet normal 0.325822 0.744736 -0.582416
    outer loop
      vertex 27.2141 0.710359 -2.84853
      vertex 27.3283 0.89386 -2.55
      vertex 27.3327 0.891935 -2.55
    endloop
  endfacet
  facet normal 0.326452 0.744422 -0.582464
    outer loop
      vertex 27.3283 0.89386 -2.55
      vertex 27.2141 0.710359 -2.84853
      vertex 26.9855 0.827813 -2.82654
    endloop
  endfacet
  facet normal 0.326885 0.745065 -0.581398
    outer loop
      vertex 26.9855 0.827813 -2.82654
      vertex 27.2141 0.710359 -2.84853
      vertex 26.9859 0.810478 -2.84853
    endloop
  endfacet
  facet normal 0.326535 0.744433 -0.582404
    outer loop
      vertex 27.3283 0.89386 -2.55
      vertex 26.9839 0.923569 -2.70512
      vertex 27.0115 1.03282 -2.55
    endloop
  endfacet
  facet normal 0.326615 0.744228 -0.58262
    outer loop
      vertex 26.9839 0.923569 -2.70512
      vertex 27.3283 0.89386 -2.55
      vertex 26.9855 0.827813 -2.82654
    endloop
  endfacet
  facet normal 0.521517 0.282377 0.805161
    outer loop
      vertex 27.5526 0.275517 -1.15147
      vertex 27.1799 0.334616 -0.930792
      vertex 27.2653 0.176892 -0.930792
    endloop
  endfacet
  facet normal 0.521518 0.28235 0.805169
    outer loop
      vertex 27.4196 0.521176 -1.15147
      vertex 27.1799 0.334616 -0.930792
      vertex 27.5526 0.275517 -1.15147
    endloop
  endfacet
  facet normal 0.211659 0.230296 0.949823
    outer loop
      vertex 27.048 0.456079 -0.930792
      vertex 26.9935 0.372696 -0.89843
      vertex 26.9942 0.333725 -0.889137
    endloop
  endfacet
  facet normal 0.211951 -0.230087 0.949809
    outer loop
      vertex 26.9942 -0.333725 -0.889137
      vertex 27.1799 -0.334616 -0.930792
      vertex 26.9966 -0.191974 -0.855334
    endloop
  endfacet
  facet normal 0.211947 -0.230159 0.949792
    outer loop
      vertex 27.1799 -0.334616 -0.930792
      vertex 26.9942 -0.333725 -0.889137
      vertex 27.048 -0.456079 -0.930792
    endloop
  endfacet
  facet normal 0.238044 -0.543044 0.805257
    outer loop
      vertex 26.9898 -0.586604 -1.00161
      vertex 27.048 -0.456079 -0.930792
      vertex 26.9916 -0.480802 -0.930792
    endloop
  endfacet
  facet normal 0.238291 -0.543096 0.805149
    outer loop
      vertex 27.048 -0.456079 -0.930792
      vertex 26.9898 -0.586604 -1.00161
      vertex 27.2141 -0.710359 -1.15147
    endloop
  endfacet
  facet normal 0.23828 -0.543109 0.805143
    outer loop
      vertex 26.9898 -0.586604 -1.00161
      vertex 26.9859 -0.810478 -1.15147
      vertex 27.2141 -0.710359 -1.15147
    endloop
  endfacet
  facet normal 0.067177 -0.810076 -0.582464
    outer loop
      vertex 26.9836 -0.942286 -2.67913
      vertex 27.0115 -1.03282 -2.55
      vertex 26.9787 -1.03554 -2.55
    endloop
  endfacet
  facet normal 0.0678082 -0.809975 -0.582531
    outer loop
      vertex 27.0115 -1.03282 -2.55
      vertex 26.9836 -0.942286 -2.67913
      vertex 26.9839 -0.923569 -2.70512
    endloop
  endfacet
  facet normal 0.211734 -0.230224 -0.949824
    outer loop
      vertex 27.048 -0.456079 -3.06921
      vertex 26.9935 -0.372696 -3.10157
      vertex 26.9942 -0.333725 -3.11086
    endloop
  endfacet
  facet normal 0.401677 0.436322 -0.805158
    outer loop
      vertex 27.4196 0.521176 -2.84853
      vertex 27.1799 0.334616 -3.06921
      vertex 27.2141 0.710359 -2.84853
    endloop
  endfacet
  facet normal 0.544528 0.604099 -0.581853
    outer loop
      vertex 27.4196 0.521176 -2.84853
      vertex 27.5872 0.65764 -2.55
      vertex 27.5908 0.654395 -2.55
    endloop
  endfacet
  facet normal 0.550546 0.598031 -0.582458
    outer loop
      vertex 27.5872 0.65764 -2.55
      vertex 27.4196 0.521176 -2.84853
      vertex 27.2141 0.710359 -2.84853
    endloop
  endfacet
  facet normal 0.401771 0.436294 -0.805126
    outer loop
      vertex 27.1799 0.334616 -3.06921
      vertex 27.048 0.456079 -3.06921
      vertex 27.2141 0.710359 -2.84853
    endloop
  endfacet
  facet normal 0.211928 0.230069 -0.949818
    outer loop
      vertex 26.9942 0.333725 -3.11086
      vertex 27.1799 0.334616 -3.06921
      vertex 26.9966 0.191974 -3.14466
    endloop
  endfacet
  facet normal 0.211924 0.230134 -0.949803
    outer loop
      vertex 27.1799 0.334616 -3.06921
      vertex 26.9942 0.333725 -3.11086
      vertex 27.048 0.456079 -3.06921
    endloop
  endfacet
  facet normal 0.714857 -0.38699 -0.582424
    outer loop
      vertex 27.593 -0.65018 -2.55
      vertex 27.5526 -0.275517 -2.84853
      vertex 27.7577 -0.345942 -2.55
    endloop
  endfacet
  facet normal 0.521521 -0.282352 -0.805167
    outer loop
      vertex 27.4196 -0.521176 -2.84853
      vertex 27.1799 -0.334616 -3.06921
      vertex 27.5526 -0.275517 -2.84853
    endloop
  endfacet
  facet normal 0.401769 0.436292 0.805128
    outer loop
      vertex 27.2141 0.710359 -1.15147
      vertex 27.048 0.456079 -0.930792
      vertex 27.1799 0.334616 -0.930792
    endloop
  endfacet
  facet normal 0.211947 0.230159 0.949792
    outer loop
      vertex 26.9942 0.333725 -0.889137
      vertex 27.1799 0.334616 -0.930792
      vertex 27.048 0.456079 -0.930792
    endloop
  endfacet
  facet normal 0.211951 0.230087 0.949809
    outer loop
      vertex 27.1799 0.334616 -0.930792
      vertex 26.9942 0.333725 -0.889137
      vertex 26.9966 0.191974 -0.855334
    endloop
  endfacet
  facet normal 0.238291 0.543096 0.805149
    outer loop
      vertex 26.9898 0.586604 -1.00161
      vertex 27.048 0.456079 -0.930792
      vertex 27.2141 0.710359 -1.15147
    endloop
  endfacet
  facet normal 0.238044 0.543044 0.805257
    outer loop
      vertex 27.048 0.456079 -0.930792
      vertex 26.9898 0.586604 -1.00161
      vertex 26.9916 0.480802 -0.930792
    endloop
  endfacet
  facet normal 0.521517 -0.282377 0.805161
    outer loop
      vertex 27.2653 -0.176892 -0.930792
      vertex 27.1799 -0.334616 -0.930792
      vertex 27.5526 -0.275517 -1.15147
    endloop
  endfacet
  facet normal 0.801818 -0.133709 0.582418
    outer loop
      vertex 27.8146 -0.00472669 -1.45
      vertex 27.5526 -0.275517 -1.15147
      vertex 27.7577 -0.345942 -1.45
    endloop
  endfacet
  facet normal 0.801531 -0.13566 0.582361
    outer loop
      vertex 27.5985 0 -1.15147
      vertex 27.8146 -0.00472669 -1.45
      vertex 27.8154 0 -1.45
    endloop
  endfacet
  facet normal 0.801777 -0.133573 0.582505
    outer loop
      vertex 27.8146 -0.00472669 -1.45
      vertex 27.5985 0 -1.15147
      vertex 27.5526 -0.275517 -1.15147
    endloop
  endfacet
  facet normal 0.521518 -0.28235 0.805169
    outer loop
      vertex 27.5526 -0.275517 -1.15147
      vertex 27.1799 -0.334616 -0.930792
      vertex 27.4196 -0.521176 -1.15147
    endloop
  endfacet
  facet normal 0.326535 -0.744433 0.582404
    outer loop
      vertex 27.3283 -0.89386 -1.45
      vertex 26.9839 -0.923569 -1.29488
      vertex 27.0115 -1.03282 -1.45
    endloop
  endfacet
  facet normal 0.326605 -0.744254 0.582593
    outer loop
      vertex 26.9839 -0.923569 -1.29488
      vertex 27.3283 -0.89386 -1.45
      vertex 26.9855 -0.827813 -1.17345
    endloop
  endfacet
  facet normal 0.326835 -0.744951 0.581573
    outer loop
      vertex 26.9855 -0.827813 -1.17345
      vertex 27.2141 -0.710359 -1.15147
      vertex 26.9859 -0.810478 -1.15147
    endloop
  endfacet
  facet normal 0.326472 -0.744412 0.582466
    outer loop
      vertex 27.3283 -0.89386 -1.45
      vertex 27.2141 -0.710359 -1.15147
      vertex 26.9855 -0.827813 -1.17345
    endloop
  endfacet
  facet normal 0.325822 -0.744736 0.582416
    outer loop
      vertex 27.2141 -0.710359 -1.15147
      vertex 27.3283 -0.89386 -1.45
      vertex 27.3327 -0.891935 -1.45
    endloop
  endfacet
  facet normal 0.714857 -0.38699 0.582424
    outer loop
      vertex 27.7577 -0.345942 -1.45
      vertex 27.5526 -0.275517 -1.15147
      vertex 27.593 -0.65018 -1.45
    endloop
  endfacet
  facet normal 0.71483 -0.387009 0.582445
    outer loop
      vertex 27.4196 -0.521176 -1.15147
      vertex 27.593 -0.65018 -1.45
      vertex 27.5526 -0.275517 -1.15147
    endloop
  endfacet
  facet normal 0.721181 -0.376417 0.581557
    outer loop
      vertex 27.593 -0.65018 -1.45
      vertex 27.4196 -0.521176 -1.15147
      vertex 27.5908 -0.654395 -1.45
    endloop
  endfacet
  facet normal 0.275112 -0.148945 -0.949805
    outer loop
      vertex 27.2653 -0.176892 -3.06921
      vertex 26.9977 -0.132003 -3.15376
      vertex 26.9985 -0.0853134 -3.16085
    endloop
  endfacet
  facet normal 0.801818 0.133709 -0.582418
    outer loop
      vertex 27.8146 0.00472669 -2.55
      vertex 27.5526 0.275517 -2.84853
      vertex 27.7577 0.345942 -2.55
    endloop
  endfacet
  facet normal 0.801531 0.13566 -0.582361
    outer loop
      vertex 27.5985 0 -2.84853
      vertex 27.8146 0.00472669 -2.55
      vertex 27.8154 0 -2.55
    endloop
  endfacet
  facet normal 0.801777 0.133573 -0.582505
    outer loop
      vertex 27.8146 0.00472669 -2.55
      vertex 27.5985 0 -2.84853
      vertex 27.5526 0.275517 -2.84853
    endloop
  endfacet
  facet normal 0.585031 0.0975648 -0.805121
    outer loop
      vertex 27.2948 0 -3.06921
      vertex 27.2653 0.176892 -3.06921
      vertex 27.5985 0 -2.84853
    endloop
  endfacet
  facet normal 0.308585 0.0517359 -0.949789
    outer loop
      vertex 26.9994 0.0333194 -3.16337
      vertex 27.2948 0 -3.06921
      vertex 27 0 -3.16499
    endloop
  endfacet
  facet normal 0.308561 0.0514582 -0.949812
    outer loop
      vertex 27.2948 0 -3.06921
      vertex 26.9994 0.0333194 -3.16337
      vertex 27.2653 0.176892 -3.06921
    endloop
  endfacet
  facet normal 0.801531 -0.13566 -0.582361
    outer loop
      vertex 27.8146 -0.00472669 -2.55
      vertex 27.5985 0 -2.84853
      vertex 27.8154 0 -2.55
    endloop
  endfacet
  facet normal 0.801777 -0.133573 -0.582505
    outer loop
      vertex 27.5985 0 -2.84853
      vertex 27.8146 -0.00472669 -2.55
      vertex 27.5526 -0.275517 -2.84853
    endloop
  endfacet
  facet normal 0.326605 0.744254 0.582593
    outer loop
      vertex 27.3283 0.89386 -1.45
      vertex 26.9839 0.923569 -1.29488
      vertex 26.9855 0.827813 -1.17345
    endloop
  endfacet
  facet normal 0.326535 0.744433 0.582404
    outer loop
      vertex 26.9839 0.923569 -1.29488
      vertex 27.3283 0.89386 -1.45
      vertex 27.0115 1.03282 -1.45
    endloop
  endfacet
  facet normal 0.0678082 0.809975 0.582531
    outer loop
      vertex 27.0115 1.03282 -1.45
      vertex 26.9836 0.942286 -1.32087
      vertex 26.9839 0.923569 -1.29488
    endloop
  endfacet
  facet normal 0.067177 0.810076 0.582464
    outer loop
      vertex 26.9836 0.942286 -1.32087
      vertex 27.0115 1.03282 -1.45
      vertex 26.9787 1.03554 -1.45
    endloop
  endfacet
  facet normal 0.275094 -0.149149 0.949778
    outer loop
      vertex 26.9966 -0.191974 -0.855334
      vertex 27.2653 -0.176892 -0.930792
      vertex 26.9977 -0.132003 -0.846235
    endloop
  endfacet
  facet normal 0.275092 -0.148949 0.94981
    outer loop
      vertex 27.2653 -0.176892 -0.930792
      vertex 26.9966 -0.191974 -0.855334
      vertex 27.1799 -0.334616 -0.930792
    endloop
  endfacet
  facet normal 0.584996 -0.0974579 0.80516
    outer loop
      vertex 27.5985 0 -1.15147
      vertex 27.2653 -0.176892 -0.930792
      vertex 27.5526 -0.275517 -1.15147
    endloop
  endfacet
  facet normal 0.585028 -0.0975642 0.805123
    outer loop
      vertex 27.2948 0 -0.930792
      vertex 27.2653 -0.176892 -0.930792
      vertex 27.5985 0 -1.15147
    endloop
  endfacet
  facet normal 0.308594 -0.051679 0.949789
    outer loop
      vertex 26.9994 -0.0333194 -0.836627
      vertex 27.2948 0 -0.930792
      vertex 27 0 -0.835009
    endloop
  endfacet
  facet normal 0.308575 -0.0514606 0.949807
    outer loop
      vertex 27.2948 0 -0.930792
      vertex 26.9994 -0.0333194 -0.836627
      vertex 27.2653 -0.176892 -0.930792
    endloop
  endfacet
  facet normal 0.238227 -0.543137 -0.80514
    outer loop
      vertex 26.9898 -0.586604 -2.99838
      vertex 27.048 -0.456079 -3.06921
      vertex 27.2141 -0.710359 -2.84853
    endloop
  endfacet
  facet normal 0.23807 -0.543104 -0.805209
    outer loop
      vertex 27.048 -0.456079 -3.06921
      vertex 26.9898 -0.586604 -2.99838
      vertex 26.9916 -0.480802 -3.06921
    endloop
  endfacet
  facet normal 0.211734 0.230224 -0.949824
    outer loop
      vertex 26.9942 0.333725 -3.11086
      vertex 26.9935 0.372696 -3.10157
      vertex 27.048 0.456079 -3.06921
    endloop
  endfacet
  facet normal 0.521521 0.282352 -0.805167
    outer loop
      vertex 27.5526 0.275517 -2.84853
      vertex 27.1799 0.334616 -3.06921
      vertex 27.4196 0.521176 -2.84853
    endloop
  endfacet
  facet normal 0.721181 0.376417 -0.581557
    outer loop
      vertex 27.593 0.65018 -2.55
      vertex 27.4196 0.521176 -2.84853
      vertex 27.5908 0.654395 -2.55
    endloop
  endfacet
  facet normal 0.71483 0.387009 -0.582445
    outer loop
      vertex 27.4196 0.521176 -2.84853
      vertex 27.593 0.65018 -2.55
      vertex 27.5526 0.275517 -2.84853
    endloop
  endfacet
  facet normal 0.550548 -0.598026 -0.582461
    outer loop
      vertex 27.3327 -0.891935 -2.55
      vertex 27.2141 -0.710359 -2.84853
      vertex 27.5872 -0.65764 -2.55
    endloop
  endfacet
  facet normal 0.23828 0.543109 0.805143
    outer loop
      vertex 27.2141 0.710359 -1.15147
      vertex 26.9859 0.810478 -1.15147
      vertex 26.9898 0.586604 -1.00161
    endloop
  endfacet
  facet normal 0.326835 0.744951 0.581573
    outer loop
      vertex 27.2141 0.710359 -1.15147
      vertex 26.9855 0.827813 -1.17345
      vertex 26.9859 0.810478 -1.15147
    endloop
  endfacet
  facet normal 0.325822 0.744736 0.582416
    outer loop
      vertex 27.3283 0.89386 -1.45
      vertex 27.2141 0.710359 -1.15147
      vertex 27.3327 0.891935 -1.45
    endloop
  endfacet
  facet normal 0.326472 0.744412 0.582466
    outer loop
      vertex 27.2141 0.710359 -1.15147
      vertex 27.3283 0.89386 -1.45
      vertex 26.9855 0.827813 -1.17345
    endloop
  endfacet
  facet normal 0.401769 -0.436292 0.805128
    outer loop
      vertex 27.1799 -0.334616 -0.930792
      vertex 27.048 -0.456079 -0.930792
      vertex 27.2141 -0.710359 -1.15147
    endloop
  endfacet
  facet normal 0.401675 -0.436319 0.80516
    outer loop
      vertex 27.4196 -0.521176 -1.15147
      vertex 27.1799 -0.334616 -0.930792
      vertex 27.2141 -0.710359 -1.15147
    endloop
  endfacet
  facet normal 0.23827 -0.543086 -0.805162
    outer loop
      vertex 27.2141 -0.710359 -2.84853
      vertex 26.9859 -0.810478 -2.84853
      vertex 26.9898 -0.586604 -2.99838
    endloop
  endfacet
  facet normal 0.326535 -0.744433 -0.582404
    outer loop
      vertex 26.9839 -0.923569 -2.70512
      vertex 27.3283 -0.89386 -2.55
      vertex 27.0115 -1.03282 -2.55
    endloop
  endfacet
  facet normal 0.326615 -0.744228 -0.58262
    outer loop
      vertex 27.3283 -0.89386 -2.55
      vertex 26.9839 -0.923569 -2.70512
      vertex 26.9855 -0.827813 -2.82654
    endloop
  endfacet
  facet normal 0.125596 0.286519 -0.949807
    outer loop
      vertex 26.9935 0.372696 -3.10157
      vertex 26.9916 0.480802 -3.06921
      vertex 27.048 0.456079 -3.06921
    endloop
  endfacet
  facet normal 0.801818 -0.133709 -0.582418
    outer loop
      vertex 27.7577 -0.345942 -2.55
      vertex 27.5526 -0.275517 -2.84853
      vertex 27.8146 -0.00472669 -2.55
    endloop
  endfacet
  facet normal 0.308602 -0.051376 -0.949803
    outer loop
      vertex 27.2653 -0.176892 -3.06921
      vertex 26.9985 -0.0853134 -3.16085
      vertex 26.9994 -0.0333194 -3.16337
    endloop
  endfacet
  facet normal 0.275066 -0.148935 -0.94982
    outer loop
      vertex 26.9966 -0.191974 -3.14466
      vertex 27.2653 -0.176892 -3.06921
      vertex 27.1799 -0.334616 -3.06921
    endloop
  endfacet
  facet normal 0.275068 -0.149165 -0.949783
    outer loop
      vertex 27.2653 -0.176892 -3.06921
      vertex 26.9966 -0.191974 -3.14466
      vertex 26.9977 -0.132003 -3.15376
    endloop
  endfacet
  facet normal 0.52152 -0.282378 -0.805158
    outer loop
      vertex 27.5526 -0.275517 -2.84853
      vertex 27.1799 -0.334616 -3.06921
      vertex 27.2653 -0.176892 -3.06921
    endloop
  endfacet
  facet normal 0.584999 -0.0974584 -0.805157
    outer loop
      vertex 27.5526 -0.275517 -2.84853
      vertex 27.2653 -0.176892 -3.06921
      vertex 27.5985 0 -2.84853
    endloop
  endfacet
  facet normal 0.211924 -0.230134 -0.949803
    outer loop
      vertex 26.9942 -0.333725 -3.11086
      vertex 27.1799 -0.334616 -3.06921
      vertex 27.048 -0.456079 -3.06921
    endloop
  endfacet
  facet normal 0.211928 -0.230069 -0.949818
    outer loop
      vertex 27.1799 -0.334616 -3.06921
      vertex 26.9942 -0.333725 -3.11086
      vertex 26.9966 -0.191974 -3.14466
    endloop
  endfacet
  facet normal 0.326452 -0.744422 -0.582464
    outer loop
      vertex 27.2141 -0.710359 -2.84853
      vertex 27.3283 -0.89386 -2.55
      vertex 26.9855 -0.827813 -2.82654
    endloop
  endfacet
  facet normal 0.326885 -0.745065 -0.581398
    outer loop
      vertex 27.2141 -0.710359 -2.84853
      vertex 26.9855 -0.827813 -2.82654
      vertex 26.9859 -0.810478 -2.84853
    endloop
  endfacet
  facet normal 0.325822 -0.744736 -0.582416
    outer loop
      vertex 27.3283 -0.89386 -2.55
      vertex 27.2141 -0.710359 -2.84853
      vertex 27.3327 -0.891935 -2.55
    endloop
  endfacet
  facet normal 0.401771 -0.436294 -0.805126
    outer loop
      vertex 27.2141 -0.710359 -2.84853
      vertex 27.048 -0.456079 -3.06921
      vertex 27.1799 -0.334616 -3.06921
    endloop
  endfacet
  facet normal 0.401677 -0.436322 -0.805158
    outer loop
      vertex 27.2141 -0.710359 -2.84853
      vertex 27.1799 -0.334616 -3.06921
      vertex 27.4196 -0.521176 -2.84853
    endloop
  endfacet
  facet normal 0.275068 0.149165 -0.949783
    outer loop
      vertex 26.9966 0.191974 -3.14466
      vertex 27.2653 0.176892 -3.06921
      vertex 26.9977 0.132003 -3.15376
    endloop
  endfacet
  facet normal 0.275066 0.148935 -0.94982
    outer loop
      vertex 27.2653 0.176892 -3.06921
      vertex 26.9966 0.191974 -3.14466
      vertex 27.1799 0.334616 -3.06921
    endloop
  endfacet
  facet normal 0.275112 0.148945 -0.949805
    outer loop
      vertex 26.9985 0.0853134 -3.16085
      vertex 26.9977 0.132003 -3.15376
      vertex 27.2653 0.176892 -3.06921
    endloop
  endfacet
  facet normal 0.308602 0.051376 -0.949803
    outer loop
      vertex 26.9994 0.0333194 -3.16337
      vertex 26.9985 0.0853134 -3.16085
      vertex 27.2653 0.176892 -3.06921
    endloop
  endfacet
  facet normal -0.560925 0.192572 0.805158
    outer loop
      vertex -27.4963 0.403854 -1.15147
      vertex -27.587 0.139663 -1.15147
      vertex -27.2874 0.0896692 -0.930792
    endloop
  endfacet
  facet normal -0.520822 -0.797285 -0.305092
    outer loop
      vertex -27.1795 -0.979152 -2.54479
      vertex -27.5527 -0.871999 -2.18772
      vertex -27.4742 -0.786641 -2.54479
    endloop
  endfacet
  facet normal -0.233772 0.923138 -0.305234
    outer loop
      vertex -26.9751 1.10367 -2.3247
      vertex -27.2261 1.0854 -2.18772
      vertex -26.9727 1.14957 -2.18772
    endloop
  endfacet
  facet normal -0.233752 0.923155 -0.305196
    outer loop
      vertex -27.2261 1.0854 -2.18772
      vertex -26.9751 1.10367 -2.3247
      vertex -27.1795 0.979152 -2.54479
    endloop
  endfacet
  facet normal -0.751393 -0.584971 0.305315
    outer loop
      vertex -27.6903 -0.508886 -1.45521
      vertex -27.7924 -0.564105 -1.81228
      vertex -27.5527 -0.871999 -1.81228
    endloop
  endfacet
  facet normal -0.520892 0.797201 -0.305191
    outer loop
      vertex -27.1795 0.979152 -2.54479
      vertex -27.5527 0.871999 -2.18772
      vertex -27.2261 1.0854 -2.18772
    endloop
  endfacet
  facet normal -0.467929 -0.364276 -0.805199
    outer loop
      vertex -27.3247 -0.624282 -2.84853
      vertex -27.4963 -0.403854 -2.84853
      vertex -27.2291 -0.259291 -3.06921
    endloop
  endfacet
  facet normal -0.444521 -0.680483 0.582533
    outer loop
      vertex -27.3247 -0.624282 -1.15147
      vertex -27.4742 -0.786641 -1.45521
      vertex -27.1795 -0.979152 -1.45521
    endloop
  endfacet
  facet normal -0.520822 -0.797285 0.305092
    outer loop
      vertex -27.4742 -0.786641 -1.45521
      vertex -27.5527 -0.871999 -1.81228
      vertex -27.1795 -0.979152 -1.45521
    endloop
  endfacet
  facet normal -0.641356 -0.499287 0.582559
    outer loop
      vertex -27.3247 -0.624282 -1.15147
      vertex -27.4963 -0.403854 -1.15147
      vertex -27.4742 -0.786641 -1.45521
    endloop
  endfacet
  facet normal -0.233752 -0.923155 0.305196
    outer loop
      vertex -27.2261 -1.0854 -1.81228
      vertex -26.9751 -1.10367 -1.6753
      vertex -27.1795 -0.979152 -1.45521
    endloop
  endfacet
  facet normal -0.233772 -0.923138 0.305234
    outer loop
      vertex -26.9751 -1.10367 -1.6753
      vertex -27.2261 -1.0854 -1.81228
      vertex -26.9727 -1.14957 -1.81228
    endloop
  endfacet
  facet normal -0.145685 -0.574883 -0.805162
    outer loop
      vertex -26.986 -0.803617 -2.84853
      vertex -27.0908 -0.777059 -2.84853
      vertex -26.9904 -0.548131 -3.03015
    endloop
  endfacet
  facet normal -0.324475 0.496547 -0.805082
    outer loop
      vertex -27.119 0.400813 -3.06921
      vertex -26.9912 0.506765 -3.05537
      vertex -26.9916 0.484064 -3.06921
    endloop
  endfacet
  facet normal -0.324413 0.496481 -0.805147
    outer loop
      vertex -26.9912 0.506765 -3.05537
      vertex -27.119 0.400813 -3.06921
      vertex -27.3247 0.624282 -2.84853
    endloop
  endfacet
  facet normal -0.768879 -0.263965 0.582364
    outer loop
      vertex -27.587 -0.139663 -1.15147
      vertex -27.6903 -0.508886 -1.45521
      vertex -27.4963 -0.403854 -1.15147
    endloop
  endfacet
  facet normal -0.560759 -0.192736 0.805234
    outer loop
      vertex -27.2874 -0.0896692 -0.930792
      vertex -27.4963 -0.403854 -1.15147
      vertex -27.2291 -0.259291 -0.930792
    endloop
  endfacet
  facet normal -0.324459 0.496524 0.805102
    outer loop
      vertex -26.9912 0.506765 -0.944631
      vertex -27.119 0.400813 -0.930792
      vertex -26.9916 0.484064 -0.930792
    endloop
  endfacet
  facet normal -0.324414 0.496476 0.80515
    outer loop
      vertex -27.119 0.400813 -0.930792
      vertex -26.9912 0.506765 -0.944631
      vertex -27.3247 0.624282 -1.15147
    endloop
  endfacet
  facet normal -0.59306 0 0.805158
    outer loop
      vertex -27.587 0.139663 -1.15147
      vertex -27.2874 -0.0896692 -0.930792
      vertex -27.2874 0.0896692 -0.930792
    endloop
  endfacet
  facet normal -0.59306 0 0.805158
    outer loop
      vertex -27.2874 -0.0896692 -0.930792
      vertex -27.587 0.139663 -1.15147
      vertex -27.587 -0.139663 -1.15147
    endloop
  endfacet
  facet normal -0.199675 0.787935 -0.582485
    outer loop
      vertex -27.0908 0.777059 -2.84853
      vertex -26.9842 0.906593 -2.70985
      vertex -26.986 0.803617 -2.84853
    endloop
  endfacet
  facet normal -0.199599 0.787921 -0.58253
    outer loop
      vertex -26.9842 0.906593 -2.70985
      vertex -27.0908 0.777059 -2.84853
      vertex -27.1795 0.979152 -2.54479
    endloop
  endfacet
  facet normal -0.560928 0.192574 -0.805155
    outer loop
      vertex -27.2874 0.0896692 -3.06921
      vertex -27.587 0.139663 -2.84853
      vertex -27.4963 0.403854 -2.84853
    endloop
  endfacet
  facet normal -0.560928 -0.192574 -0.805155
    outer loop
      vertex -27.4963 -0.403854 -2.84853
      vertex -27.587 -0.139663 -2.84853
      vertex -27.2874 -0.0896692 -3.06921
    endloop
  endfacet
  facet normal -0.233796 -0.923157 0.305156
    outer loop
      vertex -26.979 -1.02993 -1.45521
      vertex -27.1795 -0.979152 -1.45521
      vertex -26.9751 -1.10367 -1.6753
    endloop
  endfacet
  facet normal -0.520892 -0.797201 -0.305191
    outer loop
      vertex -27.2261 -1.0854 -2.18772
      vertex -27.5527 -0.871999 -2.18772
      vertex -27.1795 -0.979152 -2.54479
    endloop
  endfacet
  facet normal -0.751393 -0.584971 -0.305315
    outer loop
      vertex -27.5527 -0.871999 -2.18772
      vertex -27.7924 -0.564105 -2.18772
      vertex -27.6903 -0.508886 -2.54479
    endloop
  endfacet
  facet normal -0.246935 -0.192227 0.949775
    outer loop
      vertex -26.9977 -0.134027 -0.845277
      vertex -27.2291 -0.259291 -0.930792
      vertex -26.9969 -0.17933 -0.854238
    endloop
  endfacet
  facet normal -0.76886 -0.263984 -0.582381
    outer loop
      vertex -27.6903 -0.508886 -2.54479
      vertex -27.8046 -0.175985 -2.54479
      vertex -27.587 -0.139663 -2.84853
    endloop
  endfacet
  facet normal -0.245487 0.9694 0
    outer loop
      vertex -26.9727 1.14957 -2.18772
      vertex -27.2261 1.0854 -1.81228
      vertex -26.9727 1.14957 -1.81228
    endloop
  endfacet
  facet normal -0.245487 0.9694 0
    outer loop
      vertex -27.2261 1.0854 -1.81228
      vertex -26.9727 1.14957 -2.18772
      vertex -27.2261 1.0854 -2.18772
    endloop
  endfacet
  facet normal -0.546989 0.83714 0
    outer loop
      vertex -27.2261 1.0854 -2.18772
      vertex -27.5527 0.871999 -1.81228
      vertex -27.2261 1.0854 -1.81228
    endloop
  endfacet
  facet normal -0.546989 0.83714 0
    outer loop
      vertex -27.5527 0.871999 -1.81228
      vertex -27.2261 1.0854 -2.18772
      vertex -27.5527 0.871999 -2.18772
    endloop
  endfacet
  facet normal -0.751642 0.584795 -0.30504
    outer loop
      vertex -27.4742 0.786641 -2.54479
      vertex -27.6903 0.508886 -2.54479
      vertex -27.5527 0.871999 -2.18772
    endloop
  endfacet
  facet normal -0.324119 -0.496977 0.80496
    outer loop
      vertex -27.3247 -0.624282 -1.15147
      vertex -26.9904 -0.548131 -0.969848
      vertex -26.9912 -0.506765 -0.944631
    endloop
  endfacet
  facet normal -0.324323 -0.496536 0.80515
    outer loop
      vertex -26.9904 -0.548131 -0.969848
      vertex -27.3247 -0.624282 -1.15147
      vertex -27.0908 -0.777059 -1.15147
    endloop
  endfacet
  facet normal -0.246935 0.192227 0.949775
    outer loop
      vertex -26.9969 0.17933 -0.854238
      vertex -27.2291 0.259291 -0.930792
      vertex -26.9977 0.134027 -0.845277
    endloop
  endfacet
  facet normal -0.199617 -0.787905 0.582545
    outer loop
      vertex -27.1795 -0.979152 -1.45521
      vertex -26.9836 -0.942286 -1.33822
      vertex -26.9842 -0.906593 -1.29015
    endloop
  endfacet
  facet normal -0.19956 -0.787974 0.582471
    outer loop
      vertex -26.9836 -0.942286 -1.33822
      vertex -27.1795 -0.979152 -1.45521
      vertex -26.979 -1.02993 -1.45521
    endloop
  endfacet
  facet normal -0.641591 -0.499173 -0.582398
    outer loop
      vertex -27.4742 -0.786641 -2.54479
      vertex -27.6903 -0.508886 -2.54479
      vertex -27.4963 -0.403854 -2.84853
    endloop
  endfacet
  facet normal -0.46812 0.364184 -0.80513
    outer loop
      vertex -27.2291 0.259291 -3.06921
      vertex -27.3247 0.624282 -2.84853
      vertex -27.119 0.400813 -3.06921
    endloop
  endfacet
  facet normal -0.245487 -0.9694 0
    outer loop
      vertex -27.2261 -1.0854 -2.18772
      vertex -26.9727 -1.14957 -1.81228
      vertex -27.2261 -1.0854 -1.81228
    endloop
  endfacet
  facet normal -0.245487 -0.9694 -0
    outer loop
      vertex -26.9727 -1.14957 -1.81228
      vertex -27.2261 -1.0854 -2.18772
      vertex -26.9727 -1.14957 -2.18772
    endloop
  endfacet
  facet normal -0.444521 -0.680483 -0.582533
    outer loop
      vertex -27.1795 -0.979152 -2.54479
      vertex -27.4742 -0.786641 -2.54479
      vertex -27.3247 -0.624282 -2.84853
    endloop
  endfacet
  facet normal -0.560763 0.192737 -0.805231
    outer loop
      vertex -27.2874 0.0896692 -3.06921
      vertex -27.4963 0.403854 -2.84853
      vertex -27.2291 0.259291 -3.06921
    endloop
  endfacet
  facet normal -0.768879 -0.263965 -0.582364
    outer loop
      vertex -27.4963 -0.403854 -2.84853
      vertex -27.6903 -0.508886 -2.54479
      vertex -27.587 -0.139663 -2.84853
    endloop
  endfacet
  facet normal -0.520822 0.797285 -0.305092
    outer loop
      vertex -27.4742 0.786641 -2.54479
      vertex -27.5527 0.871999 -2.18772
      vertex -27.1795 0.979152 -2.54479
    endloop
  endfacet
  facet normal -0.78907 0.614303 0
    outer loop
      vertex -27.7924 0.564105 -2.18772
      vertex -27.5527 0.871999 -1.81228
      vertex -27.5527 0.871999 -2.18772
    endloop
  endfacet
  facet normal -0.78907 0.614303 0
    outer loop
      vertex -27.5527 0.871999 -1.81228
      vertex -27.7924 0.564105 -2.18772
      vertex -27.7924 0.564105 -1.81228
    endloop
  endfacet
  facet normal -0.520892 0.797201 0.305191
    outer loop
      vertex -27.2261 1.0854 -1.81228
      vertex -27.5527 0.871999 -1.81228
      vertex -27.1795 0.979152 -1.45521
    endloop
  endfacet
  facet normal -0.751393 0.584971 -0.305315
    outer loop
      vertex -27.6903 0.508886 -2.54479
      vertex -27.7924 0.564105 -2.18772
      vertex -27.5527 0.871999 -2.18772
    endloop
  endfacet
  facet normal -0.95224 0 0.30535
    outer loop
      vertex -27.9191 0.195082 -1.81228
      vertex -27.8046 -0.175985 -1.45521
      vertex -27.8046 0.175985 -1.45521
    endloop
  endfacet
  facet normal -0.95224 0 0.30535
    outer loop
      vertex -27.8046 -0.175985 -1.45521
      vertex -27.9191 0.195082 -1.81228
      vertex -27.9191 -0.195082 -1.81228
    endloop
  endfacet
  facet normal -0.945806 -0.324732 0
    outer loop
      vertex -27.7924 -0.564105 -2.18772
      vertex -27.9191 -0.195082 -1.81228
      vertex -27.9191 -0.195082 -2.18772
    endloop
  endfacet
  facet normal -0.945806 -0.324732 0
    outer loop
      vertex -27.9191 -0.195082 -1.81228
      vertex -27.7924 -0.564105 -2.18772
      vertex -27.7924 -0.564105 -1.81228
    endloop
  endfacet
  facet normal -0.29587 -0.101798 0.949788
    outer loop
      vertex -27.2874 -0.0896692 -0.930792
      vertex -26.9986 -0.0801858 -0.839811
      vertex -26.9993 -0.0415959 -0.835893
    endloop
  endfacet
  facet normal -0.295876 -0.101694 0.949798
    outer loop
      vertex -26.9986 -0.0801858 -0.839811
      vertex -27.2874 -0.0896692 -0.930792
      vertex -27.2291 -0.259291 -0.930792
    endloop
  endfacet
  facet normal -0.751393 0.584971 0.305315
    outer loop
      vertex -27.5527 0.871999 -1.81228
      vertex -27.7924 0.564105 -1.81228
      vertex -27.6903 0.508886 -1.45521
    endloop
  endfacet
  facet normal -0.233772 0.923138 0.305234
    outer loop
      vertex -27.2261 1.0854 -1.81228
      vertex -26.9751 1.10367 -1.6753
      vertex -26.9727 1.14957 -1.81228
    endloop
  endfacet
  facet normal -0.233752 0.923155 0.305196
    outer loop
      vertex -26.9751 1.10367 -1.6753
      vertex -27.2261 1.0854 -1.81228
      vertex -27.1795 0.979152 -1.45521
    endloop
  endfacet
  facet normal -0.296113 -0.10137 0.949758
    outer loop
      vertex -26.9986 -0.0801858 -0.839811
      vertex -27.2291 -0.259291 -0.930792
      vertex -26.9977 -0.134027 -0.845277
    endloop
  endfacet
  facet normal -0.324323 0.496536 0.80515
    outer loop
      vertex -27.3247 0.624282 -1.15147
      vertex -26.9904 0.548131 -0.969848
      vertex -27.0908 0.777059 -1.15147
    endloop
  endfacet
  facet normal -0.324119 0.496977 0.80496
    outer loop
      vertex -26.9904 0.548131 -0.969848
      vertex -27.3247 0.624282 -1.15147
      vertex -26.9912 0.506765 -0.944631
    endloop
  endfacet
  facet normal -0.444476 -0.680488 0.582561
    outer loop
      vertex -27.0908 -0.777059 -1.15147
      vertex -27.3247 -0.624282 -1.15147
      vertex -27.1795 -0.979152 -1.45521
    endloop
  endfacet
  facet normal -0.641591 -0.499173 0.582398
    outer loop
      vertex -27.4963 -0.403854 -1.15147
      vertex -27.6903 -0.508886 -1.45521
      vertex -27.4742 -0.786641 -1.45521
    endloop
  endfacet
  facet normal -0.751642 -0.584795 0.30504
    outer loop
      vertex -27.4742 -0.786641 -1.45521
      vertex -27.6903 -0.508886 -1.45521
      vertex -27.5527 -0.871999 -1.81228
    endloop
  endfacet
  facet normal -0.233772 -0.923138 -0.305234
    outer loop
      vertex -27.2261 -1.0854 -2.18772
      vertex -26.9751 -1.10367 -2.3247
      vertex -26.9727 -1.14957 -2.18772
    endloop
  endfacet
  facet normal -0.233752 -0.923155 -0.305196
    outer loop
      vertex -26.9751 -1.10367 -2.3247
      vertex -27.2261 -1.0854 -2.18772
      vertex -27.1795 -0.979152 -2.54479
    endloop
  endfacet
  facet normal -0.246881 0.192332 -0.949768
    outer loop
      vertex -27.2291 0.259291 -3.06921
      vertex -26.9953 0.266518 -3.12852
      vertex -26.9969 0.17933 -3.14576
    endloop
  endfacet
  facet normal -0.246886 0.19207 -0.949819
    outer loop
      vertex -26.9953 0.266518 -3.12852
      vertex -27.2291 0.259291 -3.06921
      vertex -27.119 0.400813 -3.06921
    endloop
  endfacet
  facet normal -0.145685 0.574883 -0.805162
    outer loop
      vertex -26.9904 0.548131 -3.03015
      vertex -27.0908 0.777059 -2.84853
      vertex -26.986 0.803617 -2.84853
    endloop
  endfacet
  facet normal -0.19956 0.787974 -0.582471
    outer loop
      vertex -26.9836 0.942286 -2.66178
      vertex -27.1795 0.979152 -2.54479
      vertex -26.979 1.02993 -2.54479
    endloop
  endfacet
  facet normal -0.199617 0.787905 -0.582545
    outer loop
      vertex -27.1795 0.979152 -2.54479
      vertex -26.9836 0.942286 -2.66178
      vertex -26.9842 0.906593 -2.70985
    endloop
  endfacet
  facet normal -0.520892 -0.797201 0.305191
    outer loop
      vertex -27.1795 -0.979152 -1.45521
      vertex -27.5527 -0.871999 -1.81228
      vertex -27.2261 -1.0854 -1.81228
    endloop
  endfacet
  facet normal -0.78907 -0.614303 0
    outer loop
      vertex -27.5527 -0.871999 -2.18772
      vertex -27.7924 -0.564105 -1.81228
      vertex -27.7924 -0.564105 -2.18772
    endloop
  endfacet
  facet normal -0.78907 -0.614303 0
    outer loop
      vertex -27.7924 -0.564105 -1.81228
      vertex -27.5527 -0.871999 -2.18772
      vertex -27.5527 -0.871999 -1.81228
    endloop
  endfacet
  facet normal -0.900636 0.309229 0.305341
    outer loop
      vertex -27.6903 0.508886 -1.45521
      vertex -27.9191 0.195082 -1.81228
      vertex -27.8046 0.175985 -1.45521
    endloop
  endfacet
  facet normal -0.900636 0.309223 0.305346
    outer loop
      vertex -27.7924 0.564105 -1.81228
      vertex -27.9191 0.195082 -1.81228
      vertex -27.6903 0.508886 -1.45521
    endloop
  endfacet
  facet normal -0.233796 0.923157 -0.305156
    outer loop
      vertex -26.979 1.02993 -2.54479
      vertex -27.1795 0.979152 -2.54479
      vertex -26.9751 1.10367 -2.3247
    endloop
  endfacet
  facet normal -0.900636 -0.309229 -0.305341
    outer loop
      vertex -27.6903 -0.508886 -2.54479
      vertex -27.9191 -0.195082 -2.18772
      vertex -27.8046 -0.175985 -2.54479
    endloop
  endfacet
  facet normal -0.812919 0 0.582377
    outer loop
      vertex -27.8046 0.175985 -1.45521
      vertex -27.587 -0.139663 -1.15147
      vertex -27.587 0.139663 -1.15147
    endloop
  endfacet
  facet normal -0.812919 0 0.582377
    outer loop
      vertex -27.587 -0.139663 -1.15147
      vertex -27.8046 0.175985 -1.45521
      vertex -27.8046 -0.175985 -1.45521
    endloop
  endfacet
  facet normal -0.76886 -0.263984 0.582381
    outer loop
      vertex -27.587 -0.139663 -1.15147
      vertex -27.8046 -0.175985 -1.45521
      vertex -27.6903 -0.508886 -1.45521
    endloop
  endfacet
  facet normal -0.76886 0.263984 0.582381
    outer loop
      vertex -27.6903 0.508886 -1.45521
      vertex -27.8046 0.175985 -1.45521
      vertex -27.587 0.139663 -1.15147
    endloop
  endfacet
  facet normal -0.641356 0.499287 0.582559
    outer loop
      vertex -27.4742 0.786641 -1.45521
      vertex -27.4963 0.403854 -1.15147
      vertex -27.3247 0.624282 -1.15147
    endloop
  endfacet
  facet normal -0.199617 0.787905 0.582545
    outer loop
      vertex -26.9836 0.942286 -1.33822
      vertex -27.1795 0.979152 -1.45521
      vertex -26.9842 0.906593 -1.29015
    endloop
  endfacet
  facet normal -0.19956 0.787974 0.582471
    outer loop
      vertex -27.1795 0.979152 -1.45521
      vertex -26.9836 0.942286 -1.33822
      vertex -26.979 1.02993 -1.45521
    endloop
  endfacet
  facet normal -0.199675 0.787935 0.582485
    outer loop
      vertex -26.9842 0.906593 -1.29015
      vertex -27.0908 0.777059 -1.15147
      vertex -26.986 0.803617 -1.15147
    endloop
  endfacet
  facet normal -0.199599 0.787921 0.58253
    outer loop
      vertex -27.0908 0.777059 -1.15147
      vertex -26.9842 0.906593 -1.29015
      vertex -27.1795 0.979152 -1.45521
    endloop
  endfacet
  facet normal -0.312889 -0.000191785 0.94979
    outer loop
      vertex -26.9993 0.0415959 -0.835893
      vertex -27.2874 0.0896692 -0.930792
      vertex -27 0 -0.836132
    endloop
  endfacet
  facet normal -0.312835 0 0.949807
    outer loop
      vertex -27.2874 -0.0896692 -0.930792
      vertex -27 0 -0.836132
      vertex -27.2874 0.0896692 -0.930792
    endloop
  endfacet
  facet normal -0.312889 0.000191785 0.94979
    outer loop
      vertex -27 0 -0.836132
      vertex -27.2874 -0.0896692 -0.930792
      vertex -26.9993 -0.0415959 -0.835893
    endloop
  endfacet
  facet normal -0.233796 0.923157 0.305156
    outer loop
      vertex -26.9751 1.10367 -1.6753
      vertex -27.1795 0.979152 -1.45521
      vertex -26.979 1.02993 -1.45521
    endloop
  endfacet
  facet normal -0.296113 0.10137 0.949758
    outer loop
      vertex -26.9977 0.134027 -0.845277
      vertex -27.2291 0.259291 -0.930792
      vertex -26.9986 0.0801858 -0.839811
    endloop
  endfacet
  facet normal -0.900636 -0.309229 0.305341
    outer loop
      vertex -27.8046 -0.175985 -1.45521
      vertex -27.9191 -0.195082 -1.81228
      vertex -27.6903 -0.508886 -1.45521
    endloop
  endfacet
  facet normal -0.900636 -0.309223 0.305346
    outer loop
      vertex -27.6903 -0.508886 -1.45521
      vertex -27.9191 -0.195082 -1.81228
      vertex -27.7924 -0.564105 -1.81228
    endloop
  endfacet
  facet normal -0.468117 -0.364182 0.805132
    outer loop
      vertex -27.2291 -0.259291 -0.930792
      vertex -27.3247 -0.624282 -1.15147
      vertex -27.119 -0.400813 -0.930792
    endloop
  endfacet
  facet normal -0.467926 -0.364274 0.805202
    outer loop
      vertex -27.2291 -0.259291 -0.930792
      vertex -27.4963 -0.403854 -1.15147
      vertex -27.3247 -0.624282 -1.15147
    endloop
  endfacet
  facet normal -0.751642 -0.584795 -0.30504
    outer loop
      vertex -27.5527 -0.871999 -2.18772
      vertex -27.6903 -0.508886 -2.54479
      vertex -27.4742 -0.786641 -2.54479
    endloop
  endfacet
  facet normal -0.560763 -0.192737 -0.805231
    outer loop
      vertex -27.2291 -0.259291 -3.06921
      vertex -27.4963 -0.403854 -2.84853
      vertex -27.2874 -0.0896692 -3.06921
    endloop
  endfacet
  facet normal -0.76886 0.263984 -0.582381
    outer loop
      vertex -27.587 0.139663 -2.84853
      vertex -27.8046 0.175985 -2.54479
      vertex -27.6903 0.508886 -2.54479
    endloop
  endfacet
  facet normal -0.641591 0.499173 -0.582398
    outer loop
      vertex -27.4963 0.403854 -2.84853
      vertex -27.6903 0.508886 -2.54479
      vertex -27.4742 0.786641 -2.54479
    endloop
  endfacet
  facet normal -0.641356 0.499287 -0.582559
    outer loop
      vertex -27.3247 0.624282 -2.84853
      vertex -27.4963 0.403854 -2.84853
      vertex -27.4742 0.786641 -2.54479
    endloop
  endfacet
  facet normal -0.324094 0.497024 -0.804941
    outer loop
      vertex -27.3247 0.624282 -2.84853
      vertex -26.9904 0.548131 -3.03015
      vertex -26.9912 0.506765 -3.05537
    endloop
  endfacet
  facet normal -0.324321 0.496532 -0.805153
    outer loop
      vertex -26.9904 0.548131 -3.03015
      vertex -27.3247 0.624282 -2.84853
      vertex -27.0908 0.777059 -2.84853
    endloop
  endfacet
  facet normal -0.444476 0.680488 -0.582561
    outer loop
      vertex -27.0908 0.777059 -2.84853
      vertex -27.3247 0.624282 -2.84853
      vertex -27.1795 0.979152 -2.54479
    endloop
  endfacet
  facet normal -0.19956 -0.787974 -0.582471
    outer loop
      vertex -27.1795 -0.979152 -2.54479
      vertex -26.9836 -0.942286 -2.66178
      vertex -26.979 -1.02993 -2.54479
    endloop
  endfacet
  facet normal -0.199617 -0.787905 -0.582545
    outer loop
      vertex -26.9836 -0.942286 -2.66178
      vertex -27.1795 -0.979152 -2.54479
      vertex -26.9842 -0.906593 -2.70985
    endloop
  endfacet
  facet normal -0.945806 0.324732 0
    outer loop
      vertex -27.9191 0.195082 -2.18772
      vertex -27.7924 0.564105 -1.81228
      vertex -27.7924 0.564105 -2.18772
    endloop
  endfacet
  facet normal -0.945806 0.324732 0
    outer loop
      vertex -27.7924 0.564105 -1.81228
      vertex -27.9191 0.195082 -2.18772
      vertex -27.9191 0.195082 -1.81228
    endloop
  endfacet
  facet normal -0.95224 0 -0.30535
    outer loop
      vertex -27.8046 -0.175985 -2.54479
      vertex -27.9191 0.195082 -2.18772
      vertex -27.8046 0.175985 -2.54479
    endloop
  endfacet
  facet normal -0.95224 -0 -0.30535
    outer loop
      vertex -27.9191 0.195082 -2.18772
      vertex -27.8046 -0.175985 -2.54479
      vertex -27.9191 -0.195082 -2.18772
    endloop
  endfacet
  facet normal -0.295876 0.101694 0.949798
    outer loop
      vertex -27.2874 0.0896692 -0.930792
      vertex -26.9986 0.0801858 -0.839811
      vertex -27.2291 0.259291 -0.930792
    endloop
  endfacet
  facet normal -0.29587 0.101798 0.949788
    outer loop
      vertex -26.9986 0.0801858 -0.839811
      vertex -27.2874 0.0896692 -0.930792
      vertex -26.9993 0.0415959 -0.835893
    endloop
  endfacet
  facet normal -0.560925 -0.192572 0.805158
    outer loop
      vertex -27.2874 -0.0896692 -0.930792
      vertex -27.587 -0.139663 -1.15147
      vertex -27.4963 -0.403854 -1.15147
    endloop
  endfacet
  facet normal -0.444521 0.680483 0.582533
    outer loop
      vertex -27.1795 0.979152 -1.45521
      vertex -27.4742 0.786641 -1.45521
      vertex -27.3247 0.624282 -1.15147
    endloop
  endfacet
  facet normal -0.467926 0.364274 0.805202
    outer loop
      vertex -27.3247 0.624282 -1.15147
      vertex -27.4963 0.403854 -1.15147
      vertex -27.2291 0.259291 -0.930792
    endloop
  endfacet
  facet normal -0.520822 0.797285 0.305092
    outer loop
      vertex -27.1795 0.979152 -1.45521
      vertex -27.5527 0.871999 -1.81228
      vertex -27.4742 0.786641 -1.45521
    endloop
  endfacet
  facet normal -0.751642 0.584795 0.30504
    outer loop
      vertex -27.5527 0.871999 -1.81228
      vertex -27.6903 0.508886 -1.45521
      vertex -27.4742 0.786641 -1.45521
    endloop
  endfacet
  facet normal -0.324459 -0.496524 0.805102
    outer loop
      vertex -27.119 -0.400813 -0.930792
      vertex -26.9912 -0.506765 -0.944631
      vertex -26.9916 -0.484064 -0.930792
    endloop
  endfacet
  facet normal -0.324414 -0.496476 0.80515
    outer loop
      vertex -26.9912 -0.506765 -0.944631
      vertex -27.119 -0.400813 -0.930792
      vertex -27.3247 -0.624282 -1.15147
    endloop
  endfacet
  facet normal -0.199675 -0.787935 0.582485
    outer loop
      vertex -27.0908 -0.777059 -1.15147
      vertex -26.9842 -0.906593 -1.29015
      vertex -26.986 -0.803617 -1.15147
    endloop
  endfacet
  facet normal -0.199599 -0.787921 0.58253
    outer loop
      vertex -26.9842 -0.906593 -1.29015
      vertex -27.0908 -0.777059 -1.15147
      vertex -27.1795 -0.979152 -1.45521
    endloop
  endfacet
  facet normal -0.145686 -0.574887 0.805159
    outer loop
      vertex -26.9904 -0.548131 -0.969848
      vertex -27.0908 -0.777059 -1.15147
      vertex -26.986 -0.803617 -1.15147
    endloop
  endfacet
  facet normal -0.171113 -0.261856 0.949817
    outer loop
      vertex -26.9953 -0.266518 -0.871483
      vertex -27.119 -0.400813 -0.930792
      vertex -26.9916 -0.484064 -0.930792
    endloop
  endfacet
  facet normal -0.246876 -0.192384 0.949758
    outer loop
      vertex -27.2291 -0.259291 -0.930792
      vertex -26.9953 -0.266518 -0.871483
      vertex -26.9969 -0.17933 -0.854238
    endloop
  endfacet
  facet normal -0.246882 -0.192067 0.949821
    outer loop
      vertex -26.9953 -0.266518 -0.871483
      vertex -27.2291 -0.259291 -0.930792
      vertex -27.119 -0.400813 -0.930792
    endloop
  endfacet
  facet normal -0.546989 -0.83714 0
    outer loop
      vertex -27.5527 -0.871999 -2.18772
      vertex -27.2261 -1.0854 -1.81228
      vertex -27.5527 -0.871999 -1.81228
    endloop
  endfacet
  facet normal -0.546989 -0.83714 -0
    outer loop
      vertex -27.2261 -1.0854 -1.81228
      vertex -27.5527 -0.871999 -2.18772
      vertex -27.2261 -1.0854 -2.18772
    endloop
  endfacet
  facet normal -0.233796 -0.923157 -0.305156
    outer loop
      vertex -26.9751 -1.10367 -2.3247
      vertex -27.1795 -0.979152 -2.54479
      vertex -26.979 -1.02993 -2.54479
    endloop
  endfacet
  facet normal -0.171116 -0.26186 -0.949815
    outer loop
      vertex -26.9916 -0.484064 -3.06921
      vertex -27.119 -0.400813 -3.06921
      vertex -26.9953 -0.266518 -3.12852
    endloop
  endfacet
  facet normal -0.312895 0.000214499 -0.949788
    outer loop
      vertex -26.9993 -0.0415959 -3.16411
      vertex -27.2874 -0.0896692 -3.06921
      vertex -27 0 -3.16387
    endloop
  endfacet
  facet normal -0.312835 -0 -0.949807
    outer loop
      vertex -27.2874 0.0896692 -3.06921
      vertex -27 0 -3.16387
      vertex -27.2874 -0.0896692 -3.06921
    endloop
  endfacet
  facet normal -0.312895 -0.000214499 -0.949788
    outer loop
      vertex -27 0 -3.16387
      vertex -27.2874 0.0896692 -3.06921
      vertex -26.9993 0.0415959 -3.16411
    endloop
  endfacet
  facet normal -0.900636 0.309229 -0.305341
    outer loop
      vertex -27.8046 0.175985 -2.54479
      vertex -27.9191 0.195082 -2.18772
      vertex -27.6903 0.508886 -2.54479
    endloop
  endfacet
  facet normal -0.812919 0 -0.582377
    outer loop
      vertex -27.587 -0.139663 -2.84853
      vertex -27.8046 0.175985 -2.54479
      vertex -27.587 0.139663 -2.84853
    endloop
  endfacet
  facet normal -0.812919 -0 -0.582377
    outer loop
      vertex -27.8046 0.175985 -2.54479
      vertex -27.587 -0.139663 -2.84853
      vertex -27.8046 -0.175985 -2.54479
    endloop
  endfacet
  facet normal -0.444521 0.680483 -0.582533
    outer loop
      vertex -27.3247 0.624282 -2.84853
      vertex -27.4742 0.786641 -2.54479
      vertex -27.1795 0.979152 -2.54479
    endloop
  endfacet
  facet normal -0.467929 0.364276 -0.805199
    outer loop
      vertex -27.2291 0.259291 -3.06921
      vertex -27.4963 0.403854 -2.84853
      vertex -27.3247 0.624282 -2.84853
    endloop
  endfacet
  facet normal -0.246886 -0.19207 -0.949819
    outer loop
      vertex -27.2291 -0.259291 -3.06921
      vertex -26.9953 -0.266518 -3.12852
      vertex -27.119 -0.400813 -3.06921
    endloop
  endfacet
  facet normal -0.246881 -0.192332 -0.949768
    outer loop
      vertex -26.9953 -0.266518 -3.12852
      vertex -27.2291 -0.259291 -3.06921
      vertex -26.9969 -0.17933 -3.14576
    endloop
  endfacet
  facet normal -0.768879 0.263965 -0.582364
    outer loop
      vertex -27.587 0.139663 -2.84853
      vertex -27.6903 0.508886 -2.54479
      vertex -27.4963 0.403854 -2.84853
    endloop
  endfacet
  facet normal -0.641356 -0.499287 -0.582559
    outer loop
      vertex -27.4742 -0.786641 -2.54479
      vertex -27.4963 -0.403854 -2.84853
      vertex -27.3247 -0.624282 -2.84853
    endloop
  endfacet
  facet normal -0.199599 -0.787921 -0.58253
    outer loop
      vertex -27.0908 -0.777059 -2.84853
      vertex -26.9842 -0.906593 -2.70985
      vertex -27.1795 -0.979152 -2.54479
    endloop
  endfacet
  facet normal -0.199675 -0.787935 -0.582485
    outer loop
      vertex -26.9842 -0.906593 -2.70985
      vertex -27.0908 -0.777059 -2.84853
      vertex -26.986 -0.803617 -2.84853
    endloop
  endfacet
  facet normal -0.444476 0.680488 0.582561
    outer loop
      vertex -27.1795 0.979152 -1.45521
      vertex -27.3247 0.624282 -1.15147
      vertex -27.0908 0.777059 -1.15147
    endloop
  endfacet
  facet normal -0.171113 0.261856 0.949817
    outer loop
      vertex -26.9916 0.484064 -0.930792
      vertex -27.119 0.400813 -0.930792
      vertex -26.9953 0.266518 -0.871483
    endloop
  endfacet
  facet normal -0.593063 0 -0.805156
    outer loop
      vertex -27.587 -0.139663 -2.84853
      vertex -27.2874 0.0896692 -3.06921
      vertex -27.2874 -0.0896692 -3.06921
    endloop
  endfacet
  facet normal -0.593063 0 -0.805156
    outer loop
      vertex -27.2874 0.0896692 -3.06921
      vertex -27.587 -0.139663 -2.84853
      vertex -27.587 0.139663 -2.84853
    endloop
  endfacet
  facet normal -0.295864 0.101847 -0.949785
    outer loop
      vertex -27.2874 0.0896692 -3.06921
      vertex -26.9986 0.0801858 -3.16019
      vertex -26.9993 0.0415959 -3.16411
    endloop
  endfacet
  facet normal -0.295874 0.101693 -0.949799
    outer loop
      vertex -26.9986 0.0801858 -3.16019
      vertex -27.2874 0.0896692 -3.06921
      vertex -27.2291 0.259291 -3.06921
    endloop
  endfacet
  facet normal -1 0 0
    outer loop
      vertex -27.9191 -0.195082 -2.18772
      vertex -27.9191 0.195082 -1.81228
      vertex -27.9191 0.195082 -2.18772
    endloop
  endfacet
  facet normal -1 -0 0
    outer loop
      vertex -27.9191 0.195082 -1.81228
      vertex -27.9191 -0.195082 -2.18772
      vertex -27.9191 -0.195082 -1.81228
    endloop
  endfacet
  facet normal -0.900636 -0.309223 -0.305346
    outer loop
      vertex -27.7924 -0.564105 -2.18772
      vertex -27.9191 -0.195082 -2.18772
      vertex -27.6903 -0.508886 -2.54479
    endloop
  endfacet
  facet normal -0.246928 -0.192207 -0.949781
    outer loop
      vertex -26.9969 -0.17933 -3.14576
      vertex -27.2291 -0.259291 -3.06921
      vertex -26.9977 -0.134027 -3.15472
    endloop
  endfacet
  facet normal -0.296058 0.101441 -0.949768
    outer loop
      vertex -26.9986 0.0801858 -3.16019
      vertex -27.2291 0.259291 -3.06921
      vertex -26.9977 0.134027 -3.15472
    endloop
  endfacet
  facet normal -0.46812 -0.364184 -0.80513
    outer loop
      vertex -27.119 -0.400813 -3.06921
      vertex -27.3247 -0.624282 -2.84853
      vertex -27.2291 -0.259291 -3.06921
    endloop
  endfacet
  facet normal -0.324475 -0.496547 -0.805082
    outer loop
      vertex -26.9912 -0.506765 -3.05537
      vertex -27.119 -0.400813 -3.06921
      vertex -26.9916 -0.484064 -3.06921
    endloop
  endfacet
  facet normal -0.324413 -0.496481 -0.805147
    outer loop
      vertex -27.119 -0.400813 -3.06921
      vertex -26.9912 -0.506765 -3.05537
      vertex -27.3247 -0.624282 -2.84853
    endloop
  endfacet
  facet normal -0.145686 0.574887 0.805159
    outer loop
      vertex -26.986 0.803617 -1.15147
      vertex -27.0908 0.777059 -1.15147
      vertex -26.9904 0.548131 -0.969848
    endloop
  endfacet
  facet normal -0.560759 0.192736 0.805234
    outer loop
      vertex -27.2291 0.259291 -0.930792
      vertex -27.4963 0.403854 -1.15147
      vertex -27.2874 0.0896692 -0.930792
    endloop
  endfacet
  facet normal -0.296058 -0.101441 -0.949768
    outer loop
      vertex -26.9977 -0.134027 -3.15472
      vertex -27.2291 -0.259291 -3.06921
      vertex -26.9986 -0.0801858 -3.16019
    endloop
  endfacet
  facet normal -0.295874 -0.101693 -0.949799
    outer loop
      vertex -27.2874 -0.0896692 -3.06921
      vertex -26.9986 -0.0801858 -3.16019
      vertex -27.2291 -0.259291 -3.06921
    endloop
  endfacet
  facet normal -0.295864 -0.101847 -0.949785
    outer loop
      vertex -26.9986 -0.0801858 -3.16019
      vertex -27.2874 -0.0896692 -3.06921
      vertex -26.9993 -0.0415959 -3.16411
    endloop
  endfacet
  facet normal -0.246928 0.192207 -0.949781
    outer loop
      vertex -26.9977 0.134027 -3.15472
      vertex -27.2291 0.259291 -3.06921
      vertex -26.9969 0.17933 -3.14576
    endloop
  endfacet
  facet normal -0.171116 0.26186 -0.949815
    outer loop
      vertex -26.9953 0.266518 -3.12852
      vertex -27.119 0.400813 -3.06921
      vertex -26.9916 0.484064 -3.06921
    endloop
  endfacet
  facet normal -0.900636 0.309223 -0.305346
    outer loop
      vertex -27.6903 0.508886 -2.54479
      vertex -27.9191 0.195082 -2.18772
      vertex -27.7924 0.564105 -2.18772
    endloop
  endfacet
  facet normal -0.444476 -0.680488 -0.582561
    outer loop
      vertex -27.1795 -0.979152 -2.54479
      vertex -27.3247 -0.624282 -2.84853
      vertex -27.0908 -0.777059 -2.84853
    endloop
  endfacet
  facet normal -0.324321 -0.496532 -0.805153
    outer loop
      vertex -27.3247 -0.624282 -2.84853
      vertex -26.9904 -0.548131 -3.03015
      vertex -27.0908 -0.777059 -2.84853
    endloop
  endfacet
  facet normal -0.324094 -0.497024 -0.804941
    outer loop
      vertex -26.9904 -0.548131 -3.03015
      vertex -27.3247 -0.624282 -2.84853
      vertex -26.9912 -0.506765 -3.05537
    endloop
  endfacet
  facet normal -0.641591 0.499173 0.582398
    outer loop
      vertex -27.4742 0.786641 -1.45521
      vertex -27.6903 0.508886 -1.45521
      vertex -27.4963 0.403854 -1.15147
    endloop
  endfacet
  facet normal -0.768879 0.263965 0.582364
    outer loop
      vertex -27.4963 0.403854 -1.15147
      vertex -27.6903 0.508886 -1.45521
      vertex -27.587 0.139663 -1.15147
    endloop
  endfacet
  facet normal -0.468117 0.364182 0.805132
    outer loop
      vertex -27.119 0.400813 -0.930792
      vertex -27.3247 0.624282 -1.15147
      vertex -27.2291 0.259291 -0.930792
    endloop
  endfacet
  facet normal -0.246882 0.192067 0.949821
    outer loop
      vertex -27.2291 0.259291 -0.930792
      vertex -26.9953 0.266518 -0.871483
      vertex -27.119 0.400813 -0.930792
    endloop
  endfacet
  facet normal -0.246876 0.192384 0.949758
    outer loop
      vertex -26.9953 0.266518 -0.871483
      vertex -27.2291 0.259291 -0.930792
      vertex -26.9969 0.17933 -0.854238
    endloop
  endfacet
  facet normal -0.544645 0.838667 0
    outer loop
      vertex -14.3078 22.8973 -1.45
      vertex -15.0982 22.384 0
      vertex -14.3078 22.8973 0
    endloop
  endfacet
  facet normal -0.544645 0.838667 0
    outer loop
      vertex -15.0982 22.384 0
      vertex -14.3078 22.8973 -1.45
      vertex -15.0982 22.384 -1.45
    endloop
  endfacet
  facet normal 0 0 -1
    outer loop
      vertex -14.3078 22.8973 -4
      vertex -15.0982 22.384 -4
      vertex -14.3673 22.8587 -4
    endloop
  endfacet
  facet normal -0.544645 0.838667 0
    outer loop
      vertex -14.3078 22.8973 -3.4
      vertex -15.0982 22.384 -2.55
      vertex -14.3078 22.8973 -2.55
    endloop
  endfacet
  facet normal -0.544645 0.838667 0
    outer loop
      vertex -15.0982 22.384 -2.55
      vertex -14.3078 22.8973 -3.4
      vertex -15.0982 22.384 -3.4
    endloop
  endfacet
  facet normal -0 -0 1
    outer loop
      vertex 26.9379 1.81264 -4
      vertex 26.9836 0.942286 -4
      vertex 26.9342 1.88342 -4
    endloop
  endfacet
  facet normal 0.998625 0.0524177 0
    outer loop
      vertex 26.9836 0.942286 -1.32087
      vertex 26.9342 1.88342 -1.45
      vertex 26.9342 1.88342 0
    endloop
  endfacet
  facet normal 0.998625 0.0524177 -0
    outer loop
      vertex 26.9836 0.942286 -1.32087
      vertex 26.9342 1.88342 0
      vertex 26.9836 0.942286 0
    endloop
  endfacet
  facet normal 0.998626 0.0524117 -4.38628e-05
    outer loop
      vertex 26.9342 1.88342 -1.45
      vertex 26.9836 0.942286 -1.32087
      vertex 26.9787 1.03554 -1.45
    endloop
  endfacet
  facet normal 0.998626 0.0524117 4.38628e-05
    outer loop
      vertex 26.9836 0.942286 -2.67913
      vertex 26.9342 1.88342 -2.55
      vertex 26.9787 1.03554 -2.55
    endloop
  endfacet
  facet normal 0.998625 0.0524177 0
    outer loop
      vertex 26.9342 1.88342 -2.55
      vertex 26.9836 0.942286 -2.67913
      vertex 26.9342 1.88342 -3.4
    endloop
  endfacet
  facet normal 0.998625 0.0524177 0
    outer loop
      vertex 26.9342 1.88342 -3.4
      vertex 26.9836 0.942286 -2.67913
      vertex 26.9836 0.942286 -3.4
    endloop
  endfacet
  facet normal 0.999872 0.0160262 0
    outer loop
      vertex 26.9836 0.942286 0
      vertex 26.9839 0.923569 -1.29488
      vertex 26.9836 0.942286 -1.32087
    endloop
  endfacet
  facet normal 0.999861 0.0166946 -9.66401e-06
    outer loop
      vertex 26.9836 0.942286 0
      vertex 26.9855 0.827813 -1.17345
      vertex 26.9839 0.923569 -1.29488
    endloop
  endfacet
  facet normal 0.99975 0.0223562 -0.000562147
    outer loop
      vertex 26.9836 0.942286 0
      vertex 26.9859 0.810478 -1.15147
      vertex 26.9855 0.827813 -1.17345
    endloop
  endfacet
  facet normal 0.999848 0.0174199 3.09461e-06
    outer loop
      vertex 26.9836 0.942286 0
      vertex 26.9898 0.586604 -1.00161
      vertex 26.9859 0.810478 -1.15147
    endloop
  endfacet
  facet normal 0.999854 0.0170908 0.000120024
    outer loop
      vertex 26.9836 0.942286 0
      vertex 26.9916 0.480802 -0.930792
      vertex 26.9898 0.586604 -1.00161
    endloop
  endfacet
  facet normal 0.999846 0.0175416 -0.000103582
    outer loop
      vertex 26.9836 0.942286 0
      vertex 26.9935 0.372696 -0.89843
      vertex 26.9916 0.480802 -0.930792
    endloop
  endfacet
  facet normal 0.99984 0.0178829 -0.000320004
    outer loop
      vertex 26.9836 0.942286 0
      vertex 26.9942 0.333725 -0.889137
      vertex 26.9935 0.372696 -0.89843
    endloop
  endfacet
  facet normal 0.999849 0.0174018 9.34568e-06
    outer loop
      vertex 27 0 0
      vertex 26.9942 0.333725 -0.889137
      vertex 26.9836 0.942286 0
    endloop
  endfacet
  facet normal 0.999857 0.0168846 -0.000184852
    outer loop
      vertex 26.9942 0.333725 -0.889137
      vertex 27 0 0
      vertex 26.9966 0.191974 -0.855334
    endloop
  endfacet
  facet normal 0.999831 0.0183614 0.0001467
    outer loop
      vertex 26.9966 0.191974 -0.855334
      vertex 27 0 0
      vertex 26.9977 0.132003 -0.846235
    endloop
  endfacet
  facet normal 0.999853 0.0171249 -4.62322e-05
    outer loop
      vertex 26.9977 0.132003 -0.846235
      vertex 27 0 0
      vertex 26.9985 0.0853134 -0.839151
    endloop
  endfacet
  facet normal 0.99985 0.0173057 -2.78417e-05
    outer loop
      vertex 26.9985 0.0853134 -0.839151
      vertex 27 0 0
      vertex 26.9994 0.0333194 -0.836627
    endloop
  endfacet
  facet normal 0.999838 0.0180046 0
    outer loop
      vertex 26.9994 0.0333194 -0.836627
      vertex 27 0 0
      vertex 27 0 -0.835009
    endloop
  endfacet
  facet normal 0 0 1
    outer loop
      vertex 26.993 0.400234 -4
      vertex 26.9836 0.942286 -4
      vertex 26.9848 0.871413 -4
    endloop
  endfacet
  facet normal 0.999872 0.0160262 0
    outer loop
      vertex 26.9839 0.923569 -2.70512
      vertex 26.9836 0.942286 -3.4
      vertex 26.9836 0.942286 -2.67913
    endloop
  endfacet
  facet normal 0.999861 0.0166843 1.77329e-05
    outer loop
      vertex 26.9855 0.827813 -2.82654
      vertex 26.9836 0.942286 -3.4
      vertex 26.9839 0.923569 -2.70512
    endloop
  endfacet
  facet normal 0.999763 0.0217608 0.00103142
    outer loop
      vertex 26.9859 0.810478 -2.84853
      vertex 26.9836 0.942286 -3.4
      vertex 26.9855 0.827813 -2.82654
    endloop
  endfacet
  facet normal 0.999848 0.0174219 -5.99722e-06
    outer loop
      vertex 26.9898 0.586604 -2.99838
      vertex 26.9836 0.942286 -3.4
      vertex 26.9859 0.810478 -2.84853
    endloop
  endfacet
  facet normal 0.999853 0.0171661 -0.000232584
    outer loop
      vertex 26.9916 0.480802 -3.06921
      vertex 26.9836 0.942286 -3.4
      vertex 26.9898 0.586604 -2.99838
    endloop
  endfacet
  facet normal 0.999847 0.017502 0.000236118
    outer loop
      vertex 26.9935 0.372696 -3.10157
      vertex 26.9836 0.942286 -3.4
      vertex 26.9916 0.480802 -3.06921
    endloop
  endfacet
  facet normal 0.999842 0.0177775 0.000762224
    outer loop
      vertex 26.9942 0.333725 -3.11086
      vertex 26.9836 0.942286 -3.4
      vertex 26.9935 0.372696 -3.10157
    endloop
  endfacet
  facet normal 0.999859 0.0167584 0.000714092
    outer loop
      vertex 27 0 -3.4
      vertex 26.9942 0.333725 -3.11086
      vertex 26.9966 0.191974 -3.14466
    endloop
  endfacet
  facet normal 0.99983 0.0184204 -0.000535806
    outer loop
      vertex 27 0 -3.4
      vertex 26.9966 0.191974 -3.14466
      vertex 26.9977 0.132003 -3.15376
    endloop
  endfacet
  facet normal 0.999854 0.0171063 0.000168869
    outer loop
      vertex 27 0 -3.4
      vertex 26.9977 0.132003 -3.15376
      vertex 26.9985 0.0853134 -3.16085
    endloop
  endfacet
  facet normal 0.99985 0.0173023 9.89215e-05
    outer loop
      vertex 27 0 -3.4
      vertex 26.9985 0.0853134 -3.16085
      vertex 26.9994 0.0333194 -3.16337
    endloop
  endfacet
  facet normal 0.999838 0.0180046 -0
    outer loop
      vertex 27 0 -3.4
      vertex 26.9994 0.0333194 -3.16337
      vertex 27 0 -3.16499
    endloop
  endfacet
  facet normal 0.999849 0.0174018 -2.8739e-05
    outer loop
      vertex 26.9942 0.333725 -3.11086
      vertex 27 0 -3.4
      vertex 26.9836 0.942286 -3.4
    endloop
  endfacet
  facet normal 0 0 1
    outer loop
      vertex -26.9836 0.942286 -4
      vertex -26.9379 1.81264 -4
      vertex -26.9342 1.88342 -4
    endloop
  endfacet
  facet normal -0.998627 0.052391 0
    outer loop
      vertex -26.9727 1.14957 -1.81228
      vertex -26.9342 1.88342 -3.4
      vertex -26.9727 1.14957 -2.18772
    endloop
  endfacet
  facet normal -0.99863 0.0523287 -3.77924e-05
    outer loop
      vertex -26.9342 1.88342 -3.4
      vertex -26.9751 1.10367 -2.3247
      vertex -26.9727 1.14957 -2.18772
    endloop
  endfacet
  facet normal -0.99862 0.0525179 9.97355e-05
    outer loop
      vertex -26.9342 1.88342 -3.4
      vertex -26.979 1.02993 -2.54479
      vertex -26.9751 1.10367 -2.3247
    endloop
  endfacet
  facet normal -0.998625 0.0524177 0
    outer loop
      vertex -26.9836 0.942286 -2.66178
      vertex -26.9342 1.88342 -3.4
      vertex -26.9836 0.942286 -3.4
    endloop
  endfacet
  facet normal -0.998625 0.0524159 -2.26914e-06
    outer loop
      vertex -26.9342 1.88342 -3.4
      vertex -26.9836 0.942286 -2.66178
      vertex -26.979 1.02993 -2.54479
    endloop
  endfacet
  facet normal -0.998627 0.052391 0
    outer loop
      vertex -26.9342 1.88342 -3.4
      vertex -26.9727 1.14957 -1.81228
      vertex -26.9342 1.88342 0
    endloop
  endfacet
  facet normal -0.998631 0.0523119 3.21268e-05
    outer loop
      vertex -26.9751 1.10367 -1.6753
      vertex -26.9342 1.88342 0
      vertex -26.9727 1.14957 -1.81228
    endloop
  endfacet
  facet normal -0.998618 0.0525624 -8.47847e-05
    outer loop
      vertex -26.979 1.02993 -1.45521
      vertex -26.9342 1.88342 0
      vertex -26.9751 1.10367 -1.6753
    endloop
  endfacet
  facet normal -0.998625 0.0524152 1.74438e-06
    outer loop
      vertex -26.9836 0.942286 -1.33822
      vertex -26.9342 1.88342 0
      vertex -26.979 1.02993 -1.45521
    endloop
  endfacet
  facet normal -0.998625 0.0524177 0
    outer loop
      vertex -26.9342 1.88342 0
      vertex -26.9836 0.942286 -1.33822
      vertex -26.9836 0.942286 0
    endloop
  endfacet
  facet normal -0.981632 -0.190783 0
    outer loop
      vertex -26.41 -5.61362 -3.4
      vertex -26.5898 -4.6885 0
      vertex -26.5898 -4.6885 -3.4
    endloop
  endfacet
  facet normal -0.981632 -0.190783 0
    outer loop
      vertex -26.5898 -4.6885 0
      vertex -26.41 -5.61362 -3.4
      vertex -26.41 -5.61362 0
    endloop
  endfacet
  facet normal 0 0 -1
    outer loop
      vertex -26.41 -5.61362 -4
      vertex -26.5763 -4.75808 -4
      vertex -26.5898 -4.6885 -4
    endloop
  endfacet
  facet normal 0 0 1
    outer loop
      vertex -20.0649 18.0665 -4
      vertex -19.4705 18.7039 -4
      vertex -19.4222 18.7558 -4
    endloop
  endfacet
  facet normal -0.731397 0.681951 0
    outer loop
      vertex -20.0649 18.0665 -3.4
      vertex -19.4222 18.7558 0
      vertex -19.4222 18.7558 -3.4
    endloop
  endfacet
  facet normal -0.731397 0.681951 0
    outer loop
      vertex -19.4222 18.7558 0
      vertex -20.0649 18.0665 -3.4
      vertex -20.0649 18.0665 0
    endloop
  endfacet
  facet normal 0.857156 -0.515057 0
    outer loop
      vertex 22.8973 -14.3078 0
      vertex 23.3827 -13.5 -3.4
      vertex 23.3827 -13.5 0
    endloop
  endfacet
  facet normal 0.857156 -0.515057 0
    outer loop
      vertex 23.3827 -13.5 -3.4
      vertex 22.8973 -14.3078 0
      vertex 22.8973 -14.3078 -3.4
    endloop
  endfacet
  facet normal -0.99254 0.121919 0
    outer loop
      vertex -26.8521 2.82227 -3.4
      vertex -26.7372 3.75767 0
      vertex -26.7372 3.75767 -3.4
    endloop
  endfacet
  facet normal -0.99254 0.121919 0
    outer loop
      vertex -26.7372 3.75767 0
      vertex -26.8521 2.82227 -3.4
      vertex -26.8521 2.82227 0
    endloop
  endfacet
  facet normal 0 0 -1
    outer loop
      vertex -26.7372 3.75767 -4
      vertex -26.8307 2.9962 -4
      vertex -26.7459 3.68732 -4
    endloop
  endfacet
  facet normal 0.573534 0.819182 -0
    outer loop
      vertex 15.8702 21.8435 -3.4
      vertex 15.0982 22.384 0
      vertex 15.8702 21.8435 0
    endloop
  endfacet
  facet normal 0.573534 0.819182 0
    outer loop
      vertex 15.0982 22.384 0
      vertex 15.8702 21.8435 -3.4
      vertex 15.0982 22.384 -3.4
    endloop
  endfacet
  facet normal 0 0 1
    outer loop
      vertex 15.0982 22.384 -4
      vertex 15.8121 21.8841 -4
      vertex 15.8702 21.8435 -4
    endloop
  endfacet
  facet normal 0 0 1
    outer loop
      vertex -5.7 -19.25 0
      vertex -7.15061 -20.1627 0
      vertex -5.61362 -26.41 0
    endloop
  endfacet
  facet normal 0 0 1
    outer loop
      vertex -5.61362 -26.41 0
      vertex -7.15061 -20.1627 0
      vertex -6.53189 -26.198 0
    endloop
  endfacet
  facet normal 0 0 1
    outer loop
      vertex -7.15061 -20.1627 0
      vertex -7.44221 -25.9541 0
      vertex -6.53189 -26.198 0
    endloop
  endfacet
  facet normal -0 0 1
    outer loop
      vertex -7.489 -20.24 0
      vertex -7.44221 -25.9541 0
      vertex -7.15061 -20.1627 0
    endloop
  endfacet
  facet normal 0 0 1
    outer loop
      vertex -8.34346 -25.6785 0
      vertex -7.489 -20.24 0
      vertex -7.76038 -20.0235 0
    endloop
  endfacet
  facet normal 0 0 1
    outer loop
      vertex -7.489 -20.24 0
      vertex -8.34346 -25.6785 0
      vertex -7.44221 -25.9541 0
    endloop
  endfacet
  facet normal 0 0 1
    outer loop
      vertex -7.76038 -5.22646 0
      vertex -8.34346 -25.6785 0
      vertex -7.76038 -20.0235 0
    endloop
  endfacet
  facet normal -0 0 1
    outer loop
      vertex -10.9819 24.6657 0
      vertex -6.2 22.9 0
      vertex -10.1144 25.034 0
    endloop
  endfacet
  facet normal 0 0 1
    outer loop
      vertex -7.76038 -5.22646 0
      vertex -9.23454 -25.3717 0
      vertex -8.34346 -25.6785 0
    endloop
  endfacet
  facet normal -0 0 1
    outer loop
      vertex -11.836 24.2674 0
      vertex -6.2 22.9 0
      vertex -10.9819 24.6657 0
    endloop
  endfacet
  facet normal 0 0 1
    outer loop
      vertex -7.76038 -5.22646 0
      vertex -10.1144 -25.034 0
      vertex -9.23454 -25.3717 0
    endloop
  endfacet
  facet normal -0 0 1
    outer loop
      vertex -12.6757 23.8396 0
      vertex -6.2 22.9 0
      vertex -11.836 24.2674 0
    endloop
  endfacet
  facet normal 0 0 1
    outer loop
      vertex -7.76038 -5.22646 0
      vertex -10.9819 -24.6657 0
      vertex -10.1144 -25.034 0
    endloop
  endfacet
  facet normal -0 0 1
    outer loop
      vertex -13.5 23.3827 0
      vertex -6.2 22.9 0
      vertex -12.6757 23.8396 0
    endloop
  endfacet
  facet normal 0 0 1
    outer loop
      vertex -7.76038 -5.22646 0
      vertex -11.836 -24.2674 0
      vertex -10.9819 -24.6657 0
    endloop
  endfacet
  facet normal 0 0 1
    outer loop
      vertex -14.3078 22.8973 0
      vertex -6.2 22.9 0
      vertex -13.5 23.3827 0
    endloop
  endfacet
  facet normal 0 0 1
    outer loop
      vertex -7.76038 -5.22646 0
      vertex -12.6757 -23.8396 0
      vertex -11.836 -24.2674 0
    endloop
  endfacet
  facet normal 0 0 1
    outer loop
      vertex -15.0982 22.384 0
      vertex -6.2 22.9 0
      vertex -14.3078 22.8973 0
    endloop
  endfacet
  facet normal 0 0 1
    outer loop
      vertex -7.76038 -5.22646 0
      vertex -13.5 -23.3827 0
      vertex -12.6757 -23.8396 0
    endloop
  endfacet
  facet normal 0 0 1
    outer loop
      vertex -15.8702 21.8435 0
      vertex -6.2 22.9 0
      vertex -15.0982 22.384 0
    endloop
  endfacet
  facet normal 0 0 1
    outer loop
      vertex -7.76038 -5.22646 0
      vertex -14.3078 -22.8973 0
      vertex -13.5 -23.3827 0
    endloop
  endfacet
  facet normal 0 0 1
    outer loop
      vertex -16.6229 21.2763 0
      vertex -6.2 22.9 0
      vertex -15.8702 21.8435 0
    endloop
  endfacet
  facet normal 0 0 1
    outer loop
      vertex -7.76038 -5.22646 0
      vertex -15.0982 -22.384 0
      vertex -14.3078 -22.8973 0
    endloop
  endfacet
  facet normal 0 0 1
    outer loop
      vertex -17.3553 20.6832 0
      vertex -6.2 22.9 0
      vertex -16.6229 21.2763 0
    endloop
  endfacet
  facet normal 0 0 1
    outer loop
      vertex -7.76038 -5.22646 0
      vertex -15.8702 -21.8435 0
      vertex -15.0982 -22.384 0
    endloop
  endfacet
  facet normal 0 0 1
    outer loop
      vertex -18.0665 20.0649 0
      vertex -6.2 22.9 0
      vertex -17.3553 20.6832 0
    endloop
  endfacet
  facet normal 0 0 1
    outer loop
      vertex -7.76038 -5.22646 0
      vertex -16.6229 -21.2763 0
      vertex -15.8702 -21.8435 0
    endloop
  endfacet
  facet normal 0 0 1
    outer loop
      vertex -18.7558 19.4222 0
      vertex -6.2 22.9 0
      vertex -18.0665 20.0649 0
    endloop
  endfacet
  facet normal 0 0 1
    outer loop
      vertex -7.76038 -5.22646 0
      vertex -17.3553 -20.6832 0
      vertex -16.6229 -21.2763 0
    endloop
  endfacet
  facet normal 0 0 1
    outer loop
      vertex -6.2 22.9 0
      vertex -18.7558 19.4222 0
      vertex -7.76038 -5.22646 0
    endloop
  endfacet
  facet normal 0 0 1
    outer loop
      vertex -7.76038 -5.22646 0
      vertex -18.0665 -20.0649 0
      vertex -17.3553 -20.6832 0
    endloop
  endfacet
  facet normal -0 0 1
    outer loop
      vertex -19.4222 18.7558 0
      vertex -7.76038 -5.22646 0
      vertex -18.7558 19.4222 0
    endloop
  endfacet
  facet normal 0 0 1
    outer loop
      vertex -7.76038 -5.22646 0
      vertex -18.7558 -19.4222 0
      vertex -18.0665 -20.0649 0
    endloop
  endfacet
  facet normal -0 0 1
    outer loop
      vertex -20.0649 18.0665 0
      vertex -7.76038 -5.22646 0
      vertex -19.4222 18.7558 0
    endloop
  endfacet
  facet normal 0 0 1
    outer loop
      vertex -7.76038 -5.22646 0
      vertex -19.4222 -18.7558 0
      vertex -18.7558 -19.4222 0
    endloop
  endfacet
  facet normal -0 0 1
    outer loop
      vertex -20.6832 17.3553 0
      vertex -7.76038 -5.22646 0
      vertex -20.0649 18.0665 0
    endloop
  endfacet
  facet normal 0 0 1
    outer loop
      vertex -7.76038 -5.22646 0
      vertex -20.0649 -18.0665 0
      vertex -19.4222 -18.7558 0
    endloop
  endfacet
  facet normal -0 0 1
    outer loop
      vertex -21.2763 16.6229 0
      vertex -7.76038 -5.22646 0
      vertex -20.6832 17.3553 0
    endloop
  endfacet
  facet normal 0 0 1
    outer loop
      vertex -7.76038 -5.22646 0
      vertex -20.6832 -17.3553 0
      vertex -20.0649 -18.0665 0
    endloop
  endfacet
  facet normal -0 0 1
    outer loop
      vertex -21.8435 15.8702 0
      vertex -7.76038 -5.22646 0
      vertex -21.2763 16.6229 0
    endloop
  endfacet
  facet normal 0 0 1
    outer loop
      vertex -7.76038 -5.22646 0
      vertex -21.2763 -16.6229 0
      vertex -20.6832 -17.3553 0
    endloop
  endfacet
  facet normal -0 0 1
    outer loop
      vertex -22.384 15.0982 0
      vertex -7.76038 -5.22646 0
      vertex -21.8435 15.8702 0
    endloop
  endfacet
  facet normal 0 0 1
    outer loop
      vertex -7.76038 -5.22646 0
      vertex -21.8435 -15.8702 0
      vertex -21.2763 -16.6229 0
    endloop
  endfacet
  facet normal -0 0 1
    outer loop
      vertex -22.8973 14.3078 0
      vertex -7.76038 -5.22646 0
      vertex -22.384 15.0982 0
    endloop
  endfacet
  facet normal 0 0 1
    outer loop
      vertex -7.76038 -5.22646 0
      vertex -22.384 -15.0982 0
      vertex -21.8435 -15.8702 0
    endloop
  endfacet
  facet normal -0 0 1
    outer loop
      vertex -23.3827 13.5 0
      vertex -7.76038 -5.22646 0
      vertex -22.8973 14.3078 0
    endloop
  endfacet
  facet normal 0 0 1
    outer loop
      vertex -7.76038 -5.22646 0
      vertex -22.8973 -14.3078 0
      vertex -22.384 -15.0982 0
    endloop
  endfacet
  facet normal -0 0 1
    outer loop
      vertex -23.8396 12.6757 0
      vertex -7.76038 -5.22646 0
      vertex -23.3827 13.5 0
    endloop
  endfacet
  facet normal 0 0 1
    outer loop
      vertex -7.76038 -5.22646 0
      vertex -23.3827 -13.5 0
      vertex -22.8973 -14.3078 0
    endloop
  endfacet
  facet normal -0 0 1
    outer loop
      vertex -24.2674 11.836 0
      vertex -7.76038 -5.22646 0
      vertex -23.8396 12.6757 0
    endloop
  endfacet
  facet normal 0 0 1
    outer loop
      vertex -7.76038 -5.22646 0
      vertex -23.8396 -12.6757 0
      vertex -23.3827 -13.5 0
    endloop
  endfacet
  facet normal -0 0 1
    outer loop
      vertex -24.6657 10.9819 0
      vertex -7.76038 -5.22646 0
      vertex -24.2674 11.836 0
    endloop
  endfacet
  facet normal 0 0 1
    outer loop
      vertex -7.76038 -5.22646 0
      vertex -24.2674 -11.836 0
      vertex -23.8396 -12.6757 0
    endloop
  endfacet
  facet normal -0 0 1
    outer loop
      vertex -25.034 10.1144 0
      vertex -7.76038 -5.22646 0
      vertex -24.6657 10.9819 0
    endloop
  endfacet
  facet normal 0 0 1
    outer loop
      vertex -7.76038 -5.22646 0
      vertex -24.6657 -10.9819 0
      vertex -24.2674 -11.836 0
    endloop
  endfacet
  facet normal -0 0 1
    outer loop
      vertex -25.3717 9.23454 0
      vertex -7.76038 -5.22646 0
      vertex -25.034 10.1144 0
    endloop
  endfacet
  facet normal 0 0 1
    outer loop
      vertex -7.76038 -5.22646 0
      vertex -25.034 -10.1144 0
      vertex -24.6657 -10.9819 0
    endloop
  endfacet
  facet normal -0 0 1
    outer loop
      vertex -25.6785 8.34346 0
      vertex -7.76038 -5.22646 0
      vertex -25.3717 9.23454 0
    endloop
  endfacet
  facet normal 0 0 1
    outer loop
      vertex -7.76038 -5.22646 0
      vertex -25.3717 -9.23454 0
      vertex -25.034 -10.1144 0
    endloop
  endfacet
  facet normal -0 0 1
    outer loop
      vertex -25.9541 7.44221 0
      vertex -7.76038 -5.22646 0
      vertex -25.6785 8.34346 0
    endloop
  endfacet
  facet normal 0 0 1
    outer loop
      vertex -7.76038 -5.22646 0
      vertex -25.6785 -8.34346 0
      vertex -25.3717 -9.23454 0
    endloop
  endfacet
  facet normal -0 0 1
    outer loop
      vertex -26.198 6.53189 0
      vertex -7.76038 -5.22646 0
      vertex -25.9541 7.44221 0
    endloop
  endfacet
  facet normal 0 0 1
    outer loop
      vertex -7.76038 -5.22646 0
      vertex -25.9541 -7.44221 0
      vertex -25.6785 -8.34346 0
    endloop
  endfacet
  facet normal -0 0 1
    outer loop
      vertex -26.41 5.61362 0
      vertex -7.76038 -5.22646 0
      vertex -26.198 6.53189 0
    endloop
  endfacet
  facet normal 0 0 1
    outer loop
      vertex -7.76038 -5.22646 0
      vertex -26.198 -6.53189 0
      vertex -25.9541 -7.44221 0
    endloop
  endfacet
  facet normal -0 0 1
    outer loop
      vertex -26.5898 4.6885 0
      vertex -7.76038 -5.22646 0
      vertex -26.41 5.61362 0
    endloop
  endfacet
  facet normal 0 0 1
    outer loop
      vertex -7.76038 -5.22646 0
      vertex -26.41 -5.61362 0
      vertex -26.198 -6.53189 0
    endloop
  endfacet
  facet normal -0 0 1
    outer loop
      vertex -26.7372 3.75767 0
      vertex -7.76038 -5.22646 0
      vertex -26.5898 4.6885 0
    endloop
  endfacet
  facet normal 0 0 1
    outer loop
      vertex -7.76038 -5.22646 0
      vertex -26.5898 -4.6885 0
      vertex -26.41 -5.61362 0
    endloop
  endfacet
  facet normal -0 0 1
    outer loop
      vertex -26.8521 2.82227 0
      vertex -7.76038 -5.22646 0
      vertex -26.7372 3.75767 0
    endloop
  endfacet
  facet normal 0 0 1
    outer loop
      vertex -7.76038 -5.22646 0
      vertex -26.7372 -3.75767 0
      vertex -26.5898 -4.6885 0
    endloop
  endfacet
  facet normal -0 0 1
    outer loop
      vertex -26.9342 1.88342 0
      vertex -7.76038 -5.22646 0
      vertex -26.8521 2.82227 0
    endloop
  endfacet
  facet normal 0 0 1
    outer loop
      vertex -7.76038 -5.22646 0
      vertex -26.8521 -2.82227 0
      vertex -26.7372 -3.75767 0
    endloop
  endfacet
  facet normal -0 0 1
    outer loop
      vertex -26.9836 0.942286 0
      vertex -7.76038 -5.22646 0
      vertex -26.9342 1.88342 0
    endloop
  endfacet
  facet normal 0 0 1
    outer loop
      vertex -7.76038 -5.22646 0
      vertex -26.9342 -1.88342 0
      vertex -26.8521 -2.82227 0
    endloop
  endfacet
  facet normal -0 0 1
    outer loop
      vertex -27 0 0
      vertex -7.76038 -5.22646 0
      vertex -26.9836 0.942286 0
    endloop
  endfacet
  facet normal 0 0 1
    outer loop
      vertex -7.76038 -5.22646 0
      vertex -26.9836 -0.942286 0
      vertex -26.9342 -1.88342 0
    endloop
  endfacet
  facet normal 0 0 1
    outer loop
      vertex -7.76038 -5.22646 0
      vertex -27 0 0
      vertex -26.9836 -0.942286 0
    endloop
  endfacet
  facet normal 0 0 1
    outer loop
      vertex -7.00001 -19.85 0
      vertex -5.7 -12 0
      vertex -6.2 -11.5098 0
    endloop
  endfacet
  facet normal 0 0 1
    outer loop
      vertex 6.2 -19.25 0
      vertex 27 0 0
      vertex 26.9836 0.942286 0
    endloop
  endfacet
  facet normal 0 0 1
    outer loop
      vertex 6.2 -19.25 0
      vertex 26.9836 0.942286 0
      vertex 26.9342 1.88342 0
    endloop
  endfacet
  facet normal 0 0 1
    outer loop
      vertex 27 0 0
      vertex 6.2 -19.25 0
      vertex 26.9836 -0.942286 0
    endloop
  endfacet
  facet normal 0 0 1
    outer loop
      vertex 6.2 -19.25 0
      vertex 26.9342 1.88342 0
      vertex 26.8521 2.82227 0
    endloop
  endfacet
  facet normal 0 0 1
    outer loop
      vertex 26.9836 -0.942286 0
      vertex 6.2 -19.25 0
      vertex 26.9342 -1.88342 0
    endloop
  endfacet
  facet normal 0 0 1
    outer loop
      vertex 6.2 -19.25 0
      vertex 26.8521 2.82227 0
      vertex 26.7372 3.75767 0
    endloop
  endfacet
  facet normal 0 0 1
    outer loop
      vertex 26.9342 -1.88342 0
      vertex 6.2 -19.25 0
      vertex 26.8521 -2.82227 0
    endloop
  endfacet
  facet normal 0 0 1
    outer loop
      vertex 6.2 -19.25 0
      vertex 26.7372 3.75767 0
      vertex 26.5898 4.6885 0
    endloop
  endfacet
  facet normal 0 0 1
    outer loop
      vertex 26.8521 -2.82227 0
      vertex 6.2 -19.25 0
      vertex 26.7372 -3.75767 0
    endloop
  endfacet
  facet normal 0 0 1
    outer loop
      vertex 6.2 -19.25 0
      vertex 26.5898 4.6885 0
      vertex 26.41 5.61362 0
    endloop
  endfacet
  facet normal 0 0 1
    outer loop
      vertex 26.7372 -3.75767 0
      vertex 6.2 -19.25 0
      vertex 26.5898 -4.6885 0
    endloop
  endfacet
  facet normal 0 0 1
    outer loop
      vertex 6.2 -19.25 0
      vertex 26.41 5.61362 0
      vertex 26.198 6.53189 0
    endloop
  endfacet
  facet normal 0 0 1
    outer loop
      vertex 26.5898 -4.6885 0
      vertex 6.2 -19.25 0
      vertex 26.41 -5.61362 0
    endloop
  endfacet
  facet normal 0 0 1
    outer loop
      vertex 6.2 -19.25 0
      vertex 26.198 6.53189 0
      vertex 25.9541 7.44221 0
    endloop
  endfacet
  facet normal 0 0 1
    outer loop
      vertex 26.41 -5.61362 0
      vertex 6.2 -19.25 0
      vertex 26.198 -6.53189 0
    endloop
  endfacet
  facet normal 0 0 1
    outer loop
      vertex 6.2 -19.25 0
      vertex 25.9541 7.44221 0
      vertex 25.6785 8.34346 0
    endloop
  endfacet
  facet normal 0 0 1
    outer loop
      vertex 26.198 -6.53189 0
      vertex 6.2 -19.25 0
      vertex 25.9541 -7.44221 0
    endloop
  endfacet
  facet normal 0 0 1
    outer loop
      vertex 6.2 -19.25 0
      vertex 25.6785 8.34346 0
      vertex 25.3717 9.23454 0
    endloop
  endfacet
  facet normal 0 0 1
    outer loop
      vertex 25.9541 -7.44221 0
      vertex 6.2 -19.25 0
      vertex 25.6785 -8.34346 0
    endloop
  endfacet
  facet normal 0 0 1
    outer loop
      vertex 6.2 22.9 0
      vertex 25.3717 9.23454 0
      vertex 25.034 10.1144 0
    endloop
  endfacet
  facet normal 0 0 1
    outer loop
      vertex 25.6785 -8.34346 0
      vertex 6.2 -19.25 0
      vertex 25.3717 -9.23454 0
    endloop
  endfacet
  facet normal 0 0 1
    outer loop
      vertex 6.2 22.9 0
      vertex 25.034 10.1144 0
      vertex 24.6657 10.9819 0
    endloop
  endfacet
  facet normal 0 0 1
    outer loop
      vertex 25.3717 -9.23454 0
      vertex 6.2 -19.25 0
      vertex 25.034 -10.1144 0
    endloop
  endfacet
  facet normal 0 0 1
    outer loop
      vertex 6.2 22.9 0
      vertex 24.6657 10.9819 0
      vertex 24.2674 11.836 0
    endloop
  endfacet
  facet normal 0 0 1
    outer loop
      vertex 25.034 -10.1144 0
      vertex 6.2 -19.25 0
      vertex 24.6657 -10.9819 0
    endloop
  endfacet
  facet normal 0 0 1
    outer loop
      vertex 6.2 22.9 0
      vertex 24.2674 11.836 0
      vertex 23.8396 12.6757 0
    endloop
  endfacet
  facet normal 0 0 1
    outer loop
      vertex 24.6657 -10.9819 0
      vertex 6.2 -19.25 0
      vertex 24.2674 -11.836 0
    endloop
  endfacet
  facet normal 0 0 1
    outer loop
      vertex 6.2 22.9 0
      vertex 23.8396 12.6757 0
      vertex 23.3827 13.5 0
    endloop
  endfacet
  facet normal 0 0 1
    outer loop
      vertex 24.2674 -11.836 0
      vertex 6.2 -19.25 0
      vertex 23.8396 -12.6757 0
    endloop
  endfacet
  facet normal 0 0 1
    outer loop
      vertex 6.2 22.9 0
      vertex 23.3827 13.5 0
      vertex 22.8973 14.3078 0
    endloop
  endfacet
  facet normal 0 0 1
    outer loop
      vertex 23.8396 -12.6757 0
      vertex 6.2 -19.25 0
      vertex 23.3827 -13.5 0
    endloop
  endfacet
  facet normal 0 0 1
    outer loop
      vertex 6.2 22.9 0
      vertex 22.8973 14.3078 0
      vertex 22.384 15.0982 0
    endloop
  endfacet
  facet normal 0 0 1
    outer loop
      vertex 23.3827 -13.5 0
      vertex 6.2 -19.25 0
      vertex 22.8973 -14.3078 0
    endloop
  endfacet
  facet normal 0 0 1
    outer loop
      vertex 6.2 22.9 0
      vertex 22.384 15.0982 0
      vertex 21.8435 15.8702 0
    endloop
  endfacet
  facet normal 0 0 1
    outer loop
      vertex 22.8973 -14.3078 0
      vertex 6.2 -19.25 0
      vertex 22.384 -15.0982 0
    endloop
  endfacet
  facet normal 0 0 1
    outer loop
      vertex 6.2 22.9 0
      vertex 21.8435 15.8702 0
      vertex 21.2763 16.6229 0
    endloop
  endfacet
  facet normal 0 0 1
    outer loop
      vertex 22.384 -15.0982 0
      vertex 6.2 -19.25 0
      vertex 21.8435 -15.8702 0
    endloop
  endfacet
  facet normal 0 0 1
    outer loop
      vertex 6.2 22.9 0
      vertex 21.2763 16.6229 0
      vertex 20.6832 17.3553 0
    endloop
  endfacet
  facet normal 0 0 1
    outer loop
      vertex 21.8435 -15.8702 0
      vertex 6.2 -19.25 0
      vertex 21.2763 -16.6229 0
    endloop
  endfacet
  facet normal 0 0 1
    outer loop
      vertex 6.2 22.9 0
      vertex 20.6832 17.3553 0
      vertex 20.0649 18.0665 0
    endloop
  endfacet
  facet normal 0 0 1
    outer loop
      vertex 21.2763 -16.6229 0
      vertex 6.2 -19.25 0
      vertex 20.6832 -17.3553 0
    endloop
  endfacet
  facet normal 0 0 1
    outer loop
      vertex 6.2 22.9 0
      vertex 20.0649 18.0665 0
      vertex 19.4222 18.7558 0
    endloop
  endfacet
  facet normal 0 0 1
    outer loop
      vertex 20.6832 -17.3553 0
      vertex 6.2 -19.25 0
      vertex 20.0649 -18.0665 0
    endloop
  endfacet
  facet normal 0 0 1
    outer loop
      vertex 6.2 22.9 0
      vertex 19.4222 18.7558 0
      vertex 18.7558 19.4222 0
    endloop
  endfacet
  facet normal 0 0 1
    outer loop
      vertex 20.0649 -18.0665 0
      vertex 6.2 -19.25 0
      vertex 19.4222 -18.7558 0
    endloop
  endfacet
  facet normal 0 0 1
    outer loop
      vertex 6.2 22.9 0
      vertex 18.7558 19.4222 0
      vertex 18.0665 20.0649 0
    endloop
  endfacet
  facet normal 0 0 1
    outer loop
      vertex 19.4222 -18.7558 0
      vertex 6.2 -19.25 0
      vertex 18.7558 -19.4222 0
    endloop
  endfacet
  facet normal 0 0 1
    outer loop
      vertex 6.2 22.9 0
      vertex 18.0665 20.0649 0
      vertex 17.3553 20.6832 0
    endloop
  endfacet
  facet normal 0 0 1
    outer loop
      vertex 18.7558 -19.4222 0
      vertex 6.2 -19.25 0
      vertex 18.0665 -20.0649 0
    endloop
  endfacet
  facet normal 0 0 1
    outer loop
      vertex 6.2 22.9 0
      vertex 17.3553 20.6832 0
      vertex 16.6229 21.2763 0
    endloop
  endfacet
  facet normal 0 0 1
    outer loop
      vertex 18.0665 -20.0649 0
      vertex 6.2 -19.25 0
      vertex 17.3553 -20.6832 0
    endloop
  endfacet
  facet normal 0 0 1
    outer loop
      vertex 6.2 22.9 0
      vertex 16.6229 21.2763 0
      vertex 15.8702 21.8435 0
    endloop
  endfacet
  facet normal 0 0 1
    outer loop
      vertex 17.3553 -20.6832 0
      vertex 6.2 -19.25 0
      vertex 16.6229 -21.2763 0
    endloop
  endfacet
  facet normal 0 0 1
    outer loop
      vertex 6.2 22.9 0
      vertex 15.8702 21.8435 0
      vertex 15.0982 22.384 0
    endloop
  endfacet
  facet normal 0 0 1
    outer loop
      vertex 16.6229 -21.2763 0
      vertex 6.2 -19.25 0
      vertex 15.8702 -21.8435 0
    endloop
  endfacet
  facet normal 0 0 1
    outer loop
      vertex 6.2 22.9 0
      vertex 15.0982 22.384 0
      vertex 14.3078 22.8973 0
    endloop
  endfacet
  facet normal 0 0 1
    outer loop
      vertex 15.8702 -21.8435 0
      vertex 6.2 -19.25 0
      vertex 15.0982 -22.384 0
    endloop
  endfacet
  facet normal -0 0 1
    outer loop
      vertex 6.2 22.9 0
      vertex 14.3078 22.8973 0
      vertex 13.5 23.3827 0
    endloop
  endfacet
  facet normal 0 0 1
    outer loop
      vertex 15.0982 -22.384 0
      vertex 6.2 -19.25 0
      vertex 14.3078 -22.8973 0
    endloop
  endfacet
  facet normal 0 0 1
    outer loop
      vertex 6.2 22.9 0
      vertex 13.5 23.3827 0
      vertex 12.6757 23.8396 0
    endloop
  endfacet
  facet normal 0 0 1
    outer loop
      vertex 14.3078 -22.8973 0
      vertex 6.2 -19.25 0
      vertex 13.5 -23.3827 0
    endloop
  endfacet
  facet normal 0 0 1
    outer loop
      vertex 6.2 22.9 0
      vertex 12.6757 23.8396 0
      vertex 11.836 24.2674 0
    endloop
  endfacet
  facet normal 0 0 1
    outer loop
      vertex 13.5 -23.3827 0
      vertex 6.2 -19.25 0
      vertex 12.6757 -23.8396 0
    endloop
  endfacet
  facet normal 0 0 1
    outer loop
      vertex 6.2 22.9 0
      vertex 11.836 24.2674 0
      vertex 10.9819 24.6657 0
    endloop
  endfacet
  facet normal 0 0 1
    outer loop
      vertex 12.6757 -23.8396 0
      vertex 6.2 -19.25 0
      vertex 11.836 -24.2674 0
    endloop
  endfacet
  facet normal 0 0 1
    outer loop
      vertex 6.2 22.9 0
      vertex 10.9819 24.6657 0
      vertex 10.1144 25.034 0
    endloop
  endfacet
  facet normal 0 0 1
    outer loop
      vertex 11.836 -24.2674 0
      vertex 6.2 -19.25 0
      vertex 10.9819 -24.6657 0
    endloop
  endfacet
  facet normal 0 0 1
    outer loop
      vertex 6.2 22.9 0
      vertex 10.1144 25.034 0
      vertex 9.23454 25.3717 0
    endloop
  endfacet
  facet normal 0 0 1
    outer loop
      vertex 10.9819 -24.6657 0
      vertex 6.2 -19.25 0
      vertex 10.1144 -25.034 0
    endloop
  endfacet
  facet normal 0 0 1
    outer loop
      vertex 6.2 22.9 0
      vertex 9.23454 25.3717 0
      vertex 8.34346 25.6785 0
    endloop
  endfacet
  facet normal 0 0 1
    outer loop
      vertex 10.1144 -25.034 0
      vertex 6.2 -19.25 0
      vertex 9.23454 -25.3717 0
    endloop
  endfacet
  facet normal 0 0 1
    outer loop
      vertex 6.2 22.9 0
      vertex 8.34346 25.6785 0
      vertex 7.44221 25.9541 0
    endloop
  endfacet
  facet normal 0 0 1
    outer loop
      vertex 9.23454 -25.3717 0
      vertex 6.2 -19.25 0
      vertex 8.34346 -25.6785 0
    endloop
  endfacet
  facet normal 0 0 1
    outer loop
      vertex 6.2 22.9 0
      vertex 7.44221 25.9541 0
      vertex 6.53189 26.198 0
    endloop
  endfacet
  facet normal 0 0 1
    outer loop
      vertex 25.3717 9.23454 0
      vertex 6.2 22.9 0
      vertex 6.2 -19.25 0
    endloop
  endfacet
  facet normal 0 0 1
    outer loop
      vertex 8.34346 -25.6785 0
      vertex 6.2 -19.25 0
      vertex 7.44221 -25.9541 0
    endloop
  endfacet
  facet normal 0 0 1
    outer loop
      vertex 5.61362 26.41 0
      vertex 6.2 22.9 0
      vertex 6.53189 26.198 0
    endloop
  endfacet
  facet normal 0 0 1
    outer loop
      vertex 4.6885 26.5898 0
      vertex 6.2 22.9 0
      vertex 5.61362 26.41 0
    endloop
  endfacet
  facet normal 0 0 1
    outer loop
      vertex 3.75767 26.7372 0
      vertex 6.2 22.9 0
      vertex 4.6885 26.5898 0
    endloop
  endfacet
  facet normal 0 0 1
    outer loop
      vertex 2.82227 26.8521 0
      vertex 6.2 22.9 0
      vertex 3.75767 26.7372 0
    endloop
  endfacet
  facet normal 0 0 1
    outer loop
      vertex 1.88342 26.9342 0
      vertex 6.2 22.9 0
      vertex 2.82227 26.8521 0
    endloop
  endfacet
  facet normal 0 0 1
    outer loop
      vertex 0.942286 26.9836 0
      vertex 6.2 22.9 0
      vertex 1.88342 26.9342 0
    endloop
  endfacet
  facet normal 0 0 1
    outer loop
      vertex 0 27 0
      vertex 6.2 22.9 0
      vertex 0.942286 26.9836 0
    endloop
  endfacet
  facet normal 0 0 1
    outer loop
      vertex -6.2 22.9 0
      vertex 0 27 0
      vertex -0.942286 26.9836 0
    endloop
  endfacet
  facet normal 0 0 1
    outer loop
      vertex -6.2 22.9 0
      vertex -0.942286 26.9836 0
      vertex -1.88342 26.9342 0
    endloop
  endfacet
  facet normal 0 0 1
    outer loop
      vertex -6.2 22.9 0
      vertex -1.88342 26.9342 0
      vertex -2.82227 26.8521 0
    endloop
  endfacet
  facet normal 0 0 1
    outer loop
      vertex -6.2 22.9 0
      vertex -2.82227 26.8521 0
      vertex -3.75767 26.7372 0
    endloop
  endfacet
  facet normal 0 0 1
    outer loop
      vertex -6.2 22.9 0
      vertex -3.75767 26.7372 0
      vertex -4.6885 26.5898 0
    endloop
  endfacet
  facet normal 0 0 1
    outer loop
      vertex -6.2 22.9 0
      vertex -4.6885 26.5898 0
      vertex -5.61362 26.41 0
    endloop
  endfacet
  facet normal 0 0 1
    outer loop
      vertex 0 27 0
      vertex -6.2 22.9 0
      vertex 6.2 22.9 0
    endloop
  endfacet
  facet normal -0 0 1
    outer loop
      vertex -7.44221 25.9541 0
      vertex -6.2 22.9 0
      vertex -6.53189 26.198 0
    endloop
  endfacet
  facet normal -0 0 1
    outer loop
      vertex -6.53189 26.198 0
      vertex -6.2 22.9 0
      vertex -5.61362 26.41 0
    endloop
  endfacet
  facet normal 0 0 1
    outer loop
      vertex 7.44221 -25.9541 0
      vertex 6.2 -19.25 0
      vertex 6.53189 -26.198 0
    endloop
  endfacet
  facet normal 0 0 1
    outer loop
      vertex 6.2 -19.25 0
      vertex 5.61362 -26.41 0
      vertex 6.53189 -26.198 0
    endloop
  endfacet
  facet normal 0 0 1
    outer loop
      vertex 6.2 -19.25 0
      vertex 4.6885 -26.5898 0
      vertex 5.61362 -26.41 0
    endloop
  endfacet
  facet normal 0 0 1
    outer loop
      vertex 6.2 -19.25 0
      vertex 3.75767 -26.7372 0
      vertex 4.6885 -26.5898 0
    endloop
  endfacet
  facet normal 0 0 1
    outer loop
      vertex 6.2 -19.25 0
      vertex 2.82227 -26.8521 0
      vertex 3.75767 -26.7372 0
    endloop
  endfacet
  facet normal 0 0 1
    outer loop
      vertex 6.2 -19.25 0
      vertex 1.88342 -26.9342 0
      vertex 2.82227 -26.8521 0
    endloop
  endfacet
  facet normal 0 0 1
    outer loop
      vertex 6.2 -19.25 0
      vertex 0.942286 -26.9836 0
      vertex 1.88342 -26.9342 0
    endloop
  endfacet
  facet normal 0 0 1
    outer loop
      vertex 6.2 -19.25 0
      vertex 0 -27 0
      vertex 0.942286 -26.9836 0
    endloop
  endfacet
  facet normal -0 0 1
    outer loop
      vertex -5.7 -19.25 0
      vertex 0 -27 0
      vertex 6.2 -19.25 0
    endloop
  endfacet
  facet normal 0 0 1
    outer loop
      vertex 0 -27 0
      vertex -5.7 -19.25 0
      vertex -0.942286 -26.9836 0
    endloop
  endfacet
  facet normal 0 0 1
    outer loop
      vertex -0.942286 -26.9836 0
      vertex -5.7 -19.25 0
      vertex -1.88342 -26.9342 0
    endloop
  endfacet
  facet normal 0 0 1
    outer loop
      vertex -1.88342 -26.9342 0
      vertex -5.7 -19.25 0
      vertex -2.82227 -26.8521 0
    endloop
  endfacet
  facet normal 0 0 1
    outer loop
      vertex -2.82227 -26.8521 0
      vertex -5.7 -19.25 0
      vertex -3.75767 -26.7372 0
    endloop
  endfacet
  facet normal 0 0 1
    outer loop
      vertex -3.75767 -26.7372 0
      vertex -5.7 -19.25 0
      vertex -4.6885 -26.5898 0
    endloop
  endfacet
  facet normal 0 0 1
    outer loop
      vertex -4.6885 -26.5898 0
      vertex -5.7 -19.25 0
      vertex -5.61362 -26.41 0
    endloop
  endfacet
  facet normal 0 0 1
    outer loop
      vertex -5.7 -12 0
      vertex -7.00001 -19.85 0
      vertex -5.7 -19.25 0
    endloop
  endfacet
  facet normal 0 0 1
    outer loop
      vertex -7.15061 -20.1627 0
      vertex -5.7 -19.25 0
      vertex -7.00001 -19.85 0
    endloop
  endfacet
  facet normal 0 0 1
    outer loop
      vertex -6.2 22.9 0
      vertex -7.00001 -5.40001 0
      vertex -6.2 -11.5098 0
    endloop
  endfacet
  facet normal 0 0 1
    outer loop
      vertex -7.00001 -19.85 0
      vertex -6.2 -11.5098 0
      vertex -7.00001 -5.40001 0
    endloop
  endfacet
  facet normal 0 0 1
    outer loop
      vertex -6.2 22.9 0
      vertex -7.15061 -5.08728 0
      vertex -7.00001 -5.40001 0
    endloop
  endfacet
  facet normal -0 0 1
    outer loop
      vertex -8.34346 25.6785 0
      vertex -6.2 22.9 0
      vertex -7.44221 25.9541 0
    endloop
  endfacet
  facet normal -0 0 1
    outer loop
      vertex -9.23454 25.3717 0
      vertex -6.2 22.9 0
      vertex -8.34346 25.6785 0
    endloop
  endfacet
  facet normal 0 0 1
    outer loop
      vertex -6.2 22.9 0
      vertex -7.489 -5.01004 0
      vertex -7.15061 -5.08728 0
    endloop
  endfacet
  facet normal -0 0 1
    outer loop
      vertex -10.1144 25.034 0
      vertex -6.2 22.9 0
      vertex -9.23454 25.3717 0
    endloop
  endfacet
  facet normal 0 0 1
    outer loop
      vertex -6.2 22.9 0
      vertex -7.76038 -5.22646 0
      vertex -7.489 -5.01004 0
    endloop
  endfacet
  facet normal 0.933597 0.358325 0
    outer loop
      vertex 25.3717 9.23454 0
      vertex 25.034 10.1144 -3.4
      vertex 25.034 10.1144 0
    endloop
  endfacet
  facet normal 0.933597 0.358325 0
    outer loop
      vertex 25.034 10.1144 -3.4
      vertex 25.3717 9.23454 0
      vertex 25.3717 9.23454 -3.4
    endloop
  endfacet
  facet normal 0 0 1
    outer loop
      vertex 25.034 10.1144 -4
      vertex 25.0594 10.0482 -4
      vertex 25.3717 9.23454 -4
    endloop
  endfacet
  facet normal -0.998625 -0.0524177 0
    outer loop
      vertex -26.9342 -1.88342 -3.4
      vertex -26.9836 -0.942286 -2.66178
      vertex -26.9836 -0.942286 -3.4
    endloop
  endfacet
  facet normal -0.998625 -0.0524159 -2.26914e-06
    outer loop
      vertex -26.9836 -0.942286 -2.66178
      vertex -26.9342 -1.88342 -3.4
      vertex -26.979 -1.02993 -2.54479
    endloop
  endfacet
  facet normal -0.99862 -0.0525179 9.97355e-05
    outer loop
      vertex -26.979 -1.02993 -2.54479
      vertex -26.9342 -1.88342 -3.4
      vertex -26.9751 -1.10367 -2.3247
    endloop
  endfacet
  facet normal -0.998627 -0.052391 0
    outer loop
      vertex -26.9727 -1.14957 -2.18772
      vertex -26.9342 -1.88342 -3.4
      vertex -26.9727 -1.14957 -1.81228
    endloop
  endfacet
  facet normal -0.99863 -0.0523287 -3.77924e-05
    outer loop
      vertex -26.9751 -1.10367 -2.3247
      vertex -26.9342 -1.88342 -3.4
      vertex -26.9727 -1.14957 -2.18772
    endloop
  endfacet
  facet normal -0.998625 -0.0524152 1.74438e-06
    outer loop
      vertex -26.9342 -1.88342 0
      vertex -26.9836 -0.942286 -1.33822
      vertex -26.979 -1.02993 -1.45521
    endloop
  endfacet
  facet normal -0.998618 -0.0525624 -8.47847e-05
    outer loop
      vertex -26.9342 -1.88342 0
      vertex -26.979 -1.02993 -1.45521
      vertex -26.9751 -1.10367 -1.6753
    endloop
  endfacet
  facet normal -0.998631 -0.0523119 3.21268e-05
    outer loop
      vertex -26.9342 -1.88342 0
      vertex -26.9751 -1.10367 -1.6753
      vertex -26.9727 -1.14957 -1.81228
    endloop
  endfacet
  facet normal -0.998627 -0.052391 -0
    outer loop
      vertex -26.9342 -1.88342 0
      vertex -26.9727 -1.14957 -1.81228
      vertex -26.9342 -1.88342 -3.4
    endloop
  endfacet
  facet normal -0.998625 -0.0524177 0
    outer loop
      vertex -26.9836 -0.942286 -1.33822
      vertex -26.9342 -1.88342 0
      vertex -26.9836 -0.942286 0
    endloop
  endfacet
  facet normal 0 0 1
    outer loop
      vertex -26.9342 -1.88342 -4
      vertex -26.9379 -1.81264 -4
      vertex -26.9836 -0.942286 -4
    endloop
  endfacet
  facet normal -0.99254 -0.121919 0
    outer loop
      vertex -26.7372 -3.75767 -3.4
      vertex -26.8521 -2.82227 0
      vertex -26.8521 -2.82227 -3.4
    endloop
  endfacet
  facet normal -0.99254 -0.121919 0
    outer loop
      vertex -26.8521 -2.82227 0
      vertex -26.7372 -3.75767 -3.4
      vertex -26.7372 -3.75767 0
    endloop
  endfacet
  facet normal 0 0 -1
    outer loop
      vertex -26.7372 -3.75767 -4
      vertex -26.7459 -3.68732 -4
      vertex -26.8307 -2.9962 -4
    endloop
  endfacet
  facet normal 0 0 -1
    outer loop
      vertex 26.5898 4.6885 -4
      vertex 26.41 5.61362 -4
      vertex 26.5763 4.75808 -4
    endloop
  endfacet
  facet normal 0.981632 0.190783 0
    outer loop
      vertex 26.5898 4.6885 0
      vertex 26.41 5.61362 -1.45
      vertex 26.41 5.61362 0
    endloop
  endfacet
  facet normal 0.981632 0.190783 0
    outer loop
      vertex 26.41 5.61362 -1.45
      vertex 26.5898 4.6885 0
      vertex 26.5898 4.6885 -1.45
    endloop
  endfacet
  facet normal 0.981632 0.190783 0
    outer loop
      vertex 26.5898 4.6885 -2.55
      vertex 26.41 5.61362 -3.4
      vertex 26.41 5.61362 -2.55
    endloop
  endfacet
  facet normal 0.981632 0.190783 0
    outer loop
      vertex 26.41 5.61362 -3.4
      vertex 26.5898 4.6885 -2.55
      vertex 26.5898 4.6885 -3.4
    endloop
  endfacet
  facet normal 0.224952 -0.97437 0
    outer loop
      vertex 5.61362 -26.41 -3.4
      vertex 6.53189 -26.198 0
      vertex 5.61362 -26.41 0
    endloop
  endfacet
  facet normal 0.224952 -0.97437 0
    outer loop
      vertex 6.53189 -26.198 0
      vertex 5.61362 -26.41 -3.4
      vertex 6.53189 -26.198 -3.4
    endloop
  endfacet
  facet normal -0 0 1
    outer loop
      vertex 6.46282 -26.2139 -4
      vertex 5.61362 -26.41 -4
      vertex 6.53189 -26.198 -4
    endloop
  endfacet
  facet normal 0.996198 -0.087115 0
    outer loop
      vertex 26.8521 -2.82227 0
      vertex 26.9342 -1.88342 -1.45
      vertex 26.9342 -1.88342 0
    endloop
  endfacet
  facet normal 0.996198 -0.087115 0
    outer loop
      vertex 26.9342 -1.88342 -1.45
      vertex 26.8521 -2.82227 0
      vertex 26.8521 -2.82227 -1.45
    endloop
  endfacet
  facet normal 0 0 -1
    outer loop
      vertex 26.9342 -1.88342 -4
      vertex 26.9281 -1.95404 -4
      vertex 26.8836 -2.46188 -4
    endloop
  endfacet
  facet normal 0.996198 -0.087115 0
    outer loop
      vertex 26.8521 -2.82227 -2.55
      vertex 26.9342 -1.88342 -3.4
      vertex 26.9342 -1.88342 -2.55
    endloop
  endfacet
  facet normal 0.996198 -0.087115 0
    outer loop
      vertex 26.9342 -1.88342 -3.4
      vertex 26.8521 -2.82227 -2.55
      vertex 26.8521 -2.82227 -3.4
    endloop
  endfacet
  facet normal -0 0 1
    outer loop
      vertex 25.0594 -10.0482 -4
      vertex 25.034 -10.1144 -4
      vertex 25.3717 -9.23454 -4
    endloop
  endfacet
  facet normal 0.933597 -0.358325 0
    outer loop
      vertex 25.034 -10.1144 0
      vertex 25.3717 -9.23454 -3.4
      vertex 25.3717 -9.23454 0
    endloop
  endfacet
  facet normal 0.933597 -0.358325 0
    outer loop
      vertex 25.3717 -9.23454 -3.4
      vertex 25.034 -10.1144 0
      vertex 25.034 -10.1144 -3.4
    endloop
  endfacet
  facet normal 0 0 -1
    outer loop
      vertex -23.8396 -12.6757 -4
      vertex -24.2353 -11.8992 -4
      vertex -24.2674 -11.836 -4
    endloop
  endfacet
  facet normal -0.891027 -0.45395 0
    outer loop
      vertex -23.8396 -12.6757 -3.4
      vertex -24.2674 -11.836 0
      vertex -24.2674 -11.836 -3.4
    endloop
  endfacet
  facet normal -0.891027 -0.45395 0
    outer loop
      vertex -24.2674 -11.836 0
      vertex -23.8396 -12.6757 -3.4
      vertex -23.8396 -12.6757 0
    endloop
  endfacet
  facet normal -0 -0 1
    outer loop
      vertex 26.2139 6.46282 -4
      vertex 26.41 5.61362 -4
      vertex 26.198 6.53189 -4
    endloop
  endfacet
  facet normal 0.97437 0.224949 0
    outer loop
      vertex 26.198 6.53189 0
      vertex 26.304 6.07275 -1.45
      vertex 26.198 6.53189 -3.4
    endloop
  endfacet
  facet normal 0.97437 0.224952 -7.75696e-07
    outer loop
      vertex 26.41 5.61362 0
      vertex 26.304 6.07275 -1.45
      vertex 26.198 6.53189 0
    endloop
  endfacet
  facet normal 0.974369 0.224954 0
    outer loop
      vertex 26.304 6.07275 -1.45
      vertex 26.41 5.61362 0
      vertex 26.41 5.61362 -1.45
    endloop
  endfacet
  facet normal 0.97437 0.224949 -0
    outer loop
      vertex 26.304 6.07275 -2.55
      vertex 26.198 6.53189 -3.4
      vertex 26.304 6.07275 -1.45
    endloop
  endfacet
  facet normal 0.974369 0.224954 -0
    outer loop
      vertex 26.41 5.61362 -3.4
      vertex 26.304 6.07275 -2.55
      vertex 26.41 5.61362 -2.55
    endloop
  endfacet
  facet normal 0.97437 0.224952 1.32325e-06
    outer loop
      vertex 26.304 6.07275 -2.55
      vertex 26.41 5.61362 -3.4
      vertex 26.198 6.53189 -3.4
    endloop
  endfacet
  facet normal -0 -0 1
    outer loop
      vertex 19.4705 18.7039 -4
      vertex 20.0649 18.0665 -4
      vertex 19.4222 18.7558 -4
    endloop
  endfacet
  facet normal 0.731397 0.681951 0
    outer loop
      vertex 20.0649 18.0665 0
      vertex 19.4222 18.7558 -3.4
      vertex 19.4222 18.7558 0
    endloop
  endfacet
  facet normal 0.731397 0.681951 0
    outer loop
      vertex 19.4222 18.7558 -3.4
      vertex 20.0649 18.0665 0
      vertex 20.0649 18.0665 -3.4
    endloop
  endfacet
  facet normal -0.933597 0.358325 0
    outer loop
      vertex -25.3717 9.23454 -3.4
      vertex -25.034 10.1144 0
      vertex -25.034 10.1144 -3.4
    endloop
  endfacet
  facet normal -0.933597 0.358325 0
    outer loop
      vertex -25.034 10.1144 0
      vertex -25.3717 9.23454 -3.4
      vertex -25.3717 9.23454 0
    endloop
  endfacet
  facet normal 0 -0 1
    outer loop
      vertex -25.0594 10.0482 -4
      vertex -25.034 10.1144 -4
      vertex -25.3717 9.23454 -4
    endloop
  endfacet
  facet normal -0.987693 -0.156404 0
    outer loop
      vertex -26.5898 -4.6885 -3.4
      vertex -26.7372 -3.75767 0
      vertex -26.7372 -3.75767 -3.4
    endloop
  endfacet
  facet normal -0.987693 -0.156404 0
    outer loop
      vertex -26.7372 -3.75767 0
      vertex -26.5898 -4.6885 -3.4
      vertex -26.5898 -4.6885 0
    endloop
  endfacet
  facet normal 0 0 -1
    outer loop
      vertex -26.5898 -4.6885 -4
      vertex -26.6009 -4.61849 -4
      vertex -26.7372 -3.75767 -4
    endloop
  endfacet
  facet normal -0.190783 -0.981632 0
    outer loop
      vertex -5.61362 -26.41 -3.4
      vertex -4.6885 -26.5898 0
      vertex -5.61362 -26.41 0
    endloop
  endfacet
  facet normal -0.190783 -0.981632 -0
    outer loop
      vertex -4.6885 -26.5898 0
      vertex -5.61362 -26.41 -3.4
      vertex -4.6885 -26.5898 -3.4
    endloop
  endfacet
  facet normal 0 0 -1
    outer loop
      vertex -4.75808 -26.5763 -4
      vertex -5.61362 -26.41 -4
      vertex -4.6885 -26.5898 -4
    endloop
  endfacet
  facet normal -0 -0 1
    outer loop
      vertex 21.8841 15.8121 -4
      vertex 22.384 15.0982 -4
      vertex 21.8435 15.8702 -4
    endloop
  endfacet
  facet normal 0.819182 0.573534 0
    outer loop
      vertex 22.384 15.0982 0
      vertex 21.8435 15.8702 -3.4
      vertex 21.8435 15.8702 0
    endloop
  endfacet
  facet normal 0.819182 0.573534 0
    outer loop
      vertex 21.8435 15.8702 -3.4
      vertex 22.384 15.0982 0
      vertex 22.384 15.0982 -3.4
    endloop
  endfacet
  facet normal 0.707107 0.707107 0
    outer loop
      vertex 19.4222 18.7558 0
      vertex 18.7558 19.4222 -3.4
      vertex 18.7558 19.4222 0
    endloop
  endfacet
  facet normal 0.707107 0.707107 0
    outer loop
      vertex 18.7558 19.4222 -3.4
      vertex 19.4222 18.7558 0
      vertex 19.4222 18.7558 -3.4
    endloop
  endfacet
  facet normal 0.121919 -0.99254 0
    outer loop
      vertex 2.82227 -26.8521 -3.4
      vertex 3.75767 -26.7372 0
      vertex 2.82227 -26.8521 0
    endloop
  endfacet
  facet normal 0.121919 -0.99254 0
    outer loop
      vertex 3.75767 -26.7372 0
      vertex 2.82227 -26.8521 -3.4
      vertex 3.75767 -26.7372 -3.4
    endloop
  endfacet
  facet normal -0 0 -1
    outer loop
      vertex 3.68732 -26.7459 -4
      vertex 2.9962 -26.8307 -4
      vertex 3.75767 -26.7372 -4
    endloop
  endfacet
  facet normal -0.965931 -0.2588 0
    outer loop
      vertex -25.9541 -7.44221 -3.4
      vertex -26.198 -6.53189 0
      vertex -26.198 -6.53189 -3.4
    endloop
  endfacet
  facet normal -0.965931 -0.2588 0
    outer loop
      vertex -26.198 -6.53189 0
      vertex -25.9541 -7.44221 -3.4
      vertex -25.9541 -7.44221 0
    endloop
  endfacet
  facet normal 0 0 1
    outer loop
      vertex -25.9541 -7.44221 -4
      vertex -25.9724 -7.37374 -4
      vertex -26.198 -6.53189 -4
    endloop
  endfacet
  facet normal 0.515057 0.857156 -0
    outer loop
      vertex 14.3078 22.8973 -3.4
      vertex 13.5 23.3827 0
      vertex 14.3078 22.8973 0
    endloop
  endfacet
  facet normal 0.515057 0.857156 0
    outer loop
      vertex 13.5 23.3827 0
      vertex 14.3078 22.8973 -3.4
      vertex 13.5 23.3827 -3.4
    endloop
  endfacet
  facet normal 0 0 1
    outer loop
      vertex -16.6229 -21.2763 -4
      vertex -17.3002 -20.7278 -4
      vertex -17.3553 -20.6832 -4
    endloop
  endfacet
  facet normal -0.629329 -0.777139 0
    outer loop
      vertex -17.3553 -20.6832 -1.45
      vertex -16.6229 -21.2763 0
      vertex -17.3553 -20.6832 0
    endloop
  endfacet
  facet normal -0.629329 -0.777139 -0
    outer loop
      vertex -16.6229 -21.2763 0
      vertex -17.3553 -20.6832 -1.45
      vertex -16.6229 -21.2763 -1.45
    endloop
  endfacet
  facet normal -0.629329 -0.777139 0
    outer loop
      vertex -17.3553 -20.6832 -3.4
      vertex -16.6229 -21.2763 -2.55
      vertex -17.3553 -20.6832 -2.55
    endloop
  endfacet
  facet normal -0.629329 -0.777139 -0
    outer loop
      vertex -16.6229 -21.2763 -2.55
      vertex -17.3553 -20.6832 -3.4
      vertex -16.6229 -21.2763 -3.4
    endloop
  endfacet
  facet normal 0.087115 -0.996198 0
    outer loop
      vertex 1.88342 -26.9342 -3.4
      vertex 2.82227 -26.8521 0
      vertex 1.88342 -26.9342 0
    endloop
  endfacet
  facet normal 0.087115 -0.996198 0
    outer loop
      vertex 2.82227 -26.8521 0
      vertex 1.88342 -26.9342 -3.4
      vertex 2.82227 -26.8521 -3.4
    endloop
  endfacet
  facet normal -0 0 -1
    outer loop
      vertex 1.95404 -26.9281 -4
      vertex 1.88342 -26.9342 -4
      vertex 2.46188 -26.8836 -4
    endloop
  endfacet
  facet normal -0.515057 0.857156 0
    outer loop
      vertex -13.5 23.3827 -1.45
      vertex -14.3078 22.8973 0
      vertex -13.5 23.3827 0
    endloop
  endfacet
  facet normal -0.515057 0.857156 0
    outer loop
      vertex -14.3078 22.8973 0
      vertex -13.5 23.3827 -1.45
      vertex -14.3078 22.8973 -1.45
    endloop
  endfacet
  facet normal -0.515057 0.857156 0
    outer loop
      vertex -13.5 23.3827 -3.4
      vertex -14.3078 22.8973 -2.55
      vertex -13.5 23.3827 -2.55
    endloop
  endfacet
  facet normal -0.515057 0.857156 0
    outer loop
      vertex -14.3078 22.8973 -2.55
      vertex -13.5 23.3827 -3.4
      vertex -14.3078 22.8973 -3.4
    endloop
  endfacet
  facet normal -0 0 1
    outer loop
      vertex 25.9724 -7.37374 -4
      vertex 25.9541 -7.44221 -4
      vertex 26.198 -6.53189 -4
    endloop
  endfacet
  facet normal 0.965931 -0.2588 0
    outer loop
      vertex 25.9541 -7.44221 0
      vertex 26.198 -6.53189 -3.4
      vertex 26.198 -6.53189 0
    endloop
  endfacet
  facet normal 0.965931 -0.2588 0
    outer loop
      vertex 26.198 -6.53189 -3.4
      vertex 25.9541 -7.44221 0
      vertex 25.9541 -7.44221 -3.4
    endloop
  endfacet
  facet normal 0 0 1
    outer loop
      vertex 10.9819 -24.6657 -4
      vertex 10.1796 -25.0063 -4
      vertex 10.1144 -25.034 -4
    endloop
  endfacet
  facet normal 0.390792 -0.920479 0
    outer loop
      vertex 10.1144 -25.034 -3.4
      vertex 10.9819 -24.6657 0
      vertex 10.1144 -25.034 0
    endloop
  endfacet
  facet normal 0.390792 -0.920479 0
    outer loop
      vertex 10.9819 -24.6657 0
      vertex 10.1144 -25.034 -3.4
      vertex 10.9819 -24.6657 -3.4
    endloop
  endfacet
  facet normal 0 0 -1
    outer loop
      vertex -10.9819 -24.6657 -4
      vertex -11.7718 -24.2974 -4
      vertex -11.836 -24.2674 -4
    endloop
  endfacet
  facet normal -0.422641 -0.906297 0
    outer loop
      vertex -11.836 -24.2674 -1.45
      vertex -10.9819 -24.6657 0
      vertex -11.836 -24.2674 0
    endloop
  endfacet
  facet normal -0.422641 -0.906297 -0
    outer loop
      vertex -10.9819 -24.6657 0
      vertex -11.836 -24.2674 -1.45
      vertex -10.9819 -24.6657 -1.45
    endloop
  endfacet
  facet normal -0.422641 -0.906297 0
    outer loop
      vertex -11.836 -24.2674 -3.4
      vertex -10.9819 -24.6657 -2.55
      vertex -11.836 -24.2674 -2.55
    endloop
  endfacet
  facet normal -0.422641 -0.906297 -0
    outer loop
      vertex -10.9819 -24.6657 -2.55
      vertex -11.836 -24.2674 -3.4
      vertex -10.9819 -24.6657 -3.4
    endloop
  endfacet
  facet normal 0 0 -1
    outer loop
      vertex -24.2674 11.836 -4
      vertex -24.2353 11.8992 -4
      vertex -23.8396 12.6757 -4
    endloop
  endfacet
  facet normal -0.891027 0.45395 0
    outer loop
      vertex -24.2674 11.836 -3.4
      vertex -23.8396 12.6757 0
      vertex -23.8396 12.6757 -3.4
    endloop
  endfacet
  facet normal -0.891027 0.45395 0
    outer loop
      vertex -23.8396 12.6757 0
      vertex -24.2674 11.836 -3.4
      vertex -24.2674 11.836 0
    endloop
  endfacet
  facet normal 0.838713 -0.544573 0
    outer loop
      vertex 22.8973 -14.3078 0
      vertex 22.4687 -14.9679 -1.80706
      vertex 22.8973 -14.3078 -3.4
    endloop
  endfacet
  facet normal 0.838667 -0.544645 0
    outer loop
      vertex 22.384 -15.0982 -1.47064
      vertex 22.8973 -14.3078 0
      vertex 22.384 -15.0982 0
    endloop
  endfacet
  facet normal 0.838567 -0.544798 0.000117098
    outer loop
      vertex 22.8973 -14.3078 0
      vertex 22.384 -15.0982 -1.47064
      vertex 22.4687 -14.9679 -1.80706
    endloop
  endfacet
  facet normal 0.838713 -0.544573 0
    outer loop
      vertex 22.4687 -14.9679 -2.19294
      vertex 22.8973 -14.3078 -3.4
      vertex 22.4687 -14.9679 -1.80706
    endloop
  endfacet
  facet normal 0.838595 -0.544755 -0.000141236
    outer loop
      vertex 22.384 -15.0982 -2.52936
      vertex 22.8973 -14.3078 -3.4
      vertex 22.4687 -14.9679 -2.19294
    endloop
  endfacet
  facet normal 0.838667 -0.544645 0
    outer loop
      vertex 22.8973 -14.3078 -3.4
      vertex 22.384 -15.0982 -2.52936
      vertex 22.384 -15.0982 -3.4
    endloop
  endfacet
  facet normal 0 0 -1
    outer loop
      vertex 22.8973 -14.3078 -4
      vertex 22.8587 -14.3673 -4
      vertex 22.384 -15.0982 -4
    endloop
  endfacet
  facet normal -0.681951 -0.731397 -1.70503e-06
    outer loop
      vertex -18.7558 -19.4222 0
      vertex -18.4112 -19.7435 -1.45
      vertex -18.0665 -20.0649 0
    endloop
  endfacet
  facet normal -0.681948 -0.731401 0
    outer loop
      vertex -18.7558 -19.4222 -3.4
      vertex -18.4112 -19.7435 -1.45
      vertex -18.7558 -19.4222 0
    endloop
  endfacet
  facet normal -0.681948 -0.731401 -0
    outer loop
      vertex -18.4112 -19.7435 -1.45
      vertex -18.7558 -19.4222 -3.4
      vertex -18.4112 -19.7435 -2.55
    endloop
  endfacet
  facet normal -0.681951 -0.731397 2.90859e-06
    outer loop
      vertex -18.0665 -20.0649 -3.4
      vertex -18.4112 -19.7435 -2.55
      vertex -18.7558 -19.4222 -3.4
    endloop
  endfacet
  facet normal -0.681955 -0.731394 0
    outer loop
      vertex -18.4112 -19.7435 -2.55
      vertex -18.0665 -20.0649 -3.4
      vertex -18.0665 -20.0649 -2.55
    endloop
  endfacet
  facet normal -0.681955 -0.731394 -0
    outer loop
      vertex -18.0665 -20.0649 0
      vertex -18.4112 -19.7435 -1.45
      vertex -18.0665 -20.0649 -1.45
    endloop
  endfacet
  facet normal 0 0 1
    outer loop
      vertex -18.0665 -20.0649 -4
      vertex -18.7039 -19.4705 -4
      vertex -18.7558 -19.4222 -4
    endloop
  endfacet
  facet normal 0.0174018 0.999849 -0
    outer loop
      vertex 0.942286 26.9836 -3.4
      vertex 0 27 0
      vertex 0.942286 26.9836 0
    endloop
  endfacet
  facet normal 0.0174018 0.999849 0
    outer loop
      vertex 0 27 0
      vertex 0.942286 26.9836 -3.4
      vertex 0 27 -3.4
    endloop
  endfacet
  facet normal 0 0 1
    outer loop
      vertex 0.942286 26.9836 -4
      vertex 0.400234 26.993 -4
      vertex 0.871413 26.9848 -4
    endloop
  endfacet
  facet normal -0.857156 -0.515057 0
    outer loop
      vertex -22.8973 -14.3078 -3.4
      vertex -23.3827 -13.5 0
      vertex -23.3827 -13.5 -3.4
    endloop
  endfacet
  facet normal -0.857156 -0.515057 0
    outer loop
      vertex -23.3827 -13.5 0
      vertex -22.8973 -14.3078 -3.4
      vertex -22.8973 -14.3078 0
    endloop
  endfacet
  facet normal -0.996198 -0.087115 0
    outer loop
      vertex -26.8521 -2.82227 -3.4
      vertex -26.9342 -1.88342 0
      vertex -26.9342 -1.88342 -3.4
    endloop
  endfacet
  facet normal -0.996198 -0.087115 0
    outer loop
      vertex -26.9342 -1.88342 0
      vertex -26.8521 -2.82227 -3.4
      vertex -26.8521 -2.82227 0
    endloop
  endfacet
  facet normal 0 0 -1
    outer loop
      vertex -26.8836 -2.46188 -4
      vertex -26.9281 -1.95404 -4
      vertex -26.9342 -1.88342 -4
    endloop
  endfacet
  facet normal 0.906297 -0.422641 0
    outer loop
      vertex 24.2674 -11.836 0
      vertex 24.6657 -10.9819 -3.4
      vertex 24.6657 -10.9819 0
    endloop
  endfacet
  facet normal 0.906297 -0.422641 0
    outer loop
      vertex 24.6657 -10.9819 -3.4
      vertex 24.2674 -11.836 0
      vertex 24.2674 -11.836 -3.4
    endloop
  endfacet
  facet normal -0 0 -1
    outer loop
      vertex 24.2974 -11.7718 -4
      vertex 24.2674 -11.836 -4
      vertex 24.6657 -10.9819 -4
    endloop
  endfacet
  facet normal 0 0 -1
    outer loop
      vertex -22.384 -15.0982 -4
      vertex -22.8587 -14.3673 -4
      vertex -22.8973 -14.3078 -4
    endloop
  endfacet
  facet normal -0.838713 -0.544573 -0
    outer loop
      vertex -22.4687 -14.9679 -1.80706
      vertex -22.8973 -14.3078 -3.4
      vertex -22.4687 -14.9679 -2.19294
    endloop
  endfacet
  facet normal -0.838667 -0.544645 -0
    outer loop
      vertex -22.384 -15.0982 -2.52936
      vertex -22.8973 -14.3078 -3.4
      vertex -22.384 -15.0982 -3.4
    endloop
  endfacet
  facet normal -0.838595 -0.544755 -0.000141236
    outer loop
      vertex -22.8973 -14.3078 -3.4
      vertex -22.384 -15.0982 -2.52936
      vertex -22.4687 -14.9679 -2.19294
    endloop
  endfacet
  facet normal -0.838713 -0.544573 0
    outer loop
      vertex -22.8973 -14.3078 -3.4
      vertex -22.4687 -14.9679 -1.80706
      vertex -22.8973 -14.3078 0
    endloop
  endfacet
  facet normal -0.838567 -0.544798 0.000117098
    outer loop
      vertex -22.384 -15.0982 -1.47064
      vertex -22.8973 -14.3078 0
      vertex -22.4687 -14.9679 -1.80706
    endloop
  endfacet
  facet normal -0.838667 -0.544645 0
    outer loop
      vertex -22.8973 -14.3078 0
      vertex -22.384 -15.0982 -1.47064
      vertex -22.384 -15.0982 0
    endloop
  endfacet
  facet normal 0 0 1
    outer loop
      vertex 10.1144 25.034 -4
      vertex 10.1796 25.0063 -4
      vertex 10.9819 24.6657 -4
    endloop
  endfacet
  facet normal 0.390792 0.920479 -0
    outer loop
      vertex 10.9819 24.6657 -3.4
      vertex 10.1144 25.034 0
      vertex 10.9819 24.6657 0
    endloop
  endfacet
  facet normal 0.390792 0.920479 0
    outer loop
      vertex 10.1144 25.034 0
      vertex 10.9819 24.6657 -3.4
      vertex 10.1144 25.034 -3.4
    endloop
  endfacet
  facet normal 0.29243 0.956287 -0
    outer loop
      vertex 8.34346 25.6785 -3.4
      vertex 7.44221 25.9541 0
      vertex 8.34346 25.6785 0
    endloop
  endfacet
  facet normal 0.29243 0.956287 0
    outer loop
      vertex 7.44221 25.9541 0
      vertex 8.34346 25.6785 -3.4
      vertex 7.44221 25.9541 -3.4
    endloop
  endfacet
  facet normal 0 0 1
    outer loop
      vertex 8.07913 25.7593 -4
      vertex 7.44221 25.9541 -4
      vertex 7.50999 25.9333 -4
    endloop
  endfacet
  facet normal 0.707107 -0.707107 0
    outer loop
      vertex 18.7558 -19.4222 0
      vertex 19.4222 -18.7558 -3.4
      vertex 19.4222 -18.7558 0
    endloop
  endfacet
  facet normal 0.707107 -0.707107 0
    outer loop
      vertex 19.4222 -18.7558 -3.4
      vertex 18.7558 -19.4222 0
      vertex 18.7558 -19.4222 -3.4
    endloop
  endfacet
  facet normal -0.515057 -0.857156 0
    outer loop
      vertex -14.3078 -22.8973 -1.45
      vertex -13.5 -23.3827 0
      vertex -14.3078 -22.8973 0
    endloop
  endfacet
  facet normal -0.515057 -0.857156 -0
    outer loop
      vertex -13.5 -23.3827 0
      vertex -14.3078 -22.8973 -1.45
      vertex -13.5 -23.3827 -1.45
    endloop
  endfacet
  facet normal -0.515057 -0.857156 0
    outer loop
      vertex -14.3078 -22.8973 -3.4
      vertex -13.5 -23.3827 -2.55
      vertex -14.3078 -22.8973 -2.55
    endloop
  endfacet
  facet normal -0.515057 -0.857156 -0
    outer loop
      vertex -13.5 -23.3827 -2.55
      vertex -14.3078 -22.8973 -3.4
      vertex -13.5 -23.3827 -3.4
    endloop
  endfacet
  facet normal 0 0 1
    outer loop
      vertex -26.198 6.53189 -4
      vertex -25.9724 7.37374 -4
      vertex -25.9541 7.44221 -4
    endloop
  endfacet
  facet normal -0.965931 0.2588 0
    outer loop
      vertex -26.198 6.53189 -3.4
      vertex -25.9541 7.44221 0
      vertex -25.9541 7.44221 -3.4
    endloop
  endfacet
  facet normal -0.965931 0.2588 0
    outer loop
      vertex -25.9541 7.44221 0
      vertex -26.198 6.53189 -3.4
      vertex -26.198 6.53189 0
    endloop
  endfacet
  facet normal 0.681951 0.731397 -0
    outer loop
      vertex 18.7558 19.4222 -3.4
      vertex 18.0665 20.0649 0
      vertex 18.7558 19.4222 0
    endloop
  endfacet
  facet normal 0.681951 0.731397 0
    outer loop
      vertex 18.0665 20.0649 0
      vertex 18.7558 19.4222 -3.4
      vertex 18.0665 20.0649 -3.4
    endloop
  endfacet
  facet normal 0 0 1
    outer loop
      vertex 18.0665 20.0649 -4
      vertex 18.7039 19.4705 -4
      vertex 18.7558 19.4222 -4
    endloop
  endfacet
  facet normal 0 0 1
    outer loop
      vertex -20.7278 -17.3002 -4
      vertex -21.2763 -16.6229 -4
      vertex -20.6832 -17.3553 -4
    endloop
  endfacet
  facet normal -0.777091 -0.629388 0
    outer loop
      vertex -21.2763 -16.6229 -3.4
      vertex -21.1523 -16.776 -2.70738
      vertex -21.2763 -16.6229 -2.823
    endloop
  endfacet
  facet normal -0.777139 -0.629329 2.14325e-05
    outer loop
      vertex -20.6832 -17.3553 -3.4
      vertex -21.1523 -16.776 -2.70738
      vertex -21.2763 -16.6229 -3.4
    endloop
  endfacet
  facet normal -0.777198 -0.629256 -8.16733e-06
    outer loop
      vertex -20.9878 -16.9791 -2.3793
      vertex -20.6832 -17.3553 -3.4
      vertex -20.9304 -17.05 -2
    endloop
  endfacet
  facet normal -0.777123 -0.629349 4.84985e-05
    outer loop
      vertex -21.1523 -16.776 -2.70738
      vertex -20.6832 -17.3553 -3.4
      vertex -20.9878 -16.9791 -2.3793
    endloop
  endfacet
  facet normal -0.777106 -0.629369 -4.10441e-05
    outer loop
      vertex -20.6832 -17.3553 0
      vertex -21.2763 -16.6229 -1.177
      vertex -21.1523 -16.776 -1.29262
    endloop
  endfacet
  facet normal -0.777112 -0.629362 -3.54398e-05
    outer loop
      vertex -20.6832 -17.3553 0
      vertex -21.1523 -16.776 -1.29262
      vertex -20.9878 -16.9791 -1.6207
    endloop
  endfacet
  facet normal -0.77718 -0.629279 -0
    outer loop
      vertex -20.6832 -17.3553 0
      vertex -20.9304 -17.05 -2
      vertex -20.6832 -17.3553 -3.4
    endloop
  endfacet
  facet normal -0.777139 -0.629329 0
    outer loop
      vertex -21.2763 -16.6229 -1.177
      vertex -20.6832 -17.3553 0
      vertex -21.2763 -16.6229 0
    endloop
  endfacet
  facet normal -0.777202 -0.629252 6.81861e-06
    outer loop
      vertex -20.9304 -17.05 -2
      vertex -20.6832 -17.3553 0
      vertex -20.9878 -16.9791 -1.6207
    endloop
  endfacet
  facet normal -0.906297 -0.422641 0
    outer loop
      vertex -24.2674 -11.836 -3.4
      vertex -24.6657 -10.9819 0
      vertex -24.6657 -10.9819 -3.4
    endloop
  endfacet
  facet normal -0.906297 -0.422641 0
    outer loop
      vertex -24.6657 -10.9819 0
      vertex -24.2674 -11.836 -3.4
      vertex -24.2674 -11.836 0
    endloop
  endfacet
  facet normal 0 0 -1
    outer loop
      vertex -24.2674 -11.836 -4
      vertex -24.2974 -11.7718 -4
      vertex -24.6657 -10.9819 -4
    endloop
  endfacet
  facet normal -0.707107 -0.707107 0
    outer loop
      vertex -18.7558 -19.4222 -3.4
      vertex -19.4222 -18.7558 0
      vertex -19.4222 -18.7558 -3.4
    endloop
  endfacet
  facet normal -0.707107 -0.707107 0
    outer loop
      vertex -19.4222 -18.7558 0
      vertex -18.7558 -19.4222 -3.4
      vertex -18.7558 -19.4222 0
    endloop
  endfacet
  facet normal 0.798518 -0.601971 0
    outer loop
      vertex 21.8435 -15.8702 0
      vertex 21.6726 -16.0969 -0.954478
      vertex 21.8435 -15.8702 -0.975484
    endloop
  endfacet
  facet normal 0.798636 -0.601815 -5.8016e-05
    outer loop
      vertex 21.2763 -16.6229 0
      vertex 21.6726 -16.0969 -0.954478
      vertex 21.8435 -15.8702 0
    endloop
  endfacet
  facet normal 0.798682 -0.601754 -5.2043e-06
    outer loop
      vertex 21.6726 -16.0969 -0.954478
      vertex 21.2763 -16.6229 0
      vertex 21.393 -16.468 -1.06008
    endloop
  endfacet
  facet normal 0.798699 -0.601731 0
    outer loop
      vertex 21.393 -16.468 -1.06008
      vertex 21.2763 -16.6229 0
      vertex 21.2763 -16.6229 -1.177
    endloop
  endfacet
  facet normal -0 0 1
    outer loop
      vertex 21.3189 -16.5662 -4
      vertex 21.2763 -16.6229 -4
      vertex 21.8435 -15.8702 -4
    endloop
  endfacet
  facet normal 0.798518 -0.601971 0
    outer loop
      vertex 21.6726 -16.0969 -3.04552
      vertex 21.8435 -15.8702 -3.4
      vertex 21.8435 -15.8702 -3.02452
    endloop
  endfacet
  facet normal 0.798682 -0.601753 1.1398e-05
    outer loop
      vertex 21.2763 -16.6229 -3.4
      vertex 21.6726 -16.0969 -3.04552
      vertex 21.393 -16.468 -2.93992
    endloop
  endfacet
  facet normal 0.798699 -0.601731 0
    outer loop
      vertex 21.2763 -16.6229 -3.4
      vertex 21.393 -16.468 -2.93992
      vertex 21.2763 -16.6229 -2.823
    endloop
  endfacet
  facet normal 0.798636 -0.601815 0.000156215
    outer loop
      vertex 21.6726 -16.0969 -3.04552
      vertex 21.2763 -16.6229 -3.4
      vertex 21.8435 -15.8702 -3.4
    endloop
  endfacet
  facet normal 0 0 1
    outer loop
      vertex 26.41 -5.61362 -4
      vertex 26.2139 -6.46282 -4
      vertex 26.198 -6.53189 -4
    endloop
  endfacet
  facet normal 0.974369 -0.224954 0
    outer loop
      vertex 26.41 -5.61362 0
      vertex 26.304 -6.07275 -1.45
      vertex 26.41 -5.61362 -1.45
    endloop
  endfacet
  facet normal 0.97437 -0.224949 0
    outer loop
      vertex 26.198 -6.53189 -3.4
      vertex 26.304 -6.07275 -1.45
      vertex 26.198 -6.53189 0
    endloop
  endfacet
  facet normal 0.97437 -0.224952 -7.75696e-07
    outer loop
      vertex 26.198 -6.53189 0
      vertex 26.304 -6.07275 -1.45
      vertex 26.41 -5.61362 0
    endloop
  endfacet
  facet normal 0.974369 -0.224954 0
    outer loop
      vertex 26.304 -6.07275 -2.55
      vertex 26.41 -5.61362 -3.4
      vertex 26.41 -5.61362 -2.55
    endloop
  endfacet
  facet normal 0.97437 -0.224952 1.32325e-06
    outer loop
      vertex 26.304 -6.07275 -2.55
      vertex 26.198 -6.53189 -3.4
      vertex 26.41 -5.61362 -3.4
    endloop
  endfacet
  facet normal 0.97437 -0.224949 0
    outer loop
      vertex 26.304 -6.07275 -1.45
      vertex 26.198 -6.53189 -3.4
      vertex 26.304 -6.07275 -2.55
    endloop
  endfacet
  facet normal 0.754676 -0.656097 0
    outer loop
      vertex 20.0649 -18.0665 0
      vertex 20.6832 -17.3553 -3.4
      vertex 20.6832 -17.3553 0
    endloop
  endfacet
  facet normal 0.754676 -0.656097 0
    outer loop
      vertex 20.6832 -17.3553 -3.4
      vertex 20.0649 -18.0665 0
      vertex 20.0649 -18.0665 -3.4
    endloop
  endfacet
  facet normal 0 0 -1
    outer loop
      vertex 20.6832 -17.3553 -4
      vertex 20.6367 -17.4088 -4
      vertex 20.0649 -18.0665 -4
    endloop
  endfacet
  facet normal 0 0 -1
    outer loop
      vertex 12.6757 -23.8396 -4
      vertex 11.8992 -24.2353 -4
      vertex 11.836 -24.2674 -4
    endloop
  endfacet
  facet normal 0.45395 -0.891027 0
    outer loop
      vertex 11.836 -24.2674 -3.4
      vertex 12.6757 -23.8396 0
      vertex 11.836 -24.2674 0
    endloop
  endfacet
  facet normal 0.45395 -0.891027 0
    outer loop
      vertex 12.6757 -23.8396 0
      vertex 11.836 -24.2674 -3.4
      vertex 12.6757 -23.8396 -3.4
    endloop
  endfacet
  facet normal -0.45395 -0.891027 0
    outer loop
      vertex -12.6757 -23.8396 -1.45
      vertex -11.836 -24.2674 0
      vertex -12.6757 -23.8396 0
    endloop
  endfacet
  facet normal -0.45395 -0.891027 -0
    outer loop
      vertex -11.836 -24.2674 0
      vertex -12.6757 -23.8396 -1.45
      vertex -11.836 -24.2674 -1.45
    endloop
  endfacet
  facet normal 0 0 -1
    outer loop
      vertex -11.836 -24.2674 -4
      vertex -11.8992 -24.2353 -4
      vertex -12.6757 -23.8396 -4
    endloop
  endfacet
  facet normal -0.45395 -0.891027 0
    outer loop
      vertex -12.6757 -23.8396 -3.4
      vertex -11.836 -24.2674 -2.55
      vertex -12.6757 -23.8396 -2.55
    endloop
  endfacet
  facet normal -0.45395 -0.891027 -0
    outer loop
      vertex -11.836 -24.2674 -2.55
      vertex -12.6757 -23.8396 -3.4
      vertex -11.836 -24.2674 -3.4
    endloop
  endfacet
  facet normal 0 0 1
    outer loop
      vertex 20.0649 -18.0665 -4
      vertex 19.4705 -18.7039 -4
      vertex 19.4222 -18.7558 -4
    endloop
  endfacet
  facet normal 0.731397 -0.681951 0
    outer loop
      vertex 19.4222 -18.7558 0
      vertex 20.0649 -18.0665 -3.4
      vertex 20.0649 -18.0665 0
    endloop
  endfacet
  facet normal 0.731397 -0.681951 0
    outer loop
      vertex 20.0649 -18.0665 -3.4
      vertex 19.4222 -18.7558 0
      vertex 19.4222 -18.7558 -3.4
    endloop
  endfacet
  facet normal -0.0524177 0.998625 0
    outer loop
      vertex -0.942286 26.9836 -3.4
      vertex -1.88342 26.9342 0
      vertex -0.942286 26.9836 0
    endloop
  endfacet
  facet normal -0.0524177 0.998625 0
    outer loop
      vertex -1.88342 26.9342 0
      vertex -0.942286 26.9836 -3.4
      vertex -1.88342 26.9342 -3.4
    endloop
  endfacet
  facet normal 0 0 1
    outer loop
      vertex -1.88342 26.9342 -4
      vertex -1.81264 26.9379 -4
      vertex -0.942286 26.9836 -4
    endloop
  endfacet
  facet normal 0.945526 -0.325546 0
    outer loop
      vertex 25.3717 -9.23454 0
      vertex 25.6785 -8.34346 -3.4
      vertex 25.6785 -8.34346 0
    endloop
  endfacet
  facet normal 0.945526 -0.325546 0
    outer loop
      vertex 25.6785 -8.34346 -3.4
      vertex 25.3717 -9.23454 0
      vertex 25.3717 -9.23454 -3.4
    endloop
  endfacet
  facet normal 0 0 -1
    outer loop
      vertex 4.6885 -26.5898 -4
      vertex 4.61849 -26.6009 -4
      vertex 3.75767 -26.7372 -4
    endloop
  endfacet
  facet normal 0.156404 -0.987693 0
    outer loop
      vertex 3.75767 -26.7372 -3.4
      vertex 4.6885 -26.5898 0
      vertex 3.75767 -26.7372 0
    endloop
  endfacet
  facet normal 0.156404 -0.987693 0
    outer loop
      vertex 4.6885 -26.5898 0
      vertex 3.75767 -26.7372 -3.4
      vertex 4.6885 -26.5898 -3.4
    endloop
  endfacet
  facet normal 0.999838 -0.0180046 0
    outer loop
      vertex 27 0 0
      vertex 26.9994 -0.0333194 -0.836627
      vertex 27 0 -0.835009
    endloop
  endfacet
  facet normal 0.99985 -0.0173057 -2.78417e-05
    outer loop
      vertex 27 0 0
      vertex 26.9985 -0.0853134 -0.839151
      vertex 26.9994 -0.0333194 -0.836627
    endloop
  endfacet
  facet normal 0.999853 -0.0171249 -4.62322e-05
    outer loop
      vertex 27 0 0
      vertex 26.9977 -0.132003 -0.846235
      vertex 26.9985 -0.0853134 -0.839151
    endloop
  endfacet
  facet normal 0.999831 -0.0183614 0.0001467
    outer loop
      vertex 27 0 0
      vertex 26.9966 -0.191974 -0.855334
      vertex 26.9977 -0.132003 -0.846235
    endloop
  endfacet
  facet normal 0.999857 -0.0168846 -0.000184852
    outer loop
      vertex 27 0 0
      vertex 26.9942 -0.333725 -0.889137
      vertex 26.9966 -0.191974 -0.855334
    endloop
  endfacet
  facet normal 0.999849 -0.0174018 9.34568e-06
    outer loop
      vertex 26.9836 -0.942286 0
      vertex 26.9942 -0.333725 -0.889137
      vertex 27 0 0
    endloop
  endfacet
  facet normal 0.99984 -0.0178829 -0.000320004
    outer loop
      vertex 26.9942 -0.333725 -0.889137
      vertex 26.9836 -0.942286 0
      vertex 26.9935 -0.372696 -0.89843
    endloop
  endfacet
  facet normal 0.999846 -0.0175416 -0.000103582
    outer loop
      vertex 26.9935 -0.372696 -0.89843
      vertex 26.9836 -0.942286 0
      vertex 26.9916 -0.480802 -0.930792
    endloop
  endfacet
  facet normal 0.999854 -0.0170908 0.000120024
    outer loop
      vertex 26.9916 -0.480802 -0.930792
      vertex 26.9836 -0.942286 0
      vertex 26.9898 -0.586604 -1.00161
    endloop
  endfacet
  facet normal 0.999848 -0.0174199 3.09461e-06
    outer loop
      vertex 26.9898 -0.586604 -1.00161
      vertex 26.9836 -0.942286 0
      vertex 26.9859 -0.810478 -1.15147
    endloop
  endfacet
  facet normal 0.99975 -0.0223562 -0.000562147
    outer loop
      vertex 26.9859 -0.810478 -1.15147
      vertex 26.9836 -0.942286 0
      vertex 26.9855 -0.827813 -1.17345
    endloop
  endfacet
  facet normal 0.999861 -0.0166946 -9.66401e-06
    outer loop
      vertex 26.9855 -0.827813 -1.17345
      vertex 26.9836 -0.942286 0
      vertex 26.9839 -0.923569 -1.29488
    endloop
  endfacet
  facet normal 0.999872 -0.0160262 0
    outer loop
      vertex 26.9839 -0.923569 -1.29488
      vertex 26.9836 -0.942286 0
      vertex 26.9836 -0.942286 -1.32087
    endloop
  endfacet
  facet normal 0 0 1
    outer loop
      vertex 26.993 -0.400234 -4
      vertex 26.9848 -0.871413 -4
      vertex 26.9836 -0.942286 -4
    endloop
  endfacet
  facet normal 0.999838 -0.0180046 0
    outer loop
      vertex 26.9994 -0.0333194 -3.16337
      vertex 27 0 -3.4
      vertex 27 0 -3.16499
    endloop
  endfacet
  facet normal 0.99985 -0.0173023 9.89215e-05
    outer loop
      vertex 26.9985 -0.0853134 -3.16085
      vertex 27 0 -3.4
      vertex 26.9994 -0.0333194 -3.16337
    endloop
  endfacet
  facet normal 0.999854 -0.0171063 0.000168869
    outer loop
      vertex 26.9977 -0.132003 -3.15376
      vertex 27 0 -3.4
      vertex 26.9985 -0.0853134 -3.16085
    endloop
  endfacet
  facet normal 0.99983 -0.0184204 -0.000535806
    outer loop
      vertex 26.9966 -0.191974 -3.14466
      vertex 27 0 -3.4
      vertex 26.9977 -0.132003 -3.15376
    endloop
  endfacet
  facet normal 0.999859 -0.0167584 0.000714092
    outer loop
      vertex 26.9942 -0.333725 -3.11086
      vertex 27 0 -3.4
      vertex 26.9966 -0.191974 -3.14466
    endloop
  endfacet
  facet normal 0.999834 -0.0181802 -0.000927358
    outer loop
      vertex 26.9935 -0.372696 -3.10157
      vertex 27 0 -3.4
      vertex 26.9942 -0.333725 -3.11086
    endloop
  endfacet
  facet normal 0.999847 -0.017502 0.000236118
    outer loop
      vertex 26.9836 -0.942286 -3.4
      vertex 26.9935 -0.372696 -3.10157
      vertex 26.9916 -0.480802 -3.06921
    endloop
  endfacet
  facet normal 0.999853 -0.0171661 -0.000232584
    outer loop
      vertex 26.9836 -0.942286 -3.4
      vertex 26.9916 -0.480802 -3.06921
      vertex 26.9898 -0.586604 -2.99838
    endloop
  endfacet
  facet normal 0.999848 -0.0174219 -5.99722e-06
    outer loop
      vertex 26.9836 -0.942286 -3.4
      vertex 26.9898 -0.586604 -2.99838
      vertex 26.9859 -0.810478 -2.84853
    endloop
  endfacet
  facet normal 0.999849 -0.0174018 4.49587e-05
    outer loop
      vertex 26.9935 -0.372696 -3.10157
      vertex 26.9836 -0.942286 -3.4
      vertex 27 0 -3.4
    endloop
  endfacet
  facet normal 0.999763 -0.0217608 0.00103142
    outer loop
      vertex 26.9855 -0.827813 -2.82654
      vertex 26.9836 -0.942286 -3.4
      vertex 26.9859 -0.810478 -2.84853
    endloop
  endfacet
  facet normal 0.999861 -0.0166843 1.77329e-05
    outer loop
      vertex 26.9839 -0.923569 -2.70512
      vertex 26.9836 -0.942286 -3.4
      vertex 26.9855 -0.827813 -2.82654
    endloop
  endfacet
  facet normal 0.999872 -0.0160262 0
    outer loop
      vertex 26.9836 -0.942286 -3.4
      vertex 26.9839 -0.923569 -2.70512
      vertex 26.9836 -0.942286 -2.67913
    endloop
  endfacet
  facet normal 0 0 -1
    outer loop
      vertex 26.5898 -4.6885 -4
      vertex 26.5763 -4.75808 -4
      vertex 26.41 -5.61362 -4
    endloop
  endfacet
  facet normal 0.981632 -0.190783 0
    outer loop
      vertex 26.41 -5.61362 0
      vertex 26.5898 -4.6885 -1.45
      vertex 26.5898 -4.6885 0
    endloop
  endfacet
  facet normal 0.981632 -0.190783 0
    outer loop
      vertex 26.5898 -4.6885 -1.45
      vertex 26.41 -5.61362 0
      vertex 26.41 -5.61362 -1.45
    endloop
  endfacet
  facet normal 0.981632 -0.190783 0
    outer loop
      vertex 26.41 -5.61362 -2.55
      vertex 26.5898 -4.6885 -3.4
      vertex 26.5898 -4.6885 -2.55
    endloop
  endfacet
  facet normal 0.981632 -0.190783 0
    outer loop
      vertex 26.5898 -4.6885 -3.4
      vertex 26.41 -5.61362 -2.55
      vertex 26.41 -5.61362 -3.4
    endloop
  endfacet
  facet normal 0 0 1
    outer loop
      vertex -26.9836 0.942286 -4
      vertex -26.993 0.400234 -4
      vertex -26.9848 0.871413 -4
    endloop
  endfacet
  facet normal -0.999859 0.0168076 0
    outer loop
      vertex -26.9842 0.906593 -1.29015
      vertex -26.9836 0.942286 0
      vertex -26.9836 0.942286 -1.33822
    endloop
  endfacet
  facet normal -0.999848 0.0174531 -1.78617e-05
    outer loop
      vertex -26.986 0.803617 -1.15147
      vertex -26.9836 0.942286 0
      vertex -26.9842 0.906593 -1.29015
    endloop
  endfacet
  facet normal -0.999852 0.0172263 9.46349e-06
    outer loop
      vertex -26.9904 0.548131 -0.969848
      vertex -26.9836 0.942286 0
      vertex -26.986 0.803617 -1.15147
    endloop
  endfacet
  facet normal -0.999821 0.0189217 -0.000679792
    outer loop
      vertex -26.9912 0.506765 -0.944631
      vertex -26.9836 0.942286 0
      vertex -26.9904 0.548131 -0.969848
    endloop
  endfacet
  facet normal -0.999845 0.0175804 -6.11745e-05
    outer loop
      vertex -26.9916 0.484064 -0.930792
      vertex -26.9836 0.942286 0
      vertex -26.9912 0.506765 -0.944631
    endloop
  endfacet
  facet normal -0.999854 0.0170588 0.000195675
    outer loop
      vertex -26.9953 0.266518 -0.871483
      vertex -26.9836 0.942286 0
      vertex -26.9916 0.484064 -0.930792
    endloop
  endfacet
  facet normal -0.999831 0.0183942 0.00023313
    outer loop
      vertex -27 0 0
      vertex -26.9953 0.266518 -0.871483
      vertex -26.9969 0.17933 -0.854238
    endloop
  endfacet
  facet normal -0.999844 0.0176722 8.15319e-05
    outer loop
      vertex -27 0 0
      vertex -26.9969 0.17933 -0.854238
      vertex -26.9977 0.134027 -0.845277
    endloop
  endfacet
  facet normal -0.99986 0.0167062 -7.1687e-05
    outer loop
      vertex -27 0 0
      vertex -26.9977 0.134027 -0.845277
      vertex -26.9986 0.0801858 -0.839811
    endloop
  endfacet
  facet normal -0.999835 0.0181431 6.55528e-05
    outer loop
      vertex -27 0 0
      vertex -26.9986 0.0801858 -0.839811
      vertex -26.9993 0.0415959 -0.835893
    endloop
  endfacet
  facet normal -0.999858 0.0168262 0
    outer loop
      vertex -27 0 0
      vertex -26.9993 0.0415959 -0.835893
      vertex -27 0 -0.836132
    endloop
  endfacet
  facet normal -0.999849 0.0174018 -7.0435e-05
    outer loop
      vertex -26.9953 0.266518 -0.871483
      vertex -27 0 0
      vertex -26.9836 0.942286 0
    endloop
  endfacet
  facet normal -0.999859 0.0168076 0
    outer loop
      vertex -26.9836 0.942286 -3.4
      vertex -26.9842 0.906593 -2.70985
      vertex -26.9836 0.942286 -2.66178
    endloop
  endfacet
  facet normal -0.999848 0.0174335 3.23792e-05
    outer loop
      vertex -26.9836 0.942286 -3.4
      vertex -26.986 0.803617 -2.84853
      vertex -26.9842 0.906593 -2.70985
    endloop
  endfacet
  facet normal -0.999852 0.0172325 -1.81984e-05
    outer loop
      vertex -26.9836 0.942286 -3.4
      vertex -26.9904 0.548131 -3.03015
      vertex -26.986 0.803617 -2.84853
    endloop
  endfacet
  facet normal -0.999828 0.0185142 0.00134824
    outer loop
      vertex -26.9836 0.942286 -3.4
      vertex -26.9912 0.506765 -3.05537
      vertex -26.9904 0.548131 -3.03015
    endloop
  endfacet
  facet normal -0.999846 0.0175437 0.000121329
    outer loop
      vertex -26.9836 0.942286 -3.4
      vertex -26.9916 0.484064 -3.06921
      vertex -26.9912 0.506765 -3.05537
    endloop
  endfacet
  facet normal -0.999853 0.017129 -0.000453302
    outer loop
      vertex -26.9836 0.942286 -3.4
      vertex -26.9953 0.266518 -3.12852
      vertex -26.9916 0.484064 -3.06921
    endloop
  endfacet
  facet normal -0.999849 0.0174018 0.000226105
    outer loop
      vertex -27 0 -3.4
      vertex -26.9953 0.266518 -3.12852
      vertex -26.9836 0.942286 -3.4
    endloop
  endfacet
  facet normal -0.999828 0.0185205 -0.000872467
    outer loop
      vertex -26.9953 0.266518 -3.12852
      vertex -27 0 -3.4
      vertex -26.9969 0.17933 -3.14576
    endloop
  endfacet
  facet normal -0.999843 0.0177165 -0.000305137
    outer loop
      vertex -26.9969 0.17933 -3.14576
      vertex -27 0 -3.4
      vertex -26.9977 0.134027 -3.15472
    endloop
  endfacet
  facet normal -0.999861 0.0166873 0.000257356
    outer loop
      vertex -26.9977 0.134027 -3.15472
      vertex -27 0 -3.4
      vertex -26.9986 0.0801858 -3.16019
    endloop
  endfacet
  facet normal -0.999835 0.0181604 -0.000235333
    outer loop
      vertex -26.9986 0.0801858 -3.16019
      vertex -27 0 -3.4
      vertex -26.9993 0.0415959 -3.16411
    endloop
  endfacet
  facet normal -0.999858 0.0168262 0
    outer loop
      vertex -26.9993 0.0415959 -3.16411
      vertex -27 0 -3.4
      vertex -27 0 -3.16387
    endloop
  endfacet
  facet normal 0 0 1
    outer loop
      vertex -21.2763 16.6229 -4
      vertex -20.7278 17.3002 -4
      vertex -20.6832 17.3553 -4
    endloop
  endfacet
  facet normal -0.777139 0.629329 0
    outer loop
      vertex -21.2763 16.6229 -3.4
      vertex -20.6832 17.3553 0
      vertex -20.6832 17.3553 -3.4
    endloop
  endfacet
  facet normal -0.777139 0.629329 0
    outer loop
      vertex -20.6832 17.3553 0
      vertex -21.2763 16.6229 -3.4
      vertex -21.2763 16.6229 0
    endloop
  endfacet
  facet normal 0 0 1
    outer loop
      vertex -26.2139 -6.46282 -4
      vertex -26.41 -5.61362 -4
      vertex -26.198 -6.53189 -4
    endloop
  endfacet
  facet normal -0.97437 -0.224952 0
    outer loop
      vertex -26.198 -6.53189 -3.4
      vertex -26.41 -5.61362 0
      vertex -26.41 -5.61362 -3.4
    endloop
  endfacet
  facet normal -0.97437 -0.224952 0
    outer loop
      vertex -26.41 -5.61362 0
      vertex -26.198 -6.53189 -3.4
      vertex -26.198 -6.53189 0
    endloop
  endfacet
  facet normal -0.987693 0.156404 0
    outer loop
      vertex -26.7372 3.75767 -3.4
      vertex -26.5898 4.6885 0
      vertex -26.5898 4.6885 -3.4
    endloop
  endfacet
  facet normal -0.987693 0.156404 0
    outer loop
      vertex -26.5898 4.6885 0
      vertex -26.7372 3.75767 -3.4
      vertex -26.7372 3.75767 0
    endloop
  endfacet
  facet normal 0 0 -1
    outer loop
      vertex -26.5898 4.6885 -4
      vertex -26.7372 3.75767 -4
      vertex -26.6009 4.61849 -4
    endloop
  endfacet
  facet normal 0 0 1
    outer loop
      vertex -25.034 -10.1144 -4
      vertex -25.0594 -10.0482 -4
      vertex -25.3717 -9.23454 -4
    endloop
  endfacet
  facet normal -0.933597 -0.358325 0
    outer loop
      vertex -25.034 -10.1144 -3.4
      vertex -25.3717 -9.23454 0
      vertex -25.3717 -9.23454 -3.4
    endloop
  endfacet
  facet normal -0.933597 -0.358325 0
    outer loop
      vertex -25.3717 -9.23454 0
      vertex -25.034 -10.1144 -3.4
      vertex -25.034 -10.1144 0
    endloop
  endfacet
  facet normal 0 0 1
    outer loop
      vertex 1.88342 -26.9342 -4
      vertex 1.81264 -26.9379 -4
      vertex 0.942286 -26.9836 -4
    endloop
  endfacet
  facet normal 0.0524177 -0.998625 0
    outer loop
      vertex 0.942286 -26.9836 -3.4
      vertex 1.88342 -26.9342 0
      vertex 0.942286 -26.9836 0
    endloop
  endfacet
  facet normal 0.0524177 -0.998625 0
    outer loop
      vertex 1.88342 -26.9342 0
      vertex 0.942286 -26.9836 -3.4
      vertex 1.88342 -26.9342 -3.4
    endloop
  endfacet
  facet normal -0.996198 0.087115 0
    outer loop
      vertex -26.9342 1.88342 -3.4
      vertex -26.8521 2.82227 0
      vertex -26.8521 2.82227 -3.4
    endloop
  endfacet
  facet normal -0.996198 0.087115 0
    outer loop
      vertex -26.8521 2.82227 0
      vertex -26.9342 1.88342 -3.4
      vertex -26.9342 1.88342 0
    endloop
  endfacet
  facet normal 0 0 -1
    outer loop
      vertex -26.8836 2.46188 -4
      vertex -26.9342 1.88342 -4
      vertex -26.9281 1.95404 -4
    endloop
  endfacet
  facet normal -0.857156 0.515057 0
    outer loop
      vertex -23.3827 13.5 -3.4
      vertex -22.8973 14.3078 0
      vertex -22.8973 14.3078 -3.4
    endloop
  endfacet
  facet normal -0.857156 0.515057 0
    outer loop
      vertex -22.8973 14.3078 0
      vertex -23.3827 13.5 -3.4
      vertex -23.3827 13.5 0
    endloop
  endfacet
  facet normal 0.956287 0.29243 0
    outer loop
      vertex 25.9541 7.44221 0
      vertex 25.6785 8.34346 -3.4
      vertex 25.6785 8.34346 0
    endloop
  endfacet
  facet normal 0.956287 0.29243 0
    outer loop
      vertex 25.6785 8.34346 -3.4
      vertex 25.9541 7.44221 0
      vertex 25.9541 7.44221 -3.4
    endloop
  endfacet
  facet normal 0 0 1
    outer loop
      vertex 25.9541 7.44221 -4
      vertex 25.7593 8.07913 -4
      vertex 25.9333 7.50999 -4
    endloop
  endfacet
  facet normal 0 0 1
    outer loop
      vertex 23.8396 -12.6757 -4
      vertex 23.8052 -12.7377 -4
      vertex 23.5508 -13.1967 -4
    endloop
  endfacet
  facet normal 0.874627 -0.484796 0
    outer loop
      vertex 23.3827 -13.5 0
      vertex 23.8396 -12.6757 -3.4
      vertex 23.8396 -12.6757 0
    endloop
  endfacet
  facet normal 0.874627 -0.484796 0
    outer loop
      vertex 23.8396 -12.6757 -3.4
      vertex 23.3827 -13.5 0
      vertex 23.3827 -13.5 -3.4
    endloop
  endfacet
  facet normal 0.515057 -0.857156 0
    outer loop
      vertex 13.5 -23.3827 -3.4
      vertex 14.3078 -22.8973 0
      vertex 13.5 -23.3827 0
    endloop
  endfacet
  facet normal 0.515057 -0.857156 0
    outer loop
      vertex 14.3078 -22.8973 0
      vertex 13.5 -23.3827 -3.4
      vertex 14.3078 -22.8973 -3.4
    endloop
  endfacet
  facet normal 0.2588 -0.965931 0
    outer loop
      vertex 6.53189 -26.198 -3.4
      vertex 7.44221 -25.9541 0
      vertex 6.53189 -26.198 0
    endloop
  endfacet
  facet normal 0.2588 -0.965931 0
    outer loop
      vertex 7.44221 -25.9541 0
      vertex 6.53189 -26.198 -3.4
      vertex 7.44221 -25.9541 -3.4
    endloop
  endfacet
  facet normal 0 0 1
    outer loop
      vertex 7.44221 -25.9541 -4
      vertex 7.37374 -25.9724 -4
      vertex 6.53189 -26.198 -4
    endloop
  endfacet
  facet normal 0 0 1
    outer loop
      vertex -24.6657 -10.9819 -4
      vertex -25.0063 -10.1796 -4
      vertex -25.034 -10.1144 -4
    endloop
  endfacet
  facet normal -0.920479 -0.390792 0
    outer loop
      vertex -24.6657 -10.9819 -3.4
      vertex -25.034 -10.1144 0
      vertex -25.034 -10.1144 -3.4
    endloop
  endfacet
  facet normal -0.920479 -0.390792 0
    outer loop
      vertex -25.034 -10.1144 0
      vertex -24.6657 -10.9819 -3.4
      vertex -24.6657 -10.9819 0
    endloop
  endfacet
  facet normal -0.999858 -0.0168262 0
    outer loop
      vertex -26.9993 -0.0415959 -0.835893
      vertex -27 0 0
      vertex -27 0 -0.836132
    endloop
  endfacet
  facet normal -0.999835 -0.0181431 6.55528e-05
    outer loop
      vertex -26.9986 -0.0801858 -0.839811
      vertex -27 0 0
      vertex -26.9993 -0.0415959 -0.835893
    endloop
  endfacet
  facet normal -0.99986 -0.0167062 -7.1687e-05
    outer loop
      vertex -26.9977 -0.134027 -0.845277
      vertex -27 0 0
      vertex -26.9986 -0.0801858 -0.839811
    endloop
  endfacet
  facet normal -0.999844 -0.0176722 8.15319e-05
    outer loop
      vertex -26.9969 -0.17933 -0.854238
      vertex -27 0 0
      vertex -26.9977 -0.134027 -0.845277
    endloop
  endfacet
  facet normal -0.999831 -0.0183942 0.00023313
    outer loop
      vertex -26.9953 -0.266518 -0.871483
      vertex -27 0 0
      vertex -26.9969 -0.17933 -0.854238
    endloop
  endfacet
  facet normal -0.999854 -0.0170588 0.000195675
    outer loop
      vertex -26.9836 -0.942286 0
      vertex -26.9953 -0.266518 -0.871483
      vertex -26.9916 -0.484064 -0.930792
    endloop
  endfacet
  facet normal -0.999845 -0.0175804 -6.11745e-05
    outer loop
      vertex -26.9836 -0.942286 0
      vertex -26.9916 -0.484064 -0.930792
      vertex -26.9912 -0.506765 -0.944631
    endloop
  endfacet
  facet normal -0.999821 -0.0189217 -0.000679792
    outer loop
      vertex -26.9836 -0.942286 0
      vertex -26.9912 -0.506765 -0.944631
      vertex -26.9904 -0.548131 -0.969848
    endloop
  endfacet
  facet normal -0.999852 -0.0172263 9.46349e-06
    outer loop
      vertex -26.9836 -0.942286 0
      vertex -26.9904 -0.548131 -0.969848
      vertex -26.986 -0.803617 -1.15147
    endloop
  endfacet
  facet normal -0.999848 -0.0174531 -1.78617e-05
    outer loop
      vertex -26.9836 -0.942286 0
      vertex -26.986 -0.803617 -1.15147
      vertex -26.9842 -0.906593 -1.29015
    endloop
  endfacet
  facet normal -0.999859 -0.0168076 -0
    outer loop
      vertex -26.9836 -0.942286 0
      vertex -26.9842 -0.906593 -1.29015
      vertex -26.9836 -0.942286 -1.33822
    endloop
  endfacet
  facet normal -0.999849 -0.0174018 -7.0435e-05
    outer loop
      vertex -26.9953 -0.266518 -0.871483
      vertex -26.9836 -0.942286 0
      vertex -27 0 0
    endloop
  endfacet
  facet normal 0 0 1
    outer loop
      vertex -26.9836 -0.942286 -4
      vertex -26.9848 -0.871413 -4
      vertex -26.993 -0.400234 -4
    endloop
  endfacet
  facet normal -0.999858 -0.0168262 0
    outer loop
      vertex -27 0 -3.4
      vertex -26.9993 -0.0415959 -3.16411
      vertex -27 0 -3.16387
    endloop
  endfacet
  facet normal -0.999835 -0.0181604 -0.000235333
    outer loop
      vertex -27 0 -3.4
      vertex -26.9986 -0.0801858 -3.16019
      vertex -26.9993 -0.0415959 -3.16411
    endloop
  endfacet
  facet normal -0.999861 -0.0166873 0.000257356
    outer loop
      vertex -27 0 -3.4
      vertex -26.9977 -0.134027 -3.15472
      vertex -26.9986 -0.0801858 -3.16019
    endloop
  endfacet
  facet normal -0.999843 -0.0177165 -0.000305137
    outer loop
      vertex -27 0 -3.4
      vertex -26.9969 -0.17933 -3.14576
      vertex -26.9977 -0.134027 -3.15472
    endloop
  endfacet
  facet normal -0.999828 -0.0185205 -0.000872467
    outer loop
      vertex -27 0 -3.4
      vertex -26.9953 -0.266518 -3.12852
      vertex -26.9969 -0.17933 -3.14576
    endloop
  endfacet
  facet normal -0.999849 -0.0174018 0.000226105
    outer loop
      vertex -26.9836 -0.942286 -3.4
      vertex -26.9953 -0.266518 -3.12852
      vertex -27 0 -3.4
    endloop
  endfacet
  facet normal -0.999853 -0.017129 -0.000453302
    outer loop
      vertex -26.9953 -0.266518 -3.12852
      vertex -26.9836 -0.942286 -3.4
      vertex -26.9916 -0.484064 -3.06921
    endloop
  endfacet
  facet normal -0.999846 -0.0175437 0.000121329
    outer loop
      vertex -26.9916 -0.484064 -3.06921
      vertex -26.9836 -0.942286 -3.4
      vertex -26.9912 -0.506765 -3.05537
    endloop
  endfacet
  facet normal -0.999828 -0.0185142 0.00134824
    outer loop
      vertex -26.9912 -0.506765 -3.05537
      vertex -26.9836 -0.942286 -3.4
      vertex -26.9904 -0.548131 -3.03015
    endloop
  endfacet
  facet normal -0.999852 -0.0172325 -1.81984e-05
    outer loop
      vertex -26.9836 -0.942286 -3.4
      vertex -26.986 -0.803617 -2.84853
      vertex -26.9904 -0.548131 -3.03015
    endloop
  endfacet
  facet normal -0.999848 -0.0174335 3.23792e-05
    outer loop
      vertex -26.9836 -0.942286 -3.4
      vertex -26.9842 -0.906593 -2.70985
      vertex -26.986 -0.803617 -2.84853
    endloop
  endfacet
  facet normal -0.999859 -0.0168076 0
    outer loop
      vertex -26.9842 -0.906593 -2.70985
      vertex -26.9836 -0.942286 -3.4
      vertex -26.9836 -0.942286 -2.66178
    endloop
  endfacet
  facet normal 0 0 1
    outer loop
      vertex -21.8435 -15.8702 -4
      vertex -21.8841 -15.8121 -4
      vertex -22.384 -15.0982 -4
    endloop
  endfacet
  facet normal -0.822192 -0.56921 0
    outer loop
      vertex -22.3777 -15.1073 -1.44725
      vertex -22.384 -15.0982 0
      vertex -22.384 -15.0982 -1.47064
    endloop
  endfacet
  facet normal -0.819002 -0.57379 4.26871e-05
    outer loop
      vertex -22.1956 -15.3672 -1.16208
      vertex -22.384 -15.0982 0
      vertex -22.3777 -15.1073 -1.44725
    endloop
  endfacet
  facet normal -0.819267 -0.573412 -8.78245e-05
    outer loop
      vertex -21.9538 -15.7127 -0.990083
      vertex -22.384 -15.0982 0
      vertex -22.1956 -15.3672 -1.16208
    endloop
  endfacet
  facet normal -0.81911 -0.573637 -0
    outer loop
      vertex -21.8435 -15.8702 0
      vertex -21.9538 -15.7127 -0.990083
      vertex -21.8435 -15.8702 -0.975484
    endloop
  endfacet
  facet normal -0.819182 -0.573534 2.44894e-05
    outer loop
      vertex -21.9538 -15.7127 -0.990083
      vertex -21.8435 -15.8702 0
      vertex -22.384 -15.0982 0
    endloop
  endfacet
  facet normal -0.822192 -0.56921 0
    outer loop
      vertex -22.384 -15.0982 -3.4
      vertex -22.3777 -15.1073 -2.55275
      vertex -22.384 -15.0982 -2.52936
    endloop
  endfacet
  facet normal -0.819018 -0.573768 -7.25662e-05
    outer loop
      vertex -22.384 -15.0982 -3.4
      vertex -22.1956 -15.3672 -2.83792
      vertex -22.3777 -15.1073 -2.55275
    endloop
  endfacet
  facet normal -0.819249 -0.573437 0.000163532
    outer loop
      vertex -22.384 -15.0982 -3.4
      vertex -21.9538 -15.7127 -3.00992
      vertex -22.1956 -15.3672 -2.83792
    endloop
  endfacet
  facet normal -0.819182 -0.573534 -6.21578e-05
    outer loop
      vertex -21.8435 -15.8702 -3.4
      vertex -21.9538 -15.7127 -3.00992
      vertex -22.384 -15.0982 -3.4
    endloop
  endfacet
  facet normal -0.81911 -0.573637 0
    outer loop
      vertex -21.9538 -15.7127 -3.00992
      vertex -21.8435 -15.8702 -3.4
      vertex -21.8435 -15.8702 -3.02452
    endloop
  endfacet
  facet normal 0 0 1
    outer loop
      vertex -15.8702 -21.8435 -4
      vertex -16.5662 -21.3189 -4
      vertex -16.6229 -21.2763 -4
    endloop
  endfacet
  facet normal -0.601815 -0.798636 0
    outer loop
      vertex -16.6229 -21.2763 -1.45
      vertex -15.8702 -21.8435 0
      vertex -16.6229 -21.2763 0
    endloop
  endfacet
  facet normal -0.601815 -0.798636 -0
    outer loop
      vertex -15.8702 -21.8435 0
      vertex -16.6229 -21.2763 -1.45
      vertex -15.8702 -21.8435 -1.45
    endloop
  endfacet
  facet normal -0.601815 -0.798636 0
    outer loop
      vertex -16.6229 -21.2763 -3.4
      vertex -15.8702 -21.8435 -2.55
      vertex -16.6229 -21.2763 -2.55
    endloop
  endfacet
  facet normal -0.601815 -0.798636 -0
    outer loop
      vertex -15.8702 -21.8435 -2.55
      vertex -16.6229 -21.2763 -3.4
      vertex -15.8702 -21.8435 -3.4
    endloop
  endfacet
  facet normal -0.656097 -0.754676 0
    outer loop
      vertex -18.0665 -20.0649 -1.45
      vertex -17.3553 -20.6832 0
      vertex -18.0665 -20.0649 0
    endloop
  endfacet
  facet normal -0.656097 -0.754676 -0
    outer loop
      vertex -17.3553 -20.6832 0
      vertex -18.0665 -20.0649 -1.45
      vertex -17.3553 -20.6832 -1.45
    endloop
  endfacet
  facet normal 0 0 -1
    outer loop
      vertex -17.3553 -20.6832 -4
      vertex -17.4088 -20.6367 -4
      vertex -18.0665 -20.0649 -4
    endloop
  endfacet
  facet normal -0.656097 -0.754676 0
    outer loop
      vertex -18.0665 -20.0649 -3.4
      vertex -17.3553 -20.6832 -2.55
      vertex -18.0665 -20.0649 -2.55
    endloop
  endfacet
  facet normal -0.656097 -0.754676 -0
    outer loop
      vertex -17.3553 -20.6832 -2.55
      vertex -18.0665 -20.0649 -3.4
      vertex -17.3553 -20.6832 -3.4
    endloop
  endfacet
  facet normal -0.945526 0.325546 0
    outer loop
      vertex -25.6785 8.34346 -3.4
      vertex -25.3717 9.23454 0
      vertex -25.3717 9.23454 -3.4
    endloop
  endfacet
  facet normal -0.945526 0.325546 0
    outer loop
      vertex -25.3717 9.23454 0
      vertex -25.6785 8.34346 -3.4
      vertex -25.6785 8.34346 0
    endloop
  endfacet
  facet normal 0 0 1
    outer loop
      vertex -19.4705 -18.7039 -4
      vertex -20.0649 -18.0665 -4
      vertex -19.4222 -18.7558 -4
    endloop
  endfacet
  facet normal -0.731397 -0.681951 0
    outer loop
      vertex -19.4222 -18.7558 -3.4
      vertex -20.0649 -18.0665 0
      vertex -20.0649 -18.0665 -3.4
    endloop
  endfacet
  facet normal -0.731397 -0.681951 0
    outer loop
      vertex -20.0649 -18.0665 0
      vertex -19.4222 -18.7558 -3.4
      vertex -19.4222 -18.7558 0
    endloop
  endfacet
  facet normal 0.190783 -0.981632 0
    outer loop
      vertex 4.6885 -26.5898 -3.4
      vertex 5.61362 -26.41 0
      vertex 4.6885 -26.5898 0
    endloop
  endfacet
  facet normal 0.190783 -0.981632 0
    outer loop
      vertex 5.61362 -26.41 0
      vertex 4.6885 -26.5898 -3.4
      vertex 5.61362 -26.41 -3.4
    endloop
  endfacet
  facet normal -0 0 -1
    outer loop
      vertex 4.75808 -26.5763 -4
      vertex 4.6885 -26.5898 -4
      vertex 5.61362 -26.41 -4
    endloop
  endfacet
  facet normal 0 0 1
    outer loop
      vertex 0.942286 -26.9836 -4
      vertex 0.871413 -26.9848 -4
      vertex 0.400234 -26.993 -4
    endloop
  endfacet
  facet normal 0.0174018 -0.999849 0
    outer loop
      vertex 0 -27 -3.4
      vertex 0.942286 -26.9836 0
      vertex 0 -27 0
    endloop
  endfacet
  facet normal 0.0174018 -0.999849 0
    outer loop
      vertex 0.942286 -26.9836 0
      vertex 0 -27 -3.4
      vertex 0.942286 -26.9836 -3.4
    endloop
  endfacet
  facet normal 0 0 1
    outer loop
      vertex -25.7593 -8.07913 -4
      vertex -25.9333 -7.50999 -4
      vertex -25.9541 -7.44221 -4
    endloop
  endfacet
  facet normal -0.956287 -0.29243 0
    outer loop
      vertex -25.6785 -8.34346 -3.4
      vertex -25.9541 -7.44221 0
      vertex -25.9541 -7.44221 -3.4
    endloop
  endfacet
  facet normal -0.956287 -0.29243 0
    outer loop
      vertex -25.9541 -7.44221 0
      vertex -25.6785 -8.34346 -3.4
      vertex -25.6785 -8.34346 0
    endloop
  endfacet
  facet normal 0 0 1
    outer loop
      vertex -21.8435 15.8702 -4
      vertex -21.3189 16.5662 -4
      vertex -21.2763 16.6229 -4
    endloop
  endfacet
  facet normal -0.798636 0.601815 0
    outer loop
      vertex -21.8435 15.8702 -3.4
      vertex -21.2763 16.6229 0
      vertex -21.2763 16.6229 -3.4
    endloop
  endfacet
  facet normal -0.798636 0.601815 0
    outer loop
      vertex -21.2763 16.6229 0
      vertex -21.8435 15.8702 -3.4
      vertex -21.8435 15.8702 0
    endloop
  endfacet
  facet normal -0.29243 0.956287 -1.00838e-06
    outer loop
      vertex -7.44221 25.9541 0
      vertex -7.89283 25.8163 -1.45
      vertex -8.34346 25.6785 0
    endloop
  endfacet
  facet normal -0.292433 0.956286 0
    outer loop
      vertex -7.44221 25.9541 -3.4
      vertex -7.89283 25.8163 -1.45
      vertex -7.44221 25.9541 0
    endloop
  endfacet
  facet normal -0.292433 0.956286 0
    outer loop
      vertex -7.89283 25.8163 -1.45
      vertex -7.44221 25.9541 -3.4
      vertex -7.89283 25.8163 -2.55
    endloop
  endfacet
  facet normal -0.29243 0.956287 1.72018e-06
    outer loop
      vertex -8.34346 25.6785 -3.4
      vertex -7.89283 25.8163 -2.55
      vertex -7.44221 25.9541 -3.4
    endloop
  endfacet
  facet normal -0.292427 0.956288 0
    outer loop
      vertex -7.89283 25.8163 -2.55
      vertex -8.34346 25.6785 -3.4
      vertex -8.34346 25.6785 -2.55
    endloop
  endfacet
  facet normal -0.292427 0.956288 0
    outer loop
      vertex -8.34346 25.6785 0
      vertex -7.89283 25.8163 -1.45
      vertex -8.34346 25.6785 -1.45
    endloop
  endfacet
  facet normal 0 0 1
    outer loop
      vertex -8.07913 25.7593 -4
      vertex -7.50999 25.9333 -4
      vertex -7.44221 25.9541 -4
    endloop
  endfacet
  facet normal 0.29243 -0.956287 0
    outer loop
      vertex 7.44221 -25.9541 -3.4
      vertex 8.34346 -25.6785 0
      vertex 7.44221 -25.9541 0
    endloop
  endfacet
  facet normal 0.29243 -0.956287 0
    outer loop
      vertex 8.34346 -25.6785 0
      vertex 7.44221 -25.9541 -3.4
      vertex 8.34346 -25.6785 -3.4
    endloop
  endfacet
  facet normal -0 0 1
    outer loop
      vertex 7.50999 -25.9333 -4
      vertex 7.44221 -25.9541 -4
      vertex 8.07913 -25.7593 -4
    endloop
  endfacet
  facet normal 0 0 1
    outer loop
      vertex 21.2763 -16.6229 -4
      vertex 20.7278 -17.3002 -4
      vertex 20.6832 -17.3553 -4
    endloop
  endfacet
  facet normal 0.777139 -0.629329 0
    outer loop
      vertex 20.6832 -17.3553 0
      vertex 21.2763 -16.6229 -1.177
      vertex 21.2763 -16.6229 0
    endloop
  endfacet
  facet normal 0.777106 -0.629369 -4.10441e-05
    outer loop
      vertex 21.2763 -16.6229 -1.177
      vertex 20.6832 -17.3553 0
      vertex 21.1523 -16.776 -1.29262
    endloop
  endfacet
  facet normal 0.777202 -0.629252 6.81861e-06
    outer loop
      vertex 20.9878 -16.9791 -1.6207
      vertex 20.6832 -17.3553 0
      vertex 20.9304 -17.05 -2
    endloop
  endfacet
  facet normal 0.777112 -0.629362 -3.54398e-05
    outer loop
      vertex 21.1523 -16.776 -1.29262
      vertex 20.6832 -17.3553 0
      vertex 20.9878 -16.9791 -1.6207
    endloop
  endfacet
  facet normal 0.777091 -0.629388 0
    outer loop
      vertex 21.1523 -16.776 -2.70738
      vertex 21.2763 -16.6229 -3.4
      vertex 21.2763 -16.6229 -2.823
    endloop
  endfacet
  facet normal 0.777123 -0.629349 4.84985e-05
    outer loop
      vertex 20.6832 -17.3553 -3.4
      vertex 21.1523 -16.776 -2.70738
      vertex 20.9878 -16.9791 -2.3793
    endloop
  endfacet
  facet normal 0.777139 -0.629329 2.14325e-05
    outer loop
      vertex 21.1523 -16.776 -2.70738
      vertex 20.6832 -17.3553 -3.4
      vertex 21.2763 -16.6229 -3.4
    endloop
  endfacet
  facet normal 0.777198 -0.629256 -8.16733e-06
    outer loop
      vertex 20.9304 -17.05 -2
      vertex 20.6832 -17.3553 -3.4
      vertex 20.9878 -16.9791 -2.3793
    endloop
  endfacet
  facet normal 0.77718 -0.629279 0
    outer loop
      vertex 20.6832 -17.3553 -3.4
      vertex 20.9304 -17.05 -2
      vertex 20.6832 -17.3553 0
    endloop
  endfacet
  facet normal 0.087115 0.996198 -0
    outer loop
      vertex 2.82227 26.8521 -3.4
      vertex 1.88342 26.9342 0
      vertex 2.82227 26.8521 0
    endloop
  endfacet
  facet normal 0.087115 0.996198 0
    outer loop
      vertex 1.88342 26.9342 0
      vertex 2.82227 26.8521 -3.4
      vertex 1.88342 26.9342 -3.4
    endloop
  endfacet
  facet normal 0 0 -1
    outer loop
      vertex 1.88342 26.9342 -4
      vertex 1.95404 26.9281 -4
      vertex 2.46188 26.8836 -4
    endloop
  endfacet
  facet normal 0.156404 0.987693 -0
    outer loop
      vertex 4.6885 26.5898 -3.4
      vertex 3.75767 26.7372 0
      vertex 4.6885 26.5898 0
    endloop
  endfacet
  facet normal 0.156404 0.987693 0
    outer loop
      vertex 3.75767 26.7372 0
      vertex 4.6885 26.5898 -3.4
      vertex 3.75767 26.7372 -3.4
    endloop
  endfacet
  facet normal 0 0 -1
    outer loop
      vertex 3.75767 26.7372 -4
      vertex 4.61849 26.6009 -4
      vertex 4.6885 26.5898 -4
    endloop
  endfacet
  facet normal -0 0 -1
    outer loop
      vertex 24.2353 -11.8992 -4
      vertex 23.8396 -12.6757 -4
      vertex 24.2674 -11.836 -4
    endloop
  endfacet
  facet normal 0.891027 -0.45395 0
    outer loop
      vertex 23.8396 -12.6757 0
      vertex 24.2674 -11.836 -3.4
      vertex 24.2674 -11.836 0
    endloop
  endfacet
  facet normal 0.891027 -0.45395 0
    outer loop
      vertex 24.2674 -11.836 -3.4
      vertex 23.8396 -12.6757 0
      vertex 23.8396 -12.6757 -3.4
    endloop
  endfacet
  facet normal -0.945526 -0.325546 0
    outer loop
      vertex -25.3717 -9.23454 -3.4
      vertex -25.6785 -8.34346 0
      vertex -25.6785 -8.34346 -3.4
    endloop
  endfacet
  facet normal -0.945526 -0.325546 0
    outer loop
      vertex -25.6785 -8.34346 0
      vertex -25.3717 -9.23454 -3.4
      vertex -25.3717 -9.23454 0
    endloop
  endfacet
  facet normal 0.484796 -0.874627 0
    outer loop
      vertex 12.6757 -23.8396 -3.4
      vertex 13.5 -23.3827 0
      vertex 12.6757 -23.8396 0
    endloop
  endfacet
  facet normal 0.484796 -0.874627 0
    outer loop
      vertex 13.5 -23.3827 0
      vertex 12.6757 -23.8396 -3.4
      vertex 13.5 -23.3827 -3.4
    endloop
  endfacet
  facet normal -0 0 1
    outer loop
      vertex 12.7377 -23.8052 -4
      vertex 12.6757 -23.8396 -4
      vertex 13.1967 -23.5508 -4
    endloop
  endfacet
  facet normal 0 0 1
    outer loop
      vertex -21.2763 -16.6229 -4
      vertex -21.3189 -16.5662 -4
      vertex -21.8435 -15.8702 -4
    endloop
  endfacet
  facet normal -0.798518 -0.601971 0
    outer loop
      vertex -21.6726 -16.0969 -0.954478
      vertex -21.8435 -15.8702 0
      vertex -21.8435 -15.8702 -0.975484
    endloop
  endfacet
  facet normal -0.798682 -0.601754 -5.2043e-06
    outer loop
      vertex -21.2763 -16.6229 0
      vertex -21.6726 -16.0969 -0.954478
      vertex -21.393 -16.468 -1.06008
    endloop
  endfacet
  facet normal -0.798699 -0.601731 -0
    outer loop
      vertex -21.2763 -16.6229 0
      vertex -21.393 -16.468 -1.06008
      vertex -21.2763 -16.6229 -1.177
    endloop
  endfacet
  facet normal -0.798636 -0.601815 -5.8016e-05
    outer loop
      vertex -21.6726 -16.0969 -0.954478
      vertex -21.2763 -16.6229 0
      vertex -21.8435 -15.8702 0
    endloop
  endfacet
  facet normal -0.798518 -0.601971 0
    outer loop
      vertex -21.8435 -15.8702 -3.4
      vertex -21.6726 -16.0969 -3.04552
      vertex -21.8435 -15.8702 -3.02452
    endloop
  endfacet
  facet normal -0.798636 -0.601815 0.000156215
    outer loop
      vertex -21.2763 -16.6229 -3.4
      vertex -21.6726 -16.0969 -3.04552
      vertex -21.8435 -15.8702 -3.4
    endloop
  endfacet
  facet normal -0.798682 -0.601753 1.1398e-05
    outer loop
      vertex -21.6726 -16.0969 -3.04552
      vertex -21.2763 -16.6229 -3.4
      vertex -21.393 -16.468 -2.93992
    endloop
  endfacet
  facet normal -0.798699 -0.601731 0
    outer loop
      vertex -21.393 -16.468 -2.93992
      vertex -21.2763 -16.6229 -3.4
      vertex -21.2763 -16.6229 -2.823
    endloop
  endfacet
  facet normal 0 0 -1
    outer loop
      vertex -12.6757 23.8396 -4
      vertex -11.8992 24.2353 -4
      vertex -11.836 24.2674 -4
    endloop
  endfacet
  facet normal -0.45395 0.891027 0
    outer loop
      vertex -11.836 24.2674 -1.45
      vertex -12.6757 23.8396 0
      vertex -11.836 24.2674 0
    endloop
  endfacet
  facet normal -0.45395 0.891027 0
    outer loop
      vertex -12.6757 23.8396 0
      vertex -11.836 24.2674 -1.45
      vertex -12.6757 23.8396 -1.45
    endloop
  endfacet
  facet normal -0.45395 0.891027 0
    outer loop
      vertex -11.836 24.2674 -3.4
      vertex -12.6757 23.8396 -2.55
      vertex -11.836 24.2674 -2.55
    endloop
  endfacet
  facet normal -0.45395 0.891027 0
    outer loop
      vertex -12.6757 23.8396 -2.55
      vertex -11.836 24.2674 -3.4
      vertex -12.6757 23.8396 -3.4
    endloop
  endfacet
  facet normal 0.956287 -0.29243 0
    outer loop
      vertex 25.6785 -8.34346 0
      vertex 25.9541 -7.44221 -3.4
      vertex 25.9541 -7.44221 0
    endloop
  endfacet
  facet normal 0.956287 -0.29243 0
    outer loop
      vertex 25.9541 -7.44221 -3.4
      vertex 25.6785 -8.34346 0
      vertex 25.6785 -8.34346 -3.4
    endloop
  endfacet
  facet normal 0 0 1
    outer loop
      vertex 25.9541 -7.44221 -4
      vertex 25.9333 -7.50999 -4
      vertex 25.7593 -8.07913 -4
    endloop
  endfacet
  facet normal -0 0 1
    outer loop
      vertex 26.9379 -1.81264 -4
      vertex 26.9342 -1.88342 -4
      vertex 26.9836 -0.942286 -4
    endloop
  endfacet
  facet normal 0.998625 -0.0524177 0
    outer loop
      vertex 26.9342 -1.88342 0
      vertex 26.9836 -0.942286 -1.32087
      vertex 26.9836 -0.942286 0
    endloop
  endfacet
  facet normal 0.998625 -0.0524177 0
    outer loop
      vertex 26.9342 -1.88342 -1.45
      vertex 26.9836 -0.942286 -1.32087
      vertex 26.9342 -1.88342 0
    endloop
  endfacet
  facet normal 0.998626 -0.0524117 -4.38628e-05
    outer loop
      vertex 26.9836 -0.942286 -1.32087
      vertex 26.9342 -1.88342 -1.45
      vertex 26.9787 -1.03554 -1.45
    endloop
  endfacet
  facet normal 0.998626 -0.0524117 4.38628e-05
    outer loop
      vertex 26.9342 -1.88342 -2.55
      vertex 26.9836 -0.942286 -2.67913
      vertex 26.9787 -1.03554 -2.55
    endloop
  endfacet
  facet normal 0.998625 -0.0524177 0
    outer loop
      vertex 26.9836 -0.942286 -2.67913
      vertex 26.9342 -1.88342 -2.55
      vertex 26.9342 -1.88342 -3.4
    endloop
  endfacet
  facet normal 0.998625 -0.0524177 0
    outer loop
      vertex 26.9836 -0.942286 -2.67913
      vertex 26.9342 -1.88342 -3.4
      vertex 26.9836 -0.942286 -3.4
    endloop
  endfacet
  facet normal 0 0 1
    outer loop
      vertex -12.6757 -23.8396 -4
      vertex -12.7377 -23.8052 -4
      vertex -13.1967 -23.5508 -4
    endloop
  endfacet
  facet normal -0.484796 -0.874627 0
    outer loop
      vertex -13.5 -23.3827 -1.45
      vertex -12.6757 -23.8396 0
      vertex -13.5 -23.3827 0
    endloop
  endfacet
  facet normal -0.484796 -0.874627 -0
    outer loop
      vertex -12.6757 -23.8396 0
      vertex -13.5 -23.3827 -1.45
      vertex -12.6757 -23.8396 -1.45
    endloop
  endfacet
  facet normal -0.484796 -0.874627 0
    outer loop
      vertex -13.5 -23.3827 -3.4
      vertex -12.6757 -23.8396 -2.55
      vertex -13.5 -23.3827 -2.55
    endloop
  endfacet
  facet normal -0.484796 -0.874627 -0
    outer loop
      vertex -12.6757 -23.8396 -2.55
      vertex -13.5 -23.3827 -3.4
      vertex -12.6757 -23.8396 -3.4
    endloop
  endfacet
  facet normal -0.156404 0.987693 0
    outer loop
      vertex -3.75767 26.7372 -3.4
      vertex -4.6885 26.5898 0
      vertex -3.75767 26.7372 0
    endloop
  endfacet
  facet normal -0.156404 0.987693 0
    outer loop
      vertex -4.6885 26.5898 0
      vertex -3.75767 26.7372 -3.4
      vertex -4.6885 26.5898 -3.4
    endloop
  endfacet
  facet normal 0 0 -1
    outer loop
      vertex -4.6885 26.5898 -4
      vertex -4.61849 26.6009 -4
      vertex -3.75767 26.7372 -4
    endloop
  endfacet
  facet normal -0.838667 0.544645 0
    outer loop
      vertex -22.8973 14.3078 -3.4
      vertex -22.384 15.0982 0
      vertex -22.384 15.0982 -3.4
    endloop
  endfacet
  facet normal -0.838667 0.544645 0
    outer loop
      vertex -22.384 15.0982 0
      vertex -22.8973 14.3078 -3.4
      vertex -22.8973 14.3078 0
    endloop
  endfacet
  facet normal 0 0 -1
    outer loop
      vertex -22.384 15.0982 -4
      vertex -22.8973 14.3078 -4
      vertex -22.8587 14.3673 -4
    endloop
  endfacet
  facet normal 0 0 1
    outer loop
      vertex -0.400234 -26.993 -4
      vertex -0.871413 -26.9848 -4
      vertex -0.942286 -26.9836 -4
    endloop
  endfacet
  facet normal -0.0174018 -0.999849 0
    outer loop
      vertex -0.942286 -26.9836 -3.4
      vertex 0 -27 0
      vertex -0.942286 -26.9836 0
    endloop
  endfacet
  facet normal -0.0174018 -0.999849 -0
    outer loop
      vertex 0 -27 0
      vertex -0.942286 -26.9836 -3.4
      vertex 0 -27 -3.4
    endloop
  endfacet
  facet normal 0.681951 -0.731397 0
    outer loop
      vertex 18.0665 -20.0649 -3.4
      vertex 18.7558 -19.4222 0
      vertex 18.0665 -20.0649 0
    endloop
  endfacet
  facet normal 0.681951 -0.731397 0
    outer loop
      vertex 18.7558 -19.4222 0
      vertex 18.0665 -20.0649 -3.4
      vertex 18.7558 -19.4222 -3.4
    endloop
  endfacet
  facet normal -0 0 1
    outer loop
      vertex 18.7039 -19.4705 -4
      vertex 18.0665 -20.0649 -4
      vertex 18.7558 -19.4222 -4
    endloop
  endfacet
  facet normal 0 0 -1
    outer loop
      vertex -1.88342 -26.9342 -4
      vertex -1.95404 -26.9281 -4
      vertex -2.46188 -26.8836 -4
    endloop
  endfacet
  facet normal -0.087115 -0.996198 0
    outer loop
      vertex -2.82227 -26.8521 -3.4
      vertex -1.88342 -26.9342 0
      vertex -2.82227 -26.8521 0
    endloop
  endfacet
  facet normal -0.087115 -0.996198 -0
    outer loop
      vertex -1.88342 -26.9342 0
      vertex -2.82227 -26.8521 -3.4
      vertex -1.88342 -26.9342 -3.4
    endloop
  endfacet
  facet normal 0.544645 -0.838667 0
    outer loop
      vertex 14.3078 -22.8973 -3.4
      vertex 15.0982 -22.384 0
      vertex 14.3078 -22.8973 0
    endloop
  endfacet
  facet normal 0.544645 -0.838667 0
    outer loop
      vertex 15.0982 -22.384 0
      vertex 14.3078 -22.8973 -3.4
      vertex 15.0982 -22.384 -3.4
    endloop
  endfacet
  facet normal 0 0 -1
    outer loop
      vertex 15.0982 -22.384 -4
      vertex 14.3673 -22.8587 -4
      vertex 14.3078 -22.8973 -4
    endloop
  endfacet
  facet normal -0.121919 -0.99254 0
    outer loop
      vertex -3.75767 -26.7372 -3.4
      vertex -2.82227 -26.8521 0
      vertex -3.75767 -26.7372 0
    endloop
  endfacet
  facet normal -0.121919 -0.99254 -0
    outer loop
      vertex -2.82227 -26.8521 0
      vertex -3.75767 -26.7372 -3.4
      vertex -2.82227 -26.8521 -3.4
    endloop
  endfacet
  facet normal 0 0 -1
    outer loop
      vertex -3.68732 -26.7459 -4
      vertex -3.75767 -26.7372 -4
      vertex -2.9962 -26.8307 -4
    endloop
  endfacet
  facet normal 0 -0 -1
    outer loop
      vertex -17.4088 20.6367 -4
      vertex -17.3553 20.6832 -4
      vertex -18.0665 20.0649 -4
    endloop
  endfacet
  facet normal -0.656097 0.754676 0
    outer loop
      vertex -17.3553 20.6832 -1.45
      vertex -18.0665 20.0649 0
      vertex -17.3553 20.6832 0
    endloop
  endfacet
  facet normal -0.656097 0.754676 0
    outer loop
      vertex -18.0665 20.0649 0
      vertex -17.3553 20.6832 -1.45
      vertex -18.0665 20.0649 -1.45
    endloop
  endfacet
  facet normal -0.656097 0.754676 0
    outer loop
      vertex -17.3553 20.6832 -3.4
      vertex -18.0665 20.0649 -2.55
      vertex -17.3553 20.6832 -2.55
    endloop
  endfacet
  facet normal -0.656097 0.754676 0
    outer loop
      vertex -18.0665 20.0649 -2.55
      vertex -17.3553 20.6832 -3.4
      vertex -18.0665 20.0649 -3.4
    endloop
  endfacet
  facet normal -0 -0 -1
    outer loop
      vertex 26.9281 1.95404 -4
      vertex 26.9342 1.88342 -4
      vertex 26.8836 2.46188 -4
    endloop
  endfacet
  facet normal 0.996198 0.087115 0
    outer loop
      vertex 26.9342 1.88342 0
      vertex 26.8521 2.82227 -1.45
      vertex 26.8521 2.82227 0
    endloop
  endfacet
  facet normal 0.996198 0.087115 0
    outer loop
      vertex 26.8521 2.82227 -1.45
      vertex 26.9342 1.88342 0
      vertex 26.9342 1.88342 -1.45
    endloop
  endfacet
  facet normal 0.996198 0.087115 0
    outer loop
      vertex 26.9342 1.88342 -2.55
      vertex 26.8521 2.82227 -3.4
      vertex 26.8521 2.82227 -2.55
    endloop
  endfacet
  facet normal 0.996198 0.087115 0
    outer loop
      vertex 26.8521 2.82227 -3.4
      vertex 26.9342 1.88342 -2.55
      vertex 26.9342 1.88342 -3.4
    endloop
  endfacet
  facet normal -0.156404 -0.987693 0
    outer loop
      vertex -4.6885 -26.5898 -3.4
      vertex -3.75767 -26.7372 0
      vertex -4.6885 -26.5898 0
    endloop
  endfacet
  facet normal -0.156404 -0.987693 -0
    outer loop
      vertex -3.75767 -26.7372 0
      vertex -4.6885 -26.5898 -3.4
      vertex -3.75767 -26.7372 -3.4
    endloop
  endfacet
  facet normal 0 0 -1
    outer loop
      vertex -4.61849 -26.6009 -4
      vertex -4.6885 -26.5898 -4
      vertex -3.75767 -26.7372 -4
    endloop
  endfacet
  facet normal 0.99254 -0.121919 0
    outer loop
      vertex 26.7372 -3.75767 0
      vertex 26.8521 -2.82227 -1.45
      vertex 26.8521 -2.82227 0
    endloop
  endfacet
  facet normal 0.99254 -0.121919 0
    outer loop
      vertex 26.8521 -2.82227 -1.45
      vertex 26.7372 -3.75767 0
      vertex 26.7372 -3.75767 -1.45
    endloop
  endfacet
  facet normal 0 0 -1
    outer loop
      vertex 26.8307 -2.9962 -4
      vertex 26.7459 -3.68732 -4
      vertex 26.7372 -3.75767 -4
    endloop
  endfacet
  facet normal 0.99254 -0.121919 0
    outer loop
      vertex 26.7372 -3.75767 -2.55
      vertex 26.8521 -2.82227 -3.4
      vertex 26.8521 -2.82227 -2.55
    endloop
  endfacet
  facet normal 0.99254 -0.121919 0
    outer loop
      vertex 26.8521 -2.82227 -3.4
      vertex 26.7372 -3.75767 -2.55
      vertex 26.7372 -3.75767 -3.4
    endloop
  endfacet
  facet normal 0 0 1
    outer loop
      vertex -10.1144 25.034 -4
      vertex -10.0482 25.0594 -4
      vertex -9.23454 25.3717 -4
    endloop
  endfacet
  facet normal -0.358325 0.933597 0
    outer loop
      vertex -9.23454 25.3717 -1.45
      vertex -10.1144 25.034 0
      vertex -9.23454 25.3717 0
    endloop
  endfacet
  facet normal -0.358325 0.933597 0
    outer loop
      vertex -10.1144 25.034 0
      vertex -9.23454 25.3717 -1.45
      vertex -10.1144 25.034 -1.45
    endloop
  endfacet
  facet normal -0.358325 0.933597 0
    outer loop
      vertex -9.23454 25.3717 -3.4
      vertex -10.1144 25.034 -2.55
      vertex -9.23454 25.3717 -2.55
    endloop
  endfacet
  facet normal -0.358325 0.933597 0
    outer loop
      vertex -10.1144 25.034 -2.55
      vertex -9.23454 25.3717 -3.4
      vertex -10.1144 25.034 -3.4
    endloop
  endfacet
  facet normal 0 0 1
    outer loop
      vertex -7.44221 25.9541 -4
      vertex -7.37374 25.9724 -4
      vertex -6.53189 26.198 -4
    endloop
  endfacet
  facet normal -0.2588 0.965931 0
    outer loop
      vertex -6.53189 26.198 -3.4
      vertex -7.44221 25.9541 0
      vertex -6.53189 26.198 0
    endloop
  endfacet
  facet normal -0.2588 0.965931 0
    outer loop
      vertex -7.44221 25.9541 0
      vertex -6.53189 26.198 -3.4
      vertex -7.44221 25.9541 -3.4
    endloop
  endfacet
  facet normal 0 0 1
    outer loop
      vertex -10.1144 -25.034 -4
      vertex -10.1796 -25.0063 -4
      vertex -10.9819 -24.6657 -4
    endloop
  endfacet
  facet normal -0.390792 -0.920479 0
    outer loop
      vertex -10.9819 -24.6657 -1.45
      vertex -10.1144 -25.034 0
      vertex -10.9819 -24.6657 0
    endloop
  endfacet
  facet normal -0.390792 -0.920479 -0
    outer loop
      vertex -10.1144 -25.034 0
      vertex -10.9819 -24.6657 -1.45
      vertex -10.1144 -25.034 -1.45
    endloop
  endfacet
  facet normal -0.390792 -0.920479 0
    outer loop
      vertex -10.9819 -24.6657 -3.4
      vertex -10.1144 -25.034 -2.55
      vertex -10.9819 -24.6657 -2.55
    endloop
  endfacet
  facet normal -0.390792 -0.920479 -0
    outer loop
      vertex -10.1144 -25.034 -2.55
      vertex -10.9819 -24.6657 -3.4
      vertex -10.1144 -25.034 -3.4
    endloop
  endfacet
  facet normal 0.857156 0.515057 0
    outer loop
      vertex 23.3827 13.5 0
      vertex 22.8973 14.3078 -3.4
      vertex 22.8973 14.3078 0
    endloop
  endfacet
  facet normal 0.857156 0.515057 0
    outer loop
      vertex 22.8973 14.3078 -3.4
      vertex 23.3827 13.5 0
      vertex 23.3827 13.5 -3.4
    endloop
  endfacet
  facet normal 0 0 1
    outer loop
      vertex -25.7593 8.07913 -4
      vertex -25.9541 7.44221 -4
      vertex -25.9333 7.50999 -4
    endloop
  endfacet
  facet normal -0.956287 0.29243 0
    outer loop
      vertex -25.9541 7.44221 -3.4
      vertex -25.6785 8.34346 0
      vertex -25.6785 8.34346 -3.4
    endloop
  endfacet
  facet normal -0.956287 0.29243 0
    outer loop
      vertex -25.6785 8.34346 0
      vertex -25.9541 7.44221 -3.4
      vertex -25.9541 7.44221 0
    endloop
  endfacet
  facet normal 0.325546 0.945526 -0
    outer loop
      vertex 9.23454 25.3717 -3.4
      vertex 8.34346 25.6785 0
      vertex 9.23454 25.3717 0
    endloop
  endfacet
  facet normal 0.325546 0.945526 0
    outer loop
      vertex 8.34346 25.6785 0
      vertex 9.23454 25.3717 -3.4
      vertex 8.34346 25.6785 -3.4
    endloop
  endfacet
  facet normal 0 0 1
    outer loop
      vertex -23.8396 12.6757 -4
      vertex -23.8052 12.7377 -4
      vertex -23.5508 13.1967 -4
    endloop
  endfacet
  facet normal -0.874627 0.484796 0
    outer loop
      vertex -23.8396 12.6757 -3.4
      vertex -23.3827 13.5 0
      vertex -23.3827 13.5 -3.4
    endloop
  endfacet
  facet normal -0.874627 0.484796 0
    outer loop
      vertex -23.3827 13.5 0
      vertex -23.8396 12.6757 -3.4
      vertex -23.8396 12.6757 0
    endloop
  endfacet
  facet normal 0 0 1
    outer loop
      vertex -23.8052 -12.7377 -4
      vertex -23.8396 -12.6757 -4
      vertex -23.5508 -13.1967 -4
    endloop
  endfacet
  facet normal -0.874627 -0.484796 0
    outer loop
      vertex -23.3827 -13.5 -3.4
      vertex -23.8396 -12.6757 0
      vertex -23.8396 -12.6757 -3.4
    endloop
  endfacet
  facet normal -0.874627 -0.484796 0
    outer loop
      vertex -23.8396 -12.6757 0
      vertex -23.3827 -13.5 -3.4
      vertex -23.3827 -13.5 0
    endloop
  endfacet
  facet normal 0 0 1
    outer loop
      vertex -0.400234 26.993 -4
      vertex -0.942286 26.9836 -4
      vertex -0.871413 26.9848 -4
    endloop
  endfacet
  facet normal -0.0174018 0.999849 0
    outer loop
      vertex 0 27 -3.4
      vertex -0.942286 26.9836 0
      vertex 0 27 0
    endloop
  endfacet
  facet normal -0.0174018 0.999849 0
    outer loop
      vertex -0.942286 26.9836 0
      vertex 0 27 -3.4
      vertex -0.942286 26.9836 -3.4
    endloop
  endfacet
  facet normal 0 0 -1
    outer loop
      vertex 10.9819 24.6657 -4
      vertex 11.7718 24.2974 -4
      vertex 11.836 24.2674 -4
    endloop
  endfacet
  facet normal 0.422641 0.906297 -0
    outer loop
      vertex 11.836 24.2674 -3.4
      vertex 10.9819 24.6657 0
      vertex 11.836 24.2674 0
    endloop
  endfacet
  facet normal 0.422641 0.906297 0
    outer loop
      vertex 10.9819 24.6657 0
      vertex 11.836 24.2674 -3.4
      vertex 10.9819 24.6657 -3.4
    endloop
  endfacet
  facet normal -0.325546 0.945526 0
    outer loop
      vertex -8.34346 25.6785 -1.45
      vertex -9.23454 25.3717 0
      vertex -8.34346 25.6785 0
    endloop
  endfacet
  facet normal -0.325546 0.945526 0
    outer loop
      vertex -9.23454 25.3717 0
      vertex -8.34346 25.6785 -1.45
      vertex -9.23454 25.3717 -1.45
    endloop
  endfacet
  facet normal -0.325546 0.945526 0
    outer loop
      vertex -8.34346 25.6785 -3.4
      vertex -9.23454 25.3717 -2.55
      vertex -8.34346 25.6785 -2.55
    endloop
  endfacet
  facet normal -0.325546 0.945526 0
    outer loop
      vertex -9.23454 25.3717 -2.55
      vertex -8.34346 25.6785 -3.4
      vertex -9.23454 25.3717 -3.4
    endloop
  endfacet
  facet normal -0.087115 0.996198 0
    outer loop
      vertex -1.88342 26.9342 -3.4
      vertex -2.82227 26.8521 0
      vertex -1.88342 26.9342 0
    endloop
  endfacet
  facet normal -0.087115 0.996198 0
    outer loop
      vertex -2.82227 26.8521 0
      vertex -1.88342 26.9342 -3.4
      vertex -2.82227 26.8521 -3.4
    endloop
  endfacet
  facet normal 0 -0 -1
    outer loop
      vertex -1.95404 26.9281 -4
      vertex -1.88342 26.9342 -4
      vertex -2.46188 26.8836 -4
    endloop
  endfacet
  facet normal 0.656097 0.754676 -0
    outer loop
      vertex 18.0665 20.0649 -3.4
      vertex 17.3553 20.6832 0
      vertex 18.0665 20.0649 0
    endloop
  endfacet
  facet normal 0.656097 0.754676 0
    outer loop
      vertex 17.3553 20.6832 0
      vertex 18.0665 20.0649 -3.4
      vertex 17.3553 20.6832 -3.4
    endloop
  endfacet
  facet normal 0 0 -1
    outer loop
      vertex 17.3553 20.6832 -4
      vertex 17.4088 20.6367 -4
      vertex 18.0665 20.0649 -4
    endloop
  endfacet
  facet normal 0.656097 -0.754676 0
    outer loop
      vertex 17.3553 -20.6832 -3.4
      vertex 18.0665 -20.0649 0
      vertex 17.3553 -20.6832 0
    endloop
  endfacet
  facet normal 0.656097 -0.754676 0
    outer loop
      vertex 18.0665 -20.0649 0
      vertex 17.3553 -20.6832 -3.4
      vertex 18.0665 -20.0649 -3.4
    endloop
  endfacet
  facet normal -0 0 -1
    outer loop
      vertex 17.4088 -20.6367 -4
      vertex 17.3553 -20.6832 -4
      vertex 18.0665 -20.0649 -4
    endloop
  endfacet
  facet normal 0 0 -1
    outer loop
      vertex -20.6367 -17.4088 -4
      vertex -20.6832 -17.3553 -4
      vertex -20.0649 -18.0665 -4
    endloop
  endfacet
  facet normal -0.754676 -0.656097 0
    outer loop
      vertex -20.0649 -18.0665 -3.4
      vertex -20.6832 -17.3553 0
      vertex -20.6832 -17.3553 -3.4
    endloop
  endfacet
  facet normal -0.754676 -0.656097 0
    outer loop
      vertex -20.6832 -17.3553 0
      vertex -20.0649 -18.0665 -3.4
      vertex -20.0649 -18.0665 0
    endloop
  endfacet
  facet normal 0 0 1
    outer loop
      vertex 10.1144 -25.034 -4
      vertex 10.0482 -25.0594 -4
      vertex 9.23454 -25.3717 -4
    endloop
  endfacet
  facet normal 0.358325 -0.933597 0
    outer loop
      vertex 9.23454 -25.3717 -3.4
      vertex 10.1144 -25.034 0
      vertex 9.23454 -25.3717 0
    endloop
  endfacet
  facet normal 0.358325 -0.933597 0
    outer loop
      vertex 10.1144 -25.034 0
      vertex 9.23454 -25.3717 -3.4
      vertex 10.1144 -25.034 -3.4
    endloop
  endfacet
  facet normal -0.981632 0.190783 0
    outer loop
      vertex -26.5898 4.6885 -3.4
      vertex -26.41 5.61362 0
      vertex -26.41 5.61362 -3.4
    endloop
  endfacet
  facet normal -0.981632 0.190783 0
    outer loop
      vertex -26.41 5.61362 0
      vertex -26.5898 4.6885 -3.4
      vertex -26.5898 4.6885 0
    endloop
  endfacet
  facet normal 0 0 -1
    outer loop
      vertex -26.41 5.61362 -4
      vertex -26.5898 4.6885 -4
      vertex -26.5763 4.75808 -4
    endloop
  endfacet
  facet normal -0.224952 -0.97437 0
    outer loop
      vertex -6.53189 -26.198 -3.4
      vertex -5.61362 -26.41 0
      vertex -6.53189 -26.198 0
    endloop
  endfacet
  facet normal -0.224952 -0.97437 -0
    outer loop
      vertex -5.61362 -26.41 0
      vertex -6.53189 -26.198 -3.4
      vertex -5.61362 -26.41 -3.4
    endloop
  endfacet
  facet normal 0 0 1
    outer loop
      vertex -5.61362 -26.41 -4
      vertex -6.46282 -26.2139 -4
      vertex -6.53189 -26.198 -4
    endloop
  endfacet
  facet normal -0.573534 -0.819182 0
    outer loop
      vertex -15.8702 -21.8435 -1.45
      vertex -15.0982 -22.384 0
      vertex -15.8702 -21.8435 0
    endloop
  endfacet
  facet normal -0.573534 -0.819182 -0
    outer loop
      vertex -15.0982 -22.384 0
      vertex -15.8702 -21.8435 -1.45
      vertex -15.0982 -22.384 -1.45
    endloop
  endfacet
  facet normal 0 0 1
    outer loop
      vertex -15.0982 -22.384 -4
      vertex -15.8121 -21.8841 -4
      vertex -15.8702 -21.8435 -4
    endloop
  endfacet
  facet normal -0.573534 -0.819182 0
    outer loop
      vertex -15.8702 -21.8435 -3.4
      vertex -15.0982 -22.384 -2.55
      vertex -15.8702 -21.8435 -2.55
    endloop
  endfacet
  facet normal -0.573534 -0.819182 -0
    outer loop
      vertex -15.0982 -22.384 -2.55
      vertex -15.8702 -21.8435 -3.4
      vertex -15.0982 -22.384 -3.4
    endloop
  endfacet
  facet normal -0.819182 0.573534 0
    outer loop
      vertex -22.384 15.0982 -3.4
      vertex -21.8435 15.8702 0
      vertex -21.8435 15.8702 -3.4
    endloop
  endfacet
  facet normal -0.819182 0.573534 0
    outer loop
      vertex -21.8435 15.8702 0
      vertex -22.384 15.0982 -3.4
      vertex -22.384 15.0982 0
    endloop
  endfacet
  facet normal 0 0 1
    outer loop
      vertex -22.384 15.0982 -4
      vertex -21.8841 15.8121 -4
      vertex -21.8435 15.8702 -4
    endloop
  endfacet
  facet normal 0 0 -1
    outer loop
      vertex 11.836 -24.2674 -4
      vertex 11.7718 -24.2974 -4
      vertex 10.9819 -24.6657 -4
    endloop
  endfacet
  facet normal 0.422641 -0.906297 0
    outer loop
      vertex 10.9819 -24.6657 -3.4
      vertex 11.836 -24.2674 0
      vertex 10.9819 -24.6657 0
    endloop
  endfacet
  facet normal 0.422641 -0.906297 0
    outer loop
      vertex 11.836 -24.2674 0
      vertex 10.9819 -24.6657 -3.4
      vertex 11.836 -24.2674 -3.4
    endloop
  endfacet
  facet normal 0.358325 0.933597 -0
    outer loop
      vertex 10.1144 25.034 -3.4
      vertex 9.23454 25.3717 0
      vertex 10.1144 25.034 0
    endloop
  endfacet
  facet normal 0.358325 0.933597 0
    outer loop
      vertex 9.23454 25.3717 0
      vertex 10.1144 25.034 -3.4
      vertex 9.23454 25.3717 -3.4
    endloop
  endfacet
  facet normal 0 0 1
    outer loop
      vertex 9.23454 25.3717 -4
      vertex 10.0482 25.0594 -4
      vertex 10.1144 25.034 -4
    endloop
  endfacet
  facet normal 0.754676 0.656097 0
    outer loop
      vertex 20.6832 17.3553 0
      vertex 20.0649 18.0665 -3.4
      vertex 20.0649 18.0665 0
    endloop
  endfacet
  facet normal 0.754676 0.656097 0
    outer loop
      vertex 20.0649 18.0665 -3.4
      vertex 20.6832 17.3553 0
      vertex 20.6832 17.3553 -3.4
    endloop
  endfacet
  facet normal -0 -0 -1
    outer loop
      vertex 20.6367 17.4088 -4
      vertex 20.6832 17.3553 -4
      vertex 20.0649 18.0665 -4
    endloop
  endfacet
  facet normal 0.0524177 0.998625 -0
    outer loop
      vertex 1.88342 26.9342 -3.4
      vertex 0.942286 26.9836 0
      vertex 1.88342 26.9342 0
    endloop
  endfacet
  facet normal 0.0524177 0.998625 0
    outer loop
      vertex 0.942286 26.9836 0
      vertex 1.88342 26.9342 -3.4
      vertex 0.942286 26.9836 -3.4
    endloop
  endfacet
  facet normal 0 0 1
    outer loop
      vertex 0.942286 26.9836 -4
      vertex 1.81264 26.9379 -4
      vertex 1.88342 26.9342 -4
    endloop
  endfacet
  facet normal 0.798636 0.601815 0
    outer loop
      vertex 21.8435 15.8702 0
      vertex 21.2763 16.6229 -3.4
      vertex 21.2763 16.6229 0
    endloop
  endfacet
  facet normal 0.798636 0.601815 0
    outer loop
      vertex 21.2763 16.6229 -3.4
      vertex 21.8435 15.8702 0
      vertex 21.8435 15.8702 -3.4
    endloop
  endfacet
  facet normal -0 -0 1
    outer loop
      vertex 21.3189 16.5662 -4
      vertex 21.8435 15.8702 -4
      vertex 21.2763 16.6229 -4
    endloop
  endfacet
  facet normal 0.325546 -0.945526 0
    outer loop
      vertex 8.34346 -25.6785 -3.4
      vertex 9.23454 -25.3717 0
      vertex 8.34346 -25.6785 0
    endloop
  endfacet
  facet normal 0.325546 -0.945526 0
    outer loop
      vertex 9.23454 -25.3717 0
      vertex 8.34346 -25.6785 -3.4
      vertex 9.23454 -25.3717 -3.4
    endloop
  endfacet
  facet normal 0.224952 0.97437 -0
    outer loop
      vertex 6.53189 26.198 -3.4
      vertex 5.61362 26.41 0
      vertex 6.53189 26.198 0
    endloop
  endfacet
  facet normal 0.224952 0.97437 0
    outer loop
      vertex 5.61362 26.41 0
      vertex 6.53189 26.198 -3.4
      vertex 5.61362 26.41 -3.4
    endloop
  endfacet
  facet normal 0 0 1
    outer loop
      vertex 5.61362 26.41 -4
      vertex 6.46282 26.2139 -4
      vertex 6.53189 26.198 -4
    endloop
  endfacet
  facet normal 0 0 1
    outer loop
      vertex -15.8702 21.8435 -4
      vertex -15.8121 21.8841 -4
      vertex -15.0982 22.384 -4
    endloop
  endfacet
  facet normal -0.573534 0.819182 0
    outer loop
      vertex -15.0982 22.384 -1.45
      vertex -15.8702 21.8435 0
      vertex -15.0982 22.384 0
    endloop
  endfacet
  facet normal -0.573534 0.819182 0
    outer loop
      vertex -15.8702 21.8435 0
      vertex -15.0982 22.384 -1.45
      vertex -15.8702 21.8435 -1.45
    endloop
  endfacet
  facet normal -0.573534 0.819182 0
    outer loop
      vertex -15.0982 22.384 -3.4
      vertex -15.8702 21.8435 -2.55
      vertex -15.0982 22.384 -2.55
    endloop
  endfacet
  facet normal -0.573534 0.819182 0
    outer loop
      vertex -15.8702 21.8435 -2.55
      vertex -15.0982 22.384 -3.4
      vertex -15.8702 21.8435 -3.4
    endloop
  endfacet
  facet normal -0 -0 1
    outer loop
      vertex 25.0063 10.1796 -4
      vertex 25.034 10.1144 -4
      vertex 24.6657 10.9819 -4
    endloop
  endfacet
  facet normal 0.920479 0.390792 0
    outer loop
      vertex 25.034 10.1144 0
      vertex 24.6657 10.9819 -3.4
      vertex 24.6657 10.9819 0
    endloop
  endfacet
  facet normal 0.920479 0.390792 0
    outer loop
      vertex 24.6657 10.9819 -3.4
      vertex 25.034 10.1144 0
      vertex 25.034 10.1144 -3.4
    endloop
  endfacet
  facet normal 0 -0 1
    outer loop
      vertex -6.46282 26.2139 -4
      vertex -5.61362 26.41 -4
      vertex -6.53189 26.198 -4
    endloop
  endfacet
  facet normal -0.224952 0.97437 0
    outer loop
      vertex -5.61362 26.41 -3.4
      vertex -6.53189 26.198 0
      vertex -5.61362 26.41 0
    endloop
  endfacet
  facet normal -0.224952 0.97437 0
    outer loop
      vertex -6.53189 26.198 0
      vertex -5.61362 26.41 -3.4
      vertex -6.53189 26.198 -3.4
    endloop
  endfacet
  facet normal 0.987693 -0.156404 0
    outer loop
      vertex 26.5898 -4.6885 0
      vertex 26.7372 -3.75767 -1.45
      vertex 26.7372 -3.75767 0
    endloop
  endfacet
  facet normal 0.987693 -0.156404 0
    outer loop
      vertex 26.7372 -3.75767 -1.45
      vertex 26.5898 -4.6885 0
      vertex 26.5898 -4.6885 -1.45
    endloop
  endfacet
  facet normal -0 0 -1
    outer loop
      vertex 26.6009 -4.61849 -4
      vertex 26.5898 -4.6885 -4
      vertex 26.7372 -3.75767 -4
    endloop
  endfacet
  facet normal 0.987693 -0.156404 0
    outer loop
      vertex 26.5898 -4.6885 -2.55
      vertex 26.7372 -3.75767 -3.4
      vertex 26.7372 -3.75767 -2.55
    endloop
  endfacet
  facet normal 0.987693 -0.156404 0
    outer loop
      vertex 26.7372 -3.75767 -3.4
      vertex 26.5898 -4.6885 -2.55
      vertex 26.5898 -4.6885 -3.4
    endloop
  endfacet
  facet normal 0 0 -1
    outer loop
      vertex 11.836 24.2674 -4
      vertex 11.8992 24.2353 -4
      vertex 12.6757 23.8396 -4
    endloop
  endfacet
  facet normal 0.45395 0.891027 -0
    outer loop
      vertex 12.6757 23.8396 -3.4
      vertex 11.836 24.2674 0
      vertex 12.6757 23.8396 0
    endloop
  endfacet
  facet normal 0.45395 0.891027 0
    outer loop
      vertex 11.836 24.2674 0
      vertex 12.6757 23.8396 -3.4
      vertex 11.836 24.2674 -3.4
    endloop
  endfacet
  facet normal -0.190783 0.981632 0
    outer loop
      vertex -4.6885 26.5898 -3.4
      vertex -5.61362 26.41 0
      vertex -4.6885 26.5898 0
    endloop
  endfacet
  facet normal -0.190783 0.981632 0
    outer loop
      vertex -5.61362 26.41 0
      vertex -4.6885 26.5898 -3.4
      vertex -5.61362 26.41 -3.4
    endloop
  endfacet
  facet normal 0 0 -1
    outer loop
      vertex -4.6885 26.5898 -4
      vertex -5.61362 26.41 -4
      vertex -4.75808 26.5763 -4
    endloop
  endfacet
  facet normal 0.573534 -0.819182 0
    outer loop
      vertex 15.0982 -22.384 -3.4
      vertex 15.8702 -21.8435 0
      vertex 15.0982 -22.384 0
    endloop
  endfacet
  facet normal 0.573534 -0.819182 0
    outer loop
      vertex 15.8702 -21.8435 0
      vertex 15.0982 -22.384 -3.4
      vertex 15.8702 -21.8435 -3.4
    endloop
  endfacet
  facet normal 0 0 1
    outer loop
      vertex 15.8702 -21.8435 -4
      vertex 15.8121 -21.8841 -4
      vertex 15.0982 -22.384 -4
    endloop
  endfacet
  facet normal 0 0 -1
    outer loop
      vertex -20.6832 17.3553 -4
      vertex -20.6367 17.4088 -4
      vertex -20.0649 18.0665 -4
    endloop
  endfacet
  facet normal -0.754676 0.656097 0
    outer loop
      vertex -20.6832 17.3553 -3.4
      vertex -20.0649 18.0665 0
      vertex -20.0649 18.0665 -3.4
    endloop
  endfacet
  facet normal -0.754676 0.656097 0
    outer loop
      vertex -20.0649 18.0665 0
      vertex -20.6832 17.3553 -3.4
      vertex -20.6832 17.3553 0
    endloop
  endfacet
  facet normal 0 0 -1
    outer loop
      vertex -7.15061 -5.08728 -4
      vertex -6.2 22.9 -4
      vertex -7.00001 -5.40001 -4
    endloop
  endfacet
  facet normal 0 0 -1
    outer loop
      vertex -7.489 -5.01004 -4
      vertex -6.2 22.9 -4
      vertex -7.15061 -5.08728 -4
    endloop
  endfacet
  facet normal 0 0 -1
    outer loop
      vertex -6.2 22.9 -4
      vertex -7.44221 25.9541 -4
      vertex -6.53189 26.198 -4
    endloop
  endfacet
  facet normal 0 0 -1
    outer loop
      vertex -18.7558 19.4222 -4
      vertex -6.2 22.9 -4
      vertex -7.489 -5.01004 -4
    endloop
  endfacet
  facet normal 0 0 -1
    outer loop
      vertex -25.9541 7.44221 -4
      vertex -7.489 -5.01004 -4
      vertex -7.76038 -5.22646 -4
    endloop
  endfacet
  facet normal 0 0 -1
    outer loop
      vertex -10.1144 -25.034 -4
      vertex -7.489 -20.24 -4
      vertex -9.23454 -25.3717 -4
    endloop
  endfacet
  facet normal 0 0 -1
    outer loop
      vertex -6.2 22.9 -4
      vertex -8.07913 25.7593 -4
      vertex -7.44221 25.9541 -4
    endloop
  endfacet
  facet normal 0 0 -1
    outer loop
      vertex -8.41048 -25.6554 -4
      vertex -8.07913 -25.7593 -4
      vertex -8.34346 -25.6785 -4
    endloop
  endfacet
  facet normal 0 0 -1
    outer loop
      vertex -8.63843 -25.577 -4
      vertex -8.07913 -25.7593 -4
      vertex -8.41048 -25.6554 -4
    endloop
  endfacet
  facet normal -0 0 -1
    outer loop
      vertex -7.489 -20.24 -4
      vertex -10.1144 -25.034 -4
      vertex -7.76038 -20.0235 -4
    endloop
  endfacet
  facet normal 0 0 -1
    outer loop
      vertex -6.2 22.9 -4
      vertex -8.34346 25.6785 -4
      vertex -8.07913 25.7593 -4
    endloop
  endfacet
  facet normal 0 -0 -1
    outer loop
      vertex -8.41048 25.6554 -4
      vertex -6.2 22.9 -4
      vertex -8.63843 25.577 -4
    endloop
  endfacet
  facet normal 0 -0 -1
    outer loop
      vertex -8.34346 25.6785 -4
      vertex -6.2 22.9 -4
      vertex -8.41048 25.6554 -4
    endloop
  endfacet
  facet normal 0 0 -1
    outer loop
      vertex -10.9819 -24.6657 -4
      vertex -7.76038 -20.0235 -4
      vertex -10.1144 -25.034 -4
    endloop
  endfacet
  facet normal 0 0 -1
    outer loop
      vertex -6.2 22.9 -4
      vertex -9.23454 25.3717 -4
      vertex -8.63843 25.577 -4
    endloop
  endfacet
  facet normal 0 0 -1
    outer loop
      vertex -11.836 -24.2674 -4
      vertex -7.76038 -20.0235 -4
      vertex -10.9819 -24.6657 -4
    endloop
  endfacet
  facet normal 0 0 -1
    outer loop
      vertex -6.2 22.9 -4
      vertex -10.1144 25.034 -4
      vertex -9.23454 25.3717 -4
    endloop
  endfacet
  facet normal 0 0 -1
    outer loop
      vertex -12.6757 -23.8396 -4
      vertex -7.76038 -20.0235 -4
      vertex -11.836 -24.2674 -4
    endloop
  endfacet
  facet normal 0 0 -1
    outer loop
      vertex -6.2 22.9 -4
      vertex -10.9819 24.6657 -4
      vertex -10.1144 25.034 -4
    endloop
  endfacet
  facet normal 0 0 -1
    outer loop
      vertex -13.1967 -23.5508 -4
      vertex -7.76038 -20.0235 -4
      vertex -12.6757 -23.8396 -4
    endloop
  endfacet
  facet normal 0 0 -1
    outer loop
      vertex -6.2 22.9 -4
      vertex -11.836 24.2674 -4
      vertex -10.9819 24.6657 -4
    endloop
  endfacet
  facet normal 0 0 -1
    outer loop
      vertex -13.5 -23.3827 -4
      vertex -7.76038 -20.0235 -4
      vertex -13.1967 -23.5508 -4
    endloop
  endfacet
  facet normal 0 0 -1
    outer loop
      vertex -6.2 22.9 -4
      vertex -12.6757 23.8396 -4
      vertex -11.836 24.2674 -4
    endloop
  endfacet
  facet normal 0 0 -1
    outer loop
      vertex -13.9272 -23.126 -4
      vertex -7.76038 -20.0235 -4
      vertex -13.5608 -23.3462 -4
    endloop
  endfacet
  facet normal 0 0 -1
    outer loop
      vertex -6.2 22.9 -4
      vertex -13.1967 23.5508 -4
      vertex -12.6757 23.8396 -4
    endloop
  endfacet
  facet normal 0 0 -1
    outer loop
      vertex -7.76038 -20.0235 -4
      vertex -13.5 -23.3827 -4
      vertex -13.5608 -23.3462 -4
    endloop
  endfacet
  facet normal 0 0 -1
    outer loop
      vertex -14.3078 -22.8973 -4
      vertex -7.76038 -20.0235 -4
      vertex -13.9272 -23.126 -4
    endloop
  endfacet
  facet normal 0 0 -1
    outer loop
      vertex -15.0982 -22.384 -4
      vertex -7.76038 -20.0235 -4
      vertex -14.3078 -22.8973 -4
    endloop
  endfacet
  facet normal 0 0 -1
    outer loop
      vertex -13.1967 23.5508 -4
      vertex -13.5608 23.3462 -4
      vertex -13.5 23.3827 -4
    endloop
  endfacet
  facet normal 0 -0 -1
    outer loop
      vertex -13.5608 23.3462 -4
      vertex -6.2 22.9 -4
      vertex -13.9272 23.126 -4
    endloop
  endfacet
  facet normal 0 0 -1
    outer loop
      vertex -6.2 22.9 -4
      vertex -13.5608 23.3462 -4
      vertex -13.1967 23.5508 -4
    endloop
  endfacet
  facet normal 0 0 -1
    outer loop
      vertex -15.8702 -21.8435 -4
      vertex -7.76038 -20.0235 -4
      vertex -15.0982 -22.384 -4
    endloop
  endfacet
  facet normal -0 0 -1
    outer loop
      vertex -6.2 22.9 -4
      vertex -14.3078 22.8973 -4
      vertex -13.9272 23.126 -4
    endloop
  endfacet
  facet normal 0 0 -1
    outer loop
      vertex -16.6229 -21.2763 -4
      vertex -7.76038 -20.0235 -4
      vertex -15.8702 -21.8435 -4
    endloop
  endfacet
  facet normal 0 0 -1
    outer loop
      vertex -6.2 22.9 -4
      vertex -15.0982 22.384 -4
      vertex -14.3078 22.8973 -4
    endloop
  endfacet
  facet normal 0 0 -1
    outer loop
      vertex -17.3553 -20.6832 -4
      vertex -7.76038 -20.0235 -4
      vertex -16.6229 -21.2763 -4
    endloop
  endfacet
  facet normal 0 0 -1
    outer loop
      vertex -6.2 22.9 -4
      vertex -15.8702 21.8435 -4
      vertex -15.0982 22.384 -4
    endloop
  endfacet
  facet normal 0 0 -1
    outer loop
      vertex -18.0665 -20.0649 -4
      vertex -7.76038 -20.0235 -4
      vertex -17.3553 -20.6832 -4
    endloop
  endfacet
  facet normal 0 0 -1
    outer loop
      vertex -6.2 22.9 -4
      vertex -16.6229 21.2763 -4
      vertex -15.8702 21.8435 -4
    endloop
  endfacet
  facet normal 0 0 -1
    outer loop
      vertex -18.7558 -19.4222 -4
      vertex -7.76038 -20.0235 -4
      vertex -18.0665 -20.0649 -4
    endloop
  endfacet
  facet normal 0 0 -1
    outer loop
      vertex -6.2 22.9 -4
      vertex -17.3553 20.6832 -4
      vertex -16.6229 21.2763 -4
    endloop
  endfacet
  facet normal 0 0 -1
    outer loop
      vertex -19.4222 -18.7558 -4
      vertex -7.76038 -20.0235 -4
      vertex -18.7558 -19.4222 -4
    endloop
  endfacet
  facet normal 0 0 -1
    outer loop
      vertex -6.2 22.9 -4
      vertex -18.0665 20.0649 -4
      vertex -17.3553 20.6832 -4
    endloop
  endfacet
  facet normal 0 0 -1
    outer loop
      vertex -7.76038 -20.0235 -4
      vertex -19.4222 -18.7558 -4
      vertex -7.76038 -5.22646 -4
    endloop
  endfacet
  facet normal 0 0 -1
    outer loop
      vertex -6.2 22.9 -4
      vertex -18.7558 19.4222 -4
      vertex -18.0665 20.0649 -4
    endloop
  endfacet
  facet normal 0 0 -1
    outer loop
      vertex -20.0649 -18.0665 -4
      vertex -7.76038 -5.22646 -4
      vertex -19.4222 -18.7558 -4
    endloop
  endfacet
  facet normal 0 0 -1
    outer loop
      vertex -7.489 -5.01004 -4
      vertex -19.4222 18.7558 -4
      vertex -18.7558 19.4222 -4
    endloop
  endfacet
  facet normal 0 0 -1
    outer loop
      vertex -20.6832 -17.3553 -4
      vertex -7.76038 -5.22646 -4
      vertex -20.0649 -18.0665 -4
    endloop
  endfacet
  facet normal 0 0 -1
    outer loop
      vertex -7.489 -5.01004 -4
      vertex -20.0649 18.0665 -4
      vertex -19.4222 18.7558 -4
    endloop
  endfacet
  facet normal 0 0 -1
    outer loop
      vertex -21.2763 -16.6229 -4
      vertex -7.76038 -5.22646 -4
      vertex -20.6832 -17.3553 -4
    endloop
  endfacet
  facet normal 0 0 -1
    outer loop
      vertex -7.489 -5.01004 -4
      vertex -20.6832 17.3553 -4
      vertex -20.0649 18.0665 -4
    endloop
  endfacet
  facet normal 0 0 -1
    outer loop
      vertex -21.8435 -15.8702 -4
      vertex -7.76038 -5.22646 -4
      vertex -21.2763 -16.6229 -4
    endloop
  endfacet
  facet normal 0 0 -1
    outer loop
      vertex -7.489 -5.01004 -4
      vertex -21.2763 16.6229 -4
      vertex -20.6832 17.3553 -4
    endloop
  endfacet
  facet normal 0 0 -1
    outer loop
      vertex -22.384 -15.0982 -4
      vertex -7.76038 -5.22646 -4
      vertex -21.8435 -15.8702 -4
    endloop
  endfacet
  facet normal 0 0 -1
    outer loop
      vertex -7.489 -5.01004 -4
      vertex -21.8435 15.8702 -4
      vertex -21.2763 16.6229 -4
    endloop
  endfacet
  facet normal 0 0 -1
    outer loop
      vertex -22.8973 -14.3078 -4
      vertex -7.76038 -5.22646 -4
      vertex -22.384 -15.0982 -4
    endloop
  endfacet
  facet normal 0 0 -1
    outer loop
      vertex -7.489 -5.01004 -4
      vertex -22.384 15.0982 -4
      vertex -21.8435 15.8702 -4
    endloop
  endfacet
  facet normal 0 0 -1
    outer loop
      vertex -23.126 -13.9272 -4
      vertex -7.76038 -5.22646 -4
      vertex -22.8973 -14.3078 -4
    endloop
  endfacet
  facet normal 0 0 -1
    outer loop
      vertex -7.489 -5.01004 -4
      vertex -22.8973 14.3078 -4
      vertex -22.384 15.0982 -4
    endloop
  endfacet
  facet normal 0 0 -1
    outer loop
      vertex -23.3462 -13.5608 -4
      vertex -7.76038 -5.22646 -4
      vertex -23.126 -13.9272 -4
    endloop
  endfacet
  facet normal 0 0 -1
    outer loop
      vertex -7.489 -5.01004 -4
      vertex -23.126 13.9272 -4
      vertex -22.8973 14.3078 -4
    endloop
  endfacet
  facet normal 0 0 -1
    outer loop
      vertex -7.76038 -5.22646 -4
      vertex -23.3462 -13.5608 -4
      vertex -23.5508 -13.1967 -4
    endloop
  endfacet
  facet normal 0 0 -1
    outer loop
      vertex -23.8396 -12.6757 -4
      vertex -7.76038 -5.22646 -4
      vertex -23.5508 -13.1967 -4
    endloop
  endfacet
  facet normal 0 0 -1
    outer loop
      vertex -23.5508 -13.1967 -4
      vertex -23.3462 -13.5608 -4
      vertex -23.3827 -13.5 -4
    endloop
  endfacet
  facet normal 0 0 -1
    outer loop
      vertex -7.489 -5.01004 -4
      vertex -23.5508 13.1967 -4
      vertex -23.126 13.9272 -4
    endloop
  endfacet
  facet normal 0 0 -1
    outer loop
      vertex -23.126 13.9272 -4
      vertex -23.5508 13.1967 -4
      vertex -23.3462 13.5608 -4
    endloop
  endfacet
  facet normal 0 0 -1
    outer loop
      vertex -23.3462 13.5608 -4
      vertex -23.5508 13.1967 -4
      vertex -23.3827 13.5 -4
    endloop
  endfacet
  facet normal 0 0 -1
    outer loop
      vertex -24.2674 -11.836 -4
      vertex -7.76038 -5.22646 -4
      vertex -23.8396 -12.6757 -4
    endloop
  endfacet
  facet normal 0 0 -1
    outer loop
      vertex -7.489 -5.01004 -4
      vertex -23.8396 12.6757 -4
      vertex -23.5508 13.1967 -4
    endloop
  endfacet
  facet normal 0 0 -1
    outer loop
      vertex -24.6657 -10.9819 -4
      vertex -7.76038 -5.22646 -4
      vertex -24.2674 -11.836 -4
    endloop
  endfacet
  facet normal 0 0 -1
    outer loop
      vertex -7.489 -5.01004 -4
      vertex -24.2674 11.836 -4
      vertex -23.8396 12.6757 -4
    endloop
  endfacet
  facet normal 0 0 -1
    outer loop
      vertex -25.034 -10.1144 -4
      vertex -7.76038 -5.22646 -4
      vertex -24.6657 -10.9819 -4
    endloop
  endfacet
  facet normal 0 0 -1
    outer loop
      vertex -7.489 -5.01004 -4
      vertex -24.6657 10.9819 -4
      vertex -24.2674 11.836 -4
    endloop
  endfacet
  facet normal 0 0 -1
    outer loop
      vertex -25.3717 -9.23454 -4
      vertex -7.76038 -5.22646 -4
      vertex -25.034 -10.1144 -4
    endloop
  endfacet
  facet normal 0 0 -1
    outer loop
      vertex -7.489 -5.01004 -4
      vertex -25.034 10.1144 -4
      vertex -24.6657 10.9819 -4
    endloop
  endfacet
  facet normal 0 0 -1
    outer loop
      vertex -25.577 -8.63843 -4
      vertex -7.76038 -5.22646 -4
      vertex -25.3717 -9.23454 -4
    endloop
  endfacet
  facet normal 0 0 -1
    outer loop
      vertex -7.489 -5.01004 -4
      vertex -25.3717 9.23454 -4
      vertex -25.034 10.1144 -4
    endloop
  endfacet
  facet normal 0 0 -1
    outer loop
      vertex -25.7593 -8.07913 -4
      vertex -7.76038 -5.22646 -4
      vertex -25.577 -8.63843 -4
    endloop
  endfacet
  facet normal 0 0 -1
    outer loop
      vertex -7.489 -5.01004 -4
      vertex -25.577 8.63843 -4
      vertex -25.3717 9.23454 -4
    endloop
  endfacet
  facet normal 0 0 -1
    outer loop
      vertex -25.7593 -8.07913 -4
      vertex -25.577 -8.63843 -4
      vertex -25.6554 -8.41048 -4
    endloop
  endfacet
  facet normal 0 0 -1
    outer loop
      vertex -25.9541 -7.44221 -4
      vertex -7.76038 -5.22646 -4
      vertex -25.7593 -8.07913 -4
    endloop
  endfacet
  facet normal 0 0 -1
    outer loop
      vertex -25.7593 -8.07913 -4
      vertex -25.6554 -8.41048 -4
      vertex -25.6785 -8.34346 -4
    endloop
  endfacet
  facet normal 0 0 -1
    outer loop
      vertex -7.489 -5.01004 -4
      vertex -25.7593 8.07913 -4
      vertex -25.577 8.63843 -4
    endloop
  endfacet
  facet normal 0 0 -1
    outer loop
      vertex -25.577 8.63843 -4
      vertex -25.7593 8.07913 -4
      vertex -25.6554 8.41048 -4
    endloop
  endfacet
  facet normal 0 0 -1
    outer loop
      vertex -25.6554 8.41048 -4
      vertex -25.7593 8.07913 -4
      vertex -25.6785 8.34346 -4
    endloop
  endfacet
  facet normal 0 0 -1
    outer loop
      vertex -26.198 -6.53189 -4
      vertex -7.76038 -5.22646 -4
      vertex -25.9541 -7.44221 -4
    endloop
  endfacet
  facet normal 0 0 -1
    outer loop
      vertex -7.489 -5.01004 -4
      vertex -25.9541 7.44221 -4
      vertex -25.7593 8.07913 -4
    endloop
  endfacet
  facet normal 0 0 -1
    outer loop
      vertex -26.41 -5.61362 -4
      vertex -7.76038 -5.22646 -4
      vertex -26.198 -6.53189 -4
    endloop
  endfacet
  facet normal 0 0 -1
    outer loop
      vertex -7.76038 -5.22646 -4
      vertex -26.198 6.53189 -4
      vertex -25.9541 7.44221 -4
    endloop
  endfacet
  facet normal 0 0 -1
    outer loop
      vertex -26.5898 -4.6885 -4
      vertex -7.76038 -5.22646 -4
      vertex -26.41 -5.61362 -4
    endloop
  endfacet
  facet normal 0 0 -1
    outer loop
      vertex -7.76038 -5.22646 -4
      vertex -26.41 5.61362 -4
      vertex -26.198 6.53189 -4
    endloop
  endfacet
  facet normal 0 0 -1
    outer loop
      vertex -26.7372 -3.75767 -4
      vertex -7.76038 -5.22646 -4
      vertex -26.5898 -4.6885 -4
    endloop
  endfacet
  facet normal 0 0 -1
    outer loop
      vertex -7.76038 -5.22646 -4
      vertex -26.5898 4.6885 -4
      vertex -26.41 5.61362 -4
    endloop
  endfacet
  facet normal 0 0 -1
    outer loop
      vertex -26.8307 -2.9962 -4
      vertex -7.76038 -5.22646 -4
      vertex -26.7372 -3.75767 -4
    endloop
  endfacet
  facet normal 0 0 -1
    outer loop
      vertex -7.76038 -5.22646 -4
      vertex -26.7372 3.75767 -4
      vertex -26.5898 4.6885 -4
    endloop
  endfacet
  facet normal 0 0 -1
    outer loop
      vertex -26.8836 -2.46188 -4
      vertex -7.76038 -5.22646 -4
      vertex -26.8307 -2.9962 -4
    endloop
  endfacet
  facet normal 0 0 -1
    outer loop
      vertex -7.76038 -5.22646 -4
      vertex -26.8307 2.9962 -4
      vertex -26.7372 3.75767 -4
    endloop
  endfacet
  facet normal 0 0 -1
    outer loop
      vertex -26.8836 -2.46188 -4
      vertex -26.8307 -2.9962 -4
      vertex -26.8521 -2.82227 -4
    endloop
  endfacet
  facet normal 0 0 -1
    outer loop
      vertex -26.9342 -1.88342 -4
      vertex -7.76038 -5.22646 -4
      vertex -26.8836 -2.46188 -4
    endloop
  endfacet
  facet normal 0 0 -1
    outer loop
      vertex -7.76038 -5.22646 -4
      vertex -26.8836 2.46188 -4
      vertex -26.8307 2.9962 -4
    endloop
  endfacet
  facet normal 0 0 -1
    outer loop
      vertex -26.8307 2.9962 -4
      vertex -26.8836 2.46188 -4
      vertex -26.8521 2.82227 -4
    endloop
  endfacet
  facet normal 0 0 -1
    outer loop
      vertex -26.9836 -0.942286 -4
      vertex -7.76038 -5.22646 -4
      vertex -26.9342 -1.88342 -4
    endloop
  endfacet
  facet normal 0 0 -1
    outer loop
      vertex -7.76038 -5.22646 -4
      vertex -26.9342 1.88342 -4
      vertex -26.8836 2.46188 -4
    endloop
  endfacet
  facet normal 0 0 -1
    outer loop
      vertex -26.993 -0.400234 -4
      vertex -7.76038 -5.22646 -4
      vertex -26.9836 -0.942286 -4
    endloop
  endfacet
  facet normal 0 0 -1
    outer loop
      vertex -26.993 0.400234 -4
      vertex -7.76038 -5.22646 -4
      vertex -26.993 -0.400234 -4
    endloop
  endfacet
  facet normal 0 0 -1
    outer loop
      vertex -7.76038 -5.22646 -4
      vertex -26.9836 0.942286 -4
      vertex -26.9342 1.88342 -4
    endloop
  endfacet
  facet normal 0 0 -1
    outer loop
      vertex -7.76038 -5.22646 -4
      vertex -26.993 0.400234 -4
      vertex -26.9836 0.942286 -4
    endloop
  endfacet
  facet normal 0 -0 -1
    outer loop
      vertex -26.993 0.400234 -4
      vertex -26.993 -0.400234 -4
      vertex -27 0 -4
    endloop
  endfacet
  facet normal 0 0 -1
    outer loop
      vertex 26.993 -0.400234 -4
      vertex 26.993 0.400234 -4
      vertex 27 0 -4
    endloop
  endfacet
  facet normal 0 0 -1
    outer loop
      vertex 6.2 -19.25 -4
      vertex 26.993 -0.400234 -4
      vertex 26.9836 -0.942286 -4
    endloop
  endfacet
  facet normal -0 0 -1
    outer loop
      vertex 26.993 -0.400234 -4
      vertex 6.2 -19.25 -4
      vertex 26.993 0.400234 -4
    endloop
  endfacet
  facet normal 0 0 -1
    outer loop
      vertex 6.2 -19.25 -4
      vertex 26.9836 -0.942286 -4
      vertex 26.9342 -1.88342 -4
    endloop
  endfacet
  facet normal -0 0 -1
    outer loop
      vertex 26.993 0.400234 -4
      vertex 6.2 -19.25 -4
      vertex 26.9836 0.942286 -4
    endloop
  endfacet
  facet normal 0 0 -1
    outer loop
      vertex 6.2 -19.25 -4
      vertex 26.9342 -1.88342 -4
      vertex 26.8836 -2.46188 -4
    endloop
  endfacet
  facet normal -0 0 -1
    outer loop
      vertex 26.9836 0.942286 -4
      vertex 6.2 -19.25 -4
      vertex 26.9342 1.88342 -4
    endloop
  endfacet
  facet normal 0 0 -1
    outer loop
      vertex 26.8307 -2.9962 -4
      vertex 26.8836 -2.46188 -4
      vertex 26.8521 -2.82227 -4
    endloop
  endfacet
  facet normal -0 0 -1
    outer loop
      vertex 26.9342 1.88342 -4
      vertex 6.2 -19.25 -4
      vertex 26.8836 2.46188 -4
    endloop
  endfacet
  facet normal 0 0 -1
    outer loop
      vertex 26.8836 -2.46188 -4
      vertex 26.8307 -2.9962 -4
      vertex 6.2 -19.25 -4
    endloop
  endfacet
  facet normal 0 -0 -1
    outer loop
      vertex 26.8307 2.9962 -4
      vertex 26.8836 2.46188 -4
      vertex 6.2 -19.25 -4
    endloop
  endfacet
  facet normal 0 0 -1
    outer loop
      vertex 6.2 -19.25 -4
      vertex 26.8307 -2.9962 -4
      vertex 26.7372 -3.75767 -4
    endloop
  endfacet
  facet normal 0 0 -1
    outer loop
      vertex 26.8836 2.46188 -4
      vertex 26.8307 2.9962 -4
      vertex 26.8521 2.82227 -4
    endloop
  endfacet
  facet normal 0 0 -1
    outer loop
      vertex 6.2 -19.25 -4
      vertex 26.7372 -3.75767 -4
      vertex 26.5898 -4.6885 -4
    endloop
  endfacet
  facet normal -0 0 -1
    outer loop
      vertex 26.8307 2.9962 -4
      vertex 6.2 -19.25 -4
      vertex 26.7372 3.75767 -4
    endloop
  endfacet
  facet normal 0 0 -1
    outer loop
      vertex 6.2 -19.25 -4
      vertex 26.5898 -4.6885 -4
      vertex 26.41 -5.61362 -4
    endloop
  endfacet
  facet normal -0 0 -1
    outer loop
      vertex 26.7372 3.75767 -4
      vertex 6.2 -19.25 -4
      vertex 26.5898 4.6885 -4
    endloop
  endfacet
  facet normal 0 0 -1
    outer loop
      vertex 6.2 -19.25 -4
      vertex 26.41 -5.61362 -4
      vertex 26.198 -6.53189 -4
    endloop
  endfacet
  facet normal -0 0 -1
    outer loop
      vertex 26.5898 4.6885 -4
      vertex 6.2 -19.25 -4
      vertex 26.41 5.61362 -4
    endloop
  endfacet
  facet normal 0 0 -1
    outer loop
      vertex 6.2 -19.25 -4
      vertex 26.198 -6.53189 -4
      vertex 25.9541 -7.44221 -4
    endloop
  endfacet
  facet normal -0 0 -1
    outer loop
      vertex 26.41 5.61362 -4
      vertex 6.2 -19.25 -4
      vertex 26.198 6.53189 -4
    endloop
  endfacet
  facet normal 0 0 -1
    outer loop
      vertex 6.2 -19.25 -4
      vertex 25.9541 -7.44221 -4
      vertex 25.7593 -8.07913 -4
    endloop
  endfacet
  facet normal -0 0 -1
    outer loop
      vertex 26.198 6.53189 -4
      vertex 6.2 -19.25 -4
      vertex 25.9541 7.44221 -4
    endloop
  endfacet
  facet normal 0 0 -1
    outer loop
      vertex 25.6554 -8.41048 -4
      vertex 25.7593 -8.07913 -4
      vertex 25.6785 -8.34346 -4
    endloop
  endfacet
  facet normal -0 0 -1
    outer loop
      vertex 25.9541 7.44221 -4
      vertex 6.2 -19.25 -4
      vertex 25.7593 8.07913 -4
    endloop
  endfacet
  facet normal 0 0 -1
    outer loop
      vertex 25.7593 -8.07913 -4
      vertex 25.6554 -8.41048 -4
      vertex 6.2 -19.25 -4
    endloop
  endfacet
  facet normal 0 -0 -1
    outer loop
      vertex 25.577 8.63843 -4
      vertex 25.7593 8.07913 -4
      vertex 6.2 -19.25 -4
    endloop
  endfacet
  facet normal 0 0 -1
    outer loop
      vertex 6.2 -19.25 -4
      vertex 25.6554 -8.41048 -4
      vertex 25.577 -8.63843 -4
    endloop
  endfacet
  facet normal 0 0 -1
    outer loop
      vertex 25.7593 8.07913 -4
      vertex 25.6554 8.41048 -4
      vertex 25.6785 8.34346 -4
    endloop
  endfacet
  facet normal 0 0 -1
    outer loop
      vertex 6.2 -19.25 -4
      vertex 25.577 -8.63843 -4
      vertex 25.3717 -9.23454 -4
    endloop
  endfacet
  facet normal 0 0 -1
    outer loop
      vertex 25.7593 8.07913 -4
      vertex 25.577 8.63843 -4
      vertex 25.6554 8.41048 -4
    endloop
  endfacet
  facet normal 0 0 -1
    outer loop
      vertex 6.2 -19.25 -4
      vertex 25.3717 -9.23454 -4
      vertex 25.034 -10.1144 -4
    endloop
  endfacet
  facet normal 0 0 -1
    outer loop
      vertex 6.2 22.9 -4
      vertex 25.577 8.63843 -4
      vertex 6.2 -19.25 -4
    endloop
  endfacet
  facet normal 0 0 -1
    outer loop
      vertex 6.2 -19.25 -4
      vertex 25.034 -10.1144 -4
      vertex 24.6657 -10.9819 -4
    endloop
  endfacet
  facet normal 0 0 -1
    outer loop
      vertex 25.577 8.63843 -4
      vertex 6.2 22.9 -4
      vertex 25.3717 9.23454 -4
    endloop
  endfacet
  facet normal 0 0 -1
    outer loop
      vertex 6.2 -19.25 -4
      vertex 24.6657 -10.9819 -4
      vertex 24.2674 -11.836 -4
    endloop
  endfacet
  facet normal 0 0 -1
    outer loop
      vertex 25.3717 9.23454 -4
      vertex 6.2 22.9 -4
      vertex 25.034 10.1144 -4
    endloop
  endfacet
  facet normal 0 0 -1
    outer loop
      vertex 6.2 -19.25 -4
      vertex 24.2674 -11.836 -4
      vertex 23.8396 -12.6757 -4
    endloop
  endfacet
  facet normal 0 0 -1
    outer loop
      vertex 25.034 10.1144 -4
      vertex 6.2 22.9 -4
      vertex 24.6657 10.9819 -4
    endloop
  endfacet
  facet normal 0 0 -1
    outer loop
      vertex 6.2 -19.25 -4
      vertex 23.8396 -12.6757 -4
      vertex 23.5508 -13.1967 -4
    endloop
  endfacet
  facet normal 0 0 -1
    outer loop
      vertex 24.6657 10.9819 -4
      vertex 6.2 22.9 -4
      vertex 24.2674 11.836 -4
    endloop
  endfacet
  facet normal 0 0 -1
    outer loop
      vertex 23.3462 -13.5608 -4
      vertex 23.5508 -13.1967 -4
      vertex 23.3827 -13.5 -4
    endloop
  endfacet
  facet normal 0 0 -1
    outer loop
      vertex 24.2674 11.836 -4
      vertex 6.2 22.9 -4
      vertex 23.8396 12.6757 -4
    endloop
  endfacet
  facet normal 0 0 -1
    outer loop
      vertex 23.5508 -13.1967 -4
      vertex 23.3462 -13.5608 -4
      vertex 6.2 -19.25 -4
    endloop
  endfacet
  facet normal 0 0 -1
    outer loop
      vertex 23.8396 12.6757 -4
      vertex 6.2 22.9 -4
      vertex 23.5508 13.1967 -4
    endloop
  endfacet
  facet normal 0 0 -1
    outer loop
      vertex 6.2 -19.25 -4
      vertex 23.3462 -13.5608 -4
      vertex 23.126 -13.9272 -4
    endloop
  endfacet
  facet normal -0 -0 -1
    outer loop
      vertex 23.3462 13.5608 -4
      vertex 23.5508 13.1967 -4
      vertex 6.2 22.9 -4
    endloop
  endfacet
  facet normal 0 0 -1
    outer loop
      vertex 6.2 -19.25 -4
      vertex 23.126 -13.9272 -4
      vertex 22.8973 -14.3078 -4
    endloop
  endfacet
  facet normal 0 0 -1
    outer loop
      vertex 23.5508 13.1967 -4
      vertex 23.3462 13.5608 -4
      vertex 23.3827 13.5 -4
    endloop
  endfacet
  facet normal 0 0 -1
    outer loop
      vertex 6.2 -19.25 -4
      vertex 22.8973 -14.3078 -4
      vertex 22.384 -15.0982 -4
    endloop
  endfacet
  facet normal 0 0 -1
    outer loop
      vertex 23.3462 13.5608 -4
      vertex 6.2 22.9 -4
      vertex 23.126 13.9272 -4
    endloop
  endfacet
  facet normal 0 0 -1
    outer loop
      vertex 6.2 -19.25 -4
      vertex 22.384 -15.0982 -4
      vertex 21.8435 -15.8702 -4
    endloop
  endfacet
  facet normal 0 0 -1
    outer loop
      vertex 23.126 13.9272 -4
      vertex 6.2 22.9 -4
      vertex 22.8973 14.3078 -4
    endloop
  endfacet
  facet normal 0 0 -1
    outer loop
      vertex 6.2 -19.25 -4
      vertex 21.8435 -15.8702 -4
      vertex 21.2763 -16.6229 -4
    endloop
  endfacet
  facet normal 0 0 -1
    outer loop
      vertex 22.8973 14.3078 -4
      vertex 6.2 22.9 -4
      vertex 22.384 15.0982 -4
    endloop
  endfacet
  facet normal 0 0 -1
    outer loop
      vertex 6.2 -19.25 -4
      vertex 21.2763 -16.6229 -4
      vertex 20.6832 -17.3553 -4
    endloop
  endfacet
  facet normal 0 0 -1
    outer loop
      vertex 22.384 15.0982 -4
      vertex 6.2 22.9 -4
      vertex 21.8435 15.8702 -4
    endloop
  endfacet
  facet normal 0 0 -1
    outer loop
      vertex 6.2 -19.25 -4
      vertex 20.6832 -17.3553 -4
      vertex 20.0649 -18.0665 -4
    endloop
  endfacet
  facet normal 0 0 -1
    outer loop
      vertex 21.8435 15.8702 -4
      vertex 6.2 22.9 -4
      vertex 21.2763 16.6229 -4
    endloop
  endfacet
  facet normal 0 0 -1
    outer loop
      vertex 6.2 -19.25 -4
      vertex 20.0649 -18.0665 -4
      vertex 19.4222 -18.7558 -4
    endloop
  endfacet
  facet normal 0 0 -1
    outer loop
      vertex 21.2763 16.6229 -4
      vertex 6.2 22.9 -4
      vertex 20.6832 17.3553 -4
    endloop
  endfacet
  facet normal 0 0 -1
    outer loop
      vertex 6.2 -19.25 -4
      vertex 19.4222 -18.7558 -4
      vertex 18.7558 -19.4222 -4
    endloop
  endfacet
  facet normal 0 0 -1
    outer loop
      vertex 20.6832 17.3553 -4
      vertex 6.2 22.9 -4
      vertex 20.0649 18.0665 -4
    endloop
  endfacet
  facet normal 0 0 -1
    outer loop
      vertex 6.2 -19.25 -4
      vertex 18.7558 -19.4222 -4
      vertex 18.0665 -20.0649 -4
    endloop
  endfacet
  facet normal 0 0 -1
    outer loop
      vertex 20.0649 18.0665 -4
      vertex 6.2 22.9 -4
      vertex 19.4222 18.7558 -4
    endloop
  endfacet
  facet normal 0 0 -1
    outer loop
      vertex 6.2 -19.25 -4
      vertex 18.0665 -20.0649 -4
      vertex 17.3553 -20.6832 -4
    endloop
  endfacet
  facet normal 0 0 -1
    outer loop
      vertex 19.4222 18.7558 -4
      vertex 6.2 22.9 -4
      vertex 18.7558 19.4222 -4
    endloop
  endfacet
  facet normal 0 0 -1
    outer loop
      vertex 6.2 -19.25 -4
      vertex 17.3553 -20.6832 -4
      vertex 16.6229 -21.2763 -4
    endloop
  endfacet
  facet normal 0 0 -1
    outer loop
      vertex 18.7558 19.4222 -4
      vertex 6.2 22.9 -4
      vertex 18.0665 20.0649 -4
    endloop
  endfacet
  facet normal 0 0 -1
    outer loop
      vertex 6.2 -19.25 -4
      vertex 16.6229 -21.2763 -4
      vertex 15.8702 -21.8435 -4
    endloop
  endfacet
  facet normal 0 0 -1
    outer loop
      vertex 18.0665 20.0649 -4
      vertex 6.2 22.9 -4
      vertex 17.3553 20.6832 -4
    endloop
  endfacet
  facet normal 0 0 -1
    outer loop
      vertex 6.2 -19.25 -4
      vertex 15.8702 -21.8435 -4
      vertex 15.0982 -22.384 -4
    endloop
  endfacet
  facet normal 0 0 -1
    outer loop
      vertex 17.3553 20.6832 -4
      vertex 6.2 22.9 -4
      vertex 16.6229 21.2763 -4
    endloop
  endfacet
  facet normal 0 0 -1
    outer loop
      vertex 6.2 -19.25 -4
      vertex 15.0982 -22.384 -4
      vertex 14.3078 -22.8973 -4
    endloop
  endfacet
  facet normal 0 0 -1
    outer loop
      vertex 16.6229 21.2763 -4
      vertex 6.2 22.9 -4
      vertex 15.8702 21.8435 -4
    endloop
  endfacet
  facet normal 0 0 -1
    outer loop
      vertex 6.2 -19.25 -4
      vertex 14.3078 -22.8973 -4
      vertex 13.9272 -23.126 -4
    endloop
  endfacet
  facet normal 0 0 -1
    outer loop
      vertex 15.8702 21.8435 -4
      vertex 6.2 22.9 -4
      vertex 15.0982 22.384 -4
    endloop
  endfacet
  facet normal 0 0 -1
    outer loop
      vertex 6.2 -19.25 -4
      vertex 13.9272 -23.126 -4
      vertex 13.5608 -23.3462 -4
    endloop
  endfacet
  facet normal 0 0 -1
    outer loop
      vertex 15.0982 22.384 -4
      vertex 6.2 22.9 -4
      vertex 14.3078 22.8973 -4
    endloop
  endfacet
  facet normal 0 0 -1
    outer loop
      vertex 6.2 -19.25 -4
      vertex 13.5608 -23.3462 -4
      vertex 13.5 -23.3827 -4
    endloop
  endfacet
  facet normal 0 0 -1
    outer loop
      vertex 14.3078 22.8973 -4
      vertex 6.2 22.9 -4
      vertex 13.9272 23.126 -4
    endloop
  endfacet
  facet normal 0 0 -1
    outer loop
      vertex 6.2 -19.25 -4
      vertex 13.5 -23.3827 -4
      vertex 13.1967 -23.5508 -4
    endloop
  endfacet
  facet normal -0 0 -1
    outer loop
      vertex 13.9272 23.126 -4
      vertex 6.2 22.9 -4
      vertex 13.5608 23.3462 -4
    endloop
  endfacet
  facet normal 0 0 -1
    outer loop
      vertex 6.2 -19.25 -4
      vertex 13.1967 -23.5508 -4
      vertex 12.6757 -23.8396 -4
    endloop
  endfacet
  facet normal -0 0 -1
    outer loop
      vertex 13.5608 23.3462 -4
      vertex 6.2 22.9 -4
      vertex 13.5 23.3827 -4
    endloop
  endfacet
  facet normal 0 0 -1
    outer loop
      vertex 6.2 -19.25 -4
      vertex 12.6757 -23.8396 -4
      vertex 11.836 -24.2674 -4
    endloop
  endfacet
  facet normal -0 0 -1
    outer loop
      vertex 13.5 23.3827 -4
      vertex 6.2 22.9 -4
      vertex 13.1967 23.5508 -4
    endloop
  endfacet
  facet normal 0 0 -1
    outer loop
      vertex 6.2 -19.25 -4
      vertex 11.836 -24.2674 -4
      vertex 10.9819 -24.6657 -4
    endloop
  endfacet
  facet normal -0 0 -1
    outer loop
      vertex 13.1967 23.5508 -4
      vertex 6.2 22.9 -4
      vertex 12.6757 23.8396 -4
    endloop
  endfacet
  facet normal 0 0 -1
    outer loop
      vertex 6.2 -19.25 -4
      vertex 10.9819 -24.6657 -4
      vertex 10.1144 -25.034 -4
    endloop
  endfacet
  facet normal -0 0 -1
    outer loop
      vertex 12.6757 23.8396 -4
      vertex 6.2 22.9 -4
      vertex 11.836 24.2674 -4
    endloop
  endfacet
  facet normal 0 0 -1
    outer loop
      vertex 6.2 -19.25 -4
      vertex 10.1144 -25.034 -4
      vertex 9.23454 -25.3717 -4
    endloop
  endfacet
  facet normal -0 0 -1
    outer loop
      vertex 11.836 24.2674 -4
      vertex 6.2 22.9 -4
      vertex 10.9819 24.6657 -4
    endloop
  endfacet
  facet normal 0 0 -1
    outer loop
      vertex 6.2 -19.25 -4
      vertex 9.23454 -25.3717 -4
      vertex 8.63843 -25.577 -4
    endloop
  endfacet
  facet normal -0 0 -1
    outer loop
      vertex 10.9819 24.6657 -4
      vertex 6.2 22.9 -4
      vertex 10.1144 25.034 -4
    endloop
  endfacet
  facet normal 0 0 -1
    outer loop
      vertex 6.2 -19.25 -4
      vertex 8.63843 -25.577 -4
      vertex 8.41048 -25.6554 -4
    endloop
  endfacet
  facet normal -0 0 -1
    outer loop
      vertex 10.1144 25.034 -4
      vertex 6.2 22.9 -4
      vertex 9.23454 25.3717 -4
    endloop
  endfacet
  facet normal 0 0 -1
    outer loop
      vertex 6.2 -19.25 -4
      vertex 8.41048 -25.6554 -4
      vertex 8.34346 -25.6785 -4
    endloop
  endfacet
  facet normal -0 0 -1
    outer loop
      vertex 9.23454 25.3717 -4
      vertex 6.2 22.9 -4
      vertex 8.63843 25.577 -4
    endloop
  endfacet
  facet normal 0 0 -1
    outer loop
      vertex 6.2 -19.25 -4
      vertex 8.34346 -25.6785 -4
      vertex 8.07913 -25.7593 -4
    endloop
  endfacet
  facet normal -0 0 -1
    outer loop
      vertex 8.63843 25.577 -4
      vertex 6.2 22.9 -4
      vertex 8.41048 25.6554 -4
    endloop
  endfacet
  facet normal 0 0 -1
    outer loop
      vertex 6.2 -19.25 -4
      vertex 8.07913 -25.7593 -4
      vertex 7.44221 -25.9541 -4
    endloop
  endfacet
  facet normal -0 0 -1
    outer loop
      vertex 8.41048 25.6554 -4
      vertex 6.2 22.9 -4
      vertex 8.34346 25.6785 -4
    endloop
  endfacet
  facet normal 0 0 -1
    outer loop
      vertex 6.2 -19.25 -4
      vertex 7.44221 -25.9541 -4
      vertex 6.53189 -26.198 -4
    endloop
  endfacet
  facet normal -0 0 -1
    outer loop
      vertex 8.34346 25.6785 -4
      vertex 6.2 22.9 -4
      vertex 8.07913 25.7593 -4
    endloop
  endfacet
  facet normal -0 0 -1
    outer loop
      vertex 8.07913 25.7593 -4
      vertex 6.2 22.9 -4
      vertex 7.44221 25.9541 -4
    endloop
  endfacet
  facet normal 0 0 -1
    outer loop
      vertex 5.61362 -26.41 -4
      vertex 6.2 -19.25 -4
      vertex 6.53189 -26.198 -4
    endloop
  endfacet
  facet normal 0 0 -1
    outer loop
      vertex 4.6885 -26.5898 -4
      vertex 6.2 -19.25 -4
      vertex 5.61362 -26.41 -4
    endloop
  endfacet
  facet normal 0 0 -1
    outer loop
      vertex 3.75767 -26.7372 -4
      vertex 6.2 -19.25 -4
      vertex 4.6885 -26.5898 -4
    endloop
  endfacet
  facet normal 0 0 -1
    outer loop
      vertex 2.9962 -26.8307 -4
      vertex 6.2 -19.25 -4
      vertex 3.75767 -26.7372 -4
    endloop
  endfacet
  facet normal 0 0 -1
    outer loop
      vertex 2.82227 -26.8521 -4
      vertex 6.2 -19.25 -4
      vertex 2.9962 -26.8307 -4
    endloop
  endfacet
  facet normal 0 0 -1
    outer loop
      vertex 2.46188 -26.8836 -4
      vertex 6.2 -19.25 -4
      vertex 2.82227 -26.8521 -4
    endloop
  endfacet
  facet normal 0 0 -1
    outer loop
      vertex 1.88342 -26.9342 -4
      vertex 6.2 -19.25 -4
      vertex 2.46188 -26.8836 -4
    endloop
  endfacet
  facet normal 0 0 -1
    outer loop
      vertex 0.942286 -26.9836 -4
      vertex 6.2 -19.25 -4
      vertex 1.88342 -26.9342 -4
    endloop
  endfacet
  facet normal 0 0 -1
    outer loop
      vertex 0.400234 -26.993 -4
      vertex 6.2 -19.25 -4
      vertex 0.942286 -26.9836 -4
    endloop
  endfacet
  facet normal 0 0 -1
    outer loop
      vertex -5.7 -19.25 -4
      vertex 0.400234 -26.993 -4
      vertex 0 -27 -4
    endloop
  endfacet
  facet normal 0 0 -1
    outer loop
      vertex -5.7 -19.25 -4
      vertex 0 -27 -4
      vertex -0.400234 -26.993 -4
    endloop
  endfacet
  facet normal 0 0 -1
    outer loop
      vertex -5.7 -19.25 -4
      vertex -0.400234 -26.993 -4
      vertex -0.942286 -26.9836 -4
    endloop
  endfacet
  facet normal 0 0 -1
    outer loop
      vertex -5.7 -19.25 -4
      vertex -0.942286 -26.9836 -4
      vertex -1.88342 -26.9342 -4
    endloop
  endfacet
  facet normal 0 0 -1
    outer loop
      vertex -5.7 -19.25 -4
      vertex -1.88342 -26.9342 -4
      vertex -2.46188 -26.8836 -4
    endloop
  endfacet
  facet normal 0 0 -1
    outer loop
      vertex -5.7 -19.25 -4
      vertex -2.46188 -26.8836 -4
      vertex -2.82227 -26.8521 -4
    endloop
  endfacet
  facet normal 0 0 -1
    outer loop
      vertex -5.7 -19.25 -4
      vertex -2.82227 -26.8521 -4
      vertex -2.9962 -26.8307 -4
    endloop
  endfacet
  facet normal 0 0 -1
    outer loop
      vertex -5.7 -19.25 -4
      vertex -2.9962 -26.8307 -4
      vertex -3.75767 -26.7372 -4
    endloop
  endfacet
  facet normal 0 0 -1
    outer loop
      vertex -5.7 -19.25 -4
      vertex -3.75767 -26.7372 -4
      vertex -4.6885 -26.5898 -4
    endloop
  endfacet
  facet normal 0 0 -1
    outer loop
      vertex -5.7 -19.25 -4
      vertex -4.6885 -26.5898 -4
      vertex -5.61362 -26.41 -4
    endloop
  endfacet
  facet normal 0 0 -1
    outer loop
      vertex 0.400234 -26.993 -4
      vertex -5.7 -19.25 -4
      vertex 6.2 -19.25 -4
    endloop
  endfacet
  facet normal 0 0 -1
    outer loop
      vertex -7.00001 -19.85 -4
      vertex -5.7 -12 -4
      vertex -5.7 -19.25 -4
    endloop
  endfacet
  facet normal 0 0 -1
    outer loop
      vertex -7.00001 -19.85 -4
      vertex -5.7 -19.25 -4
      vertex -5.61362 -26.41 -4
    endloop
  endfacet
  facet normal -0 0 -1
    outer loop
      vertex -5.7 -12 -4
      vertex -7.00001 -19.85 -4
      vertex -6.2 -11.5098 -4
    endloop
  endfacet
  facet normal 0 0 -1
    outer loop
      vertex -7.00001 -19.85 -4
      vertex -5.61362 -26.41 -4
      vertex -6.53189 -26.198 -4
    endloop
  endfacet
  facet normal -0 0 -1
    outer loop
      vertex 7.44221 25.9541 -4
      vertex 6.2 22.9 -4
      vertex 6.53189 26.198 -4
    endloop
  endfacet
  facet normal 0 0 -1
    outer loop
      vertex 6.2 22.9 -4
      vertex 5.61362 26.41 -4
      vertex 6.53189 26.198 -4
    endloop
  endfacet
  facet normal 0 0 -1
    outer loop
      vertex 6.2 22.9 -4
      vertex 4.6885 26.5898 -4
      vertex 5.61362 26.41 -4
    endloop
  endfacet
  facet normal 0 0 -1
    outer loop
      vertex 6.2 22.9 -4
      vertex 3.75767 26.7372 -4
      vertex 4.6885 26.5898 -4
    endloop
  endfacet
  facet normal 0 0 -1
    outer loop
      vertex 6.2 22.9 -4
      vertex 2.9962 26.8307 -4
      vertex 3.75767 26.7372 -4
    endloop
  endfacet
  facet normal 0 0 -1
    outer loop
      vertex 6.2 22.9 -4
      vertex 2.82227 26.8521 -4
      vertex 2.9962 26.8307 -4
    endloop
  endfacet
  facet normal 0 0 -1
    outer loop
      vertex 6.2 22.9 -4
      vertex 2.46188 26.8836 -4
      vertex 2.82227 26.8521 -4
    endloop
  endfacet
  facet normal 0 0 -1
    outer loop
      vertex 6.2 22.9 -4
      vertex 1.88342 26.9342 -4
      vertex 2.46188 26.8836 -4
    endloop
  endfacet
  facet normal 0 0 -1
    outer loop
      vertex 6.2 22.9 -4
      vertex 0.942286 26.9836 -4
      vertex 1.88342 26.9342 -4
    endloop
  endfacet
  facet normal 0 0 -1
    outer loop
      vertex 6.2 22.9 -4
      vertex 0.400234 26.993 -4
      vertex 0.942286 26.9836 -4
    endloop
  endfacet
  facet normal 0 0 -1
    outer loop
      vertex 6.2 22.9 -4
      vertex 0 27 -4
      vertex 0.400234 26.993 -4
    endloop
  endfacet
  facet normal 0 0 -1
    outer loop
      vertex -6.2 22.9 -4
      vertex 0 27 -4
      vertex 6.2 22.9 -4
    endloop
  endfacet
  facet normal 0 0 -1
    outer loop
      vertex 0 27 -4
      vertex -6.2 22.9 -4
      vertex -0.400234 26.993 -4
    endloop
  endfacet
  facet normal 0 0 -1
    outer loop
      vertex -0.400234 26.993 -4
      vertex -6.2 22.9 -4
      vertex -0.942286 26.9836 -4
    endloop
  endfacet
  facet normal 0 0 -1
    outer loop
      vertex -0.942286 26.9836 -4
      vertex -6.2 22.9 -4
      vertex -1.88342 26.9342 -4
    endloop
  endfacet
  facet normal 0 0 -1
    outer loop
      vertex -1.88342 26.9342 -4
      vertex -6.2 22.9 -4
      vertex -2.46188 26.8836 -4
    endloop
  endfacet
  facet normal 0 0 -1
    outer loop
      vertex -2.46188 26.8836 -4
      vertex -6.2 22.9 -4
      vertex -2.82227 26.8521 -4
    endloop
  endfacet
  facet normal 0 0 -1
    outer loop
      vertex -2.82227 26.8521 -4
      vertex -6.2 22.9 -4
      vertex -2.9962 26.8307 -4
    endloop
  endfacet
  facet normal 0 0 -1
    outer loop
      vertex -2.9962 26.8307 -4
      vertex -6.2 22.9 -4
      vertex -3.75767 26.7372 -4
    endloop
  endfacet
  facet normal 0 0 -1
    outer loop
      vertex -3.75767 26.7372 -4
      vertex -6.2 22.9 -4
      vertex -4.6885 26.5898 -4
    endloop
  endfacet
  facet normal 0 0 -1
    outer loop
      vertex -4.6885 26.5898 -4
      vertex -6.2 22.9 -4
      vertex -5.61362 26.41 -4
    endloop
  endfacet
  facet normal 0 0 -1
    outer loop
      vertex -6.2 22.9 -4
      vertex -6.53189 26.198 -4
      vertex -5.61362 26.41 -4
    endloop
  endfacet
  facet normal 0 0 -1
    outer loop
      vertex -7.00001 -5.40001 -4
      vertex -6.2 -11.5098 -4
      vertex -7.00001 -19.85 -4
    endloop
  endfacet
  facet normal 0 0 -1
    outer loop
      vertex -7.00001 -5.40001 -4
      vertex -6.2 22.9 -4
      vertex -6.2 -11.5098 -4
    endloop
  endfacet
  facet normal 0 0 -1
    outer loop
      vertex -6.53189 -26.198 -4
      vertex -7.15061 -20.1627 -4
      vertex -7.00001 -19.85 -4
    endloop
  endfacet
  facet normal 0 0 -1
    outer loop
      vertex -7.44221 -25.9541 -4
      vertex -7.15061 -20.1627 -4
      vertex -6.53189 -26.198 -4
    endloop
  endfacet
  facet normal 0 0 -1
    outer loop
      vertex -7.44221 -25.9541 -4
      vertex -7.489 -20.24 -4
      vertex -7.15061 -20.1627 -4
    endloop
  endfacet
  facet normal 0 0 -1
    outer loop
      vertex -8.07913 -25.7593 -4
      vertex -7.489 -20.24 -4
      vertex -7.44221 -25.9541 -4
    endloop
  endfacet
  facet normal 0 0 -1
    outer loop
      vertex -9.23454 -25.3717 -4
      vertex -7.489 -20.24 -4
      vertex -8.63843 -25.577 -4
    endloop
  endfacet
  facet normal 0 0 -1
    outer loop
      vertex -8.63843 -25.577 -4
      vertex -7.489 -20.24 -4
      vertex -8.07913 -25.7593 -4
    endloop
  endfacet
  facet normal 0.544645 0.838667 -0
    outer loop
      vertex 15.0982 22.384 -3.4
      vertex 14.3078 22.8973 0
      vertex 15.0982 22.384 0
    endloop
  endfacet
  facet normal 0.544645 0.838667 0
    outer loop
      vertex 14.3078 22.8973 0
      vertex 15.0982 22.384 -3.4
      vertex 14.3078 22.8973 -3.4
    endloop
  endfacet
  facet normal 0 0 -1
    outer loop
      vertex 15.0982 22.384 -4
      vertex 14.3078 22.8973 -4
      vertex 14.3673 22.8587 -4
    endloop
  endfacet
  facet normal 0 0 1
    outer loop
      vertex -10.9819 24.6657 -4
      vertex -10.1796 25.0063 -4
      vertex -10.1144 25.034 -4
    endloop
  endfacet
  facet normal -0.390792 0.920479 0
    outer loop
      vertex -10.1144 25.034 -1.45
      vertex -10.9819 24.6657 0
      vertex -10.1144 25.034 0
    endloop
  endfacet
  facet normal -0.390792 0.920479 0
    outer loop
      vertex -10.9819 24.6657 0
      vertex -10.1144 25.034 -1.45
      vertex -10.9819 24.6657 -1.45
    endloop
  endfacet
  facet normal -0.390792 0.920479 0
    outer loop
      vertex -10.1144 25.034 -3.4
      vertex -10.9819 24.6657 -2.55
      vertex -10.1144 25.034 -2.55
    endloop
  endfacet
  facet normal -0.390792 0.920479 0
    outer loop
      vertex -10.9819 24.6657 -2.55
      vertex -10.1144 25.034 -3.4
      vertex -10.9819 24.6657 -3.4
    endloop
  endfacet
  facet normal -0.97437 0.224952 0
    outer loop
      vertex -26.41 5.61362 -3.4
      vertex -26.198 6.53189 0
      vertex -26.198 6.53189 -3.4
    endloop
  endfacet
  facet normal -0.97437 0.224952 0
    outer loop
      vertex -26.198 6.53189 0
      vertex -26.41 5.61362 -3.4
      vertex -26.41 5.61362 0
    endloop
  endfacet
  facet normal 0 0 1
    outer loop
      vertex -26.41 5.61362 -4
      vertex -26.2139 6.46282 -4
      vertex -26.198 6.53189 -4
    endloop
  endfacet
  facet normal -0.325546 -0.945526 0
    outer loop
      vertex -9.23454 -25.3717 -1.45
      vertex -8.34346 -25.6785 0
      vertex -9.23454 -25.3717 0
    endloop
  endfacet
  facet normal -0.325546 -0.945526 -0
    outer loop
      vertex -8.34346 -25.6785 0
      vertex -9.23454 -25.3717 -1.45
      vertex -8.34346 -25.6785 -1.45
    endloop
  endfacet
  facet normal -0.325546 -0.945526 0
    outer loop
      vertex -9.23454 -25.3717 -3.4
      vertex -8.34346 -25.6785 -2.55
      vertex -9.23454 -25.3717 -2.55
    endloop
  endfacet
  facet normal -0.325546 -0.945526 -0
    outer loop
      vertex -8.34346 -25.6785 -2.55
      vertex -9.23454 -25.3717 -3.4
      vertex -8.34346 -25.6785 -3.4
    endloop
  endfacet
  facet normal 0 0 1
    outer loop
      vertex -10.0482 -25.0594 -4
      vertex -10.1144 -25.034 -4
      vertex -9.23454 -25.3717 -4
    endloop
  endfacet
  facet normal -0.358325 -0.933597 0
    outer loop
      vertex -10.1144 -25.034 -1.45
      vertex -9.23454 -25.3717 0
      vertex -10.1144 -25.034 0
    endloop
  endfacet
  facet normal -0.358325 -0.933597 -0
    outer loop
      vertex -9.23454 -25.3717 0
      vertex -10.1144 -25.034 -1.45
      vertex -9.23454 -25.3717 -1.45
    endloop
  endfacet
  facet normal -0.358325 -0.933597 0
    outer loop
      vertex -10.1144 -25.034 -3.4
      vertex -9.23454 -25.3717 -2.55
      vertex -10.1144 -25.034 -2.55
    endloop
  endfacet
  facet normal -0.358325 -0.933597 -0
    outer loop
      vertex -9.23454 -25.3717 -2.55
      vertex -10.1144 -25.034 -3.4
      vertex -9.23454 -25.3717 -3.4
    endloop
  endfacet
  facet normal 0 0 1
    outer loop
      vertex 12.6757 23.8396 -4
      vertex 12.7377 23.8052 -4
      vertex 13.1967 23.5508 -4
    endloop
  endfacet
  facet normal 0.484796 0.874627 -0
    outer loop
      vertex 13.5 23.3827 -3.4
      vertex 12.6757 23.8396 0
      vertex 13.5 23.3827 0
    endloop
  endfacet
  facet normal 0.484796 0.874627 0
    outer loop
      vertex 12.6757 23.8396 0
      vertex 13.5 23.3827 -3.4
      vertex 12.6757 23.8396 -3.4
    endloop
  endfacet
  facet normal -0.544645 -0.838667 0
    outer loop
      vertex -15.0982 -22.384 -1.45
      vertex -14.3078 -22.8973 0
      vertex -15.0982 -22.384 0
    endloop
  endfacet
  facet normal -0.544645 -0.838667 -0
    outer loop
      vertex -14.3078 -22.8973 0
      vertex -15.0982 -22.384 -1.45
      vertex -14.3078 -22.8973 -1.45
    endloop
  endfacet
  facet normal 0 0 -1
    outer loop
      vertex -14.3078 -22.8973 -4
      vertex -14.3673 -22.8587 -4
      vertex -15.0982 -22.384 -4
    endloop
  endfacet
  facet normal -0.544645 -0.838667 0
    outer loop
      vertex -15.0982 -22.384 -3.4
      vertex -14.3078 -22.8973 -2.55
      vertex -15.0982 -22.384 -2.55
    endloop
  endfacet
  facet normal -0.544645 -0.838667 -0
    outer loop
      vertex -14.3078 -22.8973 -2.55
      vertex -15.0982 -22.384 -3.4
      vertex -14.3078 -22.8973 -3.4
    endloop
  endfacet
  facet normal 0.121919 0.99254 -0
    outer loop
      vertex 3.75767 26.7372 -3.4
      vertex 2.82227 26.8521 0
      vertex 3.75767 26.7372 0
    endloop
  endfacet
  facet normal 0.121919 0.99254 0
    outer loop
      vertex 2.82227 26.8521 0
      vertex 3.75767 26.7372 -3.4
      vertex 2.82227 26.8521 -3.4
    endloop
  endfacet
  facet normal 0 0 -1
    outer loop
      vertex 2.9962 26.8307 -4
      vertex 3.68732 26.7459 -4
      vertex 3.75767 26.7372 -4
    endloop
  endfacet
  facet normal 0.601815 -0.798636 0
    outer loop
      vertex 15.8702 -21.8435 -3.4
      vertex 16.6229 -21.2763 0
      vertex 15.8702 -21.8435 0
    endloop
  endfacet
  facet normal 0.601815 -0.798636 0
    outer loop
      vertex 16.6229 -21.2763 0
      vertex 15.8702 -21.8435 -3.4
      vertex 16.6229 -21.2763 -3.4
    endloop
  endfacet
  facet normal 0 0 1
    outer loop
      vertex 16.6229 -21.2763 -4
      vertex 16.5662 -21.3189 -4
      vertex 15.8702 -21.8435 -4
    endloop
  endfacet
  facet normal 0.629329 -0.777139 0
    outer loop
      vertex 16.6229 -21.2763 -3.4
      vertex 17.3553 -20.6832 0
      vertex 16.6229 -21.2763 0
    endloop
  endfacet
  facet normal 0.629329 -0.777139 0
    outer loop
      vertex 17.3553 -20.6832 0
      vertex 16.6229 -21.2763 -3.4
      vertex 17.3553 -20.6832 -3.4
    endloop
  endfacet
  facet normal -0 0 1
    outer loop
      vertex 17.3002 -20.7278 -4
      vertex 16.6229 -21.2763 -4
      vertex 17.3553 -20.6832 -4
    endloop
  endfacet
  facet normal -0.707107 0.707107 0
    outer loop
      vertex -19.4222 18.7558 -3.4
      vertex -18.7558 19.4222 0
      vertex -18.7558 19.4222 -3.4
    endloop
  endfacet
  facet normal -0.707107 0.707107 0
    outer loop
      vertex -18.7558 19.4222 0
      vertex -19.4222 18.7558 -3.4
      vertex -19.4222 18.7558 0
    endloop
  endfacet
  facet normal 0.920479 -0.390792 0
    outer loop
      vertex 24.6657 -10.9819 0
      vertex 25.034 -10.1144 -3.4
      vertex 25.034 -10.1144 0
    endloop
  endfacet
  facet normal 0.920479 -0.390792 0
    outer loop
      vertex 25.034 -10.1144 -3.4
      vertex 24.6657 -10.9819 0
      vertex 24.6657 -10.9819 -3.4
    endloop
  endfacet
  facet normal -0 0 1
    outer loop
      vertex 25.0063 -10.1796 -4
      vertex 24.6657 -10.9819 -4
      vertex 25.034 -10.1144 -4
    endloop
  endfacet
  facet normal 0.987693 0.156404 0
    outer loop
      vertex 26.7372 3.75767 0
      vertex 26.5898 4.6885 -1.45
      vertex 26.5898 4.6885 0
    endloop
  endfacet
  facet normal 0.987693 0.156404 0
    outer loop
      vertex 26.5898 4.6885 -1.45
      vertex 26.7372 3.75767 0
      vertex 26.7372 3.75767 -1.45
    endloop
  endfacet
  facet normal 0 0 -1
    outer loop
      vertex 26.5898 4.6885 -4
      vertex 26.6009 4.61849 -4
      vertex 26.7372 3.75767 -4
    endloop
  endfacet
  facet normal 0.987693 0.156404 0
    outer loop
      vertex 26.7372 3.75767 -2.55
      vertex 26.5898 4.6885 -3.4
      vertex 26.5898 4.6885 -2.55
    endloop
  endfacet
  facet normal 0.987693 0.156404 0
    outer loop
      vertex 26.5898 4.6885 -3.4
      vertex 26.7372 3.75767 -2.55
      vertex 26.7372 3.75767 -3.4
    endloop
  endfacet
  facet normal 0 0 -1
    outer loop
      vertex 5.61362 26.41 -4
      vertex 4.6885 26.5898 -4
      vertex 4.75808 26.5763 -4
    endloop
  endfacet
  facet normal 0.190783 0.981632 -0
    outer loop
      vertex 5.61362 26.41 -3.4
      vertex 4.6885 26.5898 0
      vertex 5.61362 26.41 0
    endloop
  endfacet
  facet normal 0.190783 0.981632 0
    outer loop
      vertex 4.6885 26.5898 0
      vertex 5.61362 26.41 -3.4
      vertex 4.6885 26.5898 -3.4
    endloop
  endfacet
  facet normal 0 -0 1
    outer loop
      vertex -12.7377 23.8052 -4
      vertex -12.6757 23.8396 -4
      vertex -13.1967 23.5508 -4
    endloop
  endfacet
  facet normal -0.484796 0.874627 0
    outer loop
      vertex -12.6757 23.8396 -1.45
      vertex -13.5 23.3827 0
      vertex -12.6757 23.8396 0
    endloop
  endfacet
  facet normal -0.484796 0.874627 0
    outer loop
      vertex -13.5 23.3827 0
      vertex -12.6757 23.8396 -1.45
      vertex -13.5 23.3827 -1.45
    endloop
  endfacet
  facet normal -0.484796 0.874627 0
    outer loop
      vertex -12.6757 23.8396 -3.4
      vertex -13.5 23.3827 -2.55
      vertex -12.6757 23.8396 -2.55
    endloop
  endfacet
  facet normal -0.484796 0.874627 0
    outer loop
      vertex -13.5 23.3827 -2.55
      vertex -12.6757 23.8396 -3.4
      vertex -13.5 23.3827 -3.4
    endloop
  endfacet
  facet normal 0.822192 -0.56921 0
    outer loop
      vertex 22.384 -15.0982 0
      vertex 22.3777 -15.1073 -1.44725
      vertex 22.384 -15.0982 -1.47064
    endloop
  endfacet
  facet normal 0.819002 -0.57379 4.26871e-05
    outer loop
      vertex 22.384 -15.0982 0
      vertex 22.1956 -15.3672 -1.16208
      vertex 22.3777 -15.1073 -1.44725
    endloop
  endfacet
  facet normal 0.819267 -0.573412 -8.78245e-05
    outer loop
      vertex 22.384 -15.0982 0
      vertex 21.9538 -15.7127 -0.990083
      vertex 22.1956 -15.3672 -1.16208
    endloop
  endfacet
  facet normal 0.819182 -0.573534 2.44894e-05
    outer loop
      vertex 21.8435 -15.8702 0
      vertex 21.9538 -15.7127 -0.990083
      vertex 22.384 -15.0982 0
    endloop
  endfacet
  facet normal 0.81911 -0.573637 0
    outer loop
      vertex 21.9538 -15.7127 -0.990083
      vertex 21.8435 -15.8702 0
      vertex 21.8435 -15.8702 -0.975484
    endloop
  endfacet
  facet normal -0 0 1
    outer loop
      vertex 21.8841 -15.8121 -4
      vertex 21.8435 -15.8702 -4
      vertex 22.384 -15.0982 -4
    endloop
  endfacet
  facet normal 0.822192 -0.56921 0
    outer loop
      vertex 22.3777 -15.1073 -2.55275
      vertex 22.384 -15.0982 -3.4
      vertex 22.384 -15.0982 -2.52936
    endloop
  endfacet
  facet normal 0.819018 -0.573768 -7.25662e-05
    outer loop
      vertex 22.1956 -15.3672 -2.83792
      vertex 22.384 -15.0982 -3.4
      vertex 22.3777 -15.1073 -2.55275
    endloop
  endfacet
  facet normal 0.819249 -0.573437 0.000163532
    outer loop
      vertex 21.9538 -15.7127 -3.00992
      vertex 22.384 -15.0982 -3.4
      vertex 22.1956 -15.3672 -2.83792
    endloop
  endfacet
  facet normal 0.81911 -0.573637 0
    outer loop
      vertex 21.8435 -15.8702 -3.4
      vertex 21.9538 -15.7127 -3.00992
      vertex 21.8435 -15.8702 -3.02452
    endloop
  endfacet
  facet normal 0.819182 -0.573534 -6.21578e-05
    outer loop
      vertex 21.9538 -15.7127 -3.00992
      vertex 21.8435 -15.8702 -3.4
      vertex 22.384 -15.0982 -3.4
    endloop
  endfacet
  facet normal 0 0 1
    outer loop
      vertex -0.942286 -26.9836 -4
      vertex -1.81264 -26.9379 -4
      vertex -1.88342 -26.9342 -4
    endloop
  endfacet
  facet normal -0.0524177 -0.998625 0
    outer loop
      vertex -1.88342 -26.9342 -3.4
      vertex -0.942286 -26.9836 0
      vertex -1.88342 -26.9342 0
    endloop
  endfacet
  facet normal -0.0524177 -0.998625 -0
    outer loop
      vertex -0.942286 -26.9836 0
      vertex -1.88342 -26.9342 -3.4
      vertex -0.942286 -26.9836 -3.4
    endloop
  endfacet
  facet normal 0.945526 0.325546 0
    outer loop
      vertex 25.6785 8.34346 0
      vertex 25.3717 9.23454 -3.4
      vertex 25.3717 9.23454 0
    endloop
  endfacet
  facet normal 0.945526 0.325546 0
    outer loop
      vertex 25.3717 9.23454 -3.4
      vertex 25.6785 8.34346 0
      vertex 25.6785 8.34346 -3.4
    endloop
  endfacet
  facet normal -0.121919 0.99254 0
    outer loop
      vertex -2.82227 26.8521 -3.4
      vertex -3.75767 26.7372 0
      vertex -2.82227 26.8521 0
    endloop
  endfacet
  facet normal -0.121919 0.99254 0
    outer loop
      vertex -3.75767 26.7372 0
      vertex -2.82227 26.8521 -3.4
      vertex -3.75767 26.7372 -3.4
    endloop
  endfacet
  facet normal 0 0 -1
    outer loop
      vertex -2.9962 26.8307 -4
      vertex -3.75767 26.7372 -4
      vertex -3.68732 26.7459 -4
    endloop
  endfacet
  facet normal 0 -0 1
    outer loop
      vertex -17.3002 20.7278 -4
      vertex -16.6229 21.2763 -4
      vertex -17.3553 20.6832 -4
    endloop
  endfacet
  facet normal -0.629329 0.777139 0
    outer loop
      vertex -16.6229 21.2763 -1.45
      vertex -17.3553 20.6832 0
      vertex -16.6229 21.2763 0
    endloop
  endfacet
  facet normal -0.629329 0.777139 0
    outer loop
      vertex -17.3553 20.6832 0
      vertex -16.6229 21.2763 -1.45
      vertex -17.3553 20.6832 -1.45
    endloop
  endfacet
  facet normal -0.629329 0.777139 0
    outer loop
      vertex -16.6229 21.2763 -3.4
      vertex -17.3553 20.6832 -2.55
      vertex -16.6229 21.2763 -2.55
    endloop
  endfacet
  facet normal -0.629329 0.777139 0
    outer loop
      vertex -17.3553 20.6832 -2.55
      vertex -16.6229 21.2763 -3.4
      vertex -17.3553 20.6832 -3.4
    endloop
  endfacet
  facet normal 0 0 -1
    outer loop
      vertex 22.8973 14.3078 -4
      vertex 22.384 15.0982 -4
      vertex 22.8587 14.3673 -4
    endloop
  endfacet
  facet normal 0.838667 0.544645 0
    outer loop
      vertex 22.8973 14.3078 0
      vertex 22.384 15.0982 -3.4
      vertex 22.384 15.0982 0
    endloop
  endfacet
  facet normal 0.838667 0.544645 0
    outer loop
      vertex 22.384 15.0982 -3.4
      vertex 22.8973 14.3078 0
      vertex 22.8973 14.3078 -3.4
    endloop
  endfacet
  facet normal 0.2588 0.965931 -0
    outer loop
      vertex 7.44221 25.9541 -3.4
      vertex 6.53189 26.198 0
      vertex 7.44221 25.9541 0
    endloop
  endfacet
  facet normal 0.2588 0.965931 0
    outer loop
      vertex 6.53189 26.198 0
      vertex 7.44221 25.9541 -3.4
      vertex 6.53189 26.198 -3.4
    endloop
  endfacet
  facet normal 0 0 1
    outer loop
      vertex 6.53189 26.198 -4
      vertex 7.37374 25.9724 -4
      vertex 7.44221 25.9541 -4
    endloop
  endfacet
  facet normal 0 0 1
    outer loop
      vertex -6.53189 -26.198 -4
      vertex -7.37374 -25.9724 -4
      vertex -7.44221 -25.9541 -4
    endloop
  endfacet
  facet normal -0.2588 -0.965931 0
    outer loop
      vertex -7.44221 -25.9541 -3.4
      vertex -6.53189 -26.198 0
      vertex -7.44221 -25.9541 0
    endloop
  endfacet
  facet normal -0.2588 -0.965931 -0
    outer loop
      vertex -6.53189 -26.198 0
      vertex -7.44221 -25.9541 -3.4
      vertex -6.53189 -26.198 -3.4
    endloop
  endfacet
  facet normal 0.777139 0.629329 0
    outer loop
      vertex 21.2763 16.6229 0
      vertex 20.6832 17.3553 -3.4
      vertex 20.6832 17.3553 0
    endloop
  endfacet
  facet normal 0.777139 0.629329 0
    outer loop
      vertex 20.6832 17.3553 -3.4
      vertex 21.2763 16.6229 0
      vertex 21.2763 16.6229 -3.4
    endloop
  endfacet
  facet normal -0 -0 1
    outer loop
      vertex 20.7278 17.3002 -4
      vertex 21.2763 16.6229 -4
      vertex 20.6832 17.3553 -4
    endloop
  endfacet
  facet normal 0.629329 0.777139 -0
    outer loop
      vertex 17.3553 20.6832 -3.4
      vertex 16.6229 21.2763 0
      vertex 17.3553 20.6832 0
    endloop
  endfacet
  facet normal 0.629329 0.777139 0
    outer loop
      vertex 16.6229 21.2763 0
      vertex 17.3553 20.6832 -3.4
      vertex 16.6229 21.2763 -3.4
    endloop
  endfacet
  facet normal 0 0 1
    outer loop
      vertex 16.6229 21.2763 -4
      vertex 17.3002 20.7278 -4
      vertex 17.3553 20.6832 -4
    endloop
  endfacet
  facet normal 0.601815 0.798636 -0
    outer loop
      vertex 16.6229 21.2763 -3.4
      vertex 15.8702 21.8435 0
      vertex 16.6229 21.2763 0
    endloop
  endfacet
  facet normal 0.601815 0.798636 0
    outer loop
      vertex 15.8702 21.8435 0
      vertex 16.6229 21.2763 -3.4
      vertex 15.8702 21.8435 -3.4
    endloop
  endfacet
  facet normal 0 0 1
    outer loop
      vertex 15.8702 21.8435 -4
      vertex 16.5662 21.3189 -4
      vertex 16.6229 21.2763 -4
    endloop
  endfacet
  facet normal 0 -0 1
    outer loop
      vertex -18.7039 19.4705 -4
      vertex -18.0665 20.0649 -4
      vertex -18.7558 19.4222 -4
    endloop
  endfacet
  facet normal -0.681955 0.731394 0
    outer loop
      vertex -18.0665 20.0649 -2.55
      vertex -18.0665 20.0649 -3.4
      vertex -18.4112 19.7435 -2.55
    endloop
  endfacet
  facet normal -0.681955 0.731394 0
    outer loop
      vertex -18.4112 19.7435 -1.45
      vertex -18.0665 20.0649 0
      vertex -18.0665 20.0649 -1.45
    endloop
  endfacet
  facet normal -0.681951 0.731397 -1.70503e-06
    outer loop
      vertex -18.0665 20.0649 0
      vertex -18.4112 19.7435 -1.45
      vertex -18.7558 19.4222 0
    endloop
  endfacet
  facet normal -0.681948 0.731401 0
    outer loop
      vertex -18.7558 19.4222 -3.4
      vertex -18.4112 19.7435 -1.45
      vertex -18.4112 19.7435 -2.55
    endloop
  endfacet
  facet normal -0.681948 0.731401 0
    outer loop
      vertex -18.4112 19.7435 -1.45
      vertex -18.7558 19.4222 -3.4
      vertex -18.7558 19.4222 0
    endloop
  endfacet
  facet normal -0.681951 0.731397 2.90859e-06
    outer loop
      vertex -18.7558 19.4222 -3.4
      vertex -18.4112 19.7435 -2.55
      vertex -18.0665 20.0649 -3.4
    endloop
  endfacet
  facet normal 0 0 1
    outer loop
      vertex -25.034 10.1144 -4
      vertex -25.0063 10.1796 -4
      vertex -24.6657 10.9819 -4
    endloop
  endfacet
  facet normal -0.920479 0.390792 0
    outer loop
      vertex -25.034 10.1144 -3.4
      vertex -24.6657 10.9819 0
      vertex -24.6657 10.9819 -3.4
    endloop
  endfacet
  facet normal -0.920479 0.390792 0
    outer loop
      vertex -24.6657 10.9819 0
      vertex -25.034 10.1144 -3.4
      vertex -25.034 10.1144 0
    endloop
  endfacet
  facet normal 0 0 -1
    outer loop
      vertex -11.836 24.2674 -4
      vertex -11.7718 24.2974 -4
      vertex -10.9819 24.6657 -4
    endloop
  endfacet
  facet normal -0.422641 0.906297 0
    outer loop
      vertex -10.9819 24.6657 -1.45
      vertex -11.836 24.2674 0
      vertex -10.9819 24.6657 0
    endloop
  endfacet
  facet normal -0.422641 0.906297 0
    outer loop
      vertex -11.836 24.2674 0
      vertex -10.9819 24.6657 -1.45
      vertex -11.836 24.2674 -1.45
    endloop
  endfacet
  facet normal -0.422641 0.906297 0
    outer loop
      vertex -10.9819 24.6657 -3.4
      vertex -11.836 24.2674 -2.55
      vertex -10.9819 24.6657 -2.55
    endloop
  endfacet
  facet normal -0.422641 0.906297 0
    outer loop
      vertex -11.836 24.2674 -2.55
      vertex -10.9819 24.6657 -3.4
      vertex -11.836 24.2674 -3.4
    endloop
  endfacet
  facet normal -0.292427 -0.956288 -0
    outer loop
      vertex -8.34346 -25.6785 -2.55
      vertex -8.34346 -25.6785 -3.4
      vertex -7.89283 -25.8163 -2.55
    endloop
  endfacet
  facet normal -0.292427 -0.956288 0
    outer loop
      vertex -7.89283 -25.8163 -1.45
      vertex -8.34346 -25.6785 0
      vertex -8.34346 -25.6785 -1.45
    endloop
  endfacet
  facet normal -0.29243 -0.956287 -1.00838e-06
    outer loop
      vertex -8.34346 -25.6785 0
      vertex -7.89283 -25.8163 -1.45
      vertex -7.44221 -25.9541 0
    endloop
  endfacet
  facet normal -0.292433 -0.956286 0
    outer loop
      vertex -7.44221 -25.9541 -3.4
      vertex -7.89283 -25.8163 -1.45
      vertex -7.89283 -25.8163 -2.55
    endloop
  endfacet
  facet normal -0.292433 -0.956286 0
    outer loop
      vertex -7.89283 -25.8163 -1.45
      vertex -7.44221 -25.9541 -3.4
      vertex -7.44221 -25.9541 0
    endloop
  endfacet
  facet normal -0.29243 -0.956287 1.72018e-06
    outer loop
      vertex -7.44221 -25.9541 -3.4
      vertex -7.89283 -25.8163 -2.55
      vertex -8.34346 -25.6785 -3.4
    endloop
  endfacet
  facet normal 0 0 1
    outer loop
      vertex -7.50999 -25.9333 -4
      vertex -8.07913 -25.7593 -4
      vertex -7.44221 -25.9541 -4
    endloop
  endfacet
  facet normal 0 0 1
    outer loop
      vertex -16.6229 21.2763 -4
      vertex -16.5662 21.3189 -4
      vertex -15.8702 21.8435 -4
    endloop
  endfacet
  facet normal -0.601815 0.798636 0
    outer loop
      vertex -15.8702 21.8435 -1.45
      vertex -16.6229 21.2763 0
      vertex -15.8702 21.8435 0
    endloop
  endfacet
  facet normal -0.601815 0.798636 0
    outer loop
      vertex -16.6229 21.2763 0
      vertex -15.8702 21.8435 -1.45
      vertex -16.6229 21.2763 -1.45
    endloop
  endfacet
  facet normal -0.601815 0.798636 0
    outer loop
      vertex -15.8702 21.8435 -3.4
      vertex -16.6229 21.2763 -2.55
      vertex -15.8702 21.8435 -2.55
    endloop
  endfacet
  facet normal -0.601815 0.798636 0
    outer loop
      vertex -16.6229 21.2763 -2.55
      vertex -15.8702 21.8435 -3.4
      vertex -16.6229 21.2763 -3.4
    endloop
  endfacet
  facet normal 0.965931 0.2588 0
    outer loop
      vertex 26.198 6.53189 0
      vertex 25.9541 7.44221 -3.4
      vertex 25.9541 7.44221 0
    endloop
  endfacet
  facet normal 0.965931 0.2588 0
    outer loop
      vertex 25.9541 7.44221 -3.4
      vertex 26.198 6.53189 0
      vertex 26.198 6.53189 -3.4
    endloop
  endfacet
  facet normal -0 -0 1
    outer loop
      vertex 25.9724 7.37374 -4
      vertex 26.198 6.53189 -4
      vertex 25.9541 7.44221 -4
    endloop
  endfacet
  facet normal 0.906297 0.422641 0
    outer loop
      vertex 24.6657 10.9819 0
      vertex 24.2674 11.836 -3.4
      vertex 24.2674 11.836 0
    endloop
  endfacet
  facet normal 0.906297 0.422641 0
    outer loop
      vertex 24.2674 11.836 -3.4
      vertex 24.6657 10.9819 0
      vertex 24.6657 10.9819 -3.4
    endloop
  endfacet
  facet normal -0 -0 -1
    outer loop
      vertex 24.2974 11.7718 -4
      vertex 24.6657 10.9819 -4
      vertex 24.2674 11.836 -4
    endloop
  endfacet
  facet normal 0 0 -1
    outer loop
      vertex -24.6657 10.9819 -4
      vertex -24.2974 11.7718 -4
      vertex -24.2674 11.836 -4
    endloop
  endfacet
  facet normal -0.906297 0.422641 0
    outer loop
      vertex -24.6657 10.9819 -3.4
      vertex -24.2674 11.836 0
      vertex -24.2674 11.836 -3.4
    endloop
  endfacet
  facet normal -0.906297 0.422641 0
    outer loop
      vertex -24.2674 11.836 0
      vertex -24.6657 10.9819 -3.4
      vertex -24.6657 10.9819 0
    endloop
  endfacet
  facet normal 0.99254 0.121919 0
    outer loop
      vertex 26.8521 2.82227 0
      vertex 26.7372 3.75767 -1.45
      vertex 26.7372 3.75767 0
    endloop
  endfacet
  facet normal 0.99254 0.121919 0
    outer loop
      vertex 26.7372 3.75767 -1.45
      vertex 26.8521 2.82227 0
      vertex 26.8521 2.82227 -1.45
    endloop
  endfacet
  facet normal 0 0 -1
    outer loop
      vertex 26.8307 2.9962 -4
      vertex 26.7372 3.75767 -4
      vertex 26.7459 3.68732 -4
    endloop
  endfacet
  facet normal 0.99254 0.121919 0
    outer loop
      vertex 26.8521 2.82227 -2.55
      vertex 26.7372 3.75767 -3.4
      vertex 26.7372 3.75767 -2.55
    endloop
  endfacet
  facet normal 0.99254 0.121919 0
    outer loop
      vertex 26.7372 3.75767 -3.4
      vertex 26.8521 2.82227 -2.55
      vertex 26.8521 2.82227 -3.4
    endloop
  endfacet
  facet normal -0 -0 -1
    outer loop
      vertex 24.2353 11.8992 -4
      vertex 24.2674 11.836 -4
      vertex 23.8396 12.6757 -4
    endloop
  endfacet
  facet normal 0.891027 0.45395 0
    outer loop
      vertex 24.2674 11.836 0
      vertex 23.8396 12.6757 -3.4
      vertex 23.8396 12.6757 0
    endloop
  endfacet
  facet normal 0.891027 0.45395 0
    outer loop
      vertex 23.8396 12.6757 -3.4
      vertex 24.2674 11.836 0
      vertex 24.2674 11.836 -3.4
    endloop
  endfacet
  facet normal -0 -0 1
    outer loop
      vertex 23.8052 12.7377 -4
      vertex 23.8396 12.6757 -4
      vertex 23.5508 13.1967 -4
    endloop
  endfacet
  facet normal 0.874627 0.484796 0
    outer loop
      vertex 23.8396 12.6757 0
      vertex 23.3827 13.5 -3.4
      vertex 23.3827 13.5 0
    endloop
  endfacet
  facet normal 0.874627 0.484796 0
    outer loop
      vertex 23.3827 13.5 -3.4
      vertex 23.8396 12.6757 0
      vertex 23.8396 12.6757 -3.4
    endloop
  endfacet
  facet normal -1 0 0
    outer loop
      vertex 6.2 19.735 -2.15
      vertex 6.2 22.9 -4
      vertex 6.2 19.735 -3.45
    endloop
  endfacet
  facet normal -1 0 0
    outer loop
      vertex 6.2 22.9 -4
      vertex 6.2 18.435 -3.45
      vertex 6.2 19.735 -3.45
    endloop
  endfacet
  facet normal -1 0 0
    outer loop
      vertex 6.2 18.435 -3.45
      vertex 6.2 -14.9679 -2.19294
      vertex 6.2 18.435 -2.15
    endloop
  endfacet
  facet normal -1 0 0
    outer loop
      vertex 6.2 -19.25 -4
      vertex 6.2 18.435 -3.45
      vertex 6.2 22.9 -4
    endloop
  endfacet
  facet normal -1 0 0
    outer loop
      vertex 6.2 18.435 -3.45
      vertex 6.2 -15.1073 -2.55275
      vertex 6.2 -14.9679 -2.19294
    endloop
  endfacet
  facet normal -1 0 0
    outer loop
      vertex 6.2 18.435 -3.45
      vertex 6.2 -15.3672 -2.83792
      vertex 6.2 -15.1073 -2.55275
    endloop
  endfacet
  facet normal -1 0 0
    outer loop
      vertex 6.2 18.435 -3.45
      vertex 6.2 -15.7127 -3.00992
      vertex 6.2 -15.3672 -2.83792
    endloop
  endfacet
  facet normal -1 -0 0
    outer loop
      vertex 6.2 18.435 -3.45
      vertex 6.2 -19.25 -4
      vertex 6.2 -15.7127 -3.00992
    endloop
  endfacet
  facet normal -1 -0 0
    outer loop
      vertex 6.2 -16.9791 -2.3793
      vertex 6.2 -19.25 -4
      vertex 6.2 -17.05 -2
    endloop
  endfacet
  facet normal -1 -0 0
    outer loop
      vertex 6.2 -16.776 -2.70738
      vertex 6.2 -19.25 -4
      vertex 6.2 -16.9791 -2.3793
    endloop
  endfacet
  facet normal -1 -0 0
    outer loop
      vertex 6.2 -16.468 -2.93992
      vertex 6.2 -19.25 -4
      vertex 6.2 -16.776 -2.70738
    endloop
  endfacet
  facet normal -1 -0 0
    outer loop
      vertex 6.2 -16.0969 -3.04552
      vertex 6.2 -19.25 -4
      vertex 6.2 -16.468 -2.93992
    endloop
  endfacet
  facet normal -1 0 0
    outer loop
      vertex 6.2 -15.7127 -3.00992
      vertex 6.2 -19.25 -4
      vertex 6.2 -16.0969 -3.04552
    endloop
  endfacet
  facet normal -1 0 0
    outer loop
      vertex 6.2 22.9 -4
      vertex 6.2 19.735 -2.15
      vertex 6.2 22.9 0
    endloop
  endfacet
  facet normal -1 0 0
    outer loop
      vertex 6.2 18.435 -2.15
      vertex 6.2 22.9 0
      vertex 6.2 19.735 -2.15
    endloop
  endfacet
  facet normal -1 0 0
    outer loop
      vertex 6.2 -14.9679 -1.80706
      vertex 6.2 18.435 -2.15
      vertex 6.2 -14.9679 -2.19294
    endloop
  endfacet
  facet normal -1 0 0
    outer loop
      vertex 6.2 -15.1073 -1.44725
      vertex 6.2 18.435 -2.15
      vertex 6.2 -14.9679 -1.80706
    endloop
  endfacet
  facet normal -1 0 0
    outer loop
      vertex 6.2 -15.3672 -1.16208
      vertex 6.2 18.435 -2.15
      vertex 6.2 -15.1073 -1.44725
    endloop
  endfacet
  facet normal -1 0 0
    outer loop
      vertex 6.2 18.435 -2.15
      vertex 6.2 -15.3672 -1.16208
      vertex 6.2 22.9 0
    endloop
  endfacet
  facet normal -1 0 0
    outer loop
      vertex 6.2 -15.7127 -0.990083
      vertex 6.2 22.9 0
      vertex 6.2 -15.3672 -1.16208
    endloop
  endfacet
  facet normal -1 0 0
    outer loop
      vertex 6.2 -19.25 0
      vertex 6.2 -15.7127 -0.990083
      vertex 6.2 -16.0969 -0.954478
    endloop
  endfacet
  facet normal -1 0 0
    outer loop
      vertex 6.2 -19.25 0
      vertex 6.2 -17.05 -2
      vertex 6.2 -19.25 -4
    endloop
  endfacet
  facet normal -1 0 0
    outer loop
      vertex 6.2 -17.05 -2
      vertex 6.2 -19.25 0
      vertex 6.2 -16.9791 -1.6207
    endloop
  endfacet
  facet normal -1 0 0
    outer loop
      vertex 6.2 -15.7127 -0.990083
      vertex 6.2 -19.25 0
      vertex 6.2 22.9 0
    endloop
  endfacet
  facet normal -1 0 0
    outer loop
      vertex 6.2 -16.468 -1.06008
      vertex 6.2 -19.25 0
      vertex 6.2 -16.0969 -0.954478
    endloop
  endfacet
  facet normal -1 0 0
    outer loop
      vertex 6.2 -16.776 -1.29262
      vertex 6.2 -19.25 0
      vertex 6.2 -16.468 -1.06008
    endloop
  endfacet
  facet normal -1 0 0
    outer loop
      vertex 6.2 -16.9791 -1.6207
      vertex 6.2 -19.25 0
      vertex 6.2 -16.776 -1.29262
    endloop
  endfacet
  facet normal 0 -1 0
    outer loop
      vertex -6.2 22.9 -4
      vertex 6.2 22.9 0
      vertex -6.2 22.9 0
    endloop
  endfacet
  facet normal 0 -1 -0
    outer loop
      vertex 6.2 22.9 0
      vertex -6.2 22.9 -4
      vertex 6.2 22.9 -4
    endloop
  endfacet
  facet normal 0 1 -0
    outer loop
      vertex 6.2 -19.25 -4
      vertex -5.7 -19.25 0
      vertex 6.2 -19.25 0
    endloop
  endfacet
  facet normal 0 1 0
    outer loop
      vertex -5.7 -19.25 0
      vertex 6.2 -19.25 -4
      vertex -5.7 -19.25 -4
    endloop
  endfacet
  facet normal 1 0 0
    outer loop
      vertex -6.2 22.9 0
      vertex -6.2 19.735 -2.15
      vertex -6.2 22.9 -4
    endloop
  endfacet
  facet normal 1 0 0
    outer loop
      vertex -6.2 22.9 0
      vertex -6.2 18.435 -2.15
      vertex -6.2 19.735 -2.15
    endloop
  endfacet
  facet normal 1 0 0
    outer loop
      vertex -6.2 -11.5098 -4
      vertex -6.2 18.435 -2.15
      vertex -6.2 -11.5098 0
    endloop
  endfacet
  facet normal 1 -0 0
    outer loop
      vertex -6.2 -11.5098 0
      vertex -6.2 18.435 -2.15
      vertex -6.2 22.9 0
    endloop
  endfacet
  facet normal 1 -0 0
    outer loop
      vertex -6.2 19.735 -3.45
      vertex -6.2 22.9 -4
      vertex -6.2 19.735 -2.15
    endloop
  endfacet
  facet normal 1 -0 0
    outer loop
      vertex -6.2 18.435 -3.45
      vertex -6.2 22.9 -4
      vertex -6.2 19.735 -3.45
    endloop
  endfacet
  facet normal 1 0 0
    outer loop
      vertex -6.2 18.435 -2.15
      vertex -6.2 -11.5098 -4
      vertex -6.2 18.435 -3.45
    endloop
  endfacet
  facet normal 1 0 0
    outer loop
      vertex -6.2 18.435 -3.45
      vertex -6.2 -11.5098 -4
      vertex -6.2 22.9 -4
    endloop
  endfacet
  facet normal 0.700074 0.71407 -0
    outer loop
      vertex -5.7 -12 -4
      vertex -6.2 -11.5098 0
      vertex -5.7 -12 0
    endloop
  endfacet
  facet normal 0.700074 0.71407 0
    outer loop
      vertex -6.2 -11.5098 0
      vertex -5.7 -12 -4
      vertex -6.2 -11.5098 -4
    endloop
  endfacet
  facet normal 1 0 0
    outer loop
      vertex -5.7 -12 0
      vertex -5.7 -14.9679 -1.80706
      vertex -5.7 -12 -4
    endloop
  endfacet
  facet normal 1 0 0
    outer loop
      vertex -5.7 -12 0
      vertex -5.7 -15.1073 -1.44725
      vertex -5.7 -14.9679 -1.80706
    endloop
  endfacet
  facet normal 1 0 0
    outer loop
      vertex -5.7 -12 0
      vertex -5.7 -15.3672 -1.16208
      vertex -5.7 -15.1073 -1.44725
    endloop
  endfacet
  facet normal 1 0 0
    outer loop
      vertex -5.7 -12 0
      vertex -5.7 -15.7127 -0.990083
      vertex -5.7 -15.3672 -1.16208
    endloop
  endfacet
  facet normal 1 0 0
    outer loop
      vertex -5.7 -12 0
      vertex -5.7 -16.0969 -0.954478
      vertex -5.7 -15.7127 -0.990083
    endloop
  endfacet
  facet normal 1 0 0
    outer loop
      vertex -5.7 -16.9791 -1.6207
      vertex -5.7 -19.25 0
      vertex -5.7 -17.05 -2
    endloop
  endfacet
  facet normal 1 0 0
    outer loop
      vertex -5.7 -16.776 -1.29262
      vertex -5.7 -19.25 0
      vertex -5.7 -16.9791 -1.6207
    endloop
  endfacet
  facet normal 1 0 0
    outer loop
      vertex -5.7 -16.468 -1.06008
      vertex -5.7 -19.25 0
      vertex -5.7 -16.776 -1.29262
    endloop
  endfacet
  facet normal 1 0 0
    outer loop
      vertex -5.7 -16.0969 -0.954478
      vertex -5.7 -19.25 0
      vertex -5.7 -16.468 -1.06008
    endloop
  endfacet
  facet normal 1 -0 0
    outer loop
      vertex -5.7 -19.25 0
      vertex -5.7 -16.0969 -0.954478
      vertex -5.7 -12 0
    endloop
  endfacet
  facet normal 1 -0 0
    outer loop
      vertex -5.7 -14.9679 -2.19294
      vertex -5.7 -12 -4
      vertex -5.7 -14.9679 -1.80706
    endloop
  endfacet
  facet normal 1 -0 0
    outer loop
      vertex -5.7 -15.1073 -2.55275
      vertex -5.7 -12 -4
      vertex -5.7 -14.9679 -2.19294
    endloop
  endfacet
  facet normal 1 -0 0
    outer loop
      vertex -5.7 -15.3672 -2.83792
      vertex -5.7 -12 -4
      vertex -5.7 -15.1073 -2.55275
    endloop
  endfacet
  facet normal 1 -0 0
    outer loop
      vertex -5.7 -15.7127 -3.00992
      vertex -5.7 -12 -4
      vertex -5.7 -15.3672 -2.83792
    endloop
  endfacet
  facet normal 1 -0 0
    outer loop
      vertex -5.7 -16.0969 -3.04552
      vertex -5.7 -12 -4
      vertex -5.7 -15.7127 -3.00992
    endloop
  endfacet
  facet normal 1 0 0
    outer loop
      vertex -5.7 -19.25 -4
      vertex -5.7 -17.05 -2
      vertex -5.7 -19.25 0
    endloop
  endfacet
  facet normal 1 0 0
    outer loop
      vertex -5.7 -17.05 -2
      vertex -5.7 -19.25 -4
      vertex -5.7 -16.9791 -2.3793
    endloop
  endfacet
  facet normal 1 0 0
    outer loop
      vertex -5.7 -16.0969 -3.04552
      vertex -5.7 -19.25 -4
      vertex -5.7 -12 -4
    endloop
  endfacet
  facet normal 1 0 0
    outer loop
      vertex -5.7 -16.468 -2.93992
      vertex -5.7 -19.25 -4
      vertex -5.7 -16.0969 -3.04552
    endloop
  endfacet
  facet normal 1 0 0
    outer loop
      vertex -5.7 -16.776 -2.70738
      vertex -5.7 -19.25 -4
      vertex -5.7 -16.468 -2.93992
    endloop
  endfacet
  facet normal 1 0 0
    outer loop
      vertex -5.7 -16.9791 -2.3793
      vertex -5.7 -19.25 -4
      vertex -5.7 -16.776 -2.70738
    endloop
  endfacet
  facet normal 0 0 -1
    outer loop
      vertex 26.4 0 -3.4
      vertex 27 0 -3.4
      vertex 26.9836 -0.942286 -3.4
    endloop
  endfacet
  facet normal 0 0 -1
    outer loop
      vertex 26.3839 -0.921347 -3.4
      vertex 26.9836 -0.942286 -3.4
      vertex 26.9342 -1.88342 -3.4
    endloop
  endfacet
  facet normal 0 0 -1
    outer loop
      vertex 27 0 -3.4
      vertex 26.4 0 -3.4
      vertex 26.9836 0.942286 -3.4
    endloop
  endfacet
  facet normal 0 0 -1
    outer loop
      vertex 26.3357 -1.84157 -3.4
      vertex 26.9342 -1.88342 -3.4
      vertex 26.8521 -2.82227 -3.4
    endloop
  endfacet
  facet normal 0 0 -1
    outer loop
      vertex 26.3839 0.921347 -3.4
      vertex 26.9836 0.942286 -3.4
      vertex 26.4 0 -3.4
    endloop
  endfacet
  facet normal 0 0 -1
    outer loop
      vertex 26.2554 -2.75955 -3.4
      vertex 26.8521 -2.82227 -3.4
      vertex 26.7372 -3.75767 -3.4
    endloop
  endfacet
  facet normal -0 0 -1
    outer loop
      vertex 26.9836 0.942286 -3.4
      vertex 26.3839 0.921347 -3.4
      vertex 26.9342 1.88342 -3.4
    endloop
  endfacet
  facet normal 0 0 -1
    outer loop
      vertex 26.1431 -3.67417 -3.4
      vertex 26.7372 -3.75767 -3.4
      vertex 26.5898 -4.6885 -3.4
    endloop
  endfacet
  facet normal 0 0 -1
    outer loop
      vertex 26.3357 1.84157 -3.4
      vertex 26.9342 1.88342 -3.4
      vertex 26.3839 0.921347 -3.4
    endloop
  endfacet
  facet normal 0 0 -1
    outer loop
      vertex 25.9989 -4.58431 -3.4
      vertex 26.5898 -4.6885 -3.4
      vertex 26.41 -5.61362 -3.4
    endloop
  endfacet
  facet normal -0 0 -1
    outer loop
      vertex 26.9342 1.88342 -3.4
      vertex 26.3357 1.84157 -3.4
      vertex 26.8521 2.82227 -3.4
    endloop
  endfacet
  facet normal 0 0 -1
    outer loop
      vertex 26.2554 2.75955 -3.4
      vertex 26.8521 2.82227 -3.4
      vertex 26.3357 1.84157 -3.4
    endloop
  endfacet
  facet normal 0 0 -1
    outer loop
      vertex 26.9836 -0.942286 -3.4
      vertex 26.3839 -0.921347 -3.4
      vertex 26.4 0 -3.4
    endloop
  endfacet
  facet normal 0 0 -1
    outer loop
      vertex 26.9342 -1.88342 -3.4
      vertex 26.3357 -1.84157 -3.4
      vertex 26.3839 -0.921347 -3.4
    endloop
  endfacet
  facet normal 0 0 -1
    outer loop
      vertex 26.8521 -2.82227 -3.4
      vertex 26.2554 -2.75955 -3.4
      vertex 26.3357 -1.84157 -3.4
    endloop
  endfacet
  facet normal 0 0 -1
    outer loop
      vertex 25.8231 -5.48887 -3.4
      vertex 26.41 -5.61362 -3.4
      vertex 26.198 -6.53189 -3.4
    endloop
  endfacet
  facet normal 0 0 -1
    outer loop
      vertex 26.7372 -3.75767 -3.4
      vertex 26.1431 -3.67417 -3.4
      vertex 26.2554 -2.75955 -3.4
    endloop
  endfacet
  facet normal 0 0 -1
    outer loop
      vertex 26.5898 -4.6885 -3.4
      vertex 25.9989 -4.58431 -3.4
      vertex 26.1431 -3.67417 -3.4
    endloop
  endfacet
  facet normal 0 0 -1
    outer loop
      vertex 25.6158 -6.38674 -3.4
      vertex 26.198 -6.53189 -3.4
      vertex 25.9541 -7.44221 -3.4
    endloop
  endfacet
  facet normal 0 0 -1
    outer loop
      vertex 26.41 -5.61362 -3.4
      vertex 25.8231 -5.48887 -3.4
      vertex 25.9989 -4.58431 -3.4
    endloop
  endfacet
  facet normal 0 0 -1
    outer loop
      vertex 25.3773 -7.27683 -3.4
      vertex 25.9541 -7.44221 -3.4
      vertex 25.6785 -8.34346 -3.4
    endloop
  endfacet
  facet normal 0 0 -1
    outer loop
      vertex 26.198 -6.53189 -3.4
      vertex 25.6158 -6.38674 -3.4
      vertex 25.8231 -5.48887 -3.4
    endloop
  endfacet
  facet normal 0 0 -1
    outer loop
      vertex 25.9541 -7.44221 -3.4
      vertex 25.3773 -7.27683 -3.4
      vertex 25.6158 -6.38674 -3.4
    endloop
  endfacet
  facet normal 0 0 -1
    outer loop
      vertex 25.1079 -8.15805 -3.4
      vertex 25.6785 -8.34346 -3.4
      vertex 25.3717 -9.23454 -3.4
    endloop
  endfacet
  facet normal 0 0 -1
    outer loop
      vertex 25.6785 -8.34346 -3.4
      vertex 25.1079 -8.15805 -3.4
      vertex 25.3773 -7.27683 -3.4
    endloop
  endfacet
  facet normal 0 0 -1
    outer loop
      vertex 24.8079 -9.02933 -3.4
      vertex 25.3717 -9.23454 -3.4
      vertex 25.034 -10.1144 -3.4
    endloop
  endfacet
  facet normal 0 0 -1
    outer loop
      vertex 25.3717 -9.23454 -3.4
      vertex 24.8079 -9.02933 -3.4
      vertex 25.1079 -8.15805 -3.4
    endloop
  endfacet
  facet normal 0 0 -1
    outer loop
      vertex 24.4777 -9.88961 -3.4
      vertex 25.034 -10.1144 -3.4
      vertex 24.6657 -10.9819 -3.4
    endloop
  endfacet
  facet normal 0 0 -1
    outer loop
      vertex 25.034 -10.1144 -3.4
      vertex 24.4777 -9.88961 -3.4
      vertex 24.8079 -9.02933 -3.4
    endloop
  endfacet
  facet normal 0 0 -1
    outer loop
      vertex 24.1176 -10.7378 -3.4
      vertex 24.6657 -10.9819 -3.4
      vertex 24.2674 -11.836 -3.4
    endloop
  endfacet
  facet normal 0 0 -1
    outer loop
      vertex 24.6657 -10.9819 -3.4
      vertex 24.1176 -10.7378 -3.4
      vertex 24.4777 -9.88961 -3.4
    endloop
  endfacet
  facet normal 0 0 -1
    outer loop
      vertex 23.7282 -11.573 -3.4
      vertex 24.2674 -11.836 -3.4
      vertex 23.8396 -12.6757 -3.4
    endloop
  endfacet
  facet normal 0 0 -1
    outer loop
      vertex 24.2674 -11.836 -3.4
      vertex 23.7282 -11.573 -3.4
      vertex 24.1176 -10.7378 -3.4
    endloop
  endfacet
  facet normal 0 0 -1
    outer loop
      vertex 23.3098 -12.394 -3.4
      vertex 23.8396 -12.6757 -3.4
      vertex 23.3827 -13.5 -3.4
    endloop
  endfacet
  facet normal 0 0 -1
    outer loop
      vertex 23.8396 -12.6757 -3.4
      vertex 23.3098 -12.394 -3.4
      vertex 23.7282 -11.573 -3.4
    endloop
  endfacet
  facet normal 0 0 -1
    outer loop
      vertex 22.8631 -13.2 -3.4
      vertex 23.3827 -13.5 -3.4
      vertex 22.8973 -14.3078 -3.4
    endloop
  endfacet
  facet normal 0 0 -1
    outer loop
      vertex 23.3827 -13.5 -3.4
      vertex 22.8631 -13.2 -3.4
      vertex 23.3098 -12.394 -3.4
    endloop
  endfacet
  facet normal 0 0 -1
    outer loop
      vertex 22.8973 -14.3078 -3.4
      vertex 22.3885 -13.9899 -3.4
      vertex 22.8631 -13.2 -3.4
    endloop
  endfacet
  facet normal 0 0 -1
    outer loop
      vertex 22.384 -15.0982 -3.4
      vertex 22.3885 -13.9899 -3.4
      vertex 22.8973 -14.3078 -3.4
    endloop
  endfacet
  facet normal 0 0 -1
    outer loop
      vertex 22.384 -15.0982 -3.4
      vertex 21.8866 -14.7627 -3.4
      vertex 22.3885 -13.9899 -3.4
    endloop
  endfacet
  facet normal 0 0 -1
    outer loop
      vertex 21.8435 -15.8702 -3.4
      vertex 21.8866 -14.7627 -3.4
      vertex 22.384 -15.0982 -3.4
    endloop
  endfacet
  facet normal 0 0 -1
    outer loop
      vertex 21.8435 -15.8702 -3.4
      vertex 21.358 -15.5175 -3.4
      vertex 21.8866 -14.7627 -3.4
    endloop
  endfacet
  facet normal 0 0 -1
    outer loop
      vertex 21.2763 -16.6229 -3.4
      vertex 21.358 -15.5175 -3.4
      vertex 21.8435 -15.8702 -3.4
    endloop
  endfacet
  facet normal 0 0 -1
    outer loop
      vertex 21.2763 -16.6229 -3.4
      vertex 20.8035 -16.2535 -3.4
      vertex 21.358 -15.5175 -3.4
    endloop
  endfacet
  facet normal 0 0 -1
    outer loop
      vertex 20.6832 -17.3553 -3.4
      vertex 20.8035 -16.2535 -3.4
      vertex 21.2763 -16.6229 -3.4
    endloop
  endfacet
  facet normal 0 0 -1
    outer loop
      vertex 20.6832 -17.3553 -3.4
      vertex 20.2236 -16.9696 -3.4
      vertex 20.8035 -16.2535 -3.4
    endloop
  endfacet
  facet normal 0 0 -1
    outer loop
      vertex 20.0649 -18.0665 -3.4
      vertex 20.2236 -16.9696 -3.4
      vertex 20.6832 -17.3553 -3.4
    endloop
  endfacet
  facet normal 0 0 -1
    outer loop
      vertex 20.0649 -18.0665 -3.4
      vertex 19.619 -17.665 -3.4
      vertex 20.2236 -16.9696 -3.4
    endloop
  endfacet
  facet normal 0 0 -1
    outer loop
      vertex 19.4222 -18.7558 -3.4
      vertex 19.619 -17.665 -3.4
      vertex 20.0649 -18.0665 -3.4
    endloop
  endfacet
  facet normal 0 0 -1
    outer loop
      vertex 19.4222 -18.7558 -3.4
      vertex 18.9906 -18.339 -3.4
      vertex 19.619 -17.665 -3.4
    endloop
  endfacet
  facet normal 0 0 -1
    outer loop
      vertex 18.7558 -19.4222 -3.4
      vertex 18.9906 -18.339 -3.4
      vertex 19.4222 -18.7558 -3.4
    endloop
  endfacet
  facet normal 0 0 -1
    outer loop
      vertex 18.7558 -19.4222 -3.4
      vertex 18.339 -18.9906 -3.4
      vertex 18.9906 -18.339 -3.4
    endloop
  endfacet
  facet normal 0 0 -1
    outer loop
      vertex 18.0665 -20.0649 -3.4
      vertex 18.339 -18.9906 -3.4
      vertex 18.7558 -19.4222 -3.4
    endloop
  endfacet
  facet normal 0 0 -1
    outer loop
      vertex 18.0665 -20.0649 -3.4
      vertex 17.665 -19.619 -3.4
      vertex 18.339 -18.9906 -3.4
    endloop
  endfacet
  facet normal 0 0 -1
    outer loop
      vertex 17.3553 -20.6832 -3.4
      vertex 17.665 -19.619 -3.4
      vertex 18.0665 -20.0649 -3.4
    endloop
  endfacet
  facet normal 0 0 -1
    outer loop
      vertex 17.3553 -20.6832 -3.4
      vertex 16.9696 -20.2236 -3.4
      vertex 17.665 -19.619 -3.4
    endloop
  endfacet
  facet normal 0 0 -1
    outer loop
      vertex 16.6229 -21.2763 -3.4
      vertex 16.9696 -20.2236 -3.4
      vertex 17.3553 -20.6832 -3.4
    endloop
  endfacet
  facet normal 0 0 -1
    outer loop
      vertex 16.6229 -21.2763 -3.4
      vertex 16.2535 -20.8035 -3.4
      vertex 16.9696 -20.2236 -3.4
    endloop
  endfacet
  facet normal 0 0 -1
    outer loop
      vertex 15.8702 -21.8435 -3.4
      vertex 16.2535 -20.8035 -3.4
      vertex 16.6229 -21.2763 -3.4
    endloop
  endfacet
  facet normal 0 0 -1
    outer loop
      vertex 15.8702 -21.8435 -3.4
      vertex 15.5175 -21.358 -3.4
      vertex 16.2535 -20.8035 -3.4
    endloop
  endfacet
  facet normal 0 0 -1
    outer loop
      vertex 15.0982 -22.384 -3.4
      vertex 15.5175 -21.358 -3.4
      vertex 15.8702 -21.8435 -3.4
    endloop
  endfacet
  facet normal 0 0 -1
    outer loop
      vertex 15.0982 -22.384 -3.4
      vertex 14.7627 -21.8866 -3.4
      vertex 15.5175 -21.358 -3.4
    endloop
  endfacet
  facet normal 0 0 -1
    outer loop
      vertex 14.3078 -22.8973 -3.4
      vertex 14.7627 -21.8866 -3.4
      vertex 15.0982 -22.384 -3.4
    endloop
  endfacet
  facet normal 0 0 -1
    outer loop
      vertex 14.3078 -22.8973 -3.4
      vertex 13.9899 -22.3885 -3.4
      vertex 14.7627 -21.8866 -3.4
    endloop
  endfacet
  facet normal 0 0 -1
    outer loop
      vertex 13.5 -23.3827 -3.4
      vertex 13.9899 -22.3885 -3.4
      vertex 14.3078 -22.8973 -3.4
    endloop
  endfacet
  facet normal 0 0 -1
    outer loop
      vertex 13.5 -23.3827 -3.4
      vertex 13.2 -22.8631 -3.4
      vertex 13.9899 -22.3885 -3.4
    endloop
  endfacet
  facet normal 0 0 -1
    outer loop
      vertex 12.6757 -23.8396 -3.4
      vertex 13.2 -22.8631 -3.4
      vertex 13.5 -23.3827 -3.4
    endloop
  endfacet
  facet normal 0 0 -1
    outer loop
      vertex 12.6757 -23.8396 -3.4
      vertex 12.394 -23.3098 -3.4
      vertex 13.2 -22.8631 -3.4
    endloop
  endfacet
  facet normal 0 0 -1
    outer loop
      vertex 11.836 -24.2674 -3.4
      vertex 12.394 -23.3098 -3.4
      vertex 12.6757 -23.8396 -3.4
    endloop
  endfacet
  facet normal 0 0 -1
    outer loop
      vertex 11.836 -24.2674 -3.4
      vertex 11.573 -23.7282 -3.4
      vertex 12.394 -23.3098 -3.4
    endloop
  endfacet
  facet normal 0 0 -1
    outer loop
      vertex 10.9819 -24.6657 -3.4
      vertex 11.573 -23.7282 -3.4
      vertex 11.836 -24.2674 -3.4
    endloop
  endfacet
  facet normal 0 0 -1
    outer loop
      vertex 10.9819 -24.6657 -3.4
      vertex 10.7378 -24.1176 -3.4
      vertex 11.573 -23.7282 -3.4
    endloop
  endfacet
  facet normal 0 0 -1
    outer loop
      vertex 10.1144 -25.034 -3.4
      vertex 10.7378 -24.1176 -3.4
      vertex 10.9819 -24.6657 -3.4
    endloop
  endfacet
  facet normal 0 0 -1
    outer loop
      vertex 10.1144 -25.034 -3.4
      vertex 9.88961 -24.4777 -3.4
      vertex 10.7378 -24.1176 -3.4
    endloop
  endfacet
  facet normal 0 0 -1
    outer loop
      vertex 9.23454 -25.3717 -3.4
      vertex 9.88961 -24.4777 -3.4
      vertex 10.1144 -25.034 -3.4
    endloop
  endfacet
  facet normal 0 0 -1
    outer loop
      vertex 9.23454 -25.3717 -3.4
      vertex 9.02933 -24.8079 -3.4
      vertex 9.88961 -24.4777 -3.4
    endloop
  endfacet
  facet normal 0 0 -1
    outer loop
      vertex 8.34346 -25.6785 -3.4
      vertex 9.02933 -24.8079 -3.4
      vertex 9.23454 -25.3717 -3.4
    endloop
  endfacet
  facet normal 0 0 -1
    outer loop
      vertex 8.34346 -25.6785 -3.4
      vertex 8.15805 -25.1079 -3.4
      vertex 9.02933 -24.8079 -3.4
    endloop
  endfacet
  facet normal 0 0 -1
    outer loop
      vertex 7.44221 -25.9541 -3.4
      vertex 8.15805 -25.1079 -3.4
      vertex 8.34346 -25.6785 -3.4
    endloop
  endfacet
  facet normal 0 0 -1
    outer loop
      vertex 7.44221 -25.9541 -3.4
      vertex 7.27683 -25.3773 -3.4
      vertex 8.15805 -25.1079 -3.4
    endloop
  endfacet
  facet normal 0 0 -1
    outer loop
      vertex 6.53189 -26.198 -3.4
      vertex 7.27683 -25.3773 -3.4
      vertex 7.44221 -25.9541 -3.4
    endloop
  endfacet
  facet normal 0 0 -1
    outer loop
      vertex 6.53189 -26.198 -3.4
      vertex 6.38674 -25.6158 -3.4
      vertex 7.27683 -25.3773 -3.4
    endloop
  endfacet
  facet normal 0 0 -1
    outer loop
      vertex 5.61362 -26.41 -3.4
      vertex 6.38674 -25.6158 -3.4
      vertex 6.53189 -26.198 -3.4
    endloop
  endfacet
  facet normal 0 0 -1
    outer loop
      vertex 5.61362 -26.41 -3.4
      vertex 5.48887 -25.8231 -3.4
      vertex 6.38674 -25.6158 -3.4
    endloop
  endfacet
  facet normal 0 0 -1
    outer loop
      vertex 4.6885 -26.5898 -3.4
      vertex 5.48887 -25.8231 -3.4
      vertex 5.61362 -26.41 -3.4
    endloop
  endfacet
  facet normal 0 0 -1
    outer loop
      vertex 4.6885 -26.5898 -3.4
      vertex 4.58431 -25.9989 -3.4
      vertex 5.48887 -25.8231 -3.4
    endloop
  endfacet
  facet normal 0 0 -1
    outer loop
      vertex 3.75767 -26.7372 -3.4
      vertex 4.58431 -25.9989 -3.4
      vertex 4.6885 -26.5898 -3.4
    endloop
  endfacet
  facet normal 0 0 -1
    outer loop
      vertex 3.75767 -26.7372 -3.4
      vertex 3.67417 -26.1431 -3.4
      vertex 4.58431 -25.9989 -3.4
    endloop
  endfacet
  facet normal 0 0 -1
    outer loop
      vertex 2.82227 -26.8521 -3.4
      vertex 3.67417 -26.1431 -3.4
      vertex 3.75767 -26.7372 -3.4
    endloop
  endfacet
  facet normal 0 0 -1
    outer loop
      vertex 2.82227 -26.8521 -3.4
      vertex 2.75955 -26.2554 -3.4
      vertex 3.67417 -26.1431 -3.4
    endloop
  endfacet
  facet normal 0 0 -1
    outer loop
      vertex 1.88342 -26.9342 -3.4
      vertex 2.75955 -26.2554 -3.4
      vertex 2.82227 -26.8521 -3.4
    endloop
  endfacet
  facet normal 0 0 -1
    outer loop
      vertex 1.88342 -26.9342 -3.4
      vertex 1.84157 -26.3357 -3.4
      vertex 2.75955 -26.2554 -3.4
    endloop
  endfacet
  facet normal 0 0 -1
    outer loop
      vertex 0.942286 -26.9836 -3.4
      vertex 1.84157 -26.3357 -3.4
      vertex 1.88342 -26.9342 -3.4
    endloop
  endfacet
  facet normal 0 0 -1
    outer loop
      vertex 0.942286 -26.9836 -3.4
      vertex 0.921347 -26.3839 -3.4
      vertex 1.84157 -26.3357 -3.4
    endloop
  endfacet
  facet normal 0 0 -1
    outer loop
      vertex 0 -27 -3.4
      vertex 0.921347 -26.3839 -3.4
      vertex 0.942286 -26.9836 -3.4
    endloop
  endfacet
  facet normal 0 0 -1
    outer loop
      vertex 0 -27 -3.4
      vertex 0 -26.4 -3.4
      vertex 0.921347 -26.3839 -3.4
    endloop
  endfacet
  facet normal 0 0 -1
    outer loop
      vertex 0 -27 -3.4
      vertex -0.921347 -26.3839 -3.4
      vertex 0 -26.4 -3.4
    endloop
  endfacet
  facet normal 0 0 -1
    outer loop
      vertex -0.942286 -26.9836 -3.4
      vertex -0.921347 -26.3839 -3.4
      vertex 0 -27 -3.4
    endloop
  endfacet
  facet normal 0 0 -1
    outer loop
      vertex -0.942286 -26.9836 -3.4
      vertex -1.84157 -26.3357 -3.4
      vertex -0.921347 -26.3839 -3.4
    endloop
  endfacet
  facet normal 0 0 -1
    outer loop
      vertex -1.88342 -26.9342 -3.4
      vertex -1.84157 -26.3357 -3.4
      vertex -0.942286 -26.9836 -3.4
    endloop
  endfacet
  facet normal 0 0 -1
    outer loop
      vertex -1.88342 -26.9342 -3.4
      vertex -2.75955 -26.2554 -3.4
      vertex -1.84157 -26.3357 -3.4
    endloop
  endfacet
  facet normal 0 0 -1
    outer loop
      vertex -2.82227 -26.8521 -3.4
      vertex -2.75955 -26.2554 -3.4
      vertex -1.88342 -26.9342 -3.4
    endloop
  endfacet
  facet normal 0 0 -1
    outer loop
      vertex -2.82227 -26.8521 -3.4
      vertex -3.67417 -26.1431 -3.4
      vertex -2.75955 -26.2554 -3.4
    endloop
  endfacet
  facet normal 0 0 -1
    outer loop
      vertex -3.75767 -26.7372 -3.4
      vertex -3.67417 -26.1431 -3.4
      vertex -2.82227 -26.8521 -3.4
    endloop
  endfacet
  facet normal 0 0 -1
    outer loop
      vertex -3.75767 -26.7372 -3.4
      vertex -4.58431 -25.9989 -3.4
      vertex -3.67417 -26.1431 -3.4
    endloop
  endfacet
  facet normal 0 0 -1
    outer loop
      vertex -4.6885 -26.5898 -3.4
      vertex -4.58431 -25.9989 -3.4
      vertex -3.75767 -26.7372 -3.4
    endloop
  endfacet
  facet normal 0 0 -1
    outer loop
      vertex -4.6885 -26.5898 -3.4
      vertex -5.48887 -25.8231 -3.4
      vertex -4.58431 -25.9989 -3.4
    endloop
  endfacet
  facet normal 0 0 -1
    outer loop
      vertex -5.61362 -26.41 -3.4
      vertex -5.48887 -25.8231 -3.4
      vertex -4.6885 -26.5898 -3.4
    endloop
  endfacet
  facet normal 0 0 -1
    outer loop
      vertex -5.61362 -26.41 -3.4
      vertex -6.38674 -25.6158 -3.4
      vertex -5.48887 -25.8231 -3.4
    endloop
  endfacet
  facet normal 0 0 -1
    outer loop
      vertex -6.53189 -26.198 -3.4
      vertex -6.38674 -25.6158 -3.4
      vertex -5.61362 -26.41 -3.4
    endloop
  endfacet
  facet normal 0 0 -1
    outer loop
      vertex -6.53189 -26.198 -3.4
      vertex -7.27683 -25.3773 -3.4
      vertex -6.38674 -25.6158 -3.4
    endloop
  endfacet
  facet normal 0 0 -1
    outer loop
      vertex -7.44221 -25.9541 -3.4
      vertex -7.27683 -25.3773 -3.4
      vertex -6.53189 -26.198 -3.4
    endloop
  endfacet
  facet normal 0 0 -1
    outer loop
      vertex -7.44221 -25.9541 -3.4
      vertex -8.15805 -25.1079 -3.4
      vertex -7.27683 -25.3773 -3.4
    endloop
  endfacet
  facet normal 0 0 -1
    outer loop
      vertex -8.34346 -25.6785 -3.4
      vertex -8.15805 -25.1079 -3.4
      vertex -7.44221 -25.9541 -3.4
    endloop
  endfacet
  facet normal 0 0 -1
    outer loop
      vertex -8.34346 -25.6785 -3.4
      vertex -9.02933 -24.8079 -3.4
      vertex -8.15805 -25.1079 -3.4
    endloop
  endfacet
  facet normal 0 0 -1
    outer loop
      vertex -9.23454 -25.3717 -3.4
      vertex -9.02933 -24.8079 -3.4
      vertex -8.34346 -25.6785 -3.4
    endloop
  endfacet
  facet normal 0 0 -1
    outer loop
      vertex -9.23454 -25.3717 -3.4
      vertex -9.88961 -24.4777 -3.4
      vertex -9.02933 -24.8079 -3.4
    endloop
  endfacet
  facet normal 0 0 -1
    outer loop
      vertex -10.1144 -25.034 -3.4
      vertex -9.88961 -24.4777 -3.4
      vertex -9.23454 -25.3717 -3.4
    endloop
  endfacet
  facet normal 0 0 -1
    outer loop
      vertex -10.1144 -25.034 -3.4
      vertex -10.7378 -24.1176 -3.4
      vertex -9.88961 -24.4777 -3.4
    endloop
  endfacet
  facet normal 0 0 -1
    outer loop
      vertex -10.9819 -24.6657 -3.4
      vertex -10.7378 -24.1176 -3.4
      vertex -10.1144 -25.034 -3.4
    endloop
  endfacet
  facet normal 0 0 -1
    outer loop
      vertex -10.9819 -24.6657 -3.4
      vertex -11.573 -23.7282 -3.4
      vertex -10.7378 -24.1176 -3.4
    endloop
  endfacet
  facet normal 0 0 -1
    outer loop
      vertex -11.836 -24.2674 -3.4
      vertex -11.573 -23.7282 -3.4
      vertex -10.9819 -24.6657 -3.4
    endloop
  endfacet
  facet normal 0 0 -1
    outer loop
      vertex -11.836 -24.2674 -3.4
      vertex -12.394 -23.3098 -3.4
      vertex -11.573 -23.7282 -3.4
    endloop
  endfacet
  facet normal 0 0 -1
    outer loop
      vertex -12.6757 -23.8396 -3.4
      vertex -12.394 -23.3098 -3.4
      vertex -11.836 -24.2674 -3.4
    endloop
  endfacet
  facet normal 0 0 -1
    outer loop
      vertex -12.6757 -23.8396 -3.4
      vertex -13.2 -22.8631 -3.4
      vertex -12.394 -23.3098 -3.4
    endloop
  endfacet
  facet normal 0 0 -1
    outer loop
      vertex -13.5 -23.3827 -3.4
      vertex -13.2 -22.8631 -3.4
      vertex -12.6757 -23.8396 -3.4
    endloop
  endfacet
  facet normal 0 0 -1
    outer loop
      vertex -13.5 -23.3827 -3.4
      vertex -13.9899 -22.3885 -3.4
      vertex -13.2 -22.8631 -3.4
    endloop
  endfacet
  facet normal 0 0 -1
    outer loop
      vertex -14.3078 -22.8973 -3.4
      vertex -13.9899 -22.3885 -3.4
      vertex -13.5 -23.3827 -3.4
    endloop
  endfacet
  facet normal 0 0 -1
    outer loop
      vertex -14.3078 -22.8973 -3.4
      vertex -14.7627 -21.8866 -3.4
      vertex -13.9899 -22.3885 -3.4
    endloop
  endfacet
  facet normal 0 0 -1
    outer loop
      vertex -15.0982 -22.384 -3.4
      vertex -14.7627 -21.8866 -3.4
      vertex -14.3078 -22.8973 -3.4
    endloop
  endfacet
  facet normal 0 0 -1
    outer loop
      vertex -15.0982 -22.384 -3.4
      vertex -15.5175 -21.358 -3.4
      vertex -14.7627 -21.8866 -3.4
    endloop
  endfacet
  facet normal 0 0 -1
    outer loop
      vertex -15.8702 -21.8435 -3.4
      vertex -15.5175 -21.358 -3.4
      vertex -15.0982 -22.384 -3.4
    endloop
  endfacet
  facet normal 0 0 -1
    outer loop
      vertex -15.8702 -21.8435 -3.4
      vertex -16.2535 -20.8035 -3.4
      vertex -15.5175 -21.358 -3.4
    endloop
  endfacet
  facet normal 0 0 -1
    outer loop
      vertex -16.6229 -21.2763 -3.4
      vertex -16.2535 -20.8035 -3.4
      vertex -15.8702 -21.8435 -3.4
    endloop
  endfacet
  facet normal 0 0 -1
    outer loop
      vertex -16.6229 -21.2763 -3.4
      vertex -16.9696 -20.2236 -3.4
      vertex -16.2535 -20.8035 -3.4
    endloop
  endfacet
  facet normal 0 0 -1
    outer loop
      vertex -17.3553 -20.6832 -3.4
      vertex -16.9696 -20.2236 -3.4
      vertex -16.6229 -21.2763 -3.4
    endloop
  endfacet
  facet normal 0 0 -1
    outer loop
      vertex -17.3553 -20.6832 -3.4
      vertex -17.665 -19.619 -3.4
      vertex -16.9696 -20.2236 -3.4
    endloop
  endfacet
  facet normal 0 0 -1
    outer loop
      vertex -18.0665 -20.0649 -3.4
      vertex -17.665 -19.619 -3.4
      vertex -17.3553 -20.6832 -3.4
    endloop
  endfacet
  facet normal 0 0 -1
    outer loop
      vertex -18.0665 -20.0649 -3.4
      vertex -18.339 -18.9906 -3.4
      vertex -17.665 -19.619 -3.4
    endloop
  endfacet
  facet normal 0 0 -1
    outer loop
      vertex -18.7558 -19.4222 -3.4
      vertex -18.339 -18.9906 -3.4
      vertex -18.0665 -20.0649 -3.4
    endloop
  endfacet
  facet normal 0 0 -1
    outer loop
      vertex -18.7558 -19.4222 -3.4
      vertex -18.9906 -18.339 -3.4
      vertex -18.339 -18.9906 -3.4
    endloop
  endfacet
  facet normal 0 0 -1
    outer loop
      vertex -19.4222 -18.7558 -3.4
      vertex -18.9906 -18.339 -3.4
      vertex -18.7558 -19.4222 -3.4
    endloop
  endfacet
  facet normal 0 0 -1
    outer loop
      vertex -19.4222 -18.7558 -3.4
      vertex -19.619 -17.665 -3.4
      vertex -18.9906 -18.339 -3.4
    endloop
  endfacet
  facet normal 0 0 -1
    outer loop
      vertex -20.0649 -18.0665 -3.4
      vertex -19.619 -17.665 -3.4
      vertex -19.4222 -18.7558 -3.4
    endloop
  endfacet
  facet normal 0 0 -1
    outer loop
      vertex -20.0649 -18.0665 -3.4
      vertex -20.2236 -16.9696 -3.4
      vertex -19.619 -17.665 -3.4
    endloop
  endfacet
  facet normal 0 0 -1
    outer loop
      vertex -20.6832 -17.3553 -3.4
      vertex -20.2236 -16.9696 -3.4
      vertex -20.0649 -18.0665 -3.4
    endloop
  endfacet
  facet normal 0 0 -1
    outer loop
      vertex -20.6832 -17.3553 -3.4
      vertex -20.8035 -16.2535 -3.4
      vertex -20.2236 -16.9696 -3.4
    endloop
  endfacet
  facet normal 0 0 -1
    outer loop
      vertex -21.2763 -16.6229 -3.4
      vertex -20.8035 -16.2535 -3.4
      vertex -20.6832 -17.3553 -3.4
    endloop
  endfacet
  facet normal 0 0 -1
    outer loop
      vertex -21.2763 -16.6229 -3.4
      vertex -21.358 -15.5175 -3.4
      vertex -20.8035 -16.2535 -3.4
    endloop
  endfacet
  facet normal 0 0 -1
    outer loop
      vertex -21.8435 -15.8702 -3.4
      vertex -21.358 -15.5175 -3.4
      vertex -21.2763 -16.6229 -3.4
    endloop
  endfacet
  facet normal 0 0 -1
    outer loop
      vertex -21.8435 -15.8702 -3.4
      vertex -21.8866 -14.7627 -3.4
      vertex -21.358 -15.5175 -3.4
    endloop
  endfacet
  facet normal 0 0 -1
    outer loop
      vertex -22.384 -15.0982 -3.4
      vertex -21.8866 -14.7627 -3.4
      vertex -21.8435 -15.8702 -3.4
    endloop
  endfacet
  facet normal 0 0 -1
    outer loop
      vertex -22.384 -15.0982 -3.4
      vertex -22.3885 -13.9899 -3.4
      vertex -21.8866 -14.7627 -3.4
    endloop
  endfacet
  facet normal 0 0 -1
    outer loop
      vertex -22.8973 -14.3078 -3.4
      vertex -22.3885 -13.9899 -3.4
      vertex -22.384 -15.0982 -3.4
    endloop
  endfacet
  facet normal -0 0 -1
    outer loop
      vertex -22.3885 -13.9899 -3.4
      vertex -22.8973 -14.3078 -3.4
      vertex -22.8631 -13.2 -3.4
    endloop
  endfacet
  facet normal 0 0 -1
    outer loop
      vertex -23.3827 -13.5 -3.4
      vertex -22.8631 -13.2 -3.4
      vertex -22.8973 -14.3078 -3.4
    endloop
  endfacet
  facet normal -0 0 -1
    outer loop
      vertex -22.8631 -13.2 -3.4
      vertex -23.3827 -13.5 -3.4
      vertex -23.3098 -12.394 -3.4
    endloop
  endfacet
  facet normal 0 0 -1
    outer loop
      vertex -23.8396 -12.6757 -3.4
      vertex -23.3098 -12.394 -3.4
      vertex -23.3827 -13.5 -3.4
    endloop
  endfacet
  facet normal -0 0 -1
    outer loop
      vertex -23.3098 -12.394 -3.4
      vertex -23.8396 -12.6757 -3.4
      vertex -23.7282 -11.573 -3.4
    endloop
  endfacet
  facet normal 0 0 -1
    outer loop
      vertex -24.2674 -11.836 -3.4
      vertex -23.7282 -11.573 -3.4
      vertex -23.8396 -12.6757 -3.4
    endloop
  endfacet
  facet normal -0 0 -1
    outer loop
      vertex -23.7282 -11.573 -3.4
      vertex -24.2674 -11.836 -3.4
      vertex -24.1176 -10.7378 -3.4
    endloop
  endfacet
  facet normal 0 0 -1
    outer loop
      vertex -24.6657 -10.9819 -3.4
      vertex -24.1176 -10.7378 -3.4
      vertex -24.2674 -11.836 -3.4
    endloop
  endfacet
  facet normal -0 0 -1
    outer loop
      vertex -24.1176 -10.7378 -3.4
      vertex -24.6657 -10.9819 -3.4
      vertex -24.4777 -9.88961 -3.4
    endloop
  endfacet
  facet normal 0 0 -1
    outer loop
      vertex -25.034 -10.1144 -3.4
      vertex -24.4777 -9.88961 -3.4
      vertex -24.6657 -10.9819 -3.4
    endloop
  endfacet
  facet normal -0 0 -1
    outer loop
      vertex -24.4777 -9.88961 -3.4
      vertex -25.034 -10.1144 -3.4
      vertex -24.8079 -9.02933 -3.4
    endloop
  endfacet
  facet normal 0 0 -1
    outer loop
      vertex -25.3717 -9.23454 -3.4
      vertex -24.8079 -9.02933 -3.4
      vertex -25.034 -10.1144 -3.4
    endloop
  endfacet
  facet normal -0 0 -1
    outer loop
      vertex -24.8079 -9.02933 -3.4
      vertex -25.3717 -9.23454 -3.4
      vertex -25.1079 -8.15805 -3.4
    endloop
  endfacet
  facet normal 0 0 -1
    outer loop
      vertex -25.6785 -8.34346 -3.4
      vertex -25.1079 -8.15805 -3.4
      vertex -25.3717 -9.23454 -3.4
    endloop
  endfacet
  facet normal -0 0 -1
    outer loop
      vertex -25.1079 -8.15805 -3.4
      vertex -25.6785 -8.34346 -3.4
      vertex -25.3773 -7.27683 -3.4
    endloop
  endfacet
  facet normal 0 0 -1
    outer loop
      vertex -25.9541 -7.44221 -3.4
      vertex -25.3773 -7.27683 -3.4
      vertex -25.6785 -8.34346 -3.4
    endloop
  endfacet
  facet normal -0 0 -1
    outer loop
      vertex -25.3773 -7.27683 -3.4
      vertex -25.9541 -7.44221 -3.4
      vertex -25.6158 -6.38674 -3.4
    endloop
  endfacet
  facet normal 0 0 -1
    outer loop
      vertex -26.198 -6.53189 -3.4
      vertex -25.6158 -6.38674 -3.4
      vertex -25.9541 -7.44221 -3.4
    endloop
  endfacet
  facet normal -0 0 -1
    outer loop
      vertex -25.6158 -6.38674 -3.4
      vertex -26.198 -6.53189 -3.4
      vertex -25.8231 -5.48887 -3.4
    endloop
  endfacet
  facet normal 0 0 -1
    outer loop
      vertex -26.41 -5.61362 -3.4
      vertex -25.8231 -5.48887 -3.4
      vertex -26.198 -6.53189 -3.4
    endloop
  endfacet
  facet normal -0 0 -1
    outer loop
      vertex -25.8231 -5.48887 -3.4
      vertex -26.41 -5.61362 -3.4
      vertex -25.9989 -4.58431 -3.4
    endloop
  endfacet
  facet normal 0 0 -1
    outer loop
      vertex -26.5898 -4.6885 -3.4
      vertex -25.9989 -4.58431 -3.4
      vertex -26.41 -5.61362 -3.4
    endloop
  endfacet
  facet normal -0 0 -1
    outer loop
      vertex -25.9989 -4.58431 -3.4
      vertex -26.5898 -4.6885 -3.4
      vertex -26.1431 -3.67417 -3.4
    endloop
  endfacet
  facet normal 0 0 -1
    outer loop
      vertex -26.7372 -3.75767 -3.4
      vertex -26.1431 -3.67417 -3.4
      vertex -26.5898 -4.6885 -3.4
    endloop
  endfacet
  facet normal 0 0 -1
    outer loop
      vertex -26.8521 -2.82227 -3.4
      vertex -26.2554 -2.75955 -3.4
      vertex -26.7372 -3.75767 -3.4
    endloop
  endfacet
  facet normal -0 0 -1
    outer loop
      vertex -26.1431 -3.67417 -3.4
      vertex -26.7372 -3.75767 -3.4
      vertex -26.2554 -2.75955 -3.4
    endloop
  endfacet
  facet normal -0 0 -1
    outer loop
      vertex 26.8521 2.82227 -3.4
      vertex 26.2554 2.75955 -3.4
      vertex 26.7372 3.75767 -3.4
    endloop
  endfacet
  facet normal 0 0 -1
    outer loop
      vertex 26.1431 3.67417 -3.4
      vertex 26.7372 3.75767 -3.4
      vertex 26.2554 2.75955 -3.4
    endloop
  endfacet
  facet normal -0 0 -1
    outer loop
      vertex 26.7372 3.75767 -3.4
      vertex 26.1431 3.67417 -3.4
      vertex 26.5898 4.6885 -3.4
    endloop
  endfacet
  facet normal 0 0 -1
    outer loop
      vertex 25.9989 4.58431 -3.4
      vertex 26.5898 4.6885 -3.4
      vertex 26.1431 3.67417 -3.4
    endloop
  endfacet
  facet normal -0 0 -1
    outer loop
      vertex 26.5898 4.6885 -3.4
      vertex 25.9989 4.58431 -3.4
      vertex 26.41 5.61362 -3.4
    endloop
  endfacet
  facet normal 0 0 -1
    outer loop
      vertex 25.8231 5.48887 -3.4
      vertex 26.41 5.61362 -3.4
      vertex 25.9989 4.58431 -3.4
    endloop
  endfacet
  facet normal -0 0 -1
    outer loop
      vertex 26.41 5.61362 -3.4
      vertex 25.8231 5.48887 -3.4
      vertex 26.198 6.53189 -3.4
    endloop
  endfacet
  facet normal 0 0 -1
    outer loop
      vertex 25.6158 6.38674 -3.4
      vertex 26.198 6.53189 -3.4
      vertex 25.8231 5.48887 -3.4
    endloop
  endfacet
  facet normal -0 0 -1
    outer loop
      vertex 26.198 6.53189 -3.4
      vertex 25.6158 6.38674 -3.4
      vertex 25.9541 7.44221 -3.4
    endloop
  endfacet
  facet normal 0 0 -1
    outer loop
      vertex 25.3773 7.27683 -3.4
      vertex 25.9541 7.44221 -3.4
      vertex 25.6158 6.38674 -3.4
    endloop
  endfacet
  facet normal -0 0 -1
    outer loop
      vertex 25.9541 7.44221 -3.4
      vertex 25.3773 7.27683 -3.4
      vertex 25.6785 8.34346 -3.4
    endloop
  endfacet
  facet normal 0 0 -1
    outer loop
      vertex 25.1079 8.15805 -3.4
      vertex 25.6785 8.34346 -3.4
      vertex 25.3773 7.27683 -3.4
    endloop
  endfacet
  facet normal -0 0 -1
    outer loop
      vertex 25.6785 8.34346 -3.4
      vertex 25.1079 8.15805 -3.4
      vertex 25.3717 9.23454 -3.4
    endloop
  endfacet
  facet normal 0 0 -1
    outer loop
      vertex 24.8079 9.02933 -3.4
      vertex 25.3717 9.23454 -3.4
      vertex 25.1079 8.15805 -3.4
    endloop
  endfacet
  facet normal -0 0 -1
    outer loop
      vertex 25.3717 9.23454 -3.4
      vertex 24.8079 9.02933 -3.4
      vertex 25.034 10.1144 -3.4
    endloop
  endfacet
  facet normal 0 0 -1
    outer loop
      vertex 24.4777 9.88961 -3.4
      vertex 25.034 10.1144 -3.4
      vertex 24.8079 9.02933 -3.4
    endloop
  endfacet
  facet normal -0 0 -1
    outer loop
      vertex 25.034 10.1144 -3.4
      vertex 24.4777 9.88961 -3.4
      vertex 24.6657 10.9819 -3.4
    endloop
  endfacet
  facet normal 0 0 -1
    outer loop
      vertex 24.1176 10.7378 -3.4
      vertex 24.6657 10.9819 -3.4
      vertex 24.4777 9.88961 -3.4
    endloop
  endfacet
  facet normal -0 0 -1
    outer loop
      vertex 24.6657 10.9819 -3.4
      vertex 24.1176 10.7378 -3.4
      vertex 24.2674 11.836 -3.4
    endloop
  endfacet
  facet normal 0 0 -1
    outer loop
      vertex 23.7282 11.573 -3.4
      vertex 24.2674 11.836 -3.4
      vertex 24.1176 10.7378 -3.4
    endloop
  endfacet
  facet normal -0 0 -1
    outer loop
      vertex 24.2674 11.836 -3.4
      vertex 23.7282 11.573 -3.4
      vertex 23.8396 12.6757 -3.4
    endloop
  endfacet
  facet normal 0 0 -1
    outer loop
      vertex 23.3098 12.394 -3.4
      vertex 23.8396 12.6757 -3.4
      vertex 23.7282 11.573 -3.4
    endloop
  endfacet
  facet normal -0 0 -1
    outer loop
      vertex 23.8396 12.6757 -3.4
      vertex 23.3098 12.394 -3.4
      vertex 23.3827 13.5 -3.4
    endloop
  endfacet
  facet normal 0 0 -1
    outer loop
      vertex 22.8631 13.2 -3.4
      vertex 23.3827 13.5 -3.4
      vertex 23.3098 12.394 -3.4
    endloop
  endfacet
  facet normal -0 0 -1
    outer loop
      vertex 23.3827 13.5 -3.4
      vertex 22.8631 13.2 -3.4
      vertex 22.8973 14.3078 -3.4
    endloop
  endfacet
  facet normal 0 0 -1
    outer loop
      vertex 22.3885 13.9899 -3.4
      vertex 22.8973 14.3078 -3.4
      vertex 22.8631 13.2 -3.4
    endloop
  endfacet
  facet normal 0 0 -1
    outer loop
      vertex 22.3885 13.9899 -3.4
      vertex 22.384 15.0982 -3.4
      vertex 22.8973 14.3078 -3.4
    endloop
  endfacet
  facet normal 0 0 -1
    outer loop
      vertex 21.8866 14.7627 -3.4
      vertex 22.384 15.0982 -3.4
      vertex 22.3885 13.9899 -3.4
    endloop
  endfacet
  facet normal 0 0 -1
    outer loop
      vertex 21.8866 14.7627 -3.4
      vertex 21.8435 15.8702 -3.4
      vertex 22.384 15.0982 -3.4
    endloop
  endfacet
  facet normal 0 0 -1
    outer loop
      vertex 21.358 15.5175 -3.4
      vertex 21.8435 15.8702 -3.4
      vertex 21.8866 14.7627 -3.4
    endloop
  endfacet
  facet normal 0 0 -1
    outer loop
      vertex 21.358 15.5175 -3.4
      vertex 21.2763 16.6229 -3.4
      vertex 21.8435 15.8702 -3.4
    endloop
  endfacet
  facet normal 0 0 -1
    outer loop
      vertex 20.8035 16.2535 -3.4
      vertex 21.2763 16.6229 -3.4
      vertex 21.358 15.5175 -3.4
    endloop
  endfacet
  facet normal 0 0 -1
    outer loop
      vertex 20.8035 16.2535 -3.4
      vertex 20.6832 17.3553 -3.4
      vertex 21.2763 16.6229 -3.4
    endloop
  endfacet
  facet normal 0 0 -1
    outer loop
      vertex 20.2236 16.9696 -3.4
      vertex 20.6832 17.3553 -3.4
      vertex 20.8035 16.2535 -3.4
    endloop
  endfacet
  facet normal 0 0 -1
    outer loop
      vertex 20.2236 16.9696 -3.4
      vertex 20.0649 18.0665 -3.4
      vertex 20.6832 17.3553 -3.4
    endloop
  endfacet
  facet normal 0 0 -1
    outer loop
      vertex 19.619 17.665 -3.4
      vertex 20.0649 18.0665 -3.4
      vertex 20.2236 16.9696 -3.4
    endloop
  endfacet
  facet normal 0 0 -1
    outer loop
      vertex 19.619 17.665 -3.4
      vertex 19.4222 18.7558 -3.4
      vertex 20.0649 18.0665 -3.4
    endloop
  endfacet
  facet normal 0 0 -1
    outer loop
      vertex 18.9906 18.339 -3.4
      vertex 19.4222 18.7558 -3.4
      vertex 19.619 17.665 -3.4
    endloop
  endfacet
  facet normal 0 0 -1
    outer loop
      vertex 18.9906 18.339 -3.4
      vertex 18.7558 19.4222 -3.4
      vertex 19.4222 18.7558 -3.4
    endloop
  endfacet
  facet normal 0 0 -1
    outer loop
      vertex 18.339 18.9906 -3.4
      vertex 18.7558 19.4222 -3.4
      vertex 18.9906 18.339 -3.4
    endloop
  endfacet
  facet normal 0 0 -1
    outer loop
      vertex 18.339 18.9906 -3.4
      vertex 18.0665 20.0649 -3.4
      vertex 18.7558 19.4222 -3.4
    endloop
  endfacet
  facet normal 0 0 -1
    outer loop
      vertex 17.665 19.619 -3.4
      vertex 18.0665 20.0649 -3.4
      vertex 18.339 18.9906 -3.4
    endloop
  endfacet
  facet normal 0 0 -1
    outer loop
      vertex 17.665 19.619 -3.4
      vertex 17.3553 20.6832 -3.4
      vertex 18.0665 20.0649 -3.4
    endloop
  endfacet
  facet normal 0 0 -1
    outer loop
      vertex 16.9696 20.2236 -3.4
      vertex 17.3553 20.6832 -3.4
      vertex 17.665 19.619 -3.4
    endloop
  endfacet
  facet normal 0 0 -1
    outer loop
      vertex 16.9696 20.2236 -3.4
      vertex 16.6229 21.2763 -3.4
      vertex 17.3553 20.6832 -3.4
    endloop
  endfacet
  facet normal 0 0 -1
    outer loop
      vertex 16.2535 20.8035 -3.4
      vertex 16.6229 21.2763 -3.4
      vertex 16.9696 20.2236 -3.4
    endloop
  endfacet
  facet normal 0 0 -1
    outer loop
      vertex 16.2535 20.8035 -3.4
      vertex 15.8702 21.8435 -3.4
      vertex 16.6229 21.2763 -3.4
    endloop
  endfacet
  facet normal 0 0 -1
    outer loop
      vertex 15.5175 21.358 -3.4
      vertex 15.8702 21.8435 -3.4
      vertex 16.2535 20.8035 -3.4
    endloop
  endfacet
  facet normal 0 0 -1
    outer loop
      vertex 15.5175 21.358 -3.4
      vertex 15.0982 22.384 -3.4
      vertex 15.8702 21.8435 -3.4
    endloop
  endfacet
  facet normal 0 0 -1
    outer loop
      vertex 14.7627 21.8866 -3.4
      vertex 15.0982 22.384 -3.4
      vertex 15.5175 21.358 -3.4
    endloop
  endfacet
  facet normal 0 0 -1
    outer loop
      vertex 14.7627 21.8866 -3.4
      vertex 14.3078 22.8973 -3.4
      vertex 15.0982 22.384 -3.4
    endloop
  endfacet
  facet normal 0 0 -1
    outer loop
      vertex 13.9899 22.3885 -3.4
      vertex 14.3078 22.8973 -3.4
      vertex 14.7627 21.8866 -3.4
    endloop
  endfacet
  facet normal 0 0 -1
    outer loop
      vertex 13.9899 22.3885 -3.4
      vertex 13.5 23.3827 -3.4
      vertex 14.3078 22.8973 -3.4
    endloop
  endfacet
  facet normal 0 0 -1
    outer loop
      vertex 13.2 22.8631 -3.4
      vertex 13.5 23.3827 -3.4
      vertex 13.9899 22.3885 -3.4
    endloop
  endfacet
  facet normal 0 0 -1
    outer loop
      vertex 13.2 22.8631 -3.4
      vertex 12.6757 23.8396 -3.4
      vertex 13.5 23.3827 -3.4
    endloop
  endfacet
  facet normal 0 0 -1
    outer loop
      vertex 12.394 23.3098 -3.4
      vertex 12.6757 23.8396 -3.4
      vertex 13.2 22.8631 -3.4
    endloop
  endfacet
  facet normal 0 0 -1
    outer loop
      vertex 12.394 23.3098 -3.4
      vertex 11.836 24.2674 -3.4
      vertex 12.6757 23.8396 -3.4
    endloop
  endfacet
  facet normal 0 0 -1
    outer loop
      vertex 11.573 23.7282 -3.4
      vertex 11.836 24.2674 -3.4
      vertex 12.394 23.3098 -3.4
    endloop
  endfacet
  facet normal 0 0 -1
    outer loop
      vertex 11.573 23.7282 -3.4
      vertex 10.9819 24.6657 -3.4
      vertex 11.836 24.2674 -3.4
    endloop
  endfacet
  facet normal 0 0 -1
    outer loop
      vertex 10.7378 24.1176 -3.4
      vertex 10.9819 24.6657 -3.4
      vertex 11.573 23.7282 -3.4
    endloop
  endfacet
  facet normal 0 0 -1
    outer loop
      vertex 10.7378 24.1176 -3.4
      vertex 10.1144 25.034 -3.4
      vertex 10.9819 24.6657 -3.4
    endloop
  endfacet
  facet normal 0 0 -1
    outer loop
      vertex 9.88961 24.4777 -3.4
      vertex 10.1144 25.034 -3.4
      vertex 10.7378 24.1176 -3.4
    endloop
  endfacet
  facet normal 0 0 -1
    outer loop
      vertex 9.88961 24.4777 -3.4
      vertex 9.23454 25.3717 -3.4
      vertex 10.1144 25.034 -3.4
    endloop
  endfacet
  facet normal 0 0 -1
    outer loop
      vertex 9.02933 24.8079 -3.4
      vertex 9.23454 25.3717 -3.4
      vertex 9.88961 24.4777 -3.4
    endloop
  endfacet
  facet normal 0 0 -1
    outer loop
      vertex 9.02933 24.8079 -3.4
      vertex 8.34346 25.6785 -3.4
      vertex 9.23454 25.3717 -3.4
    endloop
  endfacet
  facet normal 0 0 -1
    outer loop
      vertex 8.15805 25.1079 -3.4
      vertex 8.34346 25.6785 -3.4
      vertex 9.02933 24.8079 -3.4
    endloop
  endfacet
  facet normal 0 0 -1
    outer loop
      vertex 8.15805 25.1079 -3.4
      vertex 7.44221 25.9541 -3.4
      vertex 8.34346 25.6785 -3.4
    endloop
  endfacet
  facet normal 0 0 -1
    outer loop
      vertex 7.27683 25.3773 -3.4
      vertex 7.44221 25.9541 -3.4
      vertex 8.15805 25.1079 -3.4
    endloop
  endfacet
  facet normal 0 0 -1
    outer loop
      vertex 7.27683 25.3773 -3.4
      vertex 6.53189 26.198 -3.4
      vertex 7.44221 25.9541 -3.4
    endloop
  endfacet
  facet normal 0 0 -1
    outer loop
      vertex 6.38674 25.6158 -3.4
      vertex 6.53189 26.198 -3.4
      vertex 7.27683 25.3773 -3.4
    endloop
  endfacet
  facet normal 0 0 -1
    outer loop
      vertex 6.38674 25.6158 -3.4
      vertex 5.61362 26.41 -3.4
      vertex 6.53189 26.198 -3.4
    endloop
  endfacet
  facet normal 0 0 -1
    outer loop
      vertex 5.48887 25.8231 -3.4
      vertex 5.61362 26.41 -3.4
      vertex 6.38674 25.6158 -3.4
    endloop
  endfacet
  facet normal 0 0 -1
    outer loop
      vertex 5.48887 25.8231 -3.4
      vertex 4.6885 26.5898 -3.4
      vertex 5.61362 26.41 -3.4
    endloop
  endfacet
  facet normal 0 0 -1
    outer loop
      vertex 4.58431 25.9989 -3.4
      vertex 4.6885 26.5898 -3.4
      vertex 5.48887 25.8231 -3.4
    endloop
  endfacet
  facet normal 0 0 -1
    outer loop
      vertex 4.58431 25.9989 -3.4
      vertex 3.75767 26.7372 -3.4
      vertex 4.6885 26.5898 -3.4
    endloop
  endfacet
  facet normal 0 0 -1
    outer loop
      vertex 3.67417 26.1431 -3.4
      vertex 3.75767 26.7372 -3.4
      vertex 4.58431 25.9989 -3.4
    endloop
  endfacet
  facet normal 0 0 -1
    outer loop
      vertex 3.67417 26.1431 -3.4
      vertex 2.82227 26.8521 -3.4
      vertex 3.75767 26.7372 -3.4
    endloop
  endfacet
  facet normal 0 0 -1
    outer loop
      vertex 2.75955 26.2554 -3.4
      vertex 2.82227 26.8521 -3.4
      vertex 3.67417 26.1431 -3.4
    endloop
  endfacet
  facet normal 0 0 -1
    outer loop
      vertex 2.75955 26.2554 -3.4
      vertex 1.88342 26.9342 -3.4
      vertex 2.82227 26.8521 -3.4
    endloop
  endfacet
  facet normal 0 0 -1
    outer loop
      vertex 1.84157 26.3357 -3.4
      vertex 1.88342 26.9342 -3.4
      vertex 2.75955 26.2554 -3.4
    endloop
  endfacet
  facet normal 0 0 -1
    outer loop
      vertex 1.84157 26.3357 -3.4
      vertex 0.942286 26.9836 -3.4
      vertex 1.88342 26.9342 -3.4
    endloop
  endfacet
  facet normal 0 0 -1
    outer loop
      vertex 0.921347 26.3839 -3.4
      vertex 0.942286 26.9836 -3.4
      vertex 1.84157 26.3357 -3.4
    endloop
  endfacet
  facet normal 0 0 -1
    outer loop
      vertex 0 26.4 -3.4
      vertex 0.942286 26.9836 -3.4
      vertex 0.921347 26.3839 -3.4
    endloop
  endfacet
  facet normal 0 0 -1
    outer loop
      vertex 0 26.4 -3.4
      vertex 0 27 -3.4
      vertex 0.942286 26.9836 -3.4
    endloop
  endfacet
  facet normal 0 0 -1
    outer loop
      vertex -0.921347 26.3839 -3.4
      vertex 0 27 -3.4
      vertex 0 26.4 -3.4
    endloop
  endfacet
  facet normal 0 0 -1
    outer loop
      vertex -0.921347 26.3839 -3.4
      vertex -0.942286 26.9836 -3.4
      vertex 0 27 -3.4
    endloop
  endfacet
  facet normal 0 0 -1
    outer loop
      vertex -1.84157 26.3357 -3.4
      vertex -0.942286 26.9836 -3.4
      vertex -0.921347 26.3839 -3.4
    endloop
  endfacet
  facet normal 0 0 -1
    outer loop
      vertex -1.84157 26.3357 -3.4
      vertex -1.88342 26.9342 -3.4
      vertex -0.942286 26.9836 -3.4
    endloop
  endfacet
  facet normal 0 0 -1
    outer loop
      vertex -2.75955 26.2554 -3.4
      vertex -1.88342 26.9342 -3.4
      vertex -1.84157 26.3357 -3.4
    endloop
  endfacet
  facet normal 0 0 -1
    outer loop
      vertex -2.75955 26.2554 -3.4
      vertex -2.82227 26.8521 -3.4
      vertex -1.88342 26.9342 -3.4
    endloop
  endfacet
  facet normal 0 0 -1
    outer loop
      vertex -3.67417 26.1431 -3.4
      vertex -2.82227 26.8521 -3.4
      vertex -2.75955 26.2554 -3.4
    endloop
  endfacet
  facet normal 0 0 -1
    outer loop
      vertex -3.67417 26.1431 -3.4
      vertex -3.75767 26.7372 -3.4
      vertex -2.82227 26.8521 -3.4
    endloop
  endfacet
  facet normal 0 0 -1
    outer loop
      vertex -4.58431 25.9989 -3.4
      vertex -3.75767 26.7372 -3.4
      vertex -3.67417 26.1431 -3.4
    endloop
  endfacet
  facet normal 0 0 -1
    outer loop
      vertex -4.58431 25.9989 -3.4
      vertex -4.6885 26.5898 -3.4
      vertex -3.75767 26.7372 -3.4
    endloop
  endfacet
  facet normal 0 0 -1
    outer loop
      vertex -5.48887 25.8231 -3.4
      vertex -4.6885 26.5898 -3.4
      vertex -4.58431 25.9989 -3.4
    endloop
  endfacet
  facet normal 0 0 -1
    outer loop
      vertex -5.48887 25.8231 -3.4
      vertex -5.61362 26.41 -3.4
      vertex -4.6885 26.5898 -3.4
    endloop
  endfacet
  facet normal 0 0 -1
    outer loop
      vertex -6.38674 25.6158 -3.4
      vertex -5.61362 26.41 -3.4
      vertex -5.48887 25.8231 -3.4
    endloop
  endfacet
  facet normal 0 0 -1
    outer loop
      vertex -6.38674 25.6158 -3.4
      vertex -6.53189 26.198 -3.4
      vertex -5.61362 26.41 -3.4
    endloop
  endfacet
  facet normal 0 0 -1
    outer loop
      vertex -7.27683 25.3773 -3.4
      vertex -6.53189 26.198 -3.4
      vertex -6.38674 25.6158 -3.4
    endloop
  endfacet
  facet normal 0 0 -1
    outer loop
      vertex -7.27683 25.3773 -3.4
      vertex -7.44221 25.9541 -3.4
      vertex -6.53189 26.198 -3.4
    endloop
  endfacet
  facet normal 0 0 -1
    outer loop
      vertex -8.15805 25.1079 -3.4
      vertex -7.44221 25.9541 -3.4
      vertex -7.27683 25.3773 -3.4
    endloop
  endfacet
  facet normal 0 0 -1
    outer loop
      vertex -8.15805 25.1079 -3.4
      vertex -8.34346 25.6785 -3.4
      vertex -7.44221 25.9541 -3.4
    endloop
  endfacet
  facet normal 0 0 -1
    outer loop
      vertex -9.02933 24.8079 -3.4
      vertex -8.34346 25.6785 -3.4
      vertex -8.15805 25.1079 -3.4
    endloop
  endfacet
  facet normal 0 0 -1
    outer loop
      vertex -9.02933 24.8079 -3.4
      vertex -9.23454 25.3717 -3.4
      vertex -8.34346 25.6785 -3.4
    endloop
  endfacet
  facet normal 0 0 -1
    outer loop
      vertex -9.88961 24.4777 -3.4
      vertex -9.23454 25.3717 -3.4
      vertex -9.02933 24.8079 -3.4
    endloop
  endfacet
  facet normal 0 0 -1
    outer loop
      vertex -9.88961 24.4777 -3.4
      vertex -10.1144 25.034 -3.4
      vertex -9.23454 25.3717 -3.4
    endloop
  endfacet
  facet normal 0 0 -1
    outer loop
      vertex -10.7378 24.1176 -3.4
      vertex -10.1144 25.034 -3.4
      vertex -9.88961 24.4777 -3.4
    endloop
  endfacet
  facet normal 0 0 -1
    outer loop
      vertex -10.7378 24.1176 -3.4
      vertex -10.9819 24.6657 -3.4
      vertex -10.1144 25.034 -3.4
    endloop
  endfacet
  facet normal 0 0 -1
    outer loop
      vertex -11.573 23.7282 -3.4
      vertex -10.9819 24.6657 -3.4
      vertex -10.7378 24.1176 -3.4
    endloop
  endfacet
  facet normal 0 0 -1
    outer loop
      vertex -11.573 23.7282 -3.4
      vertex -11.836 24.2674 -3.4
      vertex -10.9819 24.6657 -3.4
    endloop
  endfacet
  facet normal 0 0 -1
    outer loop
      vertex -12.394 23.3098 -3.4
      vertex -11.836 24.2674 -3.4
      vertex -11.573 23.7282 -3.4
    endloop
  endfacet
  facet normal 0 0 -1
    outer loop
      vertex -12.394 23.3098 -3.4
      vertex -12.6757 23.8396 -3.4
      vertex -11.836 24.2674 -3.4
    endloop
  endfacet
  facet normal 0 0 -1
    outer loop
      vertex -13.2 22.8631 -3.4
      vertex -12.6757 23.8396 -3.4
      vertex -12.394 23.3098 -3.4
    endloop
  endfacet
  facet normal 0 0 -1
    outer loop
      vertex -13.2 22.8631 -3.4
      vertex -13.5 23.3827 -3.4
      vertex -12.6757 23.8396 -3.4
    endloop
  endfacet
  facet normal 0 0 -1
    outer loop
      vertex -13.9899 22.3885 -3.4
      vertex -13.5 23.3827 -3.4
      vertex -13.2 22.8631 -3.4
    endloop
  endfacet
  facet normal 0 0 -1
    outer loop
      vertex -13.9899 22.3885 -3.4
      vertex -14.3078 22.8973 -3.4
      vertex -13.5 23.3827 -3.4
    endloop
  endfacet
  facet normal 0 0 -1
    outer loop
      vertex -14.7627 21.8866 -3.4
      vertex -14.3078 22.8973 -3.4
      vertex -13.9899 22.3885 -3.4
    endloop
  endfacet
  facet normal 0 0 -1
    outer loop
      vertex -14.7627 21.8866 -3.4
      vertex -15.0982 22.384 -3.4
      vertex -14.3078 22.8973 -3.4
    endloop
  endfacet
  facet normal 0 0 -1
    outer loop
      vertex -15.5175 21.358 -3.4
      vertex -15.0982 22.384 -3.4
      vertex -14.7627 21.8866 -3.4
    endloop
  endfacet
  facet normal 0 0 -1
    outer loop
      vertex -15.5175 21.358 -3.4
      vertex -15.8702 21.8435 -3.4
      vertex -15.0982 22.384 -3.4
    endloop
  endfacet
  facet normal 0 0 -1
    outer loop
      vertex -16.2535 20.8035 -3.4
      vertex -15.8702 21.8435 -3.4
      vertex -15.5175 21.358 -3.4
    endloop
  endfacet
  facet normal 0 0 -1
    outer loop
      vertex -16.2535 20.8035 -3.4
      vertex -16.6229 21.2763 -3.4
      vertex -15.8702 21.8435 -3.4
    endloop
  endfacet
  facet normal 0 0 -1
    outer loop
      vertex -16.9696 20.2236 -3.4
      vertex -16.6229 21.2763 -3.4
      vertex -16.2535 20.8035 -3.4
    endloop
  endfacet
  facet normal 0 0 -1
    outer loop
      vertex -16.9696 20.2236 -3.4
      vertex -17.3553 20.6832 -3.4
      vertex -16.6229 21.2763 -3.4
    endloop
  endfacet
  facet normal 0 0 -1
    outer loop
      vertex -17.665 19.619 -3.4
      vertex -17.3553 20.6832 -3.4
      vertex -16.9696 20.2236 -3.4
    endloop
  endfacet
  facet normal 0 0 -1
    outer loop
      vertex -17.665 19.619 -3.4
      vertex -18.0665 20.0649 -3.4
      vertex -17.3553 20.6832 -3.4
    endloop
  endfacet
  facet normal 0 0 -1
    outer loop
      vertex -18.339 18.9906 -3.4
      vertex -18.0665 20.0649 -3.4
      vertex -17.665 19.619 -3.4
    endloop
  endfacet
  facet normal 0 0 -1
    outer loop
      vertex -18.339 18.9906 -3.4
      vertex -18.7558 19.4222 -3.4
      vertex -18.0665 20.0649 -3.4
    endloop
  endfacet
  facet normal 0 0 -1
    outer loop
      vertex -18.9906 18.339 -3.4
      vertex -18.7558 19.4222 -3.4
      vertex -18.339 18.9906 -3.4
    endloop
  endfacet
  facet normal 0 0 -1
    outer loop
      vertex -18.9906 18.339 -3.4
      vertex -19.4222 18.7558 -3.4
      vertex -18.7558 19.4222 -3.4
    endloop
  endfacet
  facet normal 0 0 -1
    outer loop
      vertex -19.619 17.665 -3.4
      vertex -19.4222 18.7558 -3.4
      vertex -18.9906 18.339 -3.4
    endloop
  endfacet
  facet normal 0 0 -1
    outer loop
      vertex -19.619 17.665 -3.4
      vertex -20.0649 18.0665 -3.4
      vertex -19.4222 18.7558 -3.4
    endloop
  endfacet
  facet normal 0 0 -1
    outer loop
      vertex -20.2236 16.9696 -3.4
      vertex -20.0649 18.0665 -3.4
      vertex -19.619 17.665 -3.4
    endloop
  endfacet
  facet normal 0 0 -1
    outer loop
      vertex -20.2236 16.9696 -3.4
      vertex -20.6832 17.3553 -3.4
      vertex -20.0649 18.0665 -3.4
    endloop
  endfacet
  facet normal 0 0 -1
    outer loop
      vertex -20.8035 16.2535 -3.4
      vertex -20.6832 17.3553 -3.4
      vertex -20.2236 16.9696 -3.4
    endloop
  endfacet
  facet normal 0 0 -1
    outer loop
      vertex -20.8035 16.2535 -3.4
      vertex -21.2763 16.6229 -3.4
      vertex -20.6832 17.3553 -3.4
    endloop
  endfacet
  facet normal 0 0 -1
    outer loop
      vertex -21.358 15.5175 -3.4
      vertex -21.2763 16.6229 -3.4
      vertex -20.8035 16.2535 -3.4
    endloop
  endfacet
  facet normal 0 0 -1
    outer loop
      vertex -21.358 15.5175 -3.4
      vertex -21.8435 15.8702 -3.4
      vertex -21.2763 16.6229 -3.4
    endloop
  endfacet
  facet normal 0 0 -1
    outer loop
      vertex -21.8866 14.7627 -3.4
      vertex -21.8435 15.8702 -3.4
      vertex -21.358 15.5175 -3.4
    endloop
  endfacet
  facet normal 0 0 -1
    outer loop
      vertex -21.8866 14.7627 -3.4
      vertex -22.384 15.0982 -3.4
      vertex -21.8435 15.8702 -3.4
    endloop
  endfacet
  facet normal 0 0 -1
    outer loop
      vertex -22.3885 13.9899 -3.4
      vertex -22.384 15.0982 -3.4
      vertex -21.8866 14.7627 -3.4
    endloop
  endfacet
  facet normal 0 0 -1
    outer loop
      vertex -22.8973 14.3078 -3.4
      vertex -22.3885 13.9899 -3.4
      vertex -22.8631 13.2 -3.4
    endloop
  endfacet
  facet normal 0 0 -1
    outer loop
      vertex -22.3885 13.9899 -3.4
      vertex -22.8973 14.3078 -3.4
      vertex -22.384 15.0982 -3.4
    endloop
  endfacet
  facet normal 0 0 -1
    outer loop
      vertex -23.3827 13.5 -3.4
      vertex -22.8631 13.2 -3.4
      vertex -23.3098 12.394 -3.4
    endloop
  endfacet
  facet normal 0 0 -1
    outer loop
      vertex -22.8631 13.2 -3.4
      vertex -23.3827 13.5 -3.4
      vertex -22.8973 14.3078 -3.4
    endloop
  endfacet
  facet normal 0 0 -1
    outer loop
      vertex -23.8396 12.6757 -3.4
      vertex -23.3098 12.394 -3.4
      vertex -23.7282 11.573 -3.4
    endloop
  endfacet
  facet normal 0 0 -1
    outer loop
      vertex -23.3098 12.394 -3.4
      vertex -23.8396 12.6757 -3.4
      vertex -23.3827 13.5 -3.4
    endloop
  endfacet
  facet normal 0 0 -1
    outer loop
      vertex -24.2674 11.836 -3.4
      vertex -23.7282 11.573 -3.4
      vertex -24.1176 10.7378 -3.4
    endloop
  endfacet
  facet normal 0 0 -1
    outer loop
      vertex -23.7282 11.573 -3.4
      vertex -24.2674 11.836 -3.4
      vertex -23.8396 12.6757 -3.4
    endloop
  endfacet
  facet normal 0 0 -1
    outer loop
      vertex -24.6657 10.9819 -3.4
      vertex -24.1176 10.7378 -3.4
      vertex -24.4777 9.88961 -3.4
    endloop
  endfacet
  facet normal 0 0 -1
    outer loop
      vertex -24.1176 10.7378 -3.4
      vertex -24.6657 10.9819 -3.4
      vertex -24.2674 11.836 -3.4
    endloop
  endfacet
  facet normal 0 0 -1
    outer loop
      vertex -25.034 10.1144 -3.4
      vertex -24.4777 9.88961 -3.4
      vertex -24.8079 9.02933 -3.4
    endloop
  endfacet
  facet normal 0 0 -1
    outer loop
      vertex -24.4777 9.88961 -3.4
      vertex -25.034 10.1144 -3.4
      vertex -24.6657 10.9819 -3.4
    endloop
  endfacet
  facet normal 0 0 -1
    outer loop
      vertex -25.3717 9.23454 -3.4
      vertex -24.8079 9.02933 -3.4
      vertex -25.1079 8.15805 -3.4
    endloop
  endfacet
  facet normal 0 0 -1
    outer loop
      vertex -24.8079 9.02933 -3.4
      vertex -25.3717 9.23454 -3.4
      vertex -25.034 10.1144 -3.4
    endloop
  endfacet
  facet normal 0 0 -1
    outer loop
      vertex -25.6785 8.34346 -3.4
      vertex -25.1079 8.15805 -3.4
      vertex -25.3773 7.27683 -3.4
    endloop
  endfacet
  facet normal 0 0 -1
    outer loop
      vertex -25.9541 7.44221 -3.4
      vertex -25.3773 7.27683 -3.4
      vertex -25.6158 6.38674 -3.4
    endloop
  endfacet
  facet normal 0 0 -1
    outer loop
      vertex -25.1079 8.15805 -3.4
      vertex -25.6785 8.34346 -3.4
      vertex -25.3717 9.23454 -3.4
    endloop
  endfacet
  facet normal 0 0 -1
    outer loop
      vertex -26.198 6.53189 -3.4
      vertex -25.6158 6.38674 -3.4
      vertex -25.8231 5.48887 -3.4
    endloop
  endfacet
  facet normal 0 0 -1
    outer loop
      vertex -25.3773 7.27683 -3.4
      vertex -25.9541 7.44221 -3.4
      vertex -25.6785 8.34346 -3.4
    endloop
  endfacet
  facet normal 0 0 -1
    outer loop
      vertex -26.41 5.61362 -3.4
      vertex -25.8231 5.48887 -3.4
      vertex -25.9989 4.58431 -3.4
    endloop
  endfacet
  facet normal 0 0 -1
    outer loop
      vertex -26.5898 4.6885 -3.4
      vertex -25.9989 4.58431 -3.4
      vertex -26.1431 3.67417 -3.4
    endloop
  endfacet
  facet normal 0 0 -1
    outer loop
      vertex -25.6158 6.38674 -3.4
      vertex -26.198 6.53189 -3.4
      vertex -25.9541 7.44221 -3.4
    endloop
  endfacet
  facet normal 0 0 -1
    outer loop
      vertex -26.7372 3.75767 -3.4
      vertex -26.1431 3.67417 -3.4
      vertex -26.2554 2.75955 -3.4
    endloop
  endfacet
  facet normal 0 0 -1
    outer loop
      vertex -26.8521 2.82227 -3.4
      vertex -26.2554 2.75955 -3.4
      vertex -26.3357 1.84157 -3.4
    endloop
  endfacet
  facet normal 0 0 -1
    outer loop
      vertex -26.9342 1.88342 -3.4
      vertex -26.3357 1.84157 -3.4
      vertex -26.3839 0.921347 -3.4
    endloop
  endfacet
  facet normal 0 0 -1
    outer loop
      vertex -25.8231 5.48887 -3.4
      vertex -26.41 5.61362 -3.4
      vertex -26.198 6.53189 -3.4
    endloop
  endfacet
  facet normal 0 0 -1
    outer loop
      vertex -26.9836 0.942286 -3.4
      vertex -26.3839 0.921347 -3.4
      vertex -26.4 0 -3.4
    endloop
  endfacet
  facet normal -0 0 -1
    outer loop
      vertex -26.2554 -2.75955 -3.4
      vertex -26.8521 -2.82227 -3.4
      vertex -26.3357 -1.84157 -3.4
    endloop
  endfacet
  facet normal 0 0 -1
    outer loop
      vertex -26.9342 -1.88342 -3.4
      vertex -26.3357 -1.84157 -3.4
      vertex -26.8521 -2.82227 -3.4
    endloop
  endfacet
  facet normal 0 0 -1
    outer loop
      vertex -25.9989 4.58431 -3.4
      vertex -26.5898 4.6885 -3.4
      vertex -26.41 5.61362 -3.4
    endloop
  endfacet
  facet normal -0 0 -1
    outer loop
      vertex -26.3357 -1.84157 -3.4
      vertex -26.9342 -1.88342 -3.4
      vertex -26.3839 -0.921347 -3.4
    endloop
  endfacet
  facet normal 0 0 -1
    outer loop
      vertex -26.1431 3.67417 -3.4
      vertex -26.7372 3.75767 -3.4
      vertex -26.5898 4.6885 -3.4
    endloop
  endfacet
  facet normal 0 0 -1
    outer loop
      vertex -26.9836 -0.942286 -3.4
      vertex -26.3839 -0.921347 -3.4
      vertex -26.9342 -1.88342 -3.4
    endloop
  endfacet
  facet normal 0 0 -1
    outer loop
      vertex -26.2554 2.75955 -3.4
      vertex -26.8521 2.82227 -3.4
      vertex -26.7372 3.75767 -3.4
    endloop
  endfacet
  facet normal -0 0 -1
    outer loop
      vertex -26.3839 -0.921347 -3.4
      vertex -26.9836 -0.942286 -3.4
      vertex -26.4 0 -3.4
    endloop
  endfacet
  facet normal 0 0 -1
    outer loop
      vertex -26.3357 1.84157 -3.4
      vertex -26.9342 1.88342 -3.4
      vertex -26.8521 2.82227 -3.4
    endloop
  endfacet
  facet normal 0 0 -1
    outer loop
      vertex -27 0 -3.4
      vertex -26.4 0 -3.4
      vertex -26.9836 -0.942286 -3.4
    endloop
  endfacet
  facet normal 0 0 -1
    outer loop
      vertex -26.3839 0.921347 -3.4
      vertex -26.9836 0.942286 -3.4
      vertex -26.9342 1.88342 -3.4
    endloop
  endfacet
  facet normal 0 0 -1
    outer loop
      vertex -26.4 0 -3.4
      vertex -27 0 -3.4
      vertex -26.9836 0.942286 -3.4
    endloop
  endfacet
  facet normal 0.606172 0.364245 0.707023
    outer loop
      vertex 22.3885 13.9899 -3.4
      vertex 23.126 13.9272 -4
      vertex 22.8973 14.3078 -4
    endloop
  endfacet
  facet normal 0.606162 0.364293 0.707006
    outer loop
      vertex 23.126 13.9272 -4
      vertex 22.3885 13.9899 -3.4
      vertex 23.3462 13.5608 -4
    endloop
  endfacet
  facet normal 0.158638 0.689128 0.707061
    outer loop
      vertex 6.46282 26.2139 -4
      vertex 6.38674 25.6158 -3.4
      vertex 6.53189 26.198 -4
    endloop
  endfacet
  facet normal 0.159087 0.689048 0.707039
    outer loop
      vertex 6.38674 25.6158 -3.4
      vertex 6.46282 26.2139 -4
      vertex 5.48887 25.8231 -3.4
    endloop
  endfacet
  facet normal 0.707074 -0.0123053 0.707033
    outer loop
      vertex 26.993 -0.400234 -4
      vertex 26.4 0 -3.4
      vertex 26.9848 -0.871413 -4
    endloop
  endfacet
  facet normal 0.707053 -0.0123662 0.707053
    outer loop
      vertex 26.4 0 -3.4
      vertex 26.993 -0.400234 -4
      vertex 27 0 -4
    endloop
  endfacet
  facet normal 0.707037 -0.0123551 0.707069
    outer loop
      vertex 26.3839 -0.921347 -3.4
      vertex 26.9848 -0.871413 -4
      vertex 26.4 0 -3.4
    endloop
  endfacet
  facet normal 0.707024 -0.0119711 0.707088
    outer loop
      vertex 26.3839 -0.921347 -3.4
      vertex 26.9836 -0.942286 -4
      vertex 26.9848 -0.871413 -4
    endloop
  endfacet
  facet normal 0.640916 0.298835 0.707053
    outer loop
      vertex 24.2974 11.7718 -4
      vertex 24.1176 10.7378 -3.4
      vertex 24.6657 10.9819 -4
    endloop
  endfacet
  facet normal -0.405632 0.579277 0.707037
    outer loop
      vertex -15.0982 22.384 -4
      vertex -15.8121 21.8841 -4
      vertex -14.7627 21.8866 -3.4
    endloop
  endfacet
  facet normal -0.110598 0.698494 0.707017
    outer loop
      vertex -3.75767 26.7372 -4
      vertex -4.61849 26.6009 -4
      vertex -3.67417 26.1431 -3.4
    endloop
  endfacet
  facet normal 0.564673 0.425614 0.707105
    outer loop
      vertex 21.8435 15.8702 -4
      vertex 21.3189 16.5662 -4
      vertex 21.358 15.5175 -3.4
    endloop
  endfacet
  facet normal 0.67629 -0.206727 0.707033
    outer loop
      vertex 25.7593 -8.07913 -4
      vertex 25.1079 -8.15805 -3.4
      vertex 25.6785 -8.34346 -4
    endloop
  endfacet
  facet normal 0.676287 -0.206757 0.707027
    outer loop
      vertex 25.1079 -8.15805 -3.4
      vertex 25.7593 -8.07913 -4
      vertex 25.9333 -7.50999 -4
    endloop
  endfacet
  facet normal -0.698435 -0.110658 0.707067
    outer loop
      vertex -26.6009 -4.61849 -4
      vertex -25.9989 -4.58431 -3.4
      vertex -26.1431 -3.67417 -3.4
    endloop
  endfacet
  facet normal -0.698427 -0.110735 0.707063
    outer loop
      vertex -25.9989 -4.58431 -3.4
      vertex -26.6009 -4.61849 -4
      vertex -26.5898 -4.6885 -4
    endloop
  endfacet
  facet normal 0.444918 0.549663 0.70705
    outer loop
      vertex 17.3002 20.7278 -4
      vertex 16.9696 20.2236 -3.4
      vertex 17.3553 20.6832 -4
    endloop
  endfacet
  facet normal 0.445044 0.549571 0.707042
    outer loop
      vertex 16.9696 20.2236 -3.4
      vertex 17.3002 20.7278 -4
      vertex 16.2535 20.8035 -3.4
    endloop
  endfacet
  facet normal 0.134931 0.694161 0.70706
    outer loop
      vertex 5.48887 25.8231 -3.4
      vertex 5.61362 26.41 -4
      vertex 4.75808 26.5763 -4
    endloop
  endfacet
  facet normal -0.0370781 -0.70615 0.707091
    outer loop
      vertex -0.921347 -26.3839 -3.4
      vertex -1.81264 -26.9379 -4
      vertex -0.942286 -26.9836 -4
    endloop
  endfacet
  facet normal -0.206757 -0.676287 0.707027
    outer loop
      vertex -8.15805 -25.1079 -3.4
      vertex -8.07913 -25.7593 -4
      vertex -7.50999 -25.9333 -4
    endloop
  endfacet
  facet normal -0.206727 -0.67629 0.707033
    outer loop
      vertex -8.07913 -25.7593 -4
      vertex -8.15805 -25.1079 -3.4
      vertex -8.34346 -25.6785 -4
    endloop
  endfacet
  facet normal 0.405034 0.579618 0.7071
    outer loop
      vertex 15.8121 21.8841 -4
      vertex 15.5175 21.358 -3.4
      vertex 15.8702 21.8435 -4
    endloop
  endfacet
  facet normal 0.405647 0.579233 0.707064
    outer loop
      vertex 15.5175 21.358 -3.4
      vertex 15.8121 21.8841 -4
      vertex 14.7627 21.8866 -3.4
    endloop
  endfacet
  facet normal 0.564673 -0.425614 0.707105
    outer loop
      vertex 21.358 -15.5175 -3.4
      vertex 21.3189 -16.5662 -4
      vertex 21.8435 -15.8702 -4
    endloop
  endfacet
  facet normal -0.110658 0.698435 0.707067
    outer loop
      vertex -4.61849 26.6009 -4
      vertex -4.58431 25.9989 -3.4
      vertex -3.67417 26.1431 -3.4
    endloop
  endfacet
  facet normal -0.110735 0.698427 0.707063
    outer loop
      vertex -4.58431 25.9989 -3.4
      vertex -4.61849 26.6009 -4
      vertex -4.6885 26.5898 -4
    endloop
  endfacet
  facet normal 0.694204 -0.13469 0.707064
    outer loop
      vertex 25.9989 -4.58431 -3.4
      vertex 26.5763 -4.75808 -4
      vertex 26.5898 -4.6885 -4
    endloop
  endfacet
  facet normal 0.69415 -0.134907 0.707075
    outer loop
      vertex 26.5763 -4.75808 -4
      vertex 25.9989 -4.58431 -3.4
      vertex 25.8231 -5.48887 -3.4
    endloop
  endfacet
  facet normal 0.660209 -0.253402 0.707044
    outer loop
      vertex 25.3717 -9.23454 -4
      vertex 24.8079 -9.02933 -3.4
      vertex 25.0594 -10.0482 -4
    endloop
  endfacet
  facet normal -0.207456 -0.676028 0.70707
    outer loop
      vertex -7.50999 -25.9333 -4
      vertex -7.44221 -25.9541 -4
      vertex -7.27683 -25.3773 -3.4
    endloop
  endfacet
  facet normal -0.206749 -0.676284 0.707032
    outer loop
      vertex -7.50999 -25.9333 -4
      vertex -7.27683 -25.3773 -3.4
      vertex -8.15805 -25.1079 -3.4
    endloop
  endfacet
  facet normal -0.364293 -0.606162 0.707006
    outer loop
      vertex -13.9899 -22.3885 -3.4
      vertex -13.9272 -23.126 -4
      vertex -13.5608 -23.3462 -4
    endloop
  endfacet
  facet normal -0.364245 -0.606172 0.707023
    outer loop
      vertex -13.9272 -23.126 -4
      vertex -13.9899 -22.3885 -3.4
      vertex -14.3078 -22.8973 -4
    endloop
  endfacet
  facet normal 0.385173 -0.59307 0.707043
    outer loop
      vertex 13.9899 -22.3885 -3.4
      vertex 14.3673 -22.8587 -4
      vertex 14.7627 -21.8866 -3.4
    endloop
  endfacet
  facet normal 0.384884 -0.593279 0.707025
    outer loop
      vertex 14.3673 -22.8587 -4
      vertex 13.9899 -22.3885 -3.4
      vertex 14.3078 -22.8973 -4
    endloop
  endfacet
  facet normal -0.0123662 0.707053 0.707053
    outer loop
      vertex -0.400234 26.993 -4
      vertex 0 26.4 -3.4
      vertex 0 27 -4
    endloop
  endfacet
  facet normal -0.0123053 0.707074 0.707033
    outer loop
      vertex 0 26.4 -3.4
      vertex -0.400234 26.993 -4
      vertex -0.871413 26.9848 -4
    endloop
  endfacet
  facet normal 0.707024 0.0119711 0.707088
    outer loop
      vertex 26.3839 0.921347 -3.4
      vertex 26.9848 0.871413 -4
      vertex 26.9836 0.942286 -4
    endloop
  endfacet
  facet normal 0.707037 0.0123551 0.707069
    outer loop
      vertex 26.9848 0.871413 -4
      vertex 26.3839 0.921347 -3.4
      vertex 26.4 0 -3.4
    endloop
  endfacet
  facet normal -0.67629 -0.206727 0.707033
    outer loop
      vertex -25.1079 -8.15805 -3.4
      vertex -25.7593 -8.07913 -4
      vertex -25.6785 -8.34346 -4
    endloop
  endfacet
  facet normal -0.676287 -0.206757 0.707027
    outer loop
      vertex -25.7593 -8.07913 -4
      vertex -25.1079 -8.15805 -3.4
      vertex -25.9333 -7.50999 -4
    endloop
  endfacet
  facet normal -0.704448 0.0616213 0.707076
    outer loop
      vertex -26.9281 1.95404 -4
      vertex -26.3357 1.84157 -3.4
      vertex -26.2554 2.75955 -3.4
    endloop
  endfacet
  facet normal -0.704553 0.0608578 0.707037
    outer loop
      vertex -26.9342 1.88342 -4
      vertex -26.3357 1.84157 -3.4
      vertex -26.9281 1.95404 -4
    endloop
  endfacet
  facet normal -0.253402 -0.660209 0.707044
    outer loop
      vertex -9.23454 -25.3717 -4
      vertex -9.02933 -24.8079 -3.4
      vertex -10.0482 -25.0594 -4
    endloop
  endfacet
  facet normal -0.253402 0.660209 0.707044
    outer loop
      vertex -9.02933 24.8079 -3.4
      vertex -9.23454 25.3717 -4
      vertex -10.0482 25.0594 -4
    endloop
  endfacet
  facet normal -0.230442 0.668582 0.707032
    outer loop
      vertex -8.41048 25.6554 -4
      vertex -8.15805 25.1079 -3.4
      vertex -8.34346 25.6785 -4
    endloop
  endfacet
  facet normal -0.230235 0.668665 0.707021
    outer loop
      vertex -8.15805 25.1079 -3.4
      vertex -8.41048 25.6554 -4
      vertex -9.02933 24.8079 -3.4
    endloop
  endfacet
  facet normal -0.683161 0.182589 0.707073
    outer loop
      vertex -25.9724 7.37374 -4
      vertex -25.3773 7.27683 -3.4
      vertex -25.9541 7.44221 -4
    endloop
  endfacet
  facet normal -0.683067 0.183028 0.707051
    outer loop
      vertex -25.3773 7.27683 -3.4
      vertex -25.9724 7.37374 -4
      vertex -25.6158 6.38674 -3.4
    endloop
  endfacet
  facet normal 0.500038 0.500038 0.707053
    outer loop
      vertex 18.7558 19.4222 -4
      vertex 18.9906 18.339 -3.4
      vertex 19.4222 18.7558 -4
    endloop
  endfacet
  facet normal 0.500038 0.500038 0.707053
    outer loop
      vertex 18.9906 18.339 -3.4
      vertex 18.7558 19.4222 -4
      vertex 18.339 18.9906 -3.4
    endloop
  endfacet
  facet normal -0.342814 -0.618521 0.707043
    outer loop
      vertex -13.2 -22.8631 -3.4
      vertex -13.1967 -23.5508 -4
      vertex -12.7377 -23.8052 -4
    endloop
  endfacet
  facet normal -0.342808 -0.618523 0.707045
    outer loop
      vertex -13.1967 -23.5508 -4
      vertex -13.2 -22.8631 -3.4
      vertex -13.5 -23.3827 -4
    endloop
  endfacet
  facet normal 0.321069 -0.630048 0.707074
    outer loop
      vertex 12.394 -23.3098 -3.4
      vertex 11.8992 -24.2353 -4
      vertex 12.6757 -23.8396 -4
    endloop
  endfacet
  facet normal -0.650937 0.276356 0.707042
    outer loop
      vertex -25.0063 10.1796 -4
      vertex -24.4777 9.88961 -3.4
      vertex -24.1176 10.7378 -3.4
    endloop
  endfacet
  facet normal -0.650859 0.276515 0.707051
    outer loop
      vertex -25.034 10.1144 -4
      vertex -24.4777 9.88961 -3.4
      vertex -25.0063 10.1796 -4
    endloop
  endfacet
  facet normal -0.384884 0.593279 0.707025
    outer loop
      vertex -14.3673 22.8587 -4
      vertex -13.9899 22.3885 -3.4
      vertex -14.3078 22.8973 -4
    endloop
  endfacet
  facet normal -0.385173 0.59307 0.707043
    outer loop
      vertex -13.9899 22.3885 -3.4
      vertex -14.3673 22.8587 -4
      vertex -14.7627 21.8866 -3.4
    endloop
  endfacet
  facet normal 0.689021 0.159111 0.70706
    outer loop
      vertex 26.2139 6.46282 -4
      vertex 25.8231 5.48887 -3.4
      vertex 26.41 5.61362 -4
    endloop
  endfacet
  facet normal -0.425614 0.564673 0.707105
    outer loop
      vertex -15.8702 21.8435 -4
      vertex -16.5662 21.3189 -4
      vertex -15.5175 21.358 -3.4
    endloop
  endfacet
  facet normal 0.689021 -0.159111 0.70706
    outer loop
      vertex 26.41 -5.61362 -4
      vertex 25.8231 -5.48887 -3.4
      vertex 26.2139 -6.46282 -4
    endloop
  endfacet
  facet normal -0.707024 0.0119711 0.707088
    outer loop
      vertex -26.9848 0.871413 -4
      vertex -26.3839 0.921347 -3.4
      vertex -26.9836 0.942286 -4
    endloop
  endfacet
  facet normal -0.707037 0.0123551 0.707069
    outer loop
      vertex -26.3839 0.921347 -3.4
      vertex -26.9848 0.871413 -4
      vertex -26.4 0 -3.4
    endloop
  endfacet
  facet normal 0.298835 0.640916 0.707053
    outer loop
      vertex 10.9819 24.6657 -4
      vertex 10.7378 24.1176 -3.4
      vertex 11.7718 24.2974 -4
    endloop
  endfacet
  facet normal 0.321069 0.630048 0.707074
    outer loop
      vertex 12.6757 23.8396 -4
      vertex 11.8992 24.2353 -4
      vertex 12.394 23.3098 -3.4
    endloop
  endfacet
  facet normal -0.276515 0.650859 0.707051
    outer loop
      vertex -10.1796 25.0063 -4
      vertex -9.88961 24.4777 -3.4
      vertex -10.1144 25.034 -4
    endloop
  endfacet
  facet normal -0.276356 0.650937 0.707042
    outer loop
      vertex -9.88961 24.4777 -3.4
      vertex -10.1796 25.0063 -4
      vertex -10.7378 24.1176 -3.4
    endloop
  endfacet
  facet normal -0.689021 0.159111 0.70706
    outer loop
      vertex -26.2139 6.46282 -4
      vertex -26.41 5.61362 -4
      vertex -25.8231 5.48887 -3.4
    endloop
  endfacet
  facet normal -0.27634 0.650933 0.707052
    outer loop
      vertex -10.9819 24.6657 -4
      vertex -10.7378 24.1176 -3.4
      vertex -10.1796 25.0063 -4
    endloop
  endfacet
  facet normal 0.650933 0.27634 0.707052
    outer loop
      vertex 24.6657 10.9819 -4
      vertex 24.1176 10.7378 -3.4
      vertex 25.0063 10.1796 -4
    endloop
  endfacet
  facet normal -0.701845 0.0867953 0.707022
    outer loop
      vertex -26.7459 3.68732 -4
      vertex -26.1431 3.67417 -3.4
      vertex -26.7372 3.75767 -4
    endloop
  endfacet
  facet normal -0.701889 0.0861802 0.707053
    outer loop
      vertex -26.1431 3.67417 -3.4
      vertex -26.7459 3.68732 -4
      vertex -26.2554 2.75955 -3.4
    endloop
  endfacet
  facet normal 0.70615 0.0370781 0.707091
    outer loop
      vertex 26.9379 1.81264 -4
      vertex 26.3839 0.921347 -3.4
      vertex 26.9836 0.942286 -4
    endloop
  endfacet
  facet normal -0.110658 -0.698435 0.707067
    outer loop
      vertex -4.58431 -25.9989 -3.4
      vertex -4.61849 -26.6009 -4
      vertex -3.67417 -26.1431 -3.4
    endloop
  endfacet
  facet normal -0.110735 -0.698427 0.707063
    outer loop
      vertex -4.61849 -26.6009 -4
      vertex -4.58431 -25.9989 -3.4
      vertex -4.6885 -26.5898 -4
    endloop
  endfacet
  facet normal -0.579618 -0.405034 0.7071
    outer loop
      vertex -21.358 -15.5175 -3.4
      vertex -21.8841 -15.8121 -4
      vertex -21.8435 -15.8702 -4
    endloop
  endfacet
  facet normal -0.579233 -0.405647 0.707064
    outer loop
      vertex -21.8841 -15.8121 -4
      vertex -21.358 -15.5175 -3.4
      vertex -21.8866 -14.7627 -3.4
    endloop
  endfacet
  facet normal -0.183044 -0.683047 0.707065
    outer loop
      vertex -6.38674 -25.6158 -3.4
      vertex -7.37374 -25.9724 -4
      vertex -6.53189 -26.198 -4
    endloop
  endfacet
  facet normal 0.707053 0.0123662 0.707053
    outer loop
      vertex 26.993 0.400234 -4
      vertex 26.4 0 -3.4
      vertex 27 0 -4
    endloop
  endfacet
  facet normal 0.707074 0.0123053 0.707033
    outer loop
      vertex 26.4 0 -3.4
      vertex 26.993 0.400234 -4
      vertex 26.9848 0.871413 -4
    endloop
  endfacet
  facet normal 0.13469 0.694204 0.707064
    outer loop
      vertex 4.75808 26.5763 -4
      vertex 4.6885 26.5898 -4
      vertex 4.58431 25.9989 -3.4
    endloop
  endfacet
  facet normal 0.134907 0.69415 0.707075
    outer loop
      vertex 4.75808 26.5763 -4
      vertex 4.58431 25.9989 -3.4
      vertex 5.48887 25.8231 -3.4
    endloop
  endfacet
  facet normal 0.134907 -0.69415 0.707075
    outer loop
      vertex 4.58431 -25.9989 -3.4
      vertex 4.75808 -26.5763 -4
      vertex 5.48887 -25.8231 -3.4
    endloop
  endfacet
  facet normal 0.13469 -0.694204 0.707064
    outer loop
      vertex 4.6885 -26.5898 -4
      vertex 4.75808 -26.5763 -4
      vertex 4.58431 -25.9989 -3.4
    endloop
  endfacet
  facet normal 0.230442 0.668582 0.707032
    outer loop
      vertex 8.15805 25.1079 -3.4
      vertex 8.41048 25.6554 -4
      vertex 8.34346 25.6785 -4
    endloop
  endfacet
  facet normal 0.230235 0.668665 0.707021
    outer loop
      vertex 8.41048 25.6554 -4
      vertex 8.15805 25.1079 -3.4
      vertex 9.02933 24.8079 -3.4
    endloop
  endfacet
  facet normal 0.110735 -0.698427 0.707063
    outer loop
      vertex 4.58431 -25.9989 -3.4
      vertex 4.61849 -26.6009 -4
      vertex 4.6885 -26.5898 -4
    endloop
  endfacet
  facet normal 0.110658 -0.698435 0.707067
    outer loop
      vertex 4.61849 -26.6009 -4
      vertex 4.58431 -25.9989 -3.4
      vertex 3.67417 -26.1431 -3.4
    endloop
  endfacet
  facet normal -0.0119711 -0.707024 0.707088
    outer loop
      vertex -0.871413 -26.9848 -4
      vertex -0.921347 -26.3839 -3.4
      vertex -0.942286 -26.9836 -4
    endloop
  endfacet
  facet normal -0.0123551 -0.707037 0.707069
    outer loop
      vertex -0.921347 -26.3839 -3.4
      vertex -0.871413 -26.9848 -4
      vertex 0 -26.4 -3.4
    endloop
  endfacet
  facet normal -0.445048 -0.549555 0.707051
    outer loop
      vertex -16.2535 -20.8035 -3.4
      vertex -17.3002 -20.7278 -4
      vertex -16.6229 -21.2763 -4
    endloop
  endfacet
  facet normal 0.630048 0.321069 0.707074
    outer loop
      vertex 23.8396 12.6757 -4
      vertex 23.3098 12.394 -3.4
      vertex 24.2353 11.8992 -4
    endloop
  endfacet
  facet normal -0.425614 -0.564673 0.707105
    outer loop
      vertex -15.5175 -21.358 -3.4
      vertex -16.5662 -21.3189 -4
      vertex -15.8702 -21.8435 -4
    endloop
  endfacet
  facet normal 0.482279 -0.517168 0.707067
    outer loop
      vertex 18.7039 -19.4705 -4
      vertex 17.665 -19.619 -3.4
      vertex 18.0665 -20.0649 -4
    endloop
  endfacet
  facet normal 0.701938 0.0861273 0.707012
    outer loop
      vertex 26.2554 2.75955 -3.4
      vertex 26.8307 2.9962 -4
      vertex 26.7459 3.68732 -4
    endloop
  endfacet
  facet normal 0.701877 0.0863575 0.707044
    outer loop
      vertex 26.8307 2.9962 -4
      vertex 26.2554 2.75955 -3.4
      vertex 26.8521 2.82227 -4
    endloop
  endfacet
  facet normal -0.0617338 -0.704514 0.706999
    outer loop
      vertex -2.75955 -26.2554 -3.4
      vertex -2.46188 -26.8836 -4
      vertex -1.95404 -26.9281 -4
    endloop
  endfacet
  facet normal -0.0615755 -0.704483 0.707045
    outer loop
      vertex -2.46188 -26.8836 -4
      vertex -2.75955 -26.2554 -3.4
      vertex -2.82227 -26.8521 -4
    endloop
  endfacet
  facet normal 0.253322 -0.660232 0.707052
    outer loop
      vertex 9.88961 -24.4777 -3.4
      vertex 10.0482 -25.0594 -4
      vertex 10.1144 -25.034 -4
    endloop
  endfacet
  facet normal 0.253405 -0.660204 0.707047
    outer loop
      vertex 10.0482 -25.0594 -4
      vertex 9.88961 -24.4777 -3.4
      vertex 9.02933 -24.8079 -3.4
    endloop
  endfacet
  facet normal 0.384884 0.593279 0.707025
    outer loop
      vertex 13.9899 22.3885 -3.4
      vertex 14.3673 22.8587 -4
      vertex 14.3078 22.8973 -4
    endloop
  endfacet
  facet normal 0.385173 0.59307 0.707043
    outer loop
      vertex 14.3673 22.8587 -4
      vertex 13.9899 22.3885 -3.4
      vertex 14.7627 21.8866 -3.4
    endloop
  endfacet
  facet normal 0.0863575 0.701877 0.707044
    outer loop
      vertex 2.75955 26.2554 -3.4
      vertex 2.9962 26.8307 -4
      vertex 2.82227 26.8521 -4
    endloop
  endfacet
  facet normal 0.0861273 0.701938 0.707012
    outer loop
      vertex 2.9962 26.8307 -4
      vertex 2.75955 26.2554 -3.4
      vertex 3.68732 26.7459 -4
    endloop
  endfacet
  facet normal 0.668582 0.230442 0.707032
    outer loop
      vertex 25.6554 8.41048 -4
      vertex 25.1079 8.15805 -3.4
      vertex 25.6785 8.34346 -4
    endloop
  endfacet
  facet normal 0.668665 0.230235 0.707021
    outer loop
      vertex 25.1079 8.15805 -3.4
      vertex 25.6554 8.41048 -4
      vertex 24.8079 9.02933 -3.4
    endloop
  endfacet
  facet normal 0.660204 -0.253405 0.707047
    outer loop
      vertex 24.4777 -9.88961 -3.4
      vertex 25.0594 -10.0482 -4
      vertex 24.8079 -9.02933 -3.4
    endloop
  endfacet
  facet normal 0.660232 -0.253322 0.707052
    outer loop
      vertex 25.0594 -10.0482 -4
      vertex 24.4777 -9.88961 -3.4
      vertex 25.034 -10.1144 -4
    endloop
  endfacet
  facet normal 0.230275 -0.668627 0.707044
    outer loop
      vertex 9.02933 -24.8079 -3.4
      vertex 8.63843 -25.577 -4
      vertex 9.23454 -25.3717 -4
    endloop
  endfacet
  facet normal 0.229948 -0.668579 0.707196
    outer loop
      vertex 8.63843 -25.577 -4
      vertex 9.02933 -24.8079 -3.4
      vertex 8.41048 -25.6554 -4
    endloop
  endfacet
  facet normal 0.0867953 0.701845 0.707022
    outer loop
      vertex 3.68732 26.7459 -4
      vertex 3.67417 26.1431 -3.4
      vertex 3.75767 26.7372 -4
    endloop
  endfacet
  facet normal 0.0861802 0.701889 0.707053
    outer loop
      vertex 3.67417 26.1431 -3.4
      vertex 3.68732 26.7459 -4
      vertex 2.75955 26.2554 -3.4
    endloop
  endfacet
  facet normal -0.0370781 0.70615 0.707091
    outer loop
      vertex -0.942286 26.9836 -4
      vertex -1.81264 26.9379 -4
      vertex -0.921347 26.3839 -3.4
    endloop
  endfacet
  facet normal -0.59307 0.385183 0.707037
    outer loop
      vertex -22.384 15.0982 -4
      vertex -22.8587 14.3673 -4
      vertex -21.8866 14.7627 -3.4
    endloop
  endfacet
  facet normal 0.618341 0.34308 0.707071
    outer loop
      vertex 23.8052 12.7377 -4
      vertex 23.3098 12.394 -3.4
      vertex 23.8396 12.6757 -4
    endloop
  endfacet
  facet normal 0.618519 0.342795 0.707055
    outer loop
      vertex 23.3098 12.394 -3.4
      vertex 23.8052 12.7377 -4
      vertex 22.8631 13.2 -3.4
    endloop
  endfacet
  facet normal -0.704483 -0.0615755 0.707045
    outer loop
      vertex -26.2554 -2.75955 -3.4
      vertex -26.8836 -2.46188 -4
      vertex -26.8521 -2.82227 -4
    endloop
  endfacet
  facet normal -0.704514 -0.0617338 0.706999
    outer loop
      vertex -26.8836 -2.46188 -4
      vertex -26.2554 -2.75955 -3.4
      vertex -26.9281 -1.95404 -4
    endloop
  endfacet
  facet normal 0.549555 0.445048 0.707051
    outer loop
      vertex 21.2763 16.6229 -4
      vertex 20.7278 17.3002 -4
      vertex 20.8035 16.2535 -3.4
    endloop
  endfacet
  facet normal 0.694204 0.13469 0.707064
    outer loop
      vertex 26.5763 4.75808 -4
      vertex 25.9989 4.58431 -3.4
      vertex 26.5898 4.6885 -4
    endloop
  endfacet
  facet normal 0.69415 0.134907 0.707075
    outer loop
      vertex 25.9989 4.58431 -3.4
      vertex 26.5763 4.75808 -4
      vertex 25.8231 5.48887 -3.4
    endloop
  endfacet
  facet normal 0.640933 -0.298826 0.707042
    outer loop
      vertex 23.7282 -11.573 -3.4
      vertex 24.2974 -11.7718 -4
      vertex 24.1176 -10.7378 -3.4
    endloop
  endfacet
  facet normal 0.640702 -0.299393 0.707011
    outer loop
      vertex 24.2974 -11.7718 -4
      vertex 23.7282 -11.573 -3.4
      vertex 24.2674 -11.836 -4
    endloop
  endfacet
  facet normal 0.701925 0.0861847 0.707017
    outer loop
      vertex 26.7372 3.75767 -4
      vertex 26.1431 3.67417 -3.4
      vertex 26.2554 2.75955 -3.4
    endloop
  endfacet
  facet normal 0.701376 0.0867373 0.707495
    outer loop
      vertex 26.7459 3.68732 -4
      vertex 26.7372 3.75767 -4
      vertex 26.2554 2.75955 -3.4
    endloop
  endfacet
  facet normal 0.704553 0.0608578 0.707037
    outer loop
      vertex 26.3357 1.84157 -3.4
      vertex 26.9342 1.88342 -4
      vertex 26.9281 1.95404 -4
    endloop
  endfacet
  facet normal 0.704448 0.0616213 0.707076
    outer loop
      vertex 26.3357 1.84157 -3.4
      vertex 26.9281 1.95404 -4
      vertex 26.2554 2.75955 -3.4
    endloop
  endfacet
  facet normal 0.481766 -0.517674 0.707047
    outer loop
      vertex 18.339 -18.9906 -3.4
      vertex 18.7039 -19.4705 -4
      vertex 18.7558 -19.4222 -4
    endloop
  endfacet
  facet normal 0.482261 -0.517257 0.707014
    outer loop
      vertex 18.7039 -19.4705 -4
      vertex 18.339 -18.9906 -3.4
      vertex 17.665 -19.619 -3.4
    endloop
  endfacet
  facet normal -0.405647 0.579233 0.707064
    outer loop
      vertex -15.8121 21.8841 -4
      vertex -15.5175 21.358 -3.4
      vertex -14.7627 21.8866 -3.4
    endloop
  endfacet
  facet normal -0.405034 0.579618 0.7071
    outer loop
      vertex -15.5175 21.358 -3.4
      vertex -15.8121 21.8841 -4
      vertex -15.8702 21.8435 -4
    endloop
  endfacet
  facet normal -0.134931 -0.694161 0.70706
    outer loop
      vertex -5.48887 -25.8231 -3.4
      vertex -5.61362 -26.41 -4
      vertex -4.75808 -26.5763 -4
    endloop
  endfacet
  facet normal -0.405632 -0.579277 0.707037
    outer loop
      vertex -14.7627 -21.8866 -3.4
      vertex -15.8121 -21.8841 -4
      vertex -15.0982 -22.384 -4
    endloop
  endfacet
  facet normal -0.69415 0.134907 0.707075
    outer loop
      vertex -26.5763 4.75808 -4
      vertex -25.9989 4.58431 -3.4
      vertex -25.8231 5.48887 -3.4
    endloop
  endfacet
  facet normal -0.694204 0.13469 0.707064
    outer loop
      vertex -26.5763 4.75808 -4
      vertex -26.5898 4.6885 -4
      vertex -25.9989 4.58431 -3.4
    endloop
  endfacet
  facet normal -0.53366 -0.463979 0.707058
    outer loop
      vertex -20.2236 -16.9696 -3.4
      vertex -20.6367 -17.4088 -4
      vertex -19.619 -17.665 -3.4
    endloop
  endfacet
  facet normal -0.533735 -0.463901 0.707052
    outer loop
      vertex -20.6367 -17.4088 -4
      vertex -20.2236 -16.9696 -3.4
      vertex -20.6832 -17.3553 -4
    endloop
  endfacet
  facet normal 0.618521 -0.342814 0.707043
    outer loop
      vertex 22.8631 -13.2 -3.4
      vertex 23.5508 -13.1967 -4
      vertex 23.8052 -12.7377 -4
    endloop
  endfacet
  facet normal 0.618523 -0.342808 0.707045
    outer loop
      vertex 23.5508 -13.1967 -4
      vertex 22.8631 -13.2 -3.4
      vertex 23.3827 -13.5 -4
    endloop
  endfacet
  facet normal 0.0119711 0.707024 0.707088
    outer loop
      vertex 0.871413 26.9848 -4
      vertex 0.921347 26.3839 -3.4
      vertex 0.942286 26.9836 -4
    endloop
  endfacet
  facet normal 0.0123551 0.707037 0.707069
    outer loop
      vertex 0.921347 26.3839 -3.4
      vertex 0.871413 26.9848 -4
      vertex 0 26.4 -3.4
    endloop
  endfacet
  facet normal -0.363981 -0.606302 0.707048
    outer loop
      vertex -13.2 -22.8631 -3.4
      vertex -13.5608 -23.3462 -4
      vertex -13.5 -23.3827 -4
    endloop
  endfacet
  facet normal -0.364199 -0.606155 0.707061
    outer loop
      vertex -13.5608 -23.3462 -4
      vertex -13.2 -22.8631 -3.4
      vertex -13.9899 -22.3885 -3.4
    endloop
  endfacet
  facet normal -0.606172 0.364245 0.707023
    outer loop
      vertex -23.126 13.9272 -4
      vertex -22.3885 13.9899 -3.4
      vertex -22.8973 14.3078 -4
    endloop
  endfacet
  facet normal -0.606162 0.364293 0.707006
    outer loop
      vertex -22.3885 13.9899 -3.4
      vertex -23.126 13.9272 -4
      vertex -23.3462 13.5608 -4
    endloop
  endfacet
  facet normal -0.640916 0.298835 0.707053
    outer loop
      vertex -24.2974 11.7718 -4
      vertex -24.6657 10.9819 -4
      vertex -24.1176 10.7378 -3.4
    endloop
  endfacet
  facet normal 0.694161 0.134931 0.70706
    outer loop
      vertex 26.5763 4.75808 -4
      vertex 26.41 5.61362 -4
      vertex 25.8231 5.48887 -3.4
    endloop
  endfacet
  facet normal -0.298835 -0.640916 0.707053
    outer loop
      vertex -10.7378 -24.1176 -3.4
      vertex -11.7718 -24.2974 -4
      vertex -10.9819 -24.6657 -4
    endloop
  endfacet
  facet normal -0.385183 0.59307 0.707037
    outer loop
      vertex -15.0982 22.384 -4
      vertex -14.7627 21.8866 -3.4
      vertex -14.3673 22.8587 -4
    endloop
  endfacet
  facet normal -0.650933 0.27634 0.707052
    outer loop
      vertex -24.6657 10.9819 -4
      vertex -25.0063 10.1796 -4
      vertex -24.1176 10.7378 -3.4
    endloop
  endfacet
  facet normal 0.517674 0.481766 0.707047
    outer loop
      vertex 18.9906 18.339 -3.4
      vertex 19.4705 18.7039 -4
      vertex 19.4222 18.7558 -4
    endloop
  endfacet
  facet normal 0.517257 0.482261 0.707014
    outer loop
      vertex 19.4705 18.7039 -4
      vertex 18.9906 18.339 -3.4
      vertex 19.619 17.665 -3.4
    endloop
  endfacet
  facet normal -0.650937 -0.276356 0.707042
    outer loop
      vertex -24.4777 -9.88961 -3.4
      vertex -25.0063 -10.1796 -4
      vertex -24.1176 -10.7378 -3.4
    endloop
  endfacet
  facet normal -0.650859 -0.276515 0.707051
    outer loop
      vertex -24.4777 -9.88961 -3.4
      vertex -25.034 -10.1144 -4
      vertex -25.0063 -10.1796 -4
    endloop
  endfacet
  facet normal -0.683047 0.183044 0.707065
    outer loop
      vertex -25.9724 7.37374 -4
      vertex -26.198 6.53189 -4
      vertex -25.6158 6.38674 -3.4
    endloop
  endfacet
  facet normal -0.183044 0.683047 0.707065
    outer loop
      vertex -6.53189 26.198 -4
      vertex -7.37374 25.9724 -4
      vertex -6.38674 25.6158 -3.4
    endloop
  endfacet
  facet normal -0.683047 -0.183044 0.707065
    outer loop
      vertex -25.6158 -6.38674 -3.4
      vertex -26.198 -6.53189 -4
      vertex -25.9724 -7.37374 -4
    endloop
  endfacet
  facet normal -0.183028 0.683067 0.707051
    outer loop
      vertex -7.37374 25.9724 -4
      vertex -7.27683 25.3773 -3.4
      vertex -6.38674 25.6158 -3.4
    endloop
  endfacet
  facet normal -0.182589 0.683161 0.707073
    outer loop
      vertex -7.27683 25.3773 -3.4
      vertex -7.37374 25.9724 -4
      vertex -7.44221 25.9541 -4
    endloop
  endfacet
  facet normal 0.704483 0.0615755 0.707045
    outer loop
      vertex 26.2554 2.75955 -3.4
      vertex 26.8836 2.46188 -4
      vertex 26.8521 2.82227 -4
    endloop
  endfacet
  facet normal 0.704514 0.0617338 0.706999
    outer loop
      vertex 26.8836 2.46188 -4
      vertex 26.2554 2.75955 -3.4
      vertex 26.9281 1.95404 -4
    endloop
  endfacet
  facet normal -0.0608578 -0.704553 0.707037
    outer loop
      vertex -1.84157 -26.3357 -3.4
      vertex -1.95404 -26.9281 -4
      vertex -1.88342 -26.9342 -4
    endloop
  endfacet
  facet normal -0.0616213 -0.704448 0.707076
    outer loop
      vertex -1.95404 -26.9281 -4
      vertex -1.84157 -26.3357 -3.4
      vertex -2.75955 -26.2554 -3.4
    endloop
  endfacet
  facet normal 0.650859 -0.276515 0.707051
    outer loop
      vertex 24.4777 -9.88961 -3.4
      vertex 25.0063 -10.1796 -4
      vertex 25.034 -10.1144 -4
    endloop
  endfacet
  facet normal 0.650937 -0.276356 0.707042
    outer loop
      vertex 25.0063 -10.1796 -4
      vertex 24.4777 -9.88961 -3.4
      vertex 24.1176 -10.7378 -3.4
    endloop
  endfacet
  facet normal -0.445048 0.549555 0.707051
    outer loop
      vertex -16.6229 21.2763 -4
      vertex -17.3002 20.7278 -4
      vertex -16.2535 20.8035 -3.4
    endloop
  endfacet
  facet normal -0.618523 0.342808 0.707045
    outer loop
      vertex -23.5508 13.1967 -4
      vertex -22.8631 13.2 -3.4
      vertex -23.3827 13.5 -4
    endloop
  endfacet
  facet normal -0.618521 0.342814 0.707043
    outer loop
      vertex -22.8631 13.2 -3.4
      vertex -23.5508 13.1967 -4
      vertex -23.8052 12.7377 -4
    endloop
  endfacet
  facet normal -0.650933 -0.27634 0.707052
    outer loop
      vertex -24.1176 -10.7378 -3.4
      vertex -25.0063 -10.1796 -4
      vertex -24.6657 -10.9819 -4
    endloop
  endfacet
  facet normal 0.482279 0.517168 0.707067
    outer loop
      vertex 18.0665 20.0649 -4
      vertex 17.665 19.619 -3.4
      vertex 18.7039 19.4705 -4
    endloop
  endfacet
  facet normal 0.159111 0.689021 0.70706
    outer loop
      vertex 5.61362 26.41 -4
      vertex 5.48887 25.8231 -3.4
      vertex 6.46282 26.2139 -4
    endloop
  endfacet
  facet normal -0.0369908 0.70622 0.707026
    outer loop
      vertex -1.81264 26.9379 -4
      vertex -1.84157 26.3357 -3.4
      vertex -0.921347 26.3839 -3.4
    endloop
  endfacet
  facet normal -0.0369174 0.70622 0.707029
    outer loop
      vertex -1.84157 26.3357 -3.4
      vertex -1.81264 26.9379 -4
      vertex -1.88342 26.9342 -4
    endloop
  endfacet
  facet normal 0.158638 -0.689128 0.707061
    outer loop
      vertex 6.38674 -25.6158 -3.4
      vertex 6.46282 -26.2139 -4
      vertex 6.53189 -26.198 -4
    endloop
  endfacet
  facet normal 0.159087 -0.689048 0.707039
    outer loop
      vertex 6.46282 -26.2139 -4
      vertex 6.38674 -25.6158 -3.4
      vertex 5.48887 -25.8231 -3.4
    endloop
  endfacet
  facet normal 0.385183 0.59307 0.707037
    outer loop
      vertex 15.0982 22.384 -4
      vertex 14.3673 22.8587 -4
      vertex 14.7627 21.8866 -3.4
    endloop
  endfacet
  facet normal -0.660204 -0.253405 0.707047
    outer loop
      vertex -25.0594 -10.0482 -4
      vertex -24.4777 -9.88961 -3.4
      vertex -24.8079 -9.02933 -3.4
    endloop
  endfacet
  facet normal -0.660232 -0.253322 0.707052
    outer loop
      vertex -24.4777 -9.88961 -3.4
      vertex -25.0594 -10.0482 -4
      vertex -25.034 -10.1144 -4
    endloop
  endfacet
  facet normal 0.650859 0.276515 0.707051
    outer loop
      vertex 25.0063 10.1796 -4
      vertex 24.4777 9.88961 -3.4
      vertex 25.034 10.1144 -4
    endloop
  endfacet
  facet normal 0.650937 0.276356 0.707042
    outer loop
      vertex 24.4777 9.88961 -3.4
      vertex 25.0063 10.1796 -4
      vertex 24.1176 10.7378 -3.4
    endloop
  endfacet
  facet normal -0.0123551 0.707037 0.707069
    outer loop
      vertex -0.871413 26.9848 -4
      vertex -0.921347 26.3839 -3.4
      vertex 0 26.4 -3.4
    endloop
  endfacet
  facet normal -0.0119711 0.707024 0.707088
    outer loop
      vertex -0.942286 26.9836 -4
      vertex -0.921347 26.3839 -3.4
      vertex -0.871413 26.9848 -4
    endloop
  endfacet
  facet normal -0.405647 -0.579233 0.707064
    outer loop
      vertex -15.5175 -21.358 -3.4
      vertex -15.8121 -21.8841 -4
      vertex -14.7627 -21.8866 -3.4
    endloop
  endfacet
  facet normal -0.405034 -0.579618 0.7071
    outer loop
      vertex -15.8121 -21.8841 -4
      vertex -15.5175 -21.358 -3.4
      vertex -15.8702 -21.8435 -4
    endloop
  endfacet
  facet normal -0.0617338 0.704514 0.706999
    outer loop
      vertex -2.46188 26.8836 -4
      vertex -2.75955 26.2554 -3.4
      vertex -1.95404 26.9281 -4
    endloop
  endfacet
  facet normal -0.0615755 0.704483 0.707045
    outer loop
      vertex -2.75955 26.2554 -3.4
      vertex -2.46188 26.8836 -4
      vertex -2.82227 26.8521 -4
    endloop
  endfacet
  facet normal -0.689021 -0.159111 0.70706
    outer loop
      vertex -25.8231 -5.48887 -3.4
      vertex -26.41 -5.61362 -4
      vertex -26.2139 -6.46282 -4
    endloop
  endfacet
  facet normal 0.276356 -0.650937 0.707042
    outer loop
      vertex 9.88961 -24.4777 -3.4
      vertex 10.1796 -25.0063 -4
      vertex 10.7378 -24.1176 -3.4
    endloop
  endfacet
  facet normal 0.276515 -0.650859 0.707051
    outer loop
      vertex 10.1796 -25.0063 -4
      vertex 9.88961 -24.4777 -3.4
      vertex 10.1144 -25.034 -4
    endloop
  endfacet
  facet normal 0.564853 -0.425558 0.706995
    outer loop
      vertex 20.8035 -16.2535 -3.4
      vertex 21.3189 -16.5662 -4
      vertex 21.358 -15.5175 -3.4
    endloop
  endfacet
  facet normal 0.565378 -0.424782 0.707042
    outer loop
      vertex 21.2763 -16.6229 -4
      vertex 21.3189 -16.5662 -4
      vertex 20.8035 -16.2535 -3.4
    endloop
  endfacet
  facet normal 0.668627 -0.230275 0.707044
    outer loop
      vertex 25.577 -8.63843 -4
      vertex 24.8079 -9.02933 -3.4
      vertex 25.3717 -9.23454 -4
    endloop
  endfacet
  facet normal 0.668579 -0.229948 0.707196
    outer loop
      vertex 24.8079 -9.02933 -3.4
      vertex 25.577 -8.63843 -4
      vertex 25.6554 -8.41048 -4
    endloop
  endfacet
  facet normal -0.549663 0.444918 0.70705
    outer loop
      vertex -20.6832 17.3553 -4
      vertex -20.7278 17.3002 -4
      vertex -20.2236 16.9696 -3.4
    endloop
  endfacet
  facet normal -0.549571 0.445044 0.707042
    outer loop
      vertex -20.2236 16.9696 -3.4
      vertex -20.7278 17.3002 -4
      vertex -20.8035 16.2535 -3.4
    endloop
  endfacet
  facet normal -0.640933 -0.298826 0.707042
    outer loop
      vertex -24.2974 -11.7718 -4
      vertex -23.7282 -11.573 -3.4
      vertex -24.1176 -10.7378 -3.4
    endloop
  endfacet
  facet normal -0.640702 -0.299393 0.707011
    outer loop
      vertex -23.7282 -11.573 -3.4
      vertex -24.2974 -11.7718 -4
      vertex -24.2674 -11.836 -4
    endloop
  endfacet
  facet normal -0.59307 -0.385173 0.707043
    outer loop
      vertex -22.3885 -13.9899 -3.4
      vertex -22.8587 -14.3673 -4
      vertex -21.8866 -14.7627 -3.4
    endloop
  endfacet
  facet normal -0.593279 -0.384884 0.707025
    outer loop
      vertex -22.8587 -14.3673 -4
      vertex -22.3885 -13.9899 -3.4
      vertex -22.8973 -14.3078 -4
    endloop
  endfacet
  facet normal -0.660209 0.253402 0.707044
    outer loop
      vertex -25.3717 9.23454 -4
      vertex -24.8079 9.02933 -3.4
      vertex -25.0594 10.0482 -4
    endloop
  endfacet
  facet normal 0.299393 -0.640702 0.707011
    outer loop
      vertex 11.573 -23.7282 -3.4
      vertex 11.7718 -24.2974 -4
      vertex 11.836 -24.2674 -4
    endloop
  endfacet
  facet normal 0.298826 -0.640933 0.707042
    outer loop
      vertex 11.7718 -24.2974 -4
      vertex 11.573 -23.7282 -3.4
      vertex 10.7378 -24.1176 -3.4
    endloop
  endfacet
  facet normal -0.668665 0.230235 0.707021
    outer loop
      vertex -25.6554 8.41048 -4
      vertex -25.1079 8.15805 -3.4
      vertex -24.8079 9.02933 -3.4
    endloop
  endfacet
  facet normal -0.668582 0.230442 0.707032
    outer loop
      vertex -25.1079 8.15805 -3.4
      vertex -25.6554 8.41048 -4
      vertex -25.6785 8.34346 -4
    endloop
  endfacet
  facet normal 0.660232 0.253322 0.707052
    outer loop
      vertex 24.4777 9.88961 -3.4
      vertex 25.0594 10.0482 -4
      vertex 25.034 10.1144 -4
    endloop
  endfacet
  facet normal 0.660204 0.253405 0.707047
    outer loop
      vertex 25.0594 10.0482 -4
      vertex 24.4777 9.88961 -3.4
      vertex 24.8079 9.02933 -3.4
    endloop
  endfacet
  facet normal 0.364199 -0.606155 0.707061
    outer loop
      vertex 13.2 -22.8631 -3.4
      vertex 13.5608 -23.3462 -4
      vertex 13.9899 -22.3885 -3.4
    endloop
  endfacet
  facet normal 0.363981 -0.606302 0.707048
    outer loop
      vertex 13.5608 -23.3462 -4
      vertex 13.2 -22.8631 -3.4
      vertex 13.5 -23.3827 -4
    endloop
  endfacet
  facet normal -0.701938 0.0861273 0.707012
    outer loop
      vertex -26.8307 2.9962 -4
      vertex -26.2554 2.75955 -3.4
      vertex -26.7459 3.68732 -4
    endloop
  endfacet
  facet normal -0.701877 0.0863575 0.707044
    outer loop
      vertex -26.2554 2.75955 -3.4
      vertex -26.8307 2.9962 -4
      vertex -26.8521 2.82227 -4
    endloop
  endfacet
  facet normal -0.463901 -0.533735 0.707052
    outer loop
      vertex -16.9696 -20.2236 -3.4
      vertex -17.4088 -20.6367 -4
      vertex -17.3553 -20.6832 -4
    endloop
  endfacet
  facet normal -0.463979 -0.53366 0.707058
    outer loop
      vertex -17.4088 -20.6367 -4
      vertex -16.9696 -20.2236 -3.4
      vertex -17.665 -19.619 -3.4
    endloop
  endfacet
  facet normal -0.668627 0.230275 0.707044
    outer loop
      vertex -25.577 8.63843 -4
      vertex -24.8079 9.02933 -3.4
      vertex -25.3717 9.23454 -4
    endloop
  endfacet
  facet normal -0.668579 0.229948 0.707196
    outer loop
      vertex -24.8079 9.02933 -3.4
      vertex -25.577 8.63843 -4
      vertex -25.6554 8.41048 -4
    endloop
  endfacet
  facet normal 0.253402 -0.660209 0.707044
    outer loop
      vertex 9.02933 -24.8079 -3.4
      vertex 9.23454 -25.3717 -4
      vertex 10.0482 -25.0594 -4
    endloop
  endfacet
  facet normal 0.364245 0.606172 0.707023
    outer loop
      vertex 13.9272 23.126 -4
      vertex 13.9899 22.3885 -3.4
      vertex 14.3078 22.8973 -4
    endloop
  endfacet
  facet normal 0.364293 0.606162 0.707006
    outer loop
      vertex 13.9899 22.3885 -3.4
      vertex 13.9272 23.126 -4
      vertex 13.5608 23.3462 -4
    endloop
  endfacet
  facet normal -0.276515 -0.650859 0.707051
    outer loop
      vertex -9.88961 -24.4777 -3.4
      vertex -10.1796 -25.0063 -4
      vertex -10.1144 -25.034 -4
    endloop
  endfacet
  facet normal -0.276356 -0.650937 0.707042
    outer loop
      vertex -10.1796 -25.0063 -4
      vertex -9.88961 -24.4777 -3.4
      vertex -10.7378 -24.1176 -3.4
    endloop
  endfacet
  facet normal 0.0370781 0.70615 0.707091
    outer loop
      vertex 0.942286 26.9836 -4
      vertex 0.921347 26.3839 -3.4
      vertex 1.81264 26.9379 -4
    endloop
  endfacet
  facet normal -0.0861802 -0.701889 0.707053
    outer loop
      vertex -3.67417 -26.1431 -3.4
      vertex -3.68732 -26.7459 -4
      vertex -2.75955 -26.2554 -3.4
    endloop
  endfacet
  facet normal -0.0867953 -0.701845 0.707022
    outer loop
      vertex -3.67417 -26.1431 -3.4
      vertex -3.75767 -26.7372 -4
      vertex -3.68732 -26.7459 -4
    endloop
  endfacet
  facet normal 0.299393 0.640702 0.707011
    outer loop
      vertex 11.7718 24.2974 -4
      vertex 11.573 23.7282 -3.4
      vertex 11.836 24.2674 -4
    endloop
  endfacet
  facet normal 0.298826 0.640933 0.707042
    outer loop
      vertex 11.573 23.7282 -3.4
      vertex 11.7718 24.2974 -4
      vertex 10.7378 24.1176 -3.4
    endloop
  endfacet
  facet normal -0.70615 0.0370781 0.707091
    outer loop
      vertex -26.9379 1.81264 -4
      vertex -26.9836 0.942286 -4
      vertex -26.3839 0.921347 -3.4
    endloop
  endfacet
  facet normal -0.579277 0.405632 0.707037
    outer loop
      vertex -21.8841 15.8121 -4
      vertex -22.384 15.0982 -4
      vertex -21.8866 14.7627 -3.4
    endloop
  endfacet
  facet normal 0.698494 0.110598 0.707017
    outer loop
      vertex 26.6009 4.61849 -4
      vertex 26.1431 3.67417 -3.4
      vertex 26.7372 3.75767 -4
    endloop
  endfacet
  facet normal 0.698427 0.110735 0.707063
    outer loop
      vertex 25.9989 4.58431 -3.4
      vertex 26.6009 4.61849 -4
      vertex 26.5898 4.6885 -4
    endloop
  endfacet
  facet normal 0.698435 0.110658 0.707067
    outer loop
      vertex 26.6009 4.61849 -4
      vertex 25.9989 4.58431 -3.4
      vertex 26.1431 3.67417 -3.4
    endloop
  endfacet
  facet normal -0.70622 -0.0369908 0.707026
    outer loop
      vertex -26.9379 -1.81264 -4
      vertex -26.3357 -1.84157 -3.4
      vertex -26.3839 -0.921347 -3.4
    endloop
  endfacet
  facet normal -0.70622 -0.0369174 0.707029
    outer loop
      vertex -26.3357 -1.84157 -3.4
      vertex -26.9379 -1.81264 -4
      vertex -26.9342 -1.88342 -4
    endloop
  endfacet
  facet normal 0.579618 0.405034 0.7071
    outer loop
      vertex 21.358 15.5175 -3.4
      vertex 21.8841 15.8121 -4
      vertex 21.8435 15.8702 -4
    endloop
  endfacet
  facet normal 0.579233 0.405647 0.707064
    outer loop
      vertex 21.8841 15.8121 -4
      vertex 21.358 15.5175 -3.4
      vertex 21.8866 14.7627 -3.4
    endloop
  endfacet
  facet normal 0.70622 0.0369174 0.707029
    outer loop
      vertex 26.3357 1.84157 -3.4
      vertex 26.9379 1.81264 -4
      vertex 26.9342 1.88342 -4
    endloop
  endfacet
  facet normal 0.70622 0.0369908 0.707026
    outer loop
      vertex 26.9379 1.81264 -4
      vertex 26.3357 1.84157 -3.4
      vertex 26.3839 0.921347 -3.4
    endloop
  endfacet
  facet normal 0.606302 -0.363981 0.707048
    outer loop
      vertex 22.8631 -13.2 -3.4
      vertex 23.3462 -13.5608 -4
      vertex 23.3827 -13.5 -4
    endloop
  endfacet
  facet normal 0.606155 -0.364199 0.707061
    outer loop
      vertex 23.3462 -13.5608 -4
      vertex 22.8631 -13.2 -3.4
      vertex 22.3885 -13.9899 -3.4
    endloop
  endfacet
  facet normal -0.445044 -0.549571 0.707042
    outer loop
      vertex -16.9696 -20.2236 -3.4
      vertex -17.3002 -20.7278 -4
      vertex -16.2535 -20.8035 -3.4
    endloop
  endfacet
  facet normal -0.444918 -0.549663 0.70705
    outer loop
      vertex -17.3553 -20.6832 -4
      vertex -17.3002 -20.7278 -4
      vertex -16.9696 -20.2236 -3.4
    endloop
  endfacet
  facet normal 0.463979 -0.53366 0.707058
    outer loop
      vertex 16.9696 -20.2236 -3.4
      vertex 17.4088 -20.6367 -4
      vertex 17.665 -19.619 -3.4
    endloop
  endfacet
  facet normal 0.463901 -0.533735 0.707052
    outer loop
      vertex 17.4088 -20.6367 -4
      vertex 16.9696 -20.2236 -3.4
      vertex 17.3553 -20.6832 -4
    endloop
  endfacet
  facet normal -0.298826 0.640933 0.707042
    outer loop
      vertex -11.7718 24.2974 -4
      vertex -11.573 23.7282 -3.4
      vertex -10.7378 24.1176 -3.4
    endloop
  endfacet
  facet normal -0.299393 0.640702 0.707011
    outer loop
      vertex -11.573 23.7282 -3.4
      vertex -11.7718 24.2974 -4
      vertex -11.836 24.2674 -4
    endloop
  endfacet
  facet normal 0.59307 -0.385183 0.707037
    outer loop
      vertex 22.8587 -14.3673 -4
      vertex 21.8866 -14.7627 -3.4
      vertex 22.384 -15.0982 -4
    endloop
  endfacet
  facet normal -0.694161 0.134931 0.70706
    outer loop
      vertex -25.8231 5.48887 -3.4
      vertex -26.41 5.61362 -4
      vertex -26.5763 4.75808 -4
    endloop
  endfacet
  facet normal -0.13469 0.694204 0.707064
    outer loop
      vertex -4.6885 26.5898 -4
      vertex -4.75808 26.5763 -4
      vertex -4.58431 25.9989 -3.4
    endloop
  endfacet
  facet normal -0.134907 0.69415 0.707075
    outer loop
      vertex -4.58431 25.9989 -3.4
      vertex -4.75808 26.5763 -4
      vertex -5.48887 25.8231 -3.4
    endloop
  endfacet
  facet normal -0.159111 0.689021 0.70706
    outer loop
      vertex -5.61362 26.41 -4
      vertex -6.46282 26.2139 -4
      vertex -5.48887 25.8231 -3.4
    endloop
  endfacet
  facet normal -0.689128 0.158638 0.707061
    outer loop
      vertex -26.2139 6.46282 -4
      vertex -25.6158 6.38674 -3.4
      vertex -26.198 6.53189 -4
    endloop
  endfacet
  facet normal -0.689048 0.159087 0.707039
    outer loop
      vertex -25.6158 6.38674 -3.4
      vertex -26.2139 6.46282 -4
      vertex -25.8231 5.48887 -3.4
    endloop
  endfacet
  facet normal -0.385183 -0.59307 0.707037
    outer loop
      vertex -14.7627 -21.8866 -3.4
      vertex -15.0982 -22.384 -4
      vertex -14.3673 -22.8587 -4
    endloop
  endfacet
  facet normal 0.463901 0.533735 0.707052
    outer loop
      vertex 16.9696 20.2236 -3.4
      vertex 17.4088 20.6367 -4
      vertex 17.3553 20.6832 -4
    endloop
  endfacet
  facet normal 0.463979 0.53366 0.707058
    outer loop
      vertex 17.4088 20.6367 -4
      vertex 16.9696 20.2236 -3.4
      vertex 17.665 19.619 -3.4
    endloop
  endfacet
  facet normal -0.253405 -0.660204 0.707047
    outer loop
      vertex -9.88961 -24.4777 -3.4
      vertex -10.0482 -25.0594 -4
      vertex -9.02933 -24.8079 -3.4
    endloop
  endfacet
  facet normal -0.253322 -0.660232 0.707052
    outer loop
      vertex -10.0482 -25.0594 -4
      vertex -9.88961 -24.4777 -3.4
      vertex -10.1144 -25.034 -4
    endloop
  endfacet
  facet normal 0.660209 0.253402 0.707044
    outer loop
      vertex 24.8079 9.02933 -3.4
      vertex 25.3717 9.23454 -4
      vertex 25.0594 10.0482 -4
    endloop
  endfacet
  facet normal 0.500038 -0.500038 0.707053
    outer loop
      vertex 18.9906 -18.339 -3.4
      vertex 18.7558 -19.4222 -4
      vertex 19.4222 -18.7558 -4
    endloop
  endfacet
  facet normal 0.500038 -0.500038 0.707053
    outer loop
      vertex 18.7558 -19.4222 -4
      vertex 18.9906 -18.339 -3.4
      vertex 18.339 -18.9906 -3.4
    endloop
  endfacet
  facet normal 0.481766 0.517674 0.707047
    outer loop
      vertex 18.7039 19.4705 -4
      vertex 18.339 18.9906 -3.4
      vertex 18.7558 19.4222 -4
    endloop
  endfacet
  facet normal 0.482261 0.517257 0.707014
    outer loop
      vertex 18.339 18.9906 -3.4
      vertex 18.7039 19.4705 -4
      vertex 17.665 19.619 -3.4
    endloop
  endfacet
  facet normal -0.69415 -0.134907 0.707075
    outer loop
      vertex -25.9989 -4.58431 -3.4
      vertex -26.5763 -4.75808 -4
      vertex -25.8231 -5.48887 -3.4
    endloop
  endfacet
  facet normal -0.694204 -0.13469 0.707064
    outer loop
      vertex -26.5898 -4.6885 -4
      vertex -26.5763 -4.75808 -4
      vertex -25.9989 -4.58431 -3.4
    endloop
  endfacet
  facet normal -0.134931 0.694161 0.70706
    outer loop
      vertex -5.61362 26.41 -4
      vertex -5.48887 25.8231 -3.4
      vertex -4.75808 26.5763 -4
    endloop
  endfacet
  facet normal 0.110598 0.698494 0.707017
    outer loop
      vertex 3.75767 26.7372 -4
      vertex 3.67417 26.1431 -3.4
      vertex 4.61849 26.6009 -4
    endloop
  endfacet
  facet normal 0.0615755 0.704483 0.707045
    outer loop
      vertex 2.46188 26.8836 -4
      vertex 2.75955 26.2554 -3.4
      vertex 2.82227 26.8521 -4
    endloop
  endfacet
  facet normal 0.0617338 0.704514 0.706999
    outer loop
      vertex 2.75955 26.2554 -3.4
      vertex 2.46188 26.8836 -4
      vertex 1.95404 26.9281 -4
    endloop
  endfacet
  facet normal 0.0608578 0.704553 0.707037
    outer loop
      vertex 1.84157 26.3357 -3.4
      vertex 1.95404 26.9281 -4
      vertex 1.88342 26.9342 -4
    endloop
  endfacet
  facet normal 0.0616213 0.704448 0.707076
    outer loop
      vertex 1.95404 26.9281 -4
      vertex 1.84157 26.3357 -3.4
      vertex 2.75955 26.2554 -3.4
    endloop
  endfacet
  facet normal 0.0123053 0.707074 0.707033
    outer loop
      vertex 0.400234 26.993 -4
      vertex 0 26.4 -3.4
      vertex 0.871413 26.9848 -4
    endloop
  endfacet
  facet normal 0.0123662 0.707053 0.707053
    outer loop
      vertex 0 26.4 -3.4
      vertex 0.400234 26.993 -4
      vertex 0 27 -4
    endloop
  endfacet
  facet normal 0.593279 -0.384884 0.707025
    outer loop
      vertex 22.3885 -13.9899 -3.4
      vertex 22.8587 -14.3673 -4
      vertex 22.8973 -14.3078 -4
    endloop
  endfacet
  facet normal 0.59307 -0.385173 0.707043
    outer loop
      vertex 22.8587 -14.3673 -4
      vertex 22.3885 -13.9899 -3.4
      vertex 21.8866 -14.7627 -3.4
    endloop
  endfacet
  facet normal -0.517168 0.482279 0.707067
    outer loop
      vertex -19.4705 18.7039 -4
      vertex -20.0649 18.0665 -4
      vertex -19.619 17.665 -3.4
    endloop
  endfacet
  facet normal -0.660209 -0.253402 0.707044
    outer loop
      vertex -24.8079 -9.02933 -3.4
      vertex -25.3717 -9.23454 -4
      vertex -25.0594 -10.0482 -4
    endloop
  endfacet
  facet normal 0.63053 0.320254 0.707014
    outer loop
      vertex 24.2353 11.8992 -4
      vertex 23.7282 11.573 -3.4
      vertex 24.2674 11.836 -4
    endloop
  endfacet
  facet normal 0.630051 0.321088 0.707063
    outer loop
      vertex 23.7282 11.573 -3.4
      vertex 24.2353 11.8992 -4
      vertex 23.3098 12.394 -3.4
    endloop
  endfacet
  facet normal -0.0608578 0.704553 0.707037
    outer loop
      vertex -1.95404 26.9281 -4
      vertex -1.84157 26.3357 -3.4
      vertex -1.88342 26.9342 -4
    endloop
  endfacet
  facet normal -0.0616213 0.704448 0.707076
    outer loop
      vertex -1.84157 26.3357 -3.4
      vertex -1.95404 26.9281 -4
      vertex -2.75955 26.2554 -3.4
    endloop
  endfacet
  facet normal -0.549663 -0.444918 0.70705
    outer loop
      vertex -20.7278 -17.3002 -4
      vertex -20.6832 -17.3553 -4
      vertex -20.2236 -16.9696 -3.4
    endloop
  endfacet
  facet normal -0.549571 -0.445044 0.707042
    outer loop
      vertex -20.7278 -17.3002 -4
      vertex -20.2236 -16.9696 -3.4
      vertex -20.8035 -16.2535 -3.4
    endloop
  endfacet
  facet normal -0.463901 0.533735 0.707052
    outer loop
      vertex -17.4088 20.6367 -4
      vertex -16.9696 20.2236 -3.4
      vertex -17.3553 20.6832 -4
    endloop
  endfacet
  facet normal -0.463979 0.53366 0.707058
    outer loop
      vertex -16.9696 20.2236 -3.4
      vertex -17.4088 20.6367 -4
      vertex -17.665 19.619 -3.4
    endloop
  endfacet
  facet normal -0.59307 -0.385183 0.707037
    outer loop
      vertex -21.8866 -14.7627 -3.4
      vertex -22.8587 -14.3673 -4
      vertex -22.384 -15.0982 -4
    endloop
  endfacet
  facet normal 0.183044 -0.683047 0.707065
    outer loop
      vertex 7.37374 -25.9724 -4
      vertex 6.38674 -25.6158 -3.4
      vertex 6.53189 -26.198 -4
    endloop
  endfacet
  facet normal -0.579618 0.405034 0.7071
    outer loop
      vertex -21.8841 15.8121 -4
      vertex -21.358 15.5175 -3.4
      vertex -21.8435 15.8702 -4
    endloop
  endfacet
  facet normal -0.579233 0.405647 0.707064
    outer loop
      vertex -21.358 15.5175 -3.4
      vertex -21.8841 15.8121 -4
      vertex -21.8866 14.7627 -3.4
    endloop
  endfacet
  facet normal 0.549663 0.444918 0.70705
    outer loop
      vertex 20.7278 17.3002 -4
      vertex 20.6832 17.3553 -4
      vertex 20.2236 16.9696 -3.4
    endloop
  endfacet
  facet normal 0.549571 0.445044 0.707042
    outer loop
      vertex 20.7278 17.3002 -4
      vertex 20.2236 16.9696 -3.4
      vertex 20.8035 16.2535 -3.4
    endloop
  endfacet
  facet normal 0.463962 -0.533662 0.707067
    outer loop
      vertex 18.0665 -20.0649 -4
      vertex 17.665 -19.619 -3.4
      vertex 17.4088 -20.6367 -4
    endloop
  endfacet
  facet normal -0.229948 -0.668579 0.707196
    outer loop
      vertex -9.02933 -24.8079 -3.4
      vertex -8.63843 -25.577 -4
      vertex -8.41048 -25.6554 -4
    endloop
  endfacet
  facet normal -0.230275 -0.668627 0.707044
    outer loop
      vertex -8.63843 -25.577 -4
      vertex -9.02933 -24.8079 -3.4
      vertex -9.23454 -25.3717 -4
    endloop
  endfacet
  facet normal -0.683067 -0.183028 0.707051
    outer loop
      vertex -25.9724 -7.37374 -4
      vertex -25.3773 -7.27683 -3.4
      vertex -25.6158 -6.38674 -3.4
    endloop
  endfacet
  facet normal -0.683161 -0.182589 0.707073
    outer loop
      vertex -25.3773 -7.27683 -3.4
      vertex -25.9724 -7.37374 -4
      vertex -25.9541 -7.44221 -4
    endloop
  endfacet
  facet normal -0.689048 -0.159087 0.707039
    outer loop
      vertex -26.2139 -6.46282 -4
      vertex -25.6158 -6.38674 -3.4
      vertex -25.8231 -5.48887 -3.4
    endloop
  endfacet
  facet normal -0.689128 -0.158638 0.707061
    outer loop
      vertex -25.6158 -6.38674 -3.4
      vertex -26.2139 -6.46282 -4
      vertex -26.198 -6.53189 -4
    endloop
  endfacet
  facet normal -0.564673 -0.425614 0.707105
    outer loop
      vertex -21.358 -15.5175 -3.4
      vertex -21.8435 -15.8702 -4
      vertex -21.3189 -16.5662 -4
    endloop
  endfacet
  facet normal 0.565378 0.424782 0.707042
    outer loop
      vertex 21.3189 16.5662 -4
      vertex 21.2763 16.6229 -4
      vertex 20.8035 16.2535 -3.4
    endloop
  endfacet
  facet normal 0.564853 0.425558 0.706995
    outer loop
      vertex 21.3189 16.5662 -4
      vertex 20.8035 16.2535 -3.4
      vertex 21.358 15.5175 -3.4
    endloop
  endfacet
  facet normal 0.704514 -0.0617338 0.706999
    outer loop
      vertex 26.2554 -2.75955 -3.4
      vertex 26.8836 -2.46188 -4
      vertex 26.9281 -1.95404 -4
    endloop
  endfacet
  facet normal 0.704483 -0.0615755 0.707045
    outer loop
      vertex 26.8836 -2.46188 -4
      vertex 26.2554 -2.75955 -3.4
      vertex 26.8521 -2.82227 -4
    endloop
  endfacet
  facet normal -0.694161 -0.134931 0.70706
    outer loop
      vertex -25.8231 -5.48887 -3.4
      vertex -26.5763 -4.75808 -4
      vertex -26.41 -5.61362 -4
    endloop
  endfacet
  facet normal -0.229948 0.668579 0.707196
    outer loop
      vertex -8.63843 25.577 -4
      vertex -9.02933 24.8079 -3.4
      vertex -8.41048 25.6554 -4
    endloop
  endfacet
  facet normal -0.230275 0.668627 0.707044
    outer loop
      vertex -9.02933 24.8079 -3.4
      vertex -8.63843 25.577 -4
      vertex -9.23454 25.3717 -4
    endloop
  endfacet
  facet normal 0.533662 0.463962 0.707067
    outer loop
      vertex 20.0649 18.0665 -4
      vertex 19.619 17.665 -3.4
      vertex 20.6367 17.4088 -4
    endloop
  endfacet
  facet normal 0.517168 0.482279 0.707067
    outer loop
      vertex 20.0649 18.0665 -4
      vertex 19.4705 18.7039 -4
      vertex 19.619 17.665 -3.4
    endloop
  endfacet
  facet normal 0.533735 0.463901 0.707052
    outer loop
      vertex 20.6367 17.4088 -4
      vertex 20.2236 16.9696 -3.4
      vertex 20.6832 17.3553 -4
    endloop
  endfacet
  facet normal 0.53366 0.463979 0.707058
    outer loop
      vertex 20.2236 16.9696 -3.4
      vertex 20.6367 17.4088 -4
      vertex 19.619 17.665 -3.4
    endloop
  endfacet
  facet normal -0.0863575 0.701877 0.707044
    outer loop
      vertex -2.9962 26.8307 -4
      vertex -2.75955 26.2554 -3.4
      vertex -2.82227 26.8521 -4
    endloop
  endfacet
  facet normal -0.0861273 0.701938 0.707012
    outer loop
      vertex -2.75955 26.2554 -3.4
      vertex -2.9962 26.8307 -4
      vertex -3.68732 26.7459 -4
    endloop
  endfacet
  facet normal 0.689128 0.158638 0.707061
    outer loop
      vertex 25.6158 6.38674 -3.4
      vertex 26.2139 6.46282 -4
      vertex 26.198 6.53189 -4
    endloop
  endfacet
  facet normal 0.689048 0.159087 0.707039
    outer loop
      vertex 26.2139 6.46282 -4
      vertex 25.6158 6.38674 -3.4
      vertex 25.8231 5.48887 -3.4
    endloop
  endfacet
  facet normal -0.618523 -0.342808 0.707045
    outer loop
      vertex -22.8631 -13.2 -3.4
      vertex -23.5508 -13.1967 -4
      vertex -23.3827 -13.5 -4
    endloop
  endfacet
  facet normal -0.618521 -0.342814 0.707043
    outer loop
      vertex -23.5508 -13.1967 -4
      vertex -22.8631 -13.2 -3.4
      vertex -23.8052 -12.7377 -4
    endloop
  endfacet
  facet normal -0.698494 -0.110598 0.707017
    outer loop
      vertex -26.1431 -3.67417 -3.4
      vertex -26.7372 -3.75767 -4
      vertex -26.6009 -4.61849 -4
    endloop
  endfacet
  facet normal -0.676284 -0.206749 0.707032
    outer loop
      vertex -25.3773 -7.27683 -3.4
      vertex -25.9333 -7.50999 -4
      vertex -25.1079 -8.15805 -3.4
    endloop
  endfacet
  facet normal -0.676028 -0.207456 0.70707
    outer loop
      vertex -25.9541 -7.44221 -4
      vertex -25.9333 -7.50999 -4
      vertex -25.3773 -7.27683 -3.4
    endloop
  endfacet
  facet normal -0.517674 -0.481766 0.707047
    outer loop
      vertex -18.9906 -18.339 -3.4
      vertex -19.4705 -18.7039 -4
      vertex -19.4222 -18.7558 -4
    endloop
  endfacet
  facet normal -0.517257 -0.482261 0.707014
    outer loop
      vertex -19.4705 -18.7039 -4
      vertex -18.9906 -18.339 -3.4
      vertex -19.619 -17.665 -3.4
    endloop
  endfacet
  facet normal -0.640916 -0.298835 0.707053
    outer loop
      vertex -24.1176 -10.7378 -3.4
      vertex -24.6657 -10.9819 -4
      vertex -24.2974 -11.7718 -4
    endloop
  endfacet
  facet normal 0.34308 0.618341 0.707071
    outer loop
      vertex 12.394 23.3098 -3.4
      vertex 12.7377 23.8052 -4
      vertex 12.6757 23.8396 -4
    endloop
  endfacet
  facet normal 0.342795 0.618519 0.707055
    outer loop
      vertex 12.7377 23.8052 -4
      vertex 12.394 23.3098 -3.4
      vertex 13.2 22.8631 -3.4
    endloop
  endfacet
  facet normal 0.342808 0.618523 0.707045
    outer loop
      vertex 13.1967 23.5508 -4
      vertex 13.2 22.8631 -3.4
      vertex 13.5 23.3827 -4
    endloop
  endfacet
  facet normal 0.342814 0.618521 0.707043
    outer loop
      vertex 13.2 22.8631 -3.4
      vertex 13.1967 23.5508 -4
      vertex 12.7377 23.8052 -4
    endloop
  endfacet
  facet normal -0.517168 -0.482279 0.707067
    outer loop
      vertex -19.619 -17.665 -3.4
      vertex -20.0649 -18.0665 -4
      vertex -19.4705 -18.7039 -4
    endloop
  endfacet
  facet normal -0.27634 -0.650933 0.707052
    outer loop
      vertex -10.7378 -24.1176 -3.4
      vertex -10.9819 -24.6657 -4
      vertex -10.1796 -25.0063 -4
    endloop
  endfacet
  facet normal 0.298835 -0.640916 0.707053
    outer loop
      vertex 11.7718 -24.2974 -4
      vertex 10.7378 -24.1176 -3.4
      vertex 10.9819 -24.6657 -4
    endloop
  endfacet
  facet normal 0.363981 0.606302 0.707048
    outer loop
      vertex 13.2 22.8631 -3.4
      vertex 13.5608 23.3462 -4
      vertex 13.5 23.3827 -4
    endloop
  endfacet
  facet normal 0.364199 0.606155 0.707061
    outer loop
      vertex 13.5608 23.3462 -4
      vertex 13.2 22.8631 -3.4
      vertex 13.9899 22.3885 -3.4
    endloop
  endfacet
  facet normal 0.0861273 -0.701938 0.707012
    outer loop
      vertex 2.75955 -26.2554 -3.4
      vertex 2.9962 -26.8307 -4
      vertex 3.68732 -26.7459 -4
    endloop
  endfacet
  facet normal 0.0863575 -0.701877 0.707044
    outer loop
      vertex 2.9962 -26.8307 -4
      vertex 2.75955 -26.2554 -3.4
      vertex 2.82227 -26.8521 -4
    endloop
  endfacet
  facet normal -0.618519 0.342795 0.707055
    outer loop
      vertex -23.8052 12.7377 -4
      vertex -23.3098 12.394 -3.4
      vertex -22.8631 13.2 -3.4
    endloop
  endfacet
  facet normal -0.618341 0.34308 0.707071
    outer loop
      vertex -23.3098 12.394 -3.4
      vertex -23.8052 12.7377 -4
      vertex -23.8396 12.6757 -4
    endloop
  endfacet
  facet normal 0.640702 0.299393 0.707011
    outer loop
      vertex 23.7282 11.573 -3.4
      vertex 24.2974 11.7718 -4
      vertex 24.2674 11.836 -4
    endloop
  endfacet
  facet normal 0.640933 0.298826 0.707042
    outer loop
      vertex 24.2974 11.7718 -4
      vertex 23.7282 11.573 -3.4
      vertex 24.1176 10.7378 -3.4
    endloop
  endfacet
  facet normal -0.183028 -0.683067 0.707051
    outer loop
      vertex -7.27683 -25.3773 -3.4
      vertex -7.37374 -25.9724 -4
      vertex -6.38674 -25.6158 -3.4
    endloop
  endfacet
  facet normal -0.182589 -0.683161 0.707073
    outer loop
      vertex -7.37374 -25.9724 -4
      vertex -7.27683 -25.3773 -3.4
      vertex -7.44221 -25.9541 -4
    endloop
  endfacet
  facet normal -0.698494 0.110598 0.707017
    outer loop
      vertex -26.6009 4.61849 -4
      vertex -26.7372 3.75767 -4
      vertex -26.1431 3.67417 -3.4
    endloop
  endfacet
  facet normal -0.482261 0.517257 0.707014
    outer loop
      vertex -18.7039 19.4705 -4
      vertex -18.339 18.9906 -3.4
      vertex -17.665 19.619 -3.4
    endloop
  endfacet
  facet normal -0.481766 0.517674 0.707047
    outer loop
      vertex -18.339 18.9906 -3.4
      vertex -18.7039 19.4705 -4
      vertex -18.7558 19.4222 -4
    endloop
  endfacet
  facet normal 0.593279 0.384884 0.707025
    outer loop
      vertex 22.8587 14.3673 -4
      vertex 22.3885 13.9899 -3.4
      vertex 22.8973 14.3078 -4
    endloop
  endfacet
  facet normal 0.59307 0.385173 0.707043
    outer loop
      vertex 22.3885 13.9899 -3.4
      vertex 22.8587 14.3673 -4
      vertex 21.8866 14.7627 -3.4
    endloop
  endfacet
  facet normal -0.463962 -0.533662 0.707067
    outer loop
      vertex -17.665 -19.619 -3.4
      vertex -18.0665 -20.0649 -4
      vertex -17.4088 -20.6367 -4
    endloop
  endfacet
  facet normal -0.565378 -0.424782 0.707042
    outer loop
      vertex -21.3189 -16.5662 -4
      vertex -21.2763 -16.6229 -4
      vertex -20.8035 -16.2535 -3.4
    endloop
  endfacet
  facet normal -0.564853 -0.425558 0.706995
    outer loop
      vertex -21.3189 -16.5662 -4
      vertex -20.8035 -16.2535 -3.4
      vertex -21.358 -15.5175 -3.4
    endloop
  endfacet
  facet normal 0.424782 -0.565378 0.707042
    outer loop
      vertex 16.2535 -20.8035 -3.4
      vertex 16.5662 -21.3189 -4
      vertex 16.6229 -21.2763 -4
    endloop
  endfacet
  facet normal 0.425558 -0.564853 0.706995
    outer loop
      vertex 16.5662 -21.3189 -4
      vertex 16.2535 -20.8035 -3.4
      vertex 15.5175 -21.358 -3.4
    endloop
  endfacet
  facet normal -0.482279 0.517168 0.707067
    outer loop
      vertex -18.0665 20.0649 -4
      vertex -18.7039 19.4705 -4
      vertex -17.665 19.619 -3.4
    endloop
  endfacet
  facet normal -0.707074 -0.0123053 0.707033
    outer loop
      vertex -26.4 0 -3.4
      vertex -26.993 -0.400234 -4
      vertex -26.9848 -0.871413 -4
    endloop
  endfacet
  facet normal -0.707053 -0.0123662 0.707053
    outer loop
      vertex -26.993 -0.400234 -4
      vertex -26.4 0 -3.4
      vertex -27 0 -4
    endloop
  endfacet
  facet normal -0.704483 0.0615755 0.707045
    outer loop
      vertex -26.8836 2.46188 -4
      vertex -26.2554 2.75955 -3.4
      vertex -26.8521 2.82227 -4
    endloop
  endfacet
  facet normal -0.704514 0.0617338 0.706999
    outer loop
      vertex -26.2554 2.75955 -3.4
      vertex -26.8836 2.46188 -4
      vertex -26.9281 1.95404 -4
    endloop
  endfacet
  facet normal 0.463962 0.533662 0.707067
    outer loop
      vertex 17.665 19.619 -3.4
      vertex 18.0665 20.0649 -4
      vertex 17.4088 20.6367 -4
    endloop
  endfacet
  facet normal 0.183044 0.683047 0.707065
    outer loop
      vertex 6.53189 26.198 -4
      vertex 6.38674 25.6158 -3.4
      vertex 7.37374 25.9724 -4
    endloop
  endfacet
  facet normal -0.342814 0.618521 0.707043
    outer loop
      vertex -13.1967 23.5508 -4
      vertex -13.2 22.8631 -3.4
      vertex -12.7377 23.8052 -4
    endloop
  endfacet
  facet normal -0.342808 0.618523 0.707045
    outer loop
      vertex -13.2 22.8631 -3.4
      vertex -13.1967 23.5508 -4
      vertex -13.5 23.3827 -4
    endloop
  endfacet
  facet normal 0.618523 0.342808 0.707045
    outer loop
      vertex 22.8631 13.2 -3.4
      vertex 23.5508 13.1967 -4
      vertex 23.3827 13.5 -4
    endloop
  endfacet
  facet normal 0.618521 0.342814 0.707043
    outer loop
      vertex 23.5508 13.1967 -4
      vertex 22.8631 13.2 -3.4
      vertex 23.8052 12.7377 -4
    endloop
  endfacet
  facet normal -0.630048 -0.321069 0.707074
    outer loop
      vertex -23.3098 -12.394 -3.4
      vertex -24.2353 -11.8992 -4
      vertex -23.8396 -12.6757 -4
    endloop
  endfacet
  facet normal 0.698494 -0.110598 0.707017
    outer loop
      vertex 26.7372 -3.75767 -4
      vertex 26.1431 -3.67417 -3.4
      vertex 26.6009 -4.61849 -4
    endloop
  endfacet
  facet normal 0.182589 0.683161 0.707073
    outer loop
      vertex 7.37374 25.9724 -4
      vertex 7.27683 25.3773 -3.4
      vertex 7.44221 25.9541 -4
    endloop
  endfacet
  facet normal 0.183028 0.683067 0.707051
    outer loop
      vertex 7.27683 25.3773 -3.4
      vertex 7.37374 25.9724 -4
      vertex 6.38674 25.6158 -3.4
    endloop
  endfacet
  facet normal 0.676028 0.207456 0.70707
    outer loop
      vertex 25.9333 7.50999 -4
      vertex 25.3773 7.27683 -3.4
      vertex 25.9541 7.44221 -4
    endloop
  endfacet
  facet normal 0.676284 0.206749 0.707032
    outer loop
      vertex 25.3773 7.27683 -3.4
      vertex 25.9333 7.50999 -4
      vertex 25.1079 8.15805 -3.4
    endloop
  endfacet
  facet normal -0.698427 0.110735 0.707063
    outer loop
      vertex -26.6009 4.61849 -4
      vertex -25.9989 4.58431 -3.4
      vertex -26.5898 4.6885 -4
    endloop
  endfacet
  facet normal -0.698435 0.110658 0.707067
    outer loop
      vertex -25.9989 4.58431 -3.4
      vertex -26.6009 4.61849 -4
      vertex -26.1431 3.67417 -3.4
    endloop
  endfacet
  facet normal 0.517168 -0.482279 0.707067
    outer loop
      vertex 19.619 -17.665 -3.4
      vertex 19.4705 -18.7039 -4
      vertex 20.0649 -18.0665 -4
    endloop
  endfacet
  facet normal -0.533662 -0.463962 0.707067
    outer loop
      vertex -20.0649 -18.0665 -4
      vertex -19.619 -17.665 -3.4
      vertex -20.6367 -17.4088 -4
    endloop
  endfacet
  facet normal -0.159087 -0.689048 0.707039
    outer loop
      vertex -6.38674 -25.6158 -3.4
      vertex -6.46282 -26.2139 -4
      vertex -5.48887 -25.8231 -3.4
    endloop
  endfacet
  facet normal -0.158638 -0.689128 0.707061
    outer loop
      vertex -6.46282 -26.2139 -4
      vertex -6.38674 -25.6158 -3.4
      vertex -6.53189 -26.198 -4
    endloop
  endfacet
  facet normal 0.606302 0.363981 0.707048
    outer loop
      vertex 23.3462 13.5608 -4
      vertex 22.8631 13.2 -3.4
      vertex 23.3827 13.5 -4
    endloop
  endfacet
  facet normal 0.606155 0.364199 0.707061
    outer loop
      vertex 22.8631 13.2 -3.4
      vertex 23.3462 13.5608 -4
      vertex 22.3885 13.9899 -3.4
    endloop
  endfacet
  facet normal -0.549555 0.445048 0.707051
    outer loop
      vertex -20.7278 17.3002 -4
      vertex -21.2763 16.6229 -4
      vertex -20.8035 16.2535 -3.4
    endloop
  endfacet
  facet normal 0.683161 0.182589 0.707073
    outer loop
      vertex 25.3773 7.27683 -3.4
      vertex 25.9724 7.37374 -4
      vertex 25.9541 7.44221 -4
    endloop
  endfacet
  facet normal 0.683067 0.183028 0.707051
    outer loop
      vertex 25.9724 7.37374 -4
      vertex 25.3773 7.27683 -3.4
      vertex 25.6158 6.38674 -3.4
    endloop
  endfacet
  facet normal -0.67629 0.206727 0.707033
    outer loop
      vertex -25.7593 8.07913 -4
      vertex -25.1079 8.15805 -3.4
      vertex -25.6785 8.34346 -4
    endloop
  endfacet
  facet normal -0.676287 0.206757 0.707027
    outer loop
      vertex -25.1079 8.15805 -3.4
      vertex -25.7593 8.07913 -4
      vertex -25.9333 7.50999 -4
    endloop
  endfacet
  facet normal 0.517257 -0.482261 0.707014
    outer loop
      vertex 18.9906 -18.339 -3.4
      vertex 19.4705 -18.7039 -4
      vertex 19.619 -17.665 -3.4
    endloop
  endfacet
  facet normal 0.517674 -0.481766 0.707047
    outer loop
      vertex 19.4705 -18.7039 -4
      vertex 18.9906 -18.339 -3.4
      vertex 19.4222 -18.7558 -4
    endloop
  endfacet
  facet normal 0.668579 0.229948 0.707196
    outer loop
      vertex 25.577 8.63843 -4
      vertex 24.8079 9.02933 -3.4
      vertex 25.6554 8.41048 -4
    endloop
  endfacet
  facet normal 0.668627 0.230275 0.707044
    outer loop
      vertex 24.8079 9.02933 -3.4
      vertex 25.577 8.63843 -4
      vertex 25.3717 9.23454 -4
    endloop
  endfacet
  facet normal -0.159111 -0.689021 0.70706
    outer loop
      vertex -5.48887 -25.8231 -3.4
      vertex -6.46282 -26.2139 -4
      vertex -5.61362 -26.41 -4
    endloop
  endfacet
  facet normal 0.683047 0.183044 0.707065
    outer loop
      vertex 25.9724 7.37374 -4
      vertex 25.6158 6.38674 -3.4
      vertex 26.198 6.53189 -4
    endloop
  endfacet
  facet normal 0.0369174 0.70622 0.707029
    outer loop
      vertex 1.81264 26.9379 -4
      vertex 1.84157 26.3357 -3.4
      vertex 1.88342 26.9342 -4
    endloop
  endfacet
  facet normal 0.0369908 0.70622 0.707026
    outer loop
      vertex 1.84157 26.3357 -3.4
      vertex 1.81264 26.9379 -4
      vertex 0.921347 26.3839 -3.4
    endloop
  endfacet
  facet normal 0.320254 0.63053 0.707014
    outer loop
      vertex 11.573 23.7282 -3.4
      vertex 11.8992 24.2353 -4
      vertex 11.836 24.2674 -4
    endloop
  endfacet
  facet normal 0.321088 0.630051 0.707063
    outer loop
      vertex 11.8992 24.2353 -4
      vertex 11.573 23.7282 -3.4
      vertex 12.394 23.3098 -3.4
    endloop
  endfacet
  facet normal 0.676287 0.206757 0.707027
    outer loop
      vertex 25.7593 8.07913 -4
      vertex 25.1079 8.15805 -3.4
      vertex 25.9333 7.50999 -4
    endloop
  endfacet
  facet normal 0.67629 0.206727 0.707033
    outer loop
      vertex 25.1079 8.15805 -3.4
      vertex 25.7593 8.07913 -4
      vertex 25.6785 8.34346 -4
    endloop
  endfacet
  facet normal -0.549555 -0.445048 0.707051
    outer loop
      vertex -20.8035 -16.2535 -3.4
      vertex -21.2763 -16.6229 -4
      vertex -20.7278 -17.3002 -4
    endloop
  endfacet
  facet normal -0.500038 0.500038 0.707053
    outer loop
      vertex -18.7558 19.4222 -4
      vertex -18.9906 18.339 -3.4
      vertex -18.339 18.9906 -3.4
    endloop
  endfacet
  facet normal -0.500038 0.500038 0.707053
    outer loop
      vertex -18.9906 18.339 -3.4
      vertex -18.7558 19.4222 -4
      vertex -19.4222 18.7558 -4
    endloop
  endfacet
  facet normal 0.70615 -0.0370781 0.707091
    outer loop
      vertex 26.9836 -0.942286 -4
      vertex 26.3839 -0.921347 -3.4
      vertex 26.9379 -1.81264 -4
    endloop
  endfacet
  facet normal -0.13469 -0.694204 0.707064
    outer loop
      vertex -4.75808 -26.5763 -4
      vertex -4.6885 -26.5898 -4
      vertex -4.58431 -25.9989 -3.4
    endloop
  endfacet
  facet normal -0.134907 -0.69415 0.707075
    outer loop
      vertex -4.75808 -26.5763 -4
      vertex -4.58431 -25.9989 -3.4
      vertex -5.48887 -25.8231 -3.4
    endloop
  endfacet
  facet normal 0.425614 0.564673 0.707105
    outer loop
      vertex 15.8702 21.8435 -4
      vertex 15.5175 21.358 -3.4
      vertex 16.5662 21.3189 -4
    endloop
  endfacet
  facet normal 0.206727 -0.67629 0.707033
    outer loop
      vertex 8.15805 -25.1079 -3.4
      vertex 8.07913 -25.7593 -4
      vertex 8.34346 -25.6785 -4
    endloop
  endfacet
  facet normal 0.206757 -0.676287 0.707027
    outer loop
      vertex 8.07913 -25.7593 -4
      vertex 8.15805 -25.1079 -3.4
      vertex 7.50999 -25.9333 -4
    endloop
  endfacet
  facet normal -0.579277 -0.405632 0.707037
    outer loop
      vertex -21.8866 -14.7627 -3.4
      vertex -22.384 -15.0982 -4
      vertex -21.8841 -15.8121 -4
    endloop
  endfacet
  facet normal -0.110598 -0.698494 0.707017
    outer loop
      vertex -3.67417 -26.1431 -3.4
      vertex -4.61849 -26.6009 -4
      vertex -3.75767 -26.7372 -4
    endloop
  endfacet
  facet normal 0.110735 0.698427 0.707063
    outer loop
      vertex 4.61849 26.6009 -4
      vertex 4.58431 25.9989 -3.4
      vertex 4.6885 26.5898 -4
    endloop
  endfacet
  facet normal 0.110658 0.698435 0.707067
    outer loop
      vertex 4.58431 25.9989 -3.4
      vertex 4.61849 26.6009 -4
      vertex 3.67417 26.1431 -3.4
    endloop
  endfacet
  facet normal 0.206749 -0.676284 0.707032
    outer loop
      vertex 7.27683 -25.3773 -3.4
      vertex 7.50999 -25.9333 -4
      vertex 8.15805 -25.1079 -3.4
    endloop
  endfacet
  facet normal 0.207456 -0.676028 0.70707
    outer loop
      vertex 7.44221 -25.9541 -4
      vertex 7.50999 -25.9333 -4
      vertex 7.27683 -25.3773 -3.4
    endloop
  endfacet
  facet normal -0.0861802 0.701889 0.707053
    outer loop
      vertex -3.68732 26.7459 -4
      vertex -3.67417 26.1431 -3.4
      vertex -2.75955 26.2554 -3.4
    endloop
  endfacet
  facet normal -0.0867953 0.701845 0.707022
    outer loop
      vertex -3.75767 26.7372 -4
      vertex -3.67417 26.1431 -3.4
      vertex -3.68732 26.7459 -4
    endloop
  endfacet
  facet normal -0.70622 0.0369174 0.707029
    outer loop
      vertex -26.9379 1.81264 -4
      vertex -26.3357 1.84157 -3.4
      vertex -26.9342 1.88342 -4
    endloop
  endfacet
  facet normal -0.70622 0.0369908 0.707026
    outer loop
      vertex -26.3357 1.84157 -3.4
      vertex -26.9379 1.81264 -4
      vertex -26.3839 0.921347 -3.4
    endloop
  endfacet
  facet normal 0.579277 -0.405632 0.707037
    outer loop
      vertex 21.8866 -14.7627 -3.4
      vertex 21.8841 -15.8121 -4
      vertex 22.384 -15.0982 -4
    endloop
  endfacet
  facet normal -0.207456 0.676028 0.70707
    outer loop
      vertex -7.44221 25.9541 -4
      vertex -7.50999 25.9333 -4
      vertex -7.27683 25.3773 -3.4
    endloop
  endfacet
  facet normal -0.206749 0.676284 0.707032
    outer loop
      vertex -7.27683 25.3773 -3.4
      vertex -7.50999 25.9333 -4
      vertex -8.15805 25.1079 -3.4
    endloop
  endfacet
  facet normal -0.206757 0.676287 0.707027
    outer loop
      vertex -8.07913 25.7593 -4
      vertex -8.15805 25.1079 -3.4
      vertex -7.50999 25.9333 -4
    endloop
  endfacet
  facet normal -0.206727 0.67629 0.707033
    outer loop
      vertex -8.15805 25.1079 -3.4
      vertex -8.07913 25.7593 -4
      vertex -8.34346 25.6785 -4
    endloop
  endfacet
  facet normal -0.660232 0.253322 0.707052
    outer loop
      vertex -25.0594 10.0482 -4
      vertex -24.4777 9.88961 -3.4
      vertex -25.034 10.1144 -4
    endloop
  endfacet
  facet normal -0.660204 0.253405 0.707047
    outer loop
      vertex -24.4777 9.88961 -3.4
      vertex -25.0594 10.0482 -4
      vertex -24.8079 9.02933 -3.4
    endloop
  endfacet
  facet normal 0.230275 0.668627 0.707044
    outer loop
      vertex 8.63843 25.577 -4
      vertex 9.02933 24.8079 -3.4
      vertex 9.23454 25.3717 -4
    endloop
  endfacet
  facet normal 0.229948 0.668579 0.707196
    outer loop
      vertex 9.02933 24.8079 -3.4
      vertex 8.63843 25.577 -4
      vertex 8.41048 25.6554 -4
    endloop
  endfacet
  facet normal -0.707074 0.0123053 0.707033
    outer loop
      vertex -26.993 0.400234 -4
      vertex -26.4 0 -3.4
      vertex -26.9848 0.871413 -4
    endloop
  endfacet
  facet normal -0.707053 0.0123662 0.707053
    outer loop
      vertex -26.4 0 -3.4
      vertex -26.993 0.400234 -4
      vertex -27 0 -4
    endloop
  endfacet
  facet normal -0.0863575 -0.701877 0.707044
    outer loop
      vertex -2.75955 -26.2554 -3.4
      vertex -2.9962 -26.8307 -4
      vertex -2.82227 -26.8521 -4
    endloop
  endfacet
  facet normal -0.0861273 -0.701938 0.707012
    outer loop
      vertex -2.9962 -26.8307 -4
      vertex -2.75955 -26.2554 -3.4
      vertex -3.68732 -26.7459 -4
    endloop
  endfacet
  facet normal 0.405632 0.579277 0.707037
    outer loop
      vertex 15.0982 22.384 -4
      vertex 14.7627 21.8866 -3.4
      vertex 15.8121 21.8841 -4
    endloop
  endfacet
  facet normal 0.701877 -0.0863575 0.707044
    outer loop
      vertex 26.2554 -2.75955 -3.4
      vertex 26.8307 -2.9962 -4
      vertex 26.8521 -2.82227 -4
    endloop
  endfacet
  facet normal 0.701938 -0.0861273 0.707012
    outer loop
      vertex 26.8307 -2.9962 -4
      vertex 26.2554 -2.75955 -3.4
      vertex 26.7459 -3.68732 -4
    endloop
  endfacet
  facet normal -0.564673 0.425614 0.707105
    outer loop
      vertex -21.8435 15.8702 -4
      vertex -21.358 15.5175 -3.4
      vertex -21.3189 16.5662 -4
    endloop
  endfacet
  facet normal -0.34308 0.618341 0.707071
    outer loop
      vertex -12.7377 23.8052 -4
      vertex -12.394 23.3098 -3.4
      vertex -12.6757 23.8396 -4
    endloop
  endfacet
  facet normal -0.342795 0.618519 0.707055
    outer loop
      vertex -12.394 23.3098 -3.4
      vertex -12.7377 23.8052 -4
      vertex -13.2 22.8631 -3.4
    endloop
  endfacet
  facet normal -0.320254 -0.63053 0.707014
    outer loop
      vertex -11.573 -23.7282 -3.4
      vertex -11.8992 -24.2353 -4
      vertex -11.836 -24.2674 -4
    endloop
  endfacet
  facet normal -0.321088 -0.630051 0.707063
    outer loop
      vertex -11.8992 -24.2353 -4
      vertex -11.573 -23.7282 -3.4
      vertex -12.394 -23.3098 -3.4
    endloop
  endfacet
  facet normal 0.424782 0.565378 0.707042
    outer loop
      vertex 16.5662 21.3189 -4
      vertex 16.2535 20.8035 -3.4
      vertex 16.6229 21.2763 -4
    endloop
  endfacet
  facet normal 0.425558 0.564853 0.706995
    outer loop
      vertex 16.2535 20.8035 -3.4
      vertex 16.5662 21.3189 -4
      vertex 15.5175 21.358 -3.4
    endloop
  endfacet
  facet normal -0.517674 0.481766 0.707047
    outer loop
      vertex -19.4705 18.7039 -4
      vertex -18.9906 18.339 -3.4
      vertex -19.4222 18.7558 -4
    endloop
  endfacet
  facet normal -0.517257 0.482261 0.707014
    outer loop
      vertex -18.9906 18.339 -3.4
      vertex -19.4705 18.7039 -4
      vertex -19.619 17.665 -3.4
    endloop
  endfacet
  facet normal -0.463962 0.533662 0.707067
    outer loop
      vertex -18.0665 20.0649 -4
      vertex -17.665 19.619 -3.4
      vertex -17.4088 20.6367 -4
    endloop
  endfacet
  facet normal -0.298826 -0.640933 0.707042
    outer loop
      vertex -11.573 -23.7282 -3.4
      vertex -11.7718 -24.2974 -4
      vertex -10.7378 -24.1176 -3.4
    endloop
  endfacet
  facet normal -0.299393 -0.640702 0.707011
    outer loop
      vertex -11.7718 -24.2974 -4
      vertex -11.573 -23.7282 -3.4
      vertex -11.836 -24.2674 -4
    endloop
  endfacet
  facet normal -0.482261 -0.517257 0.707014
    outer loop
      vertex -18.339 -18.9906 -3.4
      vertex -18.7039 -19.4705 -4
      vertex -17.665 -19.619 -3.4
    endloop
  endfacet
  facet normal -0.481766 -0.517674 0.707047
    outer loop
      vertex -18.7039 -19.4705 -4
      vertex -18.339 -18.9906 -3.4
      vertex -18.7558 -19.4222 -4
    endloop
  endfacet
  facet normal -0.707037 -0.0123551 0.707069
    outer loop
      vertex -26.9848 -0.871413 -4
      vertex -26.3839 -0.921347 -3.4
      vertex -26.4 0 -3.4
    endloop
  endfacet
  facet normal -0.707024 -0.0119711 0.707088
    outer loop
      vertex -26.9836 -0.942286 -4
      vertex -26.3839 -0.921347 -3.4
      vertex -26.9848 -0.871413 -4
    endloop
  endfacet
  facet normal -0.630051 -0.321088 0.707063
    outer loop
      vertex -23.7282 -11.573 -3.4
      vertex -24.2353 -11.8992 -4
      vertex -23.3098 -12.394 -3.4
    endloop
  endfacet
  facet normal -0.63053 -0.320254 0.707014
    outer loop
      vertex -24.2353 -11.8992 -4
      vertex -23.7282 -11.573 -3.4
      vertex -24.2674 -11.836 -4
    endloop
  endfacet
  facet normal -0.482279 -0.517168 0.707067
    outer loop
      vertex -17.665 -19.619 -3.4
      vertex -18.7039 -19.4705 -4
      vertex -18.0665 -20.0649 -4
    endloop
  endfacet
  facet normal -0.0369908 -0.70622 0.707026
    outer loop
      vertex -1.84157 -26.3357 -3.4
      vertex -1.81264 -26.9379 -4
      vertex -0.921347 -26.3839 -3.4
    endloop
  endfacet
  facet normal -0.0369174 -0.70622 0.707029
    outer loop
      vertex -1.81264 -26.9379 -4
      vertex -1.84157 -26.3357 -3.4
      vertex -1.88342 -26.9342 -4
    endloop
  endfacet
  facet normal 0.533662 -0.463962 0.707067
    outer loop
      vertex 19.619 -17.665 -3.4
      vertex 20.0649 -18.0665 -4
      vertex 20.6367 -17.4088 -4
    endloop
  endfacet
  facet normal -0.320254 0.63053 0.707014
    outer loop
      vertex -11.8992 24.2353 -4
      vertex -11.573 23.7282 -3.4
      vertex -11.836 24.2674 -4
    endloop
  endfacet
  facet normal -0.321088 0.630051 0.707063
    outer loop
      vertex -11.573 23.7282 -3.4
      vertex -11.8992 24.2353 -4
      vertex -12.394 23.3098 -3.4
    endloop
  endfacet
  facet normal -0.321069 0.630048 0.707074
    outer loop
      vertex -12.6757 23.8396 -4
      vertex -12.394 23.3098 -3.4
      vertex -11.8992 24.2353 -4
    endloop
  endfacet
  facet normal 0.253322 0.660232 0.707052
    outer loop
      vertex 10.0482 25.0594 -4
      vertex 9.88961 24.4777 -3.4
      vertex 10.1144 25.034 -4
    endloop
  endfacet
  facet normal 0.253405 0.660204 0.707047
    outer loop
      vertex 9.88961 24.4777 -3.4
      vertex 10.0482 25.0594 -4
      vertex 9.02933 24.8079 -3.4
    endloop
  endfacet
  facet normal -0.364293 0.606162 0.707006
    outer loop
      vertex -13.9272 23.126 -4
      vertex -13.9899 22.3885 -3.4
      vertex -13.5608 23.3462 -4
    endloop
  endfacet
  facet normal -0.364245 0.606172 0.707023
    outer loop
      vertex -13.9899 22.3885 -3.4
      vertex -13.9272 23.126 -4
      vertex -14.3078 22.8973 -4
    endloop
  endfacet
  facet normal 0.650933 -0.27634 0.707052
    outer loop
      vertex 25.0063 -10.1796 -4
      vertex 24.1176 -10.7378 -3.4
      vertex 24.6657 -10.9819 -4
    endloop
  endfacet
  facet normal 0.445048 -0.549555 0.707051
    outer loop
      vertex 17.3002 -20.7278 -4
      vertex 16.2535 -20.8035 -3.4
      vertex 16.6229 -21.2763 -4
    endloop
  endfacet
  facet normal -0.668665 -0.230235 0.707021
    outer loop
      vertex -25.1079 -8.15805 -3.4
      vertex -25.6554 -8.41048 -4
      vertex -24.8079 -9.02933 -3.4
    endloop
  endfacet
  facet normal -0.668582 -0.230442 0.707032
    outer loop
      vertex -25.6554 -8.41048 -4
      vertex -25.1079 -8.15805 -3.4
      vertex -25.6785 -8.34346 -4
    endloop
  endfacet
  facet normal -0.253405 0.660204 0.707047
    outer loop
      vertex -10.0482 25.0594 -4
      vertex -9.88961 24.4777 -3.4
      vertex -9.02933 24.8079 -3.4
    endloop
  endfacet
  facet normal -0.253322 0.660232 0.707052
    outer loop
      vertex -9.88961 24.4777 -3.4
      vertex -10.0482 25.0594 -4
      vertex -10.1144 25.034 -4
    endloop
  endfacet
  facet normal 0.321088 -0.630051 0.707063
    outer loop
      vertex 11.573 -23.7282 -3.4
      vertex 11.8992 -24.2353 -4
      vertex 12.394 -23.3098 -3.4
    endloop
  endfacet
  facet normal 0.320254 -0.63053 0.707014
    outer loop
      vertex 11.8992 -24.2353 -4
      vertex 11.573 -23.7282 -3.4
      vertex 11.836 -24.2674 -4
    endloop
  endfacet
  facet normal -0.34308 -0.618341 0.707071
    outer loop
      vertex -12.394 -23.3098 -3.4
      vertex -12.7377 -23.8052 -4
      vertex -12.6757 -23.8396 -4
    endloop
  endfacet
  facet normal -0.342795 -0.618519 0.707055
    outer loop
      vertex -12.7377 -23.8052 -4
      vertex -12.394 -23.3098 -3.4
      vertex -13.2 -22.8631 -3.4
    endloop
  endfacet
  facet normal -0.425558 -0.564853 0.706995
    outer loop
      vertex -16.2535 -20.8035 -3.4
      vertex -16.5662 -21.3189 -4
      vertex -15.5175 -21.358 -3.4
    endloop
  endfacet
  facet normal -0.424782 -0.565378 0.707042
    outer loop
      vertex -16.6229 -21.2763 -4
      vertex -16.5662 -21.3189 -4
      vertex -16.2535 -20.8035 -3.4
    endloop
  endfacet
  facet normal 0.444918 -0.549663 0.70705
    outer loop
      vertex 16.9696 -20.2236 -3.4
      vertex 17.3002 -20.7278 -4
      vertex 17.3553 -20.6832 -4
    endloop
  endfacet
  facet normal 0.445044 -0.549571 0.707042
    outer loop
      vertex 17.3002 -20.7278 -4
      vertex 16.9696 -20.2236 -3.4
      vertex 16.2535 -20.8035 -3.4
    endloop
  endfacet
  facet normal 0.694161 -0.134931 0.70706
    outer loop
      vertex 25.8231 -5.48887 -3.4
      vertex 26.41 -5.61362 -4
      vertex 26.5763 -4.75808 -4
    endloop
  endfacet
  facet normal -0.159087 0.689048 0.707039
    outer loop
      vertex -6.46282 26.2139 -4
      vertex -6.38674 25.6158 -3.4
      vertex -5.48887 25.8231 -3.4
    endloop
  endfacet
  facet normal -0.158638 0.689128 0.707061
    outer loop
      vertex -6.38674 25.6158 -3.4
      vertex -6.46282 26.2139 -4
      vertex -6.53189 26.198 -4
    endloop
  endfacet
  facet normal -0.70615 -0.0370781 0.707091
    outer loop
      vertex -26.3839 -0.921347 -3.4
      vertex -26.9836 -0.942286 -4
      vertex -26.9379 -1.81264 -4
    endloop
  endfacet
  facet normal 0.182589 -0.683161 0.707073
    outer loop
      vertex 7.27683 -25.3773 -3.4
      vertex 7.37374 -25.9724 -4
      vertex 7.44221 -25.9541 -4
    endloop
  endfacet
  facet normal 0.183028 -0.683067 0.707051
    outer loop
      vertex 7.37374 -25.9724 -4
      vertex 7.27683 -25.3773 -3.4
      vertex 6.38674 -25.6158 -3.4
    endloop
  endfacet
  facet normal 0.0370781 -0.70615 0.707091
    outer loop
      vertex 1.81264 -26.9379 -4
      vertex 0.921347 -26.3839 -3.4
      vertex 0.942286 -26.9836 -4
    endloop
  endfacet
  facet normal 0.698435 -0.110658 0.707067
    outer loop
      vertex 25.9989 -4.58431 -3.4
      vertex 26.6009 -4.61849 -4
      vertex 26.1431 -3.67417 -3.4
    endloop
  endfacet
  facet normal 0.698427 -0.110735 0.707063
    outer loop
      vertex 26.6009 -4.61849 -4
      vertex 25.9989 -4.58431 -3.4
      vertex 26.5898 -4.6885 -4
    endloop
  endfacet
  facet normal 0.59307 0.385183 0.707037
    outer loop
      vertex 22.384 15.0982 -4
      vertex 21.8866 14.7627 -3.4
      vertex 22.8587 14.3673 -4
    endloop
  endfacet
  facet normal 0.159111 -0.689021 0.70706
    outer loop
      vertex 6.46282 -26.2139 -4
      vertex 5.48887 -25.8231 -3.4
      vertex 5.61362 -26.41 -4
    endloop
  endfacet
  facet normal -0.565378 0.424782 0.707042
    outer loop
      vertex -21.2763 16.6229 -4
      vertex -21.3189 16.5662 -4
      vertex -20.8035 16.2535 -3.4
    endloop
  endfacet
  facet normal -0.564853 0.425558 0.706995
    outer loop
      vertex -20.8035 16.2535 -3.4
      vertex -21.3189 16.5662 -4
      vertex -21.358 15.5175 -3.4
    endloop
  endfacet
  facet normal 0.385183 -0.59307 0.707037
    outer loop
      vertex 14.7627 -21.8866 -3.4
      vertex 14.3673 -22.8587 -4
      vertex 15.0982 -22.384 -4
    endloop
  endfacet
  facet normal 0.405632 -0.579277 0.707037
    outer loop
      vertex 15.8121 -21.8841 -4
      vertex 14.7627 -21.8866 -3.4
      vertex 15.0982 -22.384 -4
    endloop
  endfacet
  facet normal -0.668627 -0.230275 0.707044
    outer loop
      vertex -24.8079 -9.02933 -3.4
      vertex -25.577 -8.63843 -4
      vertex -25.3717 -9.23454 -4
    endloop
  endfacet
  facet normal -0.668579 -0.229948 0.707196
    outer loop
      vertex -25.577 -8.63843 -4
      vertex -24.8079 -9.02933 -3.4
      vertex -25.6554 -8.41048 -4
    endloop
  endfacet
  facet normal 0.579277 0.405632 0.707037
    outer loop
      vertex 22.384 15.0982 -4
      vertex 21.8841 15.8121 -4
      vertex 21.8866 14.7627 -3.4
    endloop
  endfacet
  facet normal 0.27634 0.650933 0.707052
    outer loop
      vertex 10.9819 24.6657 -4
      vertex 10.1796 25.0063 -4
      vertex 10.7378 24.1176 -3.4
    endloop
  endfacet
  facet normal 0.253402 0.660209 0.707044
    outer loop
      vertex 9.23454 25.3717 -4
      vertex 9.02933 24.8079 -3.4
      vertex 10.0482 25.0594 -4
    endloop
  endfacet
  facet normal 0.0123053 -0.707074 0.707033
    outer loop
      vertex 0 -26.4 -3.4
      vertex 0.400234 -26.993 -4
      vertex 0.871413 -26.9848 -4
    endloop
  endfacet
  facet normal 0.0123662 -0.707053 0.707053
    outer loop
      vertex 0.400234 -26.993 -4
      vertex 0 -26.4 -3.4
      vertex 0 -27 -4
    endloop
  endfacet
  facet normal -0.425558 0.564853 0.706995
    outer loop
      vertex -16.5662 21.3189 -4
      vertex -16.2535 20.8035 -3.4
      vertex -15.5175 21.358 -3.4
    endloop
  endfacet
  facet normal -0.424782 0.565378 0.707042
    outer loop
      vertex -16.5662 21.3189 -4
      vertex -16.6229 21.2763 -4
      vertex -16.2535 20.8035 -3.4
    endloop
  endfacet
  facet normal 0.134931 -0.694161 0.70706
    outer loop
      vertex 5.61362 -26.41 -4
      vertex 5.48887 -25.8231 -3.4
      vertex 4.75808 -26.5763 -4
    endloop
  endfacet
  facet normal -0.230442 -0.668582 0.707032
    outer loop
      vertex -8.15805 -25.1079 -3.4
      vertex -8.41048 -25.6554 -4
      vertex -8.34346 -25.6785 -4
    endloop
  endfacet
  facet normal -0.230235 -0.668665 0.707021
    outer loop
      vertex -8.41048 -25.6554 -4
      vertex -8.15805 -25.1079 -3.4
      vertex -9.02933 -24.8079 -3.4
    endloop
  endfacet
  facet normal -0.630048 0.321069 0.707074
    outer loop
      vertex -23.8396 12.6757 -4
      vertex -24.2353 11.8992 -4
      vertex -23.3098 12.394 -3.4
    endloop
  endfacet
  facet normal -0.0123662 -0.707053 0.707053
    outer loop
      vertex 0 -26.4 -3.4
      vertex -0.400234 -26.993 -4
      vertex 0 -27 -4
    endloop
  endfacet
  facet normal -0.0123053 -0.707074 0.707033
    outer loop
      vertex -0.400234 -26.993 -4
      vertex 0 -26.4 -3.4
      vertex -0.871413 -26.9848 -4
    endloop
  endfacet
  facet normal -0.618519 -0.342795 0.707055
    outer loop
      vertex -23.3098 -12.394 -3.4
      vertex -23.8052 -12.7377 -4
      vertex -22.8631 -13.2 -3.4
    endloop
  endfacet
  facet normal -0.618341 -0.34308 0.707071
    outer loop
      vertex -23.8052 -12.7377 -4
      vertex -23.3098 -12.394 -3.4
      vertex -23.8396 -12.6757 -4
    endloop
  endfacet
  facet normal -0.701938 -0.0861273 0.707012
    outer loop
      vertex -26.2554 -2.75955 -3.4
      vertex -26.8307 -2.9962 -4
      vertex -26.7459 -3.68732 -4
    endloop
  endfacet
  facet normal -0.701877 -0.0863575 0.707044
    outer loop
      vertex -26.8307 -2.9962 -4
      vertex -26.2554 -2.75955 -3.4
      vertex -26.8521 -2.82227 -4
    endloop
  endfacet
  facet normal 0.640916 -0.298835 0.707053
    outer loop
      vertex 24.6657 -10.9819 -4
      vertex 24.1176 -10.7378 -3.4
      vertex 24.2974 -11.7718 -4
    endloop
  endfacet
  facet normal 0.683067 -0.183028 0.707051
    outer loop
      vertex 25.3773 -7.27683 -3.4
      vertex 25.9724 -7.37374 -4
      vertex 25.6158 -6.38674 -3.4
    endloop
  endfacet
  facet normal 0.683161 -0.182589 0.707073
    outer loop
      vertex 25.9724 -7.37374 -4
      vertex 25.3773 -7.27683 -3.4
      vertex 25.9541 -7.44221 -4
    endloop
  endfacet
  facet normal 0.364245 -0.606172 0.707023
    outer loop
      vertex 13.9899 -22.3885 -3.4
      vertex 13.9272 -23.126 -4
      vertex 14.3078 -22.8973 -4
    endloop
  endfacet
  facet normal 0.364293 -0.606162 0.707006
    outer loop
      vertex 13.9272 -23.126 -4
      vertex 13.9899 -22.3885 -3.4
      vertex 13.5608 -23.3462 -4
    endloop
  endfacet
  facet normal 0.405034 -0.579618 0.7071
    outer loop
      vertex 15.5175 -21.358 -3.4
      vertex 15.8121 -21.8841 -4
      vertex 15.8702 -21.8435 -4
    endloop
  endfacet
  facet normal 0.405647 -0.579233 0.707064
    outer loop
      vertex 15.8121 -21.8841 -4
      vertex 15.5175 -21.358 -3.4
      vertex 14.7627 -21.8866 -3.4
    endloop
  endfacet
  facet normal 0.276515 0.650859 0.707051
    outer loop
      vertex 9.88961 24.4777 -3.4
      vertex 10.1796 25.0063 -4
      vertex 10.1144 25.034 -4
    endloop
  endfacet
  facet normal 0.276356 0.650937 0.707042
    outer loop
      vertex 10.1796 25.0063 -4
      vertex 9.88961 24.4777 -3.4
      vertex 10.7378 24.1176 -3.4
    endloop
  endfacet
  facet normal 0.445048 0.549555 0.707051
    outer loop
      vertex 16.6229 21.2763 -4
      vertex 16.2535 20.8035 -3.4
      vertex 17.3002 20.7278 -4
    endloop
  endfacet
  facet normal 0.207456 0.676028 0.70707
    outer loop
      vertex 7.50999 25.9333 -4
      vertex 7.44221 25.9541 -4
      vertex 7.27683 25.3773 -3.4
    endloop
  endfacet
  facet normal 0.206749 0.676284 0.707032
    outer loop
      vertex 7.50999 25.9333 -4
      vertex 7.27683 25.3773 -3.4
      vertex 8.15805 25.1079 -3.4
    endloop
  endfacet
  facet normal 0.206727 0.67629 0.707033
    outer loop
      vertex 8.07913 25.7593 -4
      vertex 8.15805 25.1079 -3.4
      vertex 8.34346 25.6785 -4
    endloop
  endfacet
  facet normal 0.206757 0.676287 0.707027
    outer loop
      vertex 8.15805 25.1079 -3.4
      vertex 8.07913 25.7593 -4
      vertex 7.50999 25.9333 -4
    endloop
  endfacet
  facet normal 0.689048 -0.159087 0.707039
    outer loop
      vertex 25.6158 -6.38674 -3.4
      vertex 26.2139 -6.46282 -4
      vertex 25.8231 -5.48887 -3.4
    endloop
  endfacet
  facet normal 0.689128 -0.158638 0.707061
    outer loop
      vertex 26.2139 -6.46282 -4
      vertex 25.6158 -6.38674 -3.4
      vertex 26.198 -6.53189 -4
    endloop
  endfacet
  facet normal 0.701889 -0.0861802 0.707053
    outer loop
      vertex 26.1431 -3.67417 -3.4
      vertex 26.7459 -3.68732 -4
      vertex 26.2554 -2.75955 -3.4
    endloop
  endfacet
  facet normal 0.701845 -0.0867953 0.707022
    outer loop
      vertex 26.7459 -3.68732 -4
      vertex 26.1431 -3.67417 -3.4
      vertex 26.7372 -3.75767 -4
    endloop
  endfacet
  facet normal 0.27634 -0.650933 0.707052
    outer loop
      vertex 10.7378 -24.1176 -3.4
      vertex 10.1796 -25.0063 -4
      vertex 10.9819 -24.6657 -4
    endloop
  endfacet
  facet normal -0.445044 0.549571 0.707042
    outer loop
      vertex -17.3002 20.7278 -4
      vertex -16.9696 20.2236 -3.4
      vertex -16.2535 20.8035 -3.4
    endloop
  endfacet
  facet normal -0.444918 0.549663 0.70705
    outer loop
      vertex -17.3002 20.7278 -4
      vertex -17.3553 20.6832 -4
      vertex -16.9696 20.2236 -3.4
    endloop
  endfacet
  facet normal 0.425614 -0.564673 0.707105
    outer loop
      vertex 16.5662 -21.3189 -4
      vertex 15.5175 -21.358 -3.4
      vertex 15.8702 -21.8435 -4
    endloop
  endfacet
  facet normal 0.0123551 -0.707037 0.707069
    outer loop
      vertex 0.871413 -26.9848 -4
      vertex 0.921347 -26.3839 -3.4
      vertex 0 -26.4 -3.4
    endloop
  endfacet
  facet normal 0.0119711 -0.707024 0.707088
    outer loop
      vertex 0.942286 -26.9836 -4
      vertex 0.921347 -26.3839 -3.4
      vertex 0.871413 -26.9848 -4
    endloop
  endfacet
  facet normal -0.606155 0.364199 0.707061
    outer loop
      vertex -23.3462 13.5608 -4
      vertex -22.8631 13.2 -3.4
      vertex -22.3885 13.9899 -3.4
    endloop
  endfacet
  facet normal -0.606302 0.363981 0.707048
    outer loop
      vertex -22.8631 13.2 -3.4
      vertex -23.3462 13.5608 -4
      vertex -23.3827 13.5 -4
    endloop
  endfacet
  facet normal -0.701845 -0.0867953 0.707022
    outer loop
      vertex -26.1431 -3.67417 -3.4
      vertex -26.7459 -3.68732 -4
      vertex -26.7372 -3.75767 -4
    endloop
  endfacet
  facet normal -0.701889 -0.0861802 0.707053
    outer loop
      vertex -26.7459 -3.68732 -4
      vertex -26.1431 -3.67417 -3.4
      vertex -26.2554 -2.75955 -3.4
    endloop
  endfacet
  facet normal -0.630051 0.321088 0.707063
    outer loop
      vertex -24.2353 11.8992 -4
      vertex -23.7282 11.573 -3.4
      vertex -23.3098 12.394 -3.4
    endloop
  endfacet
  facet normal -0.63053 0.320254 0.707014
    outer loop
      vertex -23.7282 11.573 -3.4
      vertex -24.2353 11.8992 -4
      vertex -24.2674 11.836 -4
    endloop
  endfacet
  facet normal -0.640702 0.299393 0.707011
    outer loop
      vertex -24.2974 11.7718 -4
      vertex -23.7282 11.573 -3.4
      vertex -24.2674 11.836 -4
    endloop
  endfacet
  facet normal -0.640933 0.298826 0.707042
    outer loop
      vertex -23.7282 11.573 -3.4
      vertex -24.2974 11.7718 -4
      vertex -24.1176 10.7378 -3.4
    endloop
  endfacet
  facet normal -0.704448 -0.0616213 0.707076
    outer loop
      vertex -26.3357 -1.84157 -3.4
      vertex -26.9281 -1.95404 -4
      vertex -26.2554 -2.75955 -3.4
    endloop
  endfacet
  facet normal -0.704553 -0.0608578 0.707037
    outer loop
      vertex -26.3357 -1.84157 -3.4
      vertex -26.9342 -1.88342 -4
      vertex -26.9281 -1.95404 -4
    endloop
  endfacet
  facet normal -0.53366 0.463979 0.707058
    outer loop
      vertex -20.6367 17.4088 -4
      vertex -20.2236 16.9696 -3.4
      vertex -19.619 17.665 -3.4
    endloop
  endfacet
  facet normal -0.533735 0.463901 0.707052
    outer loop
      vertex -20.2236 16.9696 -3.4
      vertex -20.6367 17.4088 -4
      vertex -20.6832 17.3553 -4
    endloop
  endfacet
  facet normal -0.533662 0.463962 0.707067
    outer loop
      vertex -19.619 17.665 -3.4
      vertex -20.0649 18.0665 -4
      vertex -20.6367 17.4088 -4
    endloop
  endfacet
  facet normal -0.500038 -0.500038 0.707053
    outer loop
      vertex -18.9906 -18.339 -3.4
      vertex -18.7558 -19.4222 -4
      vertex -18.339 -18.9906 -3.4
    endloop
  endfacet
  facet normal -0.500038 -0.500038 0.707053
    outer loop
      vertex -18.7558 -19.4222 -4
      vertex -18.9906 -18.339 -3.4
      vertex -19.4222 -18.7558 -4
    endloop
  endfacet
  facet normal 0.606162 -0.364293 0.707006
    outer loop
      vertex 22.3885 -13.9899 -3.4
      vertex 23.126 -13.9272 -4
      vertex 23.3462 -13.5608 -4
    endloop
  endfacet
  facet normal 0.606172 -0.364245 0.707023
    outer loop
      vertex 23.126 -13.9272 -4
      vertex 22.3885 -13.9899 -3.4
      vertex 22.8973 -14.3078 -4
    endloop
  endfacet
  facet normal -0.298835 0.640916 0.707053
    outer loop
      vertex -10.9819 24.6657 -4
      vertex -11.7718 24.2974 -4
      vertex -10.7378 24.1176 -3.4
    endloop
  endfacet
  facet normal 0.618341 -0.34308 0.707071
    outer loop
      vertex 23.3098 -12.394 -3.4
      vertex 23.8052 -12.7377 -4
      vertex 23.8396 -12.6757 -4
    endloop
  endfacet
  facet normal 0.618519 -0.342795 0.707055
    outer loop
      vertex 23.8052 -12.7377 -4
      vertex 23.3098 -12.394 -3.4
      vertex 22.8631 -13.2 -3.4
    endloop
  endfacet
  facet normal -0.384884 -0.593279 0.707025
    outer loop
      vertex -13.9899 -22.3885 -3.4
      vertex -14.3673 -22.8587 -4
      vertex -14.3078 -22.8973 -4
    endloop
  endfacet
  facet normal -0.385173 -0.59307 0.707043
    outer loop
      vertex -14.3673 -22.8587 -4
      vertex -13.9899 -22.3885 -3.4
      vertex -14.7627 -21.8866 -3.4
    endloop
  endfacet
  facet normal -0.321069 -0.630048 0.707074
    outer loop
      vertex -12.394 -23.3098 -3.4
      vertex -12.6757 -23.8396 -4
      vertex -11.8992 -24.2353 -4
    endloop
  endfacet
  facet normal 0.342808 -0.618523 0.707045
    outer loop
      vertex 13.2 -22.8631 -3.4
      vertex 13.1967 -23.5508 -4
      vertex 13.5 -23.3827 -4
    endloop
  endfacet
  facet normal 0.342814 -0.618521 0.707043
    outer loop
      vertex 13.1967 -23.5508 -4
      vertex 13.2 -22.8631 -3.4
      vertex 12.7377 -23.8052 -4
    endloop
  endfacet
  facet normal -0.606155 -0.364199 0.707061
    outer loop
      vertex -22.8631 -13.2 -3.4
      vertex -23.3462 -13.5608 -4
      vertex -22.3885 -13.9899 -3.4
    endloop
  endfacet
  facet normal -0.606302 -0.363981 0.707048
    outer loop
      vertex -23.3462 -13.5608 -4
      vertex -22.8631 -13.2 -3.4
      vertex -23.3827 -13.5 -4
    endloop
  endfacet
  facet normal 0.630048 -0.321069 0.707074
    outer loop
      vertex 24.2353 -11.8992 -4
      vertex 23.3098 -12.394 -3.4
      vertex 23.8396 -12.6757 -4
    endloop
  endfacet
  facet normal -0.59307 0.385173 0.707043
    outer loop
      vertex -22.8587 14.3673 -4
      vertex -22.3885 13.9899 -3.4
      vertex -21.8866 14.7627 -3.4
    endloop
  endfacet
  facet normal -0.593279 0.384884 0.707025
    outer loop
      vertex -22.3885 13.9899 -3.4
      vertex -22.8587 14.3673 -4
      vertex -22.8973 14.3078 -4
    endloop
  endfacet
  facet normal 0.0867953 -0.701845 0.707022
    outer loop
      vertex 3.67417 -26.1431 -3.4
      vertex 3.68732 -26.7459 -4
      vertex 3.75767 -26.7372 -4
    endloop
  endfacet
  facet normal 0.0861802 -0.701889 0.707053
    outer loop
      vertex 3.68732 -26.7459 -4
      vertex 3.67417 -26.1431 -3.4
      vertex 2.75955 -26.2554 -3.4
    endloop
  endfacet
  facet normal 0.676028 -0.207456 0.70707
    outer loop
      vertex 25.3773 -7.27683 -3.4
      vertex 25.9333 -7.50999 -4
      vertex 25.9541 -7.44221 -4
    endloop
  endfacet
  facet normal 0.676284 -0.206749 0.707032
    outer loop
      vertex 25.9333 -7.50999 -4
      vertex 25.3773 -7.27683 -3.4
      vertex 25.1079 -8.15805 -3.4
    endloop
  endfacet
  facet normal 0.668582 -0.230442 0.707032
    outer loop
      vertex 25.1079 -8.15805 -3.4
      vertex 25.6554 -8.41048 -4
      vertex 25.6785 -8.34346 -4
    endloop
  endfacet
  facet normal 0.668665 -0.230235 0.707021
    outer loop
      vertex 25.6554 -8.41048 -4
      vertex 25.1079 -8.15805 -3.4
      vertex 24.8079 -9.02933 -3.4
    endloop
  endfacet
  facet normal -0.676284 0.206749 0.707032
    outer loop
      vertex -25.9333 7.50999 -4
      vertex -25.3773 7.27683 -3.4
      vertex -25.1079 8.15805 -3.4
    endloop
  endfacet
  facet normal -0.676028 0.207456 0.70707
    outer loop
      vertex -25.9333 7.50999 -4
      vertex -25.9541 7.44221 -4
      vertex -25.3773 7.27683 -3.4
    endloop
  endfacet
  facet normal -0.606172 -0.364245 0.707023
    outer loop
      vertex -22.3885 -13.9899 -3.4
      vertex -23.126 -13.9272 -4
      vertex -22.8973 -14.3078 -4
    endloop
  endfacet
  facet normal -0.606162 -0.364293 0.707006
    outer loop
      vertex -23.126 -13.9272 -4
      vertex -22.3885 -13.9899 -3.4
      vertex -23.3462 -13.5608 -4
    endloop
  endfacet
  facet normal 0.683047 -0.183044 0.707065
    outer loop
      vertex 26.198 -6.53189 -4
      vertex 25.6158 -6.38674 -3.4
      vertex 25.9724 -7.37374 -4
    endloop
  endfacet
  facet normal -0.363981 0.606302 0.707048
    outer loop
      vertex -13.5608 23.3462 -4
      vertex -13.2 22.8631 -3.4
      vertex -13.5 23.3827 -4
    endloop
  endfacet
  facet normal -0.364199 0.606155 0.707061
    outer loop
      vertex -13.2 22.8631 -3.4
      vertex -13.5608 23.3462 -4
      vertex -13.9899 22.3885 -3.4
    endloop
  endfacet
  facet normal 0.549571 -0.445044 0.707042
    outer loop
      vertex 20.2236 -16.9696 -3.4
      vertex 20.7278 -17.3002 -4
      vertex 20.8035 -16.2535 -3.4
    endloop
  endfacet
  facet normal 0.549663 -0.444918 0.70705
    outer loop
      vertex 20.6832 -17.3553 -4
      vertex 20.7278 -17.3002 -4
      vertex 20.2236 -16.9696 -3.4
    endloop
  endfacet
  facet normal 0.110598 -0.698494 0.707017
    outer loop
      vertex 4.61849 -26.6009 -4
      vertex 3.67417 -26.1431 -3.4
      vertex 3.75767 -26.7372 -4
    endloop
  endfacet
  facet normal 0.704553 -0.0608578 0.707037
    outer loop
      vertex 26.9342 -1.88342 -4
      vertex 26.3357 -1.84157 -3.4
      vertex 26.9281 -1.95404 -4
    endloop
  endfacet
  facet normal 0.704448 -0.0616213 0.707076
    outer loop
      vertex 26.9281 -1.95404 -4
      vertex 26.3357 -1.84157 -3.4
      vertex 26.2554 -2.75955 -3.4
    endloop
  endfacet
  facet normal 0.70622 -0.0369908 0.707026
    outer loop
      vertex 26.3357 -1.84157 -3.4
      vertex 26.9379 -1.81264 -4
      vertex 26.3839 -0.921347 -3.4
    endloop
  endfacet
  facet normal 0.70622 -0.0369174 0.707029
    outer loop
      vertex 26.9379 -1.81264 -4
      vertex 26.3357 -1.84157 -3.4
      vertex 26.9342 -1.88342 -4
    endloop
  endfacet
  facet normal 0.230235 -0.668665 0.707021
    outer loop
      vertex 8.15805 -25.1079 -3.4
      vertex 8.41048 -25.6554 -4
      vertex 9.02933 -24.8079 -3.4
    endloop
  endfacet
  facet normal 0.230442 -0.668582 0.707032
    outer loop
      vertex 8.41048 -25.6554 -4
      vertex 8.15805 -25.1079 -3.4
      vertex 8.34346 -25.6785 -4
    endloop
  endfacet
  facet normal 0.579233 -0.405647 0.707064
    outer loop
      vertex 21.358 -15.5175 -3.4
      vertex 21.8841 -15.8121 -4
      vertex 21.8866 -14.7627 -3.4
    endloop
  endfacet
  facet normal 0.579618 -0.405034 0.7071
    outer loop
      vertex 21.8841 -15.8121 -4
      vertex 21.358 -15.5175 -3.4
      vertex 21.8435 -15.8702 -4
    endloop
  endfacet
  facet normal 0.63053 -0.320254 0.707014
    outer loop
      vertex 23.7282 -11.573 -3.4
      vertex 24.2353 -11.8992 -4
      vertex 24.2674 -11.836 -4
    endloop
  endfacet
  facet normal 0.630051 -0.321088 0.707063
    outer loop
      vertex 24.2353 -11.8992 -4
      vertex 23.7282 -11.573 -3.4
      vertex 23.3098 -12.394 -3.4
    endloop
  endfacet
  facet normal 0.0616213 -0.704448 0.707076
    outer loop
      vertex 1.84157 -26.3357 -3.4
      vertex 1.95404 -26.9281 -4
      vertex 2.75955 -26.2554 -3.4
    endloop
  endfacet
  facet normal 0.0608578 -0.704553 0.707037
    outer loop
      vertex 1.95404 -26.9281 -4
      vertex 1.84157 -26.3357 -3.4
      vertex 1.88342 -26.9342 -4
    endloop
  endfacet
  facet normal 0.342795 -0.618519 0.707055
    outer loop
      vertex 12.394 -23.3098 -3.4
      vertex 12.7377 -23.8052 -4
      vertex 13.2 -22.8631 -3.4
    endloop
  endfacet
  facet normal 0.34308 -0.618341 0.707071
    outer loop
      vertex 12.7377 -23.8052 -4
      vertex 12.394 -23.3098 -3.4
      vertex 12.6757 -23.8396 -4
    endloop
  endfacet
  facet normal 0.0615755 -0.704483 0.707045
    outer loop
      vertex 2.75955 -26.2554 -3.4
      vertex 2.46188 -26.8836 -4
      vertex 2.82227 -26.8521 -4
    endloop
  endfacet
  facet normal 0.0617338 -0.704514 0.706999
    outer loop
      vertex 2.46188 -26.8836 -4
      vertex 2.75955 -26.2554 -3.4
      vertex 1.95404 -26.9281 -4
    endloop
  endfacet
  facet normal 0.533735 -0.463901 0.707052
    outer loop
      vertex 20.2236 -16.9696 -3.4
      vertex 20.6367 -17.4088 -4
      vertex 20.6832 -17.3553 -4
    endloop
  endfacet
  facet normal 0.53366 -0.463979 0.707058
    outer loop
      vertex 20.6367 -17.4088 -4
      vertex 20.2236 -16.9696 -3.4
      vertex 19.619 -17.665 -3.4
    endloop
  endfacet
  facet normal 0.549555 -0.445048 0.707051
    outer loop
      vertex 20.8035 -16.2535 -3.4
      vertex 20.7278 -17.3002 -4
      vertex 21.2763 -16.6229 -4
    endloop
  endfacet
  facet normal 0.0369174 -0.70622 0.707029
    outer loop
      vertex 1.84157 -26.3357 -3.4
      vertex 1.81264 -26.9379 -4
      vertex 1.88342 -26.9342 -4
    endloop
  endfacet
  facet normal 0.0369908 -0.70622 0.707026
    outer loop
      vertex 1.81264 -26.9379 -4
      vertex 1.84157 -26.3357 -3.4
      vertex 0.921347 -26.3839 -3.4
    endloop
  endfacet
  facet normal -0.222534 -0.974925 0
    outer loop
      vertex -7.489 -5.01004 -4
      vertex -7.15061 -5.08728 0
      vertex -7.489 -5.01004 0
    endloop
  endfacet
  facet normal -0.222534 -0.974925 -0
    outer loop
      vertex -7.15061 -5.08728 0
      vertex -7.489 -5.01004 -4
      vertex -7.15061 -5.08728 -4
    endloop
  endfacet
  facet normal -0.222698 0.974887 0
    outer loop
      vertex -7.15061 -20.1627 -4
      vertex -7.489 -20.24 0
      vertex -7.15061 -20.1627 0
    endloop
  endfacet
  facet normal -0.222698 0.974887 0
    outer loop
      vertex -7.489 -20.24 0
      vertex -7.15061 -20.1627 -4
      vertex -7.489 -20.24 -4
    endloop
  endfacet
  facet normal 0.623634 0.781717 -0
    outer loop
      vertex -7.489 -20.24 -4
      vertex -7.76038 -20.0235 0
      vertex -7.489 -20.24 0
    endloop
  endfacet
  facet normal 0.623634 0.781717 0
    outer loop
      vertex -7.76038 -20.0235 0
      vertex -7.489 -20.24 -4
      vertex -7.76038 -20.0235 -4
    endloop
  endfacet
  facet normal 1 0 0
    outer loop
      vertex -7.76038 -5.22646 0
      vertex -7.76038 -14.9679 -1.80706
      vertex -7.76038 -5.22646 -4
    endloop
  endfacet
  facet normal 1 0 0
    outer loop
      vertex -7.76038 -5.22646 0
      vertex -7.76038 -15.1073 -1.44725
      vertex -7.76038 -14.9679 -1.80706
    endloop
  endfacet
  facet normal 1 0 0
    outer loop
      vertex -7.76038 -5.22646 0
      vertex -7.76038 -15.3672 -1.16208
      vertex -7.76038 -15.1073 -1.44725
    endloop
  endfacet
  facet normal 1 0 0
    outer loop
      vertex -7.76038 -5.22646 0
      vertex -7.76038 -15.7127 -0.990083
      vertex -7.76038 -15.3672 -1.16208
    endloop
  endfacet
  facet normal 1 -0 0
    outer loop
      vertex -7.76038 -20.0235 0
      vertex -7.76038 -15.7127 -0.990083
      vertex -7.76038 -5.22646 0
    endloop
  endfacet
  facet normal 1 0 0
    outer loop
      vertex -7.76038 -16.9791 -1.6207
      vertex -7.76038 -20.0235 0
      vertex -7.76038 -17.05 -2
    endloop
  endfacet
  facet normal 1 0 0
    outer loop
      vertex -7.76038 -16.776 -1.29262
      vertex -7.76038 -20.0235 0
      vertex -7.76038 -16.9791 -1.6207
    endloop
  endfacet
  facet normal 1 0 0
    outer loop
      vertex -7.76038 -16.468 -1.06008
      vertex -7.76038 -20.0235 0
      vertex -7.76038 -16.776 -1.29262
    endloop
  endfacet
  facet normal 1 0 0
    outer loop
      vertex -7.76038 -16.0969 -0.954478
      vertex -7.76038 -20.0235 0
      vertex -7.76038 -16.468 -1.06008
    endloop
  endfacet
  facet normal 1 0 0
    outer loop
      vertex -7.76038 -15.7127 -0.990083
      vertex -7.76038 -20.0235 0
      vertex -7.76038 -16.0969 -0.954478
    endloop
  endfacet
  facet normal 1 -0 0
    outer loop
      vertex -7.76038 -14.9679 -2.19294
      vertex -7.76038 -5.22646 -4
      vertex -7.76038 -14.9679 -1.80706
    endloop
  endfacet
  facet normal 1 -0 0
    outer loop
      vertex -7.76038 -15.1073 -2.55275
      vertex -7.76038 -5.22646 -4
      vertex -7.76038 -14.9679 -2.19294
    endloop
  endfacet
  facet normal 1 -0 0
    outer loop
      vertex -7.76038 -15.3672 -2.83792
      vertex -7.76038 -5.22646 -4
      vertex -7.76038 -15.1073 -2.55275
    endloop
  endfacet
  facet normal 1 -0 0
    outer loop
      vertex -7.76038 -15.7127 -3.00992
      vertex -7.76038 -5.22646 -4
      vertex -7.76038 -15.3672 -2.83792
    endloop
  endfacet
  facet normal 1 0 0
    outer loop
      vertex -7.76038 -20.0235 -4
      vertex -7.76038 -15.7127 -3.00992
      vertex -7.76038 -16.0969 -3.04552
    endloop
  endfacet
  facet normal 1 0 0
    outer loop
      vertex -7.76038 -20.0235 -4
      vertex -7.76038 -17.05 -2
      vertex -7.76038 -20.0235 0
    endloop
  endfacet
  facet normal 1 0 0
    outer loop
      vertex -7.76038 -17.05 -2
      vertex -7.76038 -20.0235 -4
      vertex -7.76038 -16.9791 -2.3793
    endloop
  endfacet
  facet normal 1 0 0
    outer loop
      vertex -7.76038 -15.7127 -3.00992
      vertex -7.76038 -20.0235 -4
      vertex -7.76038 -5.22646 -4
    endloop
  endfacet
  facet normal 1 0 0
    outer loop
      vertex -7.76038 -16.468 -2.93992
      vertex -7.76038 -20.0235 -4
      vertex -7.76038 -16.0969 -3.04552
    endloop
  endfacet
  facet normal 1 0 0
    outer loop
      vertex -7.76038 -16.776 -2.70738
      vertex -7.76038 -20.0235 -4
      vertex -7.76038 -16.468 -2.93992
    endloop
  endfacet
  facet normal 1 0 0
    outer loop
      vertex -7.76038 -16.9791 -2.3793
      vertex -7.76038 -20.0235 -4
      vertex -7.76038 -16.776 -2.70738
    endloop
  endfacet
  facet normal -1 0 0
    outer loop
      vertex -7.00001 -5.40001 -4
      vertex -7.00001 -14.9679 -2.19294
      vertex -7.00001 -5.40001 0
    endloop
  endfacet
  facet normal -1 0 0
    outer loop
      vertex -7.00001 -5.40001 -4
      vertex -7.00001 -15.1073 -2.55275
      vertex -7.00001 -14.9679 -2.19294
    endloop
  endfacet
  facet normal -1 0 0
    outer loop
      vertex -7.00001 -5.40001 -4
      vertex -7.00001 -15.3672 -2.83792
      vertex -7.00001 -15.1073 -2.55275
    endloop
  endfacet
  facet normal -1 0 0
    outer loop
      vertex -7.00001 -5.40001 -4
      vertex -7.00001 -15.7127 -3.00992
      vertex -7.00001 -15.3672 -2.83792
    endloop
  endfacet
  facet normal -1 0 0
    outer loop
      vertex -7.00001 -19.85 -4
      vertex -7.00001 -15.7127 -3.00992
      vertex -7.00001 -5.40001 -4
    endloop
  endfacet
  facet normal -1 -0 0
    outer loop
      vertex -7.00001 -16.9791 -2.3793
      vertex -7.00001 -19.85 -4
      vertex -7.00001 -17.05 -2
    endloop
  endfacet
  facet normal -1 -0 0
    outer loop
      vertex -7.00001 -16.776 -2.70738
      vertex -7.00001 -19.85 -4
      vertex -7.00001 -16.9791 -2.3793
    endloop
  endfacet
  facet normal -1 -0 0
    outer loop
      vertex -7.00001 -16.468 -2.93992
      vertex -7.00001 -19.85 -4
      vertex -7.00001 -16.776 -2.70738
    endloop
  endfacet
  facet normal -1 -0 0
    outer loop
      vertex -7.00001 -16.0969 -3.04552
      vertex -7.00001 -19.85 -4
      vertex -7.00001 -16.468 -2.93992
    endloop
  endfacet
  facet normal -1 0 0
    outer loop
      vertex -7.00001 -15.7127 -3.00992
      vertex -7.00001 -19.85 -4
      vertex -7.00001 -16.0969 -3.04552
    endloop
  endfacet
  facet normal -1 0 0
    outer loop
      vertex -7.00001 -14.9679 -1.80706
      vertex -7.00001 -5.40001 0
      vertex -7.00001 -14.9679 -2.19294
    endloop
  endfacet
  facet normal -1 0 0
    outer loop
      vertex -7.00001 -15.1073 -1.44725
      vertex -7.00001 -5.40001 0
      vertex -7.00001 -14.9679 -1.80706
    endloop
  endfacet
  facet normal -1 0 0
    outer loop
      vertex -7.00001 -15.3672 -1.16208
      vertex -7.00001 -5.40001 0
      vertex -7.00001 -15.1073 -1.44725
    endloop
  endfacet
  facet normal -1 0 0
    outer loop
      vertex -7.00001 -15.7127 -0.990083
      vertex -7.00001 -5.40001 0
      vertex -7.00001 -15.3672 -1.16208
    endloop
  endfacet
  facet normal -1 0 0
    outer loop
      vertex -7.00001 -19.85 0
      vertex -7.00001 -15.7127 -0.990083
      vertex -7.00001 -16.0969 -0.954478
    endloop
  endfacet
  facet normal -1 0 0
    outer loop
      vertex -7.00001 -19.85 0
      vertex -7.00001 -17.05 -2
      vertex -7.00001 -19.85 -4
    endloop
  endfacet
  facet normal -1 0 0
    outer loop
      vertex -7.00001 -17.05 -2
      vertex -7.00001 -19.85 0
      vertex -7.00001 -16.9791 -1.6207
    endloop
  endfacet
  facet normal -1 0 0
    outer loop
      vertex -7.00001 -15.7127 -0.990083
      vertex -7.00001 -19.85 0
      vertex -7.00001 -5.40001 0
    endloop
  endfacet
  facet normal -1 0 0
    outer loop
      vertex -7.00001 -16.468 -1.06008
      vertex -7.00001 -19.85 0
      vertex -7.00001 -16.0969 -0.954478
    endloop
  endfacet
  facet normal -1 0 0
    outer loop
      vertex -7.00001 -16.776 -1.29262
      vertex -7.00001 -19.85 0
      vertex -7.00001 -16.468 -1.06008
    endloop
  endfacet
  facet normal -1 0 0
    outer loop
      vertex -7.00001 -16.9791 -1.6207
      vertex -7.00001 -19.85 0
      vertex -7.00001 -16.776 -1.29262
    endloop
  endfacet
  facet normal -0.900972 -0.433877 0
    outer loop
      vertex -7.00001 -5.40001 -4
      vertex -7.15061 -5.08728 0
      vertex -7.15061 -5.08728 -4
    endloop
  endfacet
  facet normal -0.900972 -0.433877 0
    outer loop
      vertex -7.15061 -5.08728 0
      vertex -7.00001 -5.40001 -4
      vertex -7.00001 -5.40001 0
    endloop
  endfacet
  facet normal 0.623493 -0.781829 0
    outer loop
      vertex -7.76038 -5.22646 -4
      vertex -7.489 -5.01004 0
      vertex -7.76038 -5.22646 0
    endloop
  endfacet
  facet normal 0.623493 -0.781829 0
    outer loop
      vertex -7.489 -5.01004 0
      vertex -7.76038 -5.22646 -4
      vertex -7.489 -5.01004 -4
    endloop
  endfacet
  facet normal -0.900956 0.433911 0
    outer loop
      vertex -7.15061 -20.1627 -4
      vertex -7.00001 -19.85 0
      vertex -7.00001 -19.85 -4
    endloop
  endfacet
  facet normal -0.900956 0.433911 0
    outer loop
      vertex -7.00001 -19.85 0
      vertex -7.15061 -20.1627 -4
      vertex -7.15061 -20.1627 0
    endloop
  endfacet
  facet normal 0 0.850262 -0.52636
    outer loop
      vertex -20.9878 -16.9791 -1.6207
      vertex -7.76038 -16.776 -1.29262
      vertex -7.76038 -16.9791 -1.6207
    endloop
  endfacet
  facet normal 0 0.850262 -0.52636
    outer loop
      vertex -7.76038 -16.776 -1.29262
      vertex -20.9878 -16.9791 -1.6207
      vertex -21.1523 -16.776 -1.29262
    endloop
  endfacet
  facet normal 0 0.850262 -0.52636
    outer loop
      vertex -5.7 -16.9791 -1.6207
      vertex -7.00001 -16.776 -1.29262
      vertex -5.7 -16.776 -1.29262
    endloop
  endfacet
  facet normal 0 0.850262 -0.52636
    outer loop
      vertex -7.00001 -16.776 -1.29262
      vertex -5.7 -16.9791 -1.6207
      vertex -7.00001 -16.9791 -1.6207
    endloop
  endfacet
  facet normal 0 0.850262 -0.52636
    outer loop
      vertex 20.9878 -16.9791 -1.6207
      vertex 6.2 -16.776 -1.29262
      vertex 21.1523 -16.776 -1.29262
    endloop
  endfacet
  facet normal 0 0.850262 -0.52636
    outer loop
      vertex 6.2 -16.776 -1.29262
      vertex 20.9878 -16.9791 -1.6207
      vertex 6.2 -16.9791 -1.6207
    endloop
  endfacet
  facet normal 0 0.602551 0.798081
    outer loop
      vertex -7.76038 -16.468 -2.93992
      vertex -21.1523 -16.776 -2.70738
      vertex -7.76038 -16.776 -2.70738
    endloop
  endfacet
  facet normal -0 0.602551 0.798081
    outer loop
      vertex -21.393 -16.468 -2.93992
      vertex -21.1523 -16.776 -2.70738
      vertex -7.76038 -16.468 -2.93992
    endloop
  endfacet
  facet normal -0.00542181 0.59984 0.800102
    outer loop
      vertex -21.1523 -16.776 -2.70738
      vertex -21.393 -16.468 -2.93992
      vertex -21.2763 -16.6229 -2.823
    endloop
  endfacet
  facet normal 0.00542181 0.59984 0.800102
    outer loop
      vertex 21.393 -16.468 -2.93992
      vertex 21.1523 -16.776 -2.70738
      vertex 21.2763 -16.6229 -2.823
    endloop
  endfacet
  facet normal -0 0.602551 0.798081
    outer loop
      vertex 6.2 -16.468 -2.93992
      vertex 21.1523 -16.776 -2.70738
      vertex 21.393 -16.468 -2.93992
    endloop
  endfacet
  facet normal 0 0.602551 0.798081
    outer loop
      vertex 21.1523 -16.776 -2.70738
      vertex 6.2 -16.468 -2.93992
      vertex 6.2 -16.776 -2.70738
    endloop
  endfacet
  facet normal -0 0.602551 0.798081
    outer loop
      vertex -7.00001 -16.468 -2.93992
      vertex -5.7 -16.776 -2.70738
      vertex -5.7 -16.468 -2.93992
    endloop
  endfacet
  facet normal 0 0.602551 0.798081
    outer loop
      vertex -5.7 -16.776 -2.70738
      vertex -7.00001 -16.468 -2.93992
      vertex -7.00001 -16.776 -2.70738
    endloop
  endfacet
  facet normal 0 -0.0922777 -0.995733
    outer loop
      vertex -21.6726 -16.0969 -0.954478
      vertex -7.76038 -15.7127 -0.990083
      vertex -7.76038 -16.0969 -0.954478
    endloop
  endfacet
  facet normal -3.55142e-07 -0.0922649 -0.995734
    outer loop
      vertex -21.8435 -15.8702 -0.975484
      vertex -7.76038 -15.7127 -0.990083
      vertex -21.6726 -16.0969 -0.954478
    endloop
  endfacet
  facet normal -0 -0.0922964 -0.995732
    outer loop
      vertex -7.76038 -15.7127 -0.990083
      vertex -21.8435 -15.8702 -0.975484
      vertex -21.9538 -15.7127 -0.990083
    endloop
  endfacet
  facet normal 0.00059807 -0.0927117 -0.995693
    outer loop
      vertex 21.6726 -16.0969 -0.954478
      vertex 21.9538 -15.7127 -0.990083
      vertex 21.8435 -15.8702 -0.975484
    endloop
  endfacet
  facet normal 0 -0.0922777 -0.995733
    outer loop
      vertex 6.2 -15.7127 -0.990083
      vertex 21.6726 -16.0969 -0.954478
      vertex 6.2 -16.0969 -0.954478
    endloop
  endfacet
  facet normal 0 -0.0922777 -0.995733
    outer loop
      vertex 21.6726 -16.0969 -0.954478
      vertex 6.2 -15.7127 -0.990083
      vertex 21.9538 -15.7127 -0.990083
    endloop
  endfacet
  facet normal 0 -0.0922777 -0.995733
    outer loop
      vertex -7.00001 -16.0969 -0.954478
      vertex -5.7 -15.7127 -0.990083
      vertex -5.7 -16.0969 -0.954478
    endloop
  endfacet
  facet normal -0 -0.0922777 -0.995733
    outer loop
      vertex -5.7 -15.7127 -0.990083
      vertex -7.00001 -16.0969 -0.954478
      vertex -7.00001 -15.7127 -0.990083
    endloop
  endfacet
  facet normal 0 -0.739095 0.673601
    outer loop
      vertex -22.1956 -15.3672 -2.83792
      vertex -7.76038 -15.1073 -2.55275
      vertex -22.3777 -15.1073 -2.55275
    endloop
  endfacet
  facet normal 0 -0.739095 0.673601
    outer loop
      vertex -7.76038 -15.1073 -2.55275
      vertex -22.1956 -15.3672 -2.83792
      vertex -7.76038 -15.3672 -2.83792
    endloop
  endfacet
  facet normal 0 -0.739095 0.673601
    outer loop
      vertex -7.00001 -15.3672 -2.83792
      vertex -5.7 -15.1073 -2.55275
      vertex -7.00001 -15.1073 -2.55275
    endloop
  endfacet
  facet normal 0 -0.739095 0.673601
    outer loop
      vertex -5.7 -15.1073 -2.55275
      vertex -7.00001 -15.3672 -2.83792
      vertex -5.7 -15.3672 -2.83792
    endloop
  endfacet
  facet normal 0 -0.739095 0.673601
    outer loop
      vertex 22.1956 -15.3672 -2.83792
      vertex 6.2 -15.1073 -2.55275
      vertex 6.2 -15.3672 -2.83792
    endloop
  endfacet
  facet normal 0 -0.739095 0.673601
    outer loop
      vertex 6.2 -15.1073 -2.55275
      vertex 22.1956 -15.3672 -2.83792
      vertex 22.3777 -15.1073 -2.55275
    endloop
  endfacet
  facet normal 0 0.982975 0.183741
    outer loop
      vertex -7.76038 -16.9791 -2.3793
      vertex -20.9304 -17.05 -2
      vertex -7.76038 -17.05 -2
    endloop
  endfacet
  facet normal 0 0.982975 0.183741
    outer loop
      vertex -20.9304 -17.05 -2
      vertex -7.76038 -16.9791 -2.3793
      vertex -20.9878 -16.9791 -2.3793
    endloop
  endfacet
  facet normal 0 0.982975 0.183741
    outer loop
      vertex -5.7 -16.9791 -2.3793
      vertex -7.00001 -17.05 -2
      vertex -5.7 -17.05 -2
    endloop
  endfacet
  facet normal 0 0.982975 0.183741
    outer loop
      vertex -7.00001 -17.05 -2
      vertex -5.7 -16.9791 -2.3793
      vertex -7.00001 -16.9791 -2.3793
    endloop
  endfacet
  facet normal -0 0.982975 0.183741
    outer loop
      vertex 6.2 -16.9791 -2.3793
      vertex 20.9304 -17.05 -2
      vertex 20.9878 -16.9791 -2.3793
    endloop
  endfacet
  facet normal 0 0.982975 0.183741
    outer loop
      vertex 20.9304 -17.05 -2
      vertex 6.2 -16.9791 -2.3793
      vertex 6.2 -17.05 -2
    endloop
  endfacet
  facet normal 0 -0.0922648 0.995735
    outer loop
      vertex -7.76038 -15.7127 -3.00992
      vertex -21.6726 -16.0969 -3.04552
      vertex -7.76038 -16.0969 -3.04552
    endloop
  endfacet
  facet normal -7.17523e-07 -0.0922391 0.995737
    outer loop
      vertex -7.76038 -15.7127 -3.00992
      vertex -21.8435 -15.8702 -3.02452
      vertex -21.6726 -16.0969 -3.04552
    endloop
  endfacet
  facet normal 0 -0.0923027 0.995731
    outer loop
      vertex -21.8435 -15.8702 -3.02452
      vertex -7.76038 -15.7127 -3.00992
      vertex -21.9538 -15.7127 -3.00992
    endloop
  endfacet
  facet normal 0.00120828 -0.0931416 0.995652
    outer loop
      vertex 21.9538 -15.7127 -3.00992
      vertex 21.6726 -16.0969 -3.04552
      vertex 21.8435 -15.8702 -3.02452
    endloop
  endfacet
  facet normal 0 -0.0922648 0.995735
    outer loop
      vertex 6.2 -15.7127 -3.00992
      vertex 21.6726 -16.0969 -3.04552
      vertex 21.9538 -15.7127 -3.00992
    endloop
  endfacet
  facet normal 0 -0.0922648 0.995735
    outer loop
      vertex 21.6726 -16.0969 -3.04552
      vertex 6.2 -15.7127 -3.00992
      vertex 6.2 -16.0969 -3.04552
    endloop
  endfacet
  facet normal 0 -0.0922648 0.995735
    outer loop
      vertex -7.00001 -15.7127 -3.00992
      vertex -5.7 -16.0969 -3.04552
      vertex -5.7 -15.7127 -3.00992
    endloop
  endfacet
  facet normal 0 -0.0922648 0.995735
    outer loop
      vertex -5.7 -16.0969 -3.04552
      vertex -7.00001 -15.7127 -3.00992
      vertex -7.00001 -16.0969 -3.04552
    endloop
  endfacet
  facet normal 0 0.273694 0.961817
    outer loop
      vertex -7.76038 -16.0969 -3.04552
      vertex -21.393 -16.468 -2.93992
      vertex -7.76038 -16.468 -2.93992
    endloop
  endfacet
  facet normal 0 0.273694 0.961817
    outer loop
      vertex -21.393 -16.468 -2.93992
      vertex -7.76038 -16.0969 -3.04552
      vertex -21.6726 -16.0969 -3.04552
    endloop
  endfacet
  facet normal -0 0.273694 0.961817
    outer loop
      vertex -7.00001 -16.0969 -3.04552
      vertex -5.7 -16.468 -2.93992
      vertex -5.7 -16.0969 -3.04552
    endloop
  endfacet
  facet normal 0 0.273694 0.961817
    outer loop
      vertex -5.7 -16.468 -2.93992
      vertex -7.00001 -16.0969 -3.04552
      vertex -7.00001 -16.468 -2.93992
    endloop
  endfacet
  facet normal -0 0.273694 0.961817
    outer loop
      vertex 6.2 -16.0969 -3.04552
      vertex 21.393 -16.468 -2.93992
      vertex 21.6726 -16.0969 -3.04552
    endloop
  endfacet
  facet normal 0 0.273694 0.961817
    outer loop
      vertex 21.393 -16.468 -2.93992
      vertex 6.2 -16.0969 -3.04552
      vertex 6.2 -16.468 -2.93992
    endloop
  endfacet
  facet normal 0 0.602551 -0.798081
    outer loop
      vertex -21.1523 -16.776 -1.29262
      vertex -7.76038 -16.468 -1.06008
      vertex -7.76038 -16.776 -1.29262
    endloop
  endfacet
  facet normal -0.00542181 0.59984 -0.800102
    outer loop
      vertex -21.393 -16.468 -1.06008
      vertex -21.1523 -16.776 -1.29262
      vertex -21.2763 -16.6229 -1.177
    endloop
  endfacet
  facet normal 0 0.602551 -0.798081
    outer loop
      vertex -21.1523 -16.776 -1.29262
      vertex -21.393 -16.468 -1.06008
      vertex -7.76038 -16.468 -1.06008
    endloop
  endfacet
  facet normal 0.00542181 0.59984 -0.800102
    outer loop
      vertex 21.1523 -16.776 -1.29262
      vertex 21.393 -16.468 -1.06008
      vertex 21.2763 -16.6229 -1.177
    endloop
  endfacet
  facet normal 0 0.602551 -0.798081
    outer loop
      vertex 6.2 -16.468 -1.06008
      vertex 21.1523 -16.776 -1.29262
      vertex 6.2 -16.776 -1.29262
    endloop
  endfacet
  facet normal 0 0.602551 -0.798081
    outer loop
      vertex 21.1523 -16.776 -1.29262
      vertex 6.2 -16.468 -1.06008
      vertex 21.393 -16.468 -1.06008
    endloop
  endfacet
  facet normal 0 0.602551 -0.798081
    outer loop
      vertex -7.00001 -16.776 -1.29262
      vertex -5.7 -16.468 -1.06008
      vertex -5.7 -16.776 -1.29262
    endloop
  endfacet
  facet normal 0 0.602551 -0.798081
    outer loop
      vertex -5.7 -16.468 -1.06008
      vertex -7.00001 -16.776 -1.29262
      vertex -7.00001 -16.468 -1.06008
    endloop
  endfacet
  facet normal 0 0.982975 -0.183741
    outer loop
      vertex -20.9304 -17.05 -2
      vertex -7.76038 -16.9791 -1.6207
      vertex -7.76038 -17.05 -2
    endloop
  endfacet
  facet normal 0 0.982975 -0.183741
    outer loop
      vertex -7.76038 -16.9791 -1.6207
      vertex -20.9304 -17.05 -2
      vertex -20.9878 -16.9791 -1.6207
    endloop
  endfacet
  facet normal 0 0.982975 -0.183741
    outer loop
      vertex -5.7 -17.05 -2
      vertex -7.00001 -16.9791 -1.6207
      vertex -5.7 -16.9791 -1.6207
    endloop
  endfacet
  facet normal 0 0.982975 -0.183741
    outer loop
      vertex -7.00001 -16.9791 -1.6207
      vertex -5.7 -17.05 -2
      vertex -7.00001 -17.05 -2
    endloop
  endfacet
  facet normal 0 0.982975 -0.183741
    outer loop
      vertex 20.9304 -17.05 -2
      vertex 6.2 -16.9791 -1.6207
      vertex 20.9878 -16.9791 -1.6207
    endloop
  endfacet
  facet normal 0 0.982975 -0.183741
    outer loop
      vertex 6.2 -16.9791 -1.6207
      vertex 20.9304 -17.05 -2
      vertex 6.2 -17.05 -2
    endloop
  endfacet
  facet normal 0 -0.9325 0.36117
    outer loop
      vertex -22.384 -15.0982 -2.52936
      vertex -7.76038 -14.9679 -2.19294
      vertex -22.4687 -14.9679 -2.19294
    endloop
  endfacet
  facet normal -3.71113e-05 -0.931956 0.362572
    outer loop
      vertex -22.3777 -15.1073 -2.55275
      vertex -7.76038 -14.9679 -2.19294
      vertex -22.384 -15.0982 -2.52936
    endloop
  endfacet
  facet normal 0 -0.932464 0.361262
    outer loop
      vertex -7.76038 -14.9679 -2.19294
      vertex -22.3777 -15.1073 -2.55275
      vertex -7.76038 -15.1073 -2.55275
    endloop
  endfacet
  facet normal 0 -0.9325 0.36117
    outer loop
      vertex 6.2 -14.9679 -2.19294
      vertex 22.384 -15.0982 -2.52936
      vertex 22.4687 -14.9679 -2.19294
    endloop
  endfacet
  facet normal 0 -0.932464 0.361262
    outer loop
      vertex 22.3777 -15.1073 -2.55275
      vertex 6.2 -14.9679 -2.19294
      vertex 6.2 -15.1073 -2.55275
    endloop
  endfacet
  facet normal 3.35531e-05 -0.931955 0.362573
    outer loop
      vertex 6.2 -14.9679 -2.19294
      vertex 22.3777 -15.1073 -2.55275
      vertex 22.384 -15.0982 -2.52936
    endloop
  endfacet
  facet normal 0 -0.932464 0.361262
    outer loop
      vertex -7.00001 -15.1073 -2.55275
      vertex -5.7 -14.9679 -2.19294
      vertex -7.00001 -14.9679 -2.19294
    endloop
  endfacet
  facet normal 0 -0.932464 0.361262
    outer loop
      vertex -5.7 -14.9679 -2.19294
      vertex -7.00001 -15.1073 -2.55275
      vertex -5.7 -15.1073 -2.55275
    endloop
  endfacet
  facet normal -0 -0.739095 -0.673601
    outer loop
      vertex -7.76038 -15.1073 -1.44725
      vertex -22.1956 -15.3672 -1.16208
      vertex -22.3777 -15.1073 -1.44725
    endloop
  endfacet
  facet normal 0 -0.739095 -0.673601
    outer loop
      vertex -22.1956 -15.3672 -1.16208
      vertex -7.76038 -15.1073 -1.44725
      vertex -7.76038 -15.3672 -1.16208
    endloop
  endfacet
  facet normal 0 -0.739095 -0.673601
    outer loop
      vertex -7.00001 -15.1073 -1.44725
      vertex -5.7 -15.3672 -1.16208
      vertex -7.00001 -15.3672 -1.16208
    endloop
  endfacet
  facet normal 0 -0.739095 -0.673601
    outer loop
      vertex -5.7 -15.3672 -1.16208
      vertex -7.00001 -15.1073 -1.44725
      vertex -5.7 -15.1073 -1.44725
    endloop
  endfacet
  facet normal 0 -0.739095 -0.673601
    outer loop
      vertex 6.2 -15.1073 -1.44725
      vertex 22.1956 -15.3672 -1.16208
      vertex 6.2 -15.3672 -1.16208
    endloop
  endfacet
  facet normal 0 -0.739095 -0.673601
    outer loop
      vertex 22.1956 -15.3672 -1.16208
      vertex 6.2 -15.1073 -1.44725
      vertex 22.3777 -15.1073 -1.44725
    endloop
  endfacet
  facet normal 0 0.850262 0.52636
    outer loop
      vertex -7.76038 -16.776 -2.70738
      vertex -20.9878 -16.9791 -2.3793
      vertex -7.76038 -16.9791 -2.3793
    endloop
  endfacet
  facet normal 0 0.850262 0.52636
    outer loop
      vertex -20.9878 -16.9791 -2.3793
      vertex -7.76038 -16.776 -2.70738
      vertex -21.1523 -16.776 -2.70738
    endloop
  endfacet
  facet normal 0 0.850262 0.52636
    outer loop
      vertex -5.7 -16.776 -2.70738
      vertex -7.00001 -16.9791 -2.3793
      vertex -5.7 -16.9791 -2.3793
    endloop
  endfacet
  facet normal 0 0.850262 0.52636
    outer loop
      vertex -7.00001 -16.9791 -2.3793
      vertex -5.7 -16.776 -2.70738
      vertex -7.00001 -16.776 -2.70738
    endloop
  endfacet
  facet normal -0 0.850262 0.52636
    outer loop
      vertex 6.2 -16.776 -2.70738
      vertex 20.9878 -16.9791 -2.3793
      vertex 21.1523 -16.776 -2.70738
    endloop
  endfacet
  facet normal 0 0.850262 0.52636
    outer loop
      vertex 20.9878 -16.9791 -2.3793
      vertex 6.2 -16.776 -2.70738
      vertex 6.2 -16.9791 -2.3793
    endloop
  endfacet
  facet normal 0 -1 0
    outer loop
      vertex -22.4687 -14.9679 -2.19294
      vertex -7.76038 -14.9679 -1.80706
      vertex -22.4687 -14.9679 -1.80706
    endloop
  endfacet
  facet normal 0 -1 -0
    outer loop
      vertex -7.76038 -14.9679 -1.80706
      vertex -22.4687 -14.9679 -2.19294
      vertex -7.76038 -14.9679 -2.19294
    endloop
  endfacet
  facet normal 0 -1 0
    outer loop
      vertex -7.00001 -14.9679 -2.19294
      vertex -5.7 -14.9679 -1.80706
      vertex -7.00001 -14.9679 -1.80706
    endloop
  endfacet
  facet normal 0 -1 -0
    outer loop
      vertex -5.7 -14.9679 -1.80706
      vertex -7.00001 -14.9679 -2.19294
      vertex -5.7 -14.9679 -2.19294
    endloop
  endfacet
  facet normal 0 -1 0
    outer loop
      vertex 6.2 -14.9679 -2.19294
      vertex 22.4687 -14.9679 -1.80706
      vertex 6.2 -14.9679 -1.80706
    endloop
  endfacet
  facet normal 0 -1 -0
    outer loop
      vertex 22.4687 -14.9679 -1.80706
      vertex 6.2 -14.9679 -2.19294
      vertex 22.4687 -14.9679 -2.19294
    endloop
  endfacet
  facet normal 0 -0.445658 0.895203
    outer loop
      vertex -7.76038 -15.3672 -2.83792
      vertex -21.9538 -15.7127 -3.00992
      vertex -7.76038 -15.7127 -3.00992
    endloop
  endfacet
  facet normal 0 -0.445658 0.895203
    outer loop
      vertex -21.9538 -15.7127 -3.00992
      vertex -7.76038 -15.3672 -2.83792
      vertex -22.1956 -15.3672 -2.83792
    endloop
  endfacet
  facet normal 0 -0.445658 0.895203
    outer loop
      vertex -7.00001 -15.3672 -2.83792
      vertex -5.7 -15.7127 -3.00992
      vertex -5.7 -15.3672 -2.83792
    endloop
  endfacet
  facet normal 0 -0.445658 0.895203
    outer loop
      vertex -5.7 -15.7127 -3.00992
      vertex -7.00001 -15.3672 -2.83792
      vertex -7.00001 -15.7127 -3.00992
    endloop
  endfacet
  facet normal 0 -0.445658 0.895203
    outer loop
      vertex 6.2 -15.3672 -2.83792
      vertex 21.9538 -15.7127 -3.00992
      vertex 22.1956 -15.3672 -2.83792
    endloop
  endfacet
  facet normal 0 -0.445658 0.895203
    outer loop
      vertex 21.9538 -15.7127 -3.00992
      vertex 6.2 -15.3672 -2.83792
      vertex 6.2 -15.7127 -3.00992
    endloop
  endfacet
  facet normal 0 0.273699 -0.961815
    outer loop
      vertex -21.393 -16.468 -1.06008
      vertex -7.76038 -16.0969 -0.954478
      vertex -7.76038 -16.468 -1.06008
    endloop
  endfacet
  facet normal 0 0.273699 -0.961815
    outer loop
      vertex -7.76038 -16.0969 -0.954478
      vertex -21.393 -16.468 -1.06008
      vertex -21.6726 -16.0969 -0.954478
    endloop
  endfacet
  facet normal 0 0.273699 -0.961815
    outer loop
      vertex -7.00001 -16.468 -1.06008
      vertex -5.7 -16.0969 -0.954478
      vertex -5.7 -16.468 -1.06008
    endloop
  endfacet
  facet normal 0 0.273699 -0.961815
    outer loop
      vertex -5.7 -16.0969 -0.954478
      vertex -7.00001 -16.468 -1.06008
      vertex -7.00001 -16.0969 -0.954478
    endloop
  endfacet
  facet normal 0 0.273699 -0.961815
    outer loop
      vertex 6.2 -16.0969 -0.954478
      vertex 21.393 -16.468 -1.06008
      vertex 6.2 -16.468 -1.06008
    endloop
  endfacet
  facet normal 0 0.273699 -0.961815
    outer loop
      vertex 21.393 -16.468 -1.06008
      vertex 6.2 -16.0969 -0.954478
      vertex 21.6726 -16.0969 -0.954478
    endloop
  endfacet
  facet normal 0 -0.445652 -0.895206
    outer loop
      vertex -21.9538 -15.7127 -0.990083
      vertex -7.76038 -15.3672 -1.16208
      vertex -7.76038 -15.7127 -0.990083
    endloop
  endfacet
  facet normal -0 -0.445652 -0.895206
    outer loop
      vertex -7.76038 -15.3672 -1.16208
      vertex -21.9538 -15.7127 -0.990083
      vertex -22.1956 -15.3672 -1.16208
    endloop
  endfacet
  facet normal 0 -0.445652 -0.895206
    outer loop
      vertex -7.00001 -15.7127 -0.990083
      vertex -5.7 -15.3672 -1.16208
      vertex -5.7 -15.7127 -0.990083
    endloop
  endfacet
  facet normal -0 -0.445652 -0.895206
    outer loop
      vertex -5.7 -15.3672 -1.16208
      vertex -7.00001 -15.7127 -0.990083
      vertex -7.00001 -15.3672 -1.16208
    endloop
  endfacet
  facet normal 0 -0.445652 -0.895206
    outer loop
      vertex 6.2 -15.3672 -1.16208
      vertex 21.9538 -15.7127 -0.990083
      vertex 6.2 -15.7127 -0.990083
    endloop
  endfacet
  facet normal 0 -0.445652 -0.895206
    outer loop
      vertex 21.9538 -15.7127 -0.990083
      vertex 6.2 -15.3672 -1.16208
      vertex 22.1956 -15.3672 -1.16208
    endloop
  endfacet
  facet normal -3.71113e-05 -0.931956 -0.362572
    outer loop
      vertex -7.76038 -14.9679 -1.80706
      vertex -22.3777 -15.1073 -1.44725
      vertex -22.384 -15.0982 -1.47064
    endloop
  endfacet
  facet normal -0 -0.9325 -0.36117
    outer loop
      vertex -7.76038 -14.9679 -1.80706
      vertex -22.384 -15.0982 -1.47064
      vertex -22.4687 -14.9679 -1.80706
    endloop
  endfacet
  facet normal 0 -0.932464 -0.361262
    outer loop
      vertex -22.3777 -15.1073 -1.44725
      vertex -7.76038 -14.9679 -1.80706
      vertex -7.76038 -15.1073 -1.44725
    endloop
  endfacet
  facet normal 0 -0.932464 -0.361262
    outer loop
      vertex 6.2 -14.9679 -1.80706
      vertex 22.3777 -15.1073 -1.44725
      vertex 6.2 -15.1073 -1.44725
    endloop
  endfacet
  facet normal 3.35531e-05 -0.931955 -0.362573
    outer loop
      vertex 22.3777 -15.1073 -1.44725
      vertex 6.2 -14.9679 -1.80706
      vertex 22.384 -15.0982 -1.47064
    endloop
  endfacet
  facet normal 0 -0.9325 -0.36117
    outer loop
      vertex 22.384 -15.0982 -1.47064
      vertex 6.2 -14.9679 -1.80706
      vertex 22.4687 -14.9679 -1.80706
    endloop
  endfacet
  facet normal 0 -0.932464 -0.361262
    outer loop
      vertex -7.00001 -14.9679 -1.80706
      vertex -5.7 -15.1073 -1.44725
      vertex -7.00001 -15.1073 -1.44725
    endloop
  endfacet
  facet normal 0 -0.932464 -0.361262
    outer loop
      vertex -5.7 -15.1073 -1.44725
      vertex -7.00001 -14.9679 -1.80706
      vertex -5.7 -14.9679 -1.80706
    endloop
  endfacet
  facet normal 0 0 -1
    outer loop
      vertex -6.2 18.435 -3.45
      vertex 6.2 19.735 -3.45
      vertex 6.2 18.435 -3.45
    endloop
  endfacet
  facet normal -0 0 -1
    outer loop
      vertex 6.2 19.735 -3.45
      vertex -6.2 18.435 -3.45
      vertex -6.2 19.735 -3.45
    endloop
  endfacet
  facet normal 0 1 -0
    outer loop
      vertex 6.2 19.735 -3.45
      vertex -6.2 19.735 -2.15
      vertex 6.2 19.735 -2.15
    endloop
  endfacet
  facet normal 0 1 0
    outer loop
      vertex -6.2 19.735 -2.15
      vertex 6.2 19.735 -3.45
      vertex -6.2 19.735 -3.45
    endloop
  endfacet
  facet normal 0 -1 0
    outer loop
      vertex -6.2 18.435 -3.45
      vertex 6.2 18.435 -2.15
      vertex -6.2 18.435 -2.15
    endloop
  endfacet
  facet normal 0 -1 -0
    outer loop
      vertex 6.2 18.435 -2.15
      vertex -6.2 18.435 -3.45
      vertex 6.2 18.435 -3.45
    endloop
  endfacet
  facet normal -0 0 1
    outer loop
      vertex -6.2 19.735 -2.15
      vertex 6.2 18.435 -2.15
      vertex 6.2 19.735 -2.15
    endloop
  endfacet
  facet normal 0 0 1
    outer loop
      vertex 6.2 18.435 -2.15
      vertex -6.2 19.735 -2.15
      vertex -6.2 18.435 -2.15
    endloop
  endfacet
endsolid OpenSCAD_Model
