solid OpenSCAD_Model
  facet normal 0 1 -0
    outer loop
      vertex 29.5 10.5 0.91
      vertex -29.5 10.5 1.4
      vertex 29.5 10.5 1.4
    endloop
  endfacet
  facet normal 0 1 0
    outer loop
      vertex -29.5 10.5 1.4
      vertex 29.5 10.5 0.91
      vertex -29.5 10.5 0.91
    endloop
  endfacet
  facet normal -0.946858 -0.321651 0
    outer loop
      vertex 32.3978 95.6765 0.91
      vertex 32.2716 96.048 1.4
      vertex 32.2716 96.048 0.91
    endloop
  endfacet
  facet normal -0.946858 -0.321651 0
    outer loop
      vertex 32.2716 96.048 1.4
      vertex 32.3978 95.6765 0.91
      vertex 32.3978 95.6765 1.4
    endloop
  endfacet
  facet normal 0.946858 0.321651 0
    outer loop
      vertex -32.2716 12.352 1.4
      vertex -32.3978 12.7235 0.91
      vertex -32.3978 12.7235 1.4
    endloop
  endfacet
  facet normal 0.946858 0.321651 0
    outer loop
      vertex -32.3978 12.7235 0.91
      vertex -32.2716 12.352 1.4
      vertex -32.2716 12.352 0.91
    endloop
  endfacet
  facet normal -0.555699 0.831383 0
    outer loop
      vertex 31.3263 11.12 0.91
      vertex 31 10.9019 1.4
      vertex 31.3263 11.12 1.4
    endloop
  endfacet
  facet normal -0.555699 0.831383 0
    outer loop
      vertex 31 10.9019 1.4
      vertex 31.3263 11.12 0.91
      vertex 31 10.9019 0.91
    endloop
  endfacet
  facet normal 0 -1 0
    outer loop
      vertex -29.5 97.9 0.91
      vertex 29.5 97.9 1.4
      vertex -29.5 97.9 1.4
    endloop
  endfacet
  facet normal 0 -1 -0
    outer loop
      vertex 29.5 97.9 1.4
      vertex -29.5 97.9 0.91
      vertex 29.5 97.9 0.91
    endloop
  endfacet
  facet normal -0.997853 -0.0654873 0
    outer loop
      vertex 32.5 94.9 0.91
      vertex 32.4743 95.2916 1.4
      vertex 32.4743 95.2916 0.91
    endloop
  endfacet
  facet normal -0.997853 -0.0654873 0
    outer loop
      vertex 32.4743 95.2916 1.4
      vertex 32.5 94.9 0.91
      vertex 32.5 94.9 1.4
    endloop
  endfacet
  facet normal 0.831501 -0.555523 0
    outer loop
      vertex -32.0981 96.4 1.4
      vertex -31.8801 96.7263 0.91
      vertex -31.8801 96.7263 1.4
    endloop
  endfacet
  facet normal 0.831501 -0.555523 0
    outer loop
      vertex -31.8801 96.7263 0.91
      vertex -32.0981 96.4 1.4
      vertex -32.0981 96.4 0.91
    endloop
  endfacet
  facet normal -0.980815 0.19494 0
    outer loop
      vertex 32.3978 12.7235 0.91
      vertex 32.4743 13.1084 1.4
      vertex 32.4743 13.1084 0.91
    endloop
  endfacet
  facet normal -0.980815 0.19494 0
    outer loop
      vertex 32.4743 13.1084 1.4
      vertex 32.3978 12.7235 0.91
      vertex 32.3978 12.7235 1.4
    endloop
  endfacet
  facet normal 1 -0 0
    outer loop
      vertex -32.5 13.5 1.4
      vertex -32.5 94.9 0.91
      vertex -32.5 94.9 1.4
    endloop
  endfacet
  facet normal 1 0 0
    outer loop
      vertex -32.5 94.9 0.91
      vertex -32.5 13.5 1.4
      vertex -32.5 13.5 0.91
    endloop
  endfacet
  facet normal -0.751724 0.659478 0
    outer loop
      vertex 31.6213 11.3787 0.91
      vertex 31.8801 11.6737 1.4
      vertex 31.8801 11.6737 0.91
    endloop
  endfacet
  facet normal -0.751724 0.659478 0
    outer loop
      vertex 31.8801 11.6737 1.4
      vertex 31.6213 11.3787 0.91
      vertex 31.6213 11.3787 1.4
    endloop
  endfacet
  facet normal -0.980815 -0.19494 0
    outer loop
      vertex 32.4743 95.2916 0.91
      vertex 32.3978 95.6765 1.4
      vertex 32.3978 95.6765 0.91
    endloop
  endfacet
  facet normal -0.980815 -0.19494 0
    outer loop
      vertex 32.3978 95.6765 1.4
      vertex 32.4743 95.2916 0.91
      vertex 32.4743 95.2916 1.4
    endloop
  endfacet
  facet normal 0.896961 0.44211 0
    outer loop
      vertex -32.0981 12 1.4
      vertex -32.2716 12.352 0.91
      vertex -32.2716 12.352 1.4
    endloop
  endfacet
  facet normal 0.896961 0.44211 0
    outer loop
      vertex -32.2716 12.352 0.91
      vertex -32.0981 12 1.4
      vertex -32.0981 12 0.91
    endloop
  endfacet
  facet normal 0.980815 0.19494 0
    outer loop
      vertex -32.3978 12.7235 1.4
      vertex -32.4743 13.1084 0.91
      vertex -32.4743 13.1084 1.4
    endloop
  endfacet
  facet normal 0.980815 0.19494 0
    outer loop
      vertex -32.4743 13.1084 0.91
      vertex -32.3978 12.7235 1.4
      vertex -32.3978 12.7235 0.91
    endloop
  endfacet
  facet normal -0.997853 0.0654873 0
    outer loop
      vertex 32.4743 13.1084 0.91
      vertex 32.5 13.5 1.4
      vertex 32.5 13.5 0.91
    endloop
  endfacet
  facet normal -0.997853 0.0654873 0
    outer loop
      vertex 32.5 13.5 1.4
      vertex 32.4743 13.1084 0.91
      vertex 32.4743 13.1084 1.4
    endloop
  endfacet
  facet normal 0.44211 0.896961 -0
    outer loop
      vertex -30.648 10.7284 0.91
      vertex -31 10.9019 1.4
      vertex -30.648 10.7284 1.4
    endloop
  endfacet
  facet normal 0.44211 0.896961 0
    outer loop
      vertex -31 10.9019 1.4
      vertex -30.648 10.7284 0.91
      vertex -31 10.9019 0.91
    endloop
  endfacet
  facet normal 0.194989 0.980806 -0
    outer loop
      vertex -29.8916 10.5257 0.91
      vertex -30.2764 10.6022 1.4
      vertex -29.8916 10.5257 1.4
    endloop
  endfacet
  facet normal 0.194989 0.980806 0
    outer loop
      vertex -30.2764 10.6022 1.4
      vertex -29.8916 10.5257 0.91
      vertex -30.2764 10.6022 0.91
    endloop
  endfacet
  facet normal 0.751724 -0.659478 0
    outer loop
      vertex -31.8801 96.7263 1.4
      vertex -31.6213 97.0213 0.91
      vertex -31.6213 97.0213 1.4
    endloop
  endfacet
  facet normal 0.751724 -0.659478 0
    outer loop
      vertex -31.6213 97.0213 0.91
      vertex -31.8801 96.7263 1.4
      vertex -31.8801 96.7263 0.91
    endloop
  endfacet
  facet normal 0.194989 -0.980806 0
    outer loop
      vertex -30.2764 97.7978 0.91
      vertex -29.8916 97.8743 1.4
      vertex -30.2764 97.7978 1.4
    endloop
  endfacet
  facet normal 0.194989 -0.980806 0
    outer loop
      vertex -29.8916 97.8743 1.4
      vertex -30.2764 97.7978 0.91
      vertex -29.8916 97.8743 0.91
    endloop
  endfacet
  facet normal -1 0 0
    outer loop
      vertex 32.5 13.5 0.91
      vertex 32.5 94.9 1.4
      vertex 32.5 94.9 0.91
    endloop
  endfacet
  facet normal -1 -0 0
    outer loop
      vertex 32.5 94.9 1.4
      vertex 32.5 13.5 0.91
      vertex 32.5 13.5 1.4
    endloop
  endfacet
  facet normal -0.0654873 -0.997853 0
    outer loop
      vertex 29.5 97.9 0.91
      vertex 29.8916 97.8743 1.4
      vertex 29.5 97.9 1.4
    endloop
  endfacet
  facet normal -0.0654873 -0.997853 -0
    outer loop
      vertex 29.8916 97.8743 1.4
      vertex 29.5 97.9 0.91
      vertex 29.8916 97.8743 0.91
    endloop
  endfacet
  facet normal 0.997853 0.0654873 0
    outer loop
      vertex -32.4743 13.1084 1.4
      vertex -32.5 13.5 0.91
      vertex -32.5 13.5 1.4
    endloop
  endfacet
  facet normal 0.997853 0.0654873 0
    outer loop
      vertex -32.5 13.5 0.91
      vertex -32.4743 13.1084 1.4
      vertex -32.4743 13.1084 0.91
    endloop
  endfacet
  facet normal -0.321574 -0.946885 0
    outer loop
      vertex 30.2764 97.7978 0.91
      vertex 30.648 97.6716 1.4
      vertex 30.2764 97.7978 1.4
    endloop
  endfacet
  facet normal -0.321574 -0.946885 -0
    outer loop
      vertex 30.648 97.6716 1.4
      vertex 30.2764 97.7978 0.91
      vertex 30.648 97.6716 0.91
    endloop
  endfacet
  facet normal 0.659334 0.75185 -0
    outer loop
      vertex -31.3263 11.12 0.91
      vertex -31.6213 11.3787 1.4
      vertex -31.3263 11.12 1.4
    endloop
  endfacet
  facet normal 0.659334 0.75185 0
    outer loop
      vertex -31.6213 11.3787 1.4
      vertex -31.3263 11.12 0.91
      vertex -31.6213 11.3787 0.91
    endloop
  endfacet
  facet normal 0.896961 -0.44211 0
    outer loop
      vertex -32.2716 96.048 1.4
      vertex -32.0981 96.4 0.91
      vertex -32.0981 96.4 1.4
    endloop
  endfacet
  facet normal 0.896961 -0.44211 0
    outer loop
      vertex -32.0981 96.4 0.91
      vertex -32.2716 96.048 1.4
      vertex -32.2716 96.048 0.91
    endloop
  endfacet
  facet normal 0.0654873 0.997853 -0
    outer loop
      vertex -29.5 10.5 0.91
      vertex -29.8916 10.5257 1.4
      vertex -29.5 10.5 1.4
    endloop
  endfacet
  facet normal 0.0654873 0.997853 0
    outer loop
      vertex -29.8916 10.5257 1.4
      vertex -29.5 10.5 0.91
      vertex -29.8916 10.5257 0.91
    endloop
  endfacet
  facet normal -0.0654873 0.997853 0
    outer loop
      vertex 29.8916 10.5257 0.91
      vertex 29.5 10.5 1.4
      vertex 29.8916 10.5257 1.4
    endloop
  endfacet
  facet normal -0.0654873 0.997853 0
    outer loop
      vertex 29.5 10.5 1.4
      vertex 29.8916 10.5257 0.91
      vertex 29.5 10.5 0.91
    endloop
  endfacet
  facet normal -0.321574 0.946885 0
    outer loop
      vertex 30.648 10.7284 0.91
      vertex 30.2764 10.6022 1.4
      vertex 30.648 10.7284 1.4
    endloop
  endfacet
  facet normal -0.321574 0.946885 0
    outer loop
      vertex 30.2764 10.6022 1.4
      vertex 30.648 10.7284 0.91
      vertex 30.2764 10.6022 0.91
    endloop
  endfacet
  facet normal -0.896961 0.44211 0
    outer loop
      vertex 32.0981 12 0.91
      vertex 32.2716 12.352 1.4
      vertex 32.2716 12.352 0.91
    endloop
  endfacet
  facet normal -0.896961 0.44211 0
    outer loop
      vertex 32.2716 12.352 1.4
      vertex 32.0981 12 0.91
      vertex 32.0981 12 1.4
    endloop
  endfacet
  facet normal 0.751724 0.659478 0
    outer loop
      vertex -31.6213 11.3787 1.4
      vertex -31.8801 11.6737 0.91
      vertex -31.8801 11.6737 1.4
    endloop
  endfacet
  facet normal 0.751724 0.659478 0
    outer loop
      vertex -31.8801 11.6737 0.91
      vertex -31.6213 11.3787 1.4
      vertex -31.6213 11.3787 0.91
    endloop
  endfacet
  facet normal 0.980815 -0.19494 0
    outer loop
      vertex -32.4743 95.2916 1.4
      vertex -32.3978 95.6765 0.91
      vertex -32.3978 95.6765 1.4
    endloop
  endfacet
  facet normal 0.980815 -0.19494 0
    outer loop
      vertex -32.3978 95.6765 0.91
      vertex -32.4743 95.2916 1.4
      vertex -32.4743 95.2916 0.91
    endloop
  endfacet
  facet normal 0.321574 0.946885 -0
    outer loop
      vertex -30.2764 10.6022 0.91
      vertex -30.648 10.7284 1.4
      vertex -30.2764 10.6022 1.4
    endloop
  endfacet
  facet normal 0.321574 0.946885 0
    outer loop
      vertex -30.648 10.7284 1.4
      vertex -30.2764 10.6022 0.91
      vertex -30.648 10.7284 0.91
    endloop
  endfacet
  facet normal -0.659334 0.75185 0
    outer loop
      vertex 31.6213 11.3787 0.91
      vertex 31.3263 11.12 1.4
      vertex 31.6213 11.3787 1.4
    endloop
  endfacet
  facet normal -0.659334 0.75185 0
    outer loop
      vertex 31.3263 11.12 1.4
      vertex 31.6213 11.3787 0.91
      vertex 31.3263 11.12 0.91
    endloop
  endfacet
  facet normal -0.751724 -0.659478 0
    outer loop
      vertex 31.8801 96.7263 0.91
      vertex 31.6213 97.0213 1.4
      vertex 31.6213 97.0213 0.91
    endloop
  endfacet
  facet normal -0.751724 -0.659478 0
    outer loop
      vertex 31.6213 97.0213 1.4
      vertex 31.8801 96.7263 0.91
      vertex 31.8801 96.7263 1.4
    endloop
  endfacet
  facet normal -0.946858 0.321651 0
    outer loop
      vertex 32.2716 12.352 0.91
      vertex 32.3978 12.7235 1.4
      vertex 32.3978 12.7235 0.91
    endloop
  endfacet
  facet normal -0.946858 0.321651 0
    outer loop
      vertex 32.3978 12.7235 1.4
      vertex 32.2716 12.352 0.91
      vertex 32.2716 12.352 1.4
    endloop
  endfacet
  facet normal -0.194989 0.980806 0
    outer loop
      vertex 30.2764 10.6022 0.91
      vertex 29.8916 10.5257 1.4
      vertex 30.2764 10.6022 1.4
    endloop
  endfacet
  facet normal -0.194989 0.980806 0
    outer loop
      vertex 29.8916 10.5257 1.4
      vertex 30.2764 10.6022 0.91
      vertex 29.8916 10.5257 0.91
    endloop
  endfacet
  facet normal 0.555699 0.831383 -0
    outer loop
      vertex -31 10.9019 0.91
      vertex -31.3263 11.12 1.4
      vertex -31 10.9019 1.4
    endloop
  endfacet
  facet normal 0.555699 0.831383 0
    outer loop
      vertex -31.3263 11.12 1.4
      vertex -31 10.9019 0.91
      vertex -31.3263 11.12 0.91
    endloop
  endfacet
  facet normal 0.555699 -0.831383 0
    outer loop
      vertex -31.3263 97.28 0.91
      vertex -31 97.4981 1.4
      vertex -31.3263 97.28 1.4
    endloop
  endfacet
  facet normal 0.555699 -0.831383 0
    outer loop
      vertex -31 97.4981 1.4
      vertex -31.3263 97.28 0.91
      vertex -31 97.4981 0.91
    endloop
  endfacet
  facet normal -0.831501 0.555523 0
    outer loop
      vertex 31.8801 11.6737 0.91
      vertex 32.0981 12 1.4
      vertex 32.0981 12 0.91
    endloop
  endfacet
  facet normal -0.831501 0.555523 0
    outer loop
      vertex 32.0981 12 1.4
      vertex 31.8801 11.6737 0.91
      vertex 31.8801 11.6737 1.4
    endloop
  endfacet
  facet normal 0.831501 0.555523 0
    outer loop
      vertex -31.8801 11.6737 1.4
      vertex -32.0981 12 0.91
      vertex -32.0981 12 1.4
    endloop
  endfacet
  facet normal 0.831501 0.555523 0
    outer loop
      vertex -32.0981 12 0.91
      vertex -31.8801 11.6737 1.4
      vertex -31.8801 11.6737 0.91
    endloop
  endfacet
  facet normal -0.44211 0.896961 0
    outer loop
      vertex 31 10.9019 0.91
      vertex 30.648 10.7284 1.4
      vertex 31 10.9019 1.4
    endloop
  endfacet
  facet normal -0.44211 0.896961 0
    outer loop
      vertex 30.648 10.7284 1.4
      vertex 31 10.9019 0.91
      vertex 30.648 10.7284 0.91
    endloop
  endfacet
  facet normal -0.659334 -0.75185 0
    outer loop
      vertex 31.3263 97.28 0.91
      vertex 31.6213 97.0213 1.4
      vertex 31.3263 97.28 1.4
    endloop
  endfacet
  facet normal -0.659334 -0.75185 -0
    outer loop
      vertex 31.6213 97.0213 1.4
      vertex 31.3263 97.28 0.91
      vertex 31.6213 97.0213 0.91
    endloop
  endfacet
  facet normal -0.896961 -0.44211 0
    outer loop
      vertex 32.2716 96.048 0.91
      vertex 32.0981 96.4 1.4
      vertex 32.0981 96.4 0.91
    endloop
  endfacet
  facet normal -0.896961 -0.44211 0
    outer loop
      vertex 32.0981 96.4 1.4
      vertex 32.2716 96.048 0.91
      vertex 32.2716 96.048 1.4
    endloop
  endfacet
  facet normal 0.321574 -0.946885 0
    outer loop
      vertex -30.648 97.6716 0.91
      vertex -30.2764 97.7978 1.4
      vertex -30.648 97.6716 1.4
    endloop
  endfacet
  facet normal 0.321574 -0.946885 0
    outer loop
      vertex -30.2764 97.7978 1.4
      vertex -30.648 97.6716 0.91
      vertex -30.2764 97.7978 0.91
    endloop
  endfacet
  facet normal 0.946858 -0.321651 0
    outer loop
      vertex -32.3978 95.6765 1.4
      vertex -32.2716 96.048 0.91
      vertex -32.2716 96.048 1.4
    endloop
  endfacet
  facet normal 0.946858 -0.321651 0
    outer loop
      vertex -32.2716 96.048 0.91
      vertex -32.3978 95.6765 1.4
      vertex -32.3978 95.6765 0.91
    endloop
  endfacet
  facet normal -0.555699 -0.831383 0
    outer loop
      vertex 31 97.4981 0.91
      vertex 31.3263 97.28 1.4
      vertex 31 97.4981 1.4
    endloop
  endfacet
  facet normal -0.555699 -0.831383 -0
    outer loop
      vertex 31.3263 97.28 1.4
      vertex 31 97.4981 0.91
      vertex 31.3263 97.28 0.91
    endloop
  endfacet
  facet normal 0.659334 -0.75185 0
    outer loop
      vertex -31.6213 97.0213 0.91
      vertex -31.3263 97.28 1.4
      vertex -31.6213 97.0213 1.4
    endloop
  endfacet
  facet normal 0.659334 -0.75185 0
    outer loop
      vertex -31.3263 97.28 1.4
      vertex -31.6213 97.0213 0.91
      vertex -31.3263 97.28 0.91
    endloop
  endfacet
  facet normal 0.0654873 -0.997853 0
    outer loop
      vertex -29.8916 97.8743 0.91
      vertex -29.5 97.9 1.4
      vertex -29.8916 97.8743 1.4
    endloop
  endfacet
  facet normal 0.0654873 -0.997853 0
    outer loop
      vertex -29.5 97.9 1.4
      vertex -29.8916 97.8743 0.91
      vertex -29.5 97.9 0.91
    endloop
  endfacet
  facet normal -0.44211 -0.896961 0
    outer loop
      vertex 30.648 97.6716 0.91
      vertex 31 97.4981 1.4
      vertex 30.648 97.6716 1.4
    endloop
  endfacet
  facet normal -0.44211 -0.896961 -0
    outer loop
      vertex 31 97.4981 1.4
      vertex 30.648 97.6716 0.91
      vertex 31 97.4981 0.91
    endloop
  endfacet
  facet normal -0.194989 -0.980806 0
    outer loop
      vertex 29.8916 97.8743 0.91
      vertex 30.2764 97.7978 1.4
      vertex 29.8916 97.8743 1.4
    endloop
  endfacet
  facet normal -0.194989 -0.980806 -0
    outer loop
      vertex 30.2764 97.7978 1.4
      vertex 29.8916 97.8743 0.91
      vertex 30.2764 97.7978 0.91
    endloop
  endfacet
  facet normal 0.997853 -0.0654873 0
    outer loop
      vertex -32.5 94.9 1.4
      vertex -32.4743 95.2916 0.91
      vertex -32.4743 95.2916 1.4
    endloop
  endfacet
  facet normal 0.997853 -0.0654873 0
    outer loop
      vertex -32.4743 95.2916 0.91
      vertex -32.5 94.9 1.4
      vertex -32.5 94.9 0.91
    endloop
  endfacet
  facet normal 0.44211 -0.896961 0
    outer loop
      vertex -31 97.4981 0.91
      vertex -30.648 97.6716 1.4
      vertex -31 97.4981 1.4
    endloop
  endfacet
  facet normal 0.44211 -0.896961 0
    outer loop
      vertex -30.648 97.6716 1.4
      vertex -31 97.4981 0.91
      vertex -30.648 97.6716 0.91
    endloop
  endfacet
  facet normal -0.831501 -0.555523 0
    outer loop
      vertex 32.0981 96.4 0.91
      vertex 31.8801 96.7263 1.4
      vertex 31.8801 96.7263 0.91
    endloop
  endfacet
  facet normal -0.831501 -0.555523 0
    outer loop
      vertex 31.8801 96.7263 1.4
      vertex 32.0981 96.4 0.91
      vertex 32.0981 96.4 1.4
    endloop
  endfacet
  facet normal -0.840415 -0.0425941 -0.540267
    outer loop
      vertex 32.5 94.9 0.91
      vertex 33.072 95.1565 0
      vertex 33.085 94.9 0
    endloop
  endfacet
  facet normal -0.823346 -0.163692 -0.543421
    outer loop
      vertex 33.0241 95.5473 0
      vertex 32.3978 95.6765 0.91
      vertex 32.9973 95.6821 0
    endloop
  endfacet
  facet normal -0.82335 -0.163643 -0.54343
    outer loop
      vertex 32.3978 95.6765 0.91
      vertex 33.0241 95.5473 0
      vertex 32.4743 95.2916 0.91
    endloop
  endfacet
  facet normal 0.610475 0.580296 -0.539052
    outer loop
      vertex -32.1659 11.1063 0
      vertex -31.6213 11.3787 0.91
      vertex -31.989 10.9202 0
    endloop
  endfacet
  facet normal 0.838294 0.0550157 -0.542435
    outer loop
      vertex -32.4743 13.1084 0.91
      vertex -33.072 13.2435 0
      vertex -32.5 13.5 0.91
    endloop
  endfacet
  facet normal 0.838296 0.0550705 -0.542428
    outer loop
      vertex -33.072 13.2435 0
      vertex -32.4743 13.1084 0.91
      vertex -33.063 13.1065 0
    endloop
  endfacet
  facet normal 0.841178 0 -0.540758
    outer loop
      vertex -32.5 13.5 0.91
      vertex -33.085 94.9 0
      vertex -32.5 94.9 0.91
    endloop
  endfacet
  facet normal 0.841178 0 -0.540758
    outer loop
      vertex -33.085 94.9 0
      vertex -32.5 13.5 0.91
      vertex -33.085 13.5 0
    endloop
  endfacet
  facet normal 0.480765 0.690833 -0.540013
    outer loop
      vertex -31.6909 10.6624 0
      vertex -31.3263 11.12 0.91
      vertex -31.4801 10.5157 0
    endloop
  endfacet
  facet normal 0 -0.842566 -0.538594
    outer loop
      vertex -29.6284 98.4817 0
      vertex 29.5 97.9 0.91
      vertex -29.5 97.9 0.91
    endloop
  endfacet
  facet normal 0 -0.842566 -0.538594
    outer loop
      vertex 29.5 97.9 0.91
      vertex -29.6284 98.4817 0
      vertex 29.6284 98.4817 0
    endloop
  endfacet
  facet normal 0.371115 0.752924 -0.543488
    outer loop
      vertex -31.0182 10.254 0
      vertex -31 10.9019 0.91
      vertex -30.648 10.7284 0.91
    endloop
  endfacet
  facet normal 0.370984 0.752968 -0.543516
    outer loop
      vertex -31 10.9019 0.91
      vertex -31.0182 10.254 0
      vertex -31.1414 10.3147 0
    endloop
  endfacet
  facet normal -0.0549788 0.837731 -0.543308
    outer loop
      vertex 29.7654 9.92724 0
      vertex 29.5 10.5 0.91
      vertex 29.8916 10.5257 0.91
    endloop
  endfacet
  facet normal -0.0549119 0.837743 -0.543296
    outer loop
      vertex 29.5 10.5 0.91
      vertex 29.7654 9.92724 0
      vertex 29.6284 9.91826 0
    endloop
  endfacet
  facet normal 0.370984 -0.752968 -0.543516
    outer loop
      vertex -31.0182 98.146 0
      vertex -31 97.4981 0.91
      vertex -31.1414 98.0853 0
    endloop
  endfacet
  facet normal 0.371115 -0.752924 -0.543488
    outer loop
      vertex -31 97.4981 0.91
      vertex -31.0182 98.146 0
      vertex -30.648 97.6716 0.91
    endloop
  endfacet
  facet normal 0.789516 0.292462 -0.539565
    outer loop
      vertex -32.8888 12.3393 0
      vertex -32.2716 12.352 0.91
      vertex -32.7996 12.0985 0
    endloop
  endfacet
  facet normal -0.840415 0.0425941 -0.540267
    outer loop
      vertex 32.5 13.5 0.91
      vertex 33.085 13.5 0
      vertex 33.072 13.2435 0
    endloop
  endfacet
  facet normal 0.832635 -0.127618 -0.538917
    outer loop
      vertex -33.063 95.2935 0
      vertex -33.0241 95.5473 0
      vertex -32.4743 95.2916 0.91
    endloop
  endfacet
  facet normal 0 0.842549 -0.53862
    outer loop
      vertex 29.6284 9.91826 0
      vertex -29.5 10.5 0.91
      vertex 29.5 10.5 0.91
    endloop
  endfacet
  facet normal 0 0.842549 -0.53862
    outer loop
      vertex -29.5 10.5 0.91
      vertex 29.6284 9.91826 0
      vertex -29.6284 9.91826 0
    endloop
  endfacet
  facet normal 0.840415 -0.0425941 -0.540267
    outer loop
      vertex -33.085 94.9 0
      vertex -33.072 95.1565 0
      vertex -32.5 94.9 0.91
    endloop
  endfacet
  facet normal 0.0549791 0.837736 -0.543301
    outer loop
      vertex -29.6284 9.91826 0
      vertex -29.8916 10.5257 0.91
      vertex -29.5 10.5 0.91
    endloop
  endfacet
  facet normal 0.0549111 0.83773 -0.543317
    outer loop
      vertex -29.8916 10.5257 0.91
      vertex -29.6284 9.91826 0
      vertex -29.7654 9.92724 0
    endloop
  endfacet
  facet normal -0.547945 0.638396 -0.540561
    outer loop
      vertex 31.3263 11.12 0.91
      vertex 31.8857 10.8296 0
      vertex 31.6909 10.6624 0
    endloop
  endfacet
  facet normal -0.480765 0.690833 -0.540013
    outer loop
      vertex 31.3263 11.12 0.91
      vertex 31.6909 10.6624 0
      vertex 31.4801 10.5157 0
    endloop
  endfacet
  facet normal -0.610475 0.580296 -0.539052
    outer loop
      vertex 31.6213 11.3787 0.91
      vertex 32.1659 11.1063 0
      vertex 31.989 10.9202 0
    endloop
  endfacet
  facet normal -0.370984 0.752968 -0.543516
    outer loop
      vertex 31.0182 10.254 0
      vertex 31 10.9019 0.91
      vertex 31.1414 10.3147 0
    endloop
  endfacet
  facet normal -0.371115 0.752924 -0.543488
    outer loop
      vertex 31 10.9019 0.91
      vertex 31.0182 10.254 0
      vertex 30.648 10.7284 0.91
    endloop
  endfacet
  facet normal 0.163881 -0.82433 -0.54187
    outer loop
      vertex -30.1556 98.42 0
      vertex -29.8916 97.8743 0.91
      vertex -30.2764 97.7978 0.91
    endloop
  endfacet
  facet normal 0.164003 -0.824296 -0.541885
    outer loop
      vertex -29.8916 97.8743 0.91
      vertex -30.1556 98.42 0
      vertex -30.0209 98.4468 0
    endloop
  endfacet
  facet normal -0.838294 0.0550157 -0.542435
    outer loop
      vertex 33.072 13.2435 0
      vertex 32.4743 13.1084 0.91
      vertex 32.5 13.5 0.91
    endloop
  endfacet
  facet normal -0.838296 0.0550705 -0.542428
    outer loop
      vertex 32.4743 13.1084 0.91
      vertex 33.072 13.2435 0
      vertex 33.063 13.1065 0
    endloop
  endfacet
  facet normal -0.409072 -0.73646 -0.538783
    outer loop
      vertex 31 97.4981 0.91
      vertex 31.1414 98.0853 0
      vertex 31.3659 97.9606 0
    endloop
  endfacet
  facet normal -0.0549802 -0.837753 -0.543275
    outer loop
      vertex 29.6284 98.4817 0
      vertex 29.8916 97.8743 0.91
      vertex 29.5 97.9 0.91
    endloop
  endfacet
  facet normal -0.0544202 -0.837705 -0.543405
    outer loop
      vertex 29.8916 97.8743 0.91
      vertex 29.6284 98.4817 0
      vertex 29.7654 98.4728 0
    endloop
  endfacet
  facet normal 0.169236 0.823914 -0.540856
    outer loop
      vertex -30.4072 10.0317 0
      vertex -30.2764 10.6022 0.91
      vertex -30.1556 9.98002 0
    endloop
  endfacet
  facet normal 0.832635 0.127618 -0.538917
    outer loop
      vertex -33.063 13.1065 0
      vertex -32.4743 13.1084 0.91
      vertex -33.0241 12.8527 0
    endloop
  endfacet
  facet normal 0.466777 0.698347 -0.542615
    outer loop
      vertex -31.3659 10.4394 0
      vertex -31.3263 11.12 0.91
      vertex -31 10.9019 0.91
    endloop
  endfacet
  facet normal 0.466628 0.698413 -0.542658
    outer loop
      vertex -31.3263 11.12 0.91
      vertex -31.3659 10.4394 0
      vertex -31.4801 10.5157 0
    endloop
  endfacet
  facet normal 0.75413 -0.371556 -0.541511
    outer loop
      vertex -32.0981 96.4 0.91
      vertex -32.6865 96.532 0
      vertex -32.6258 96.6552 0
    endloop
  endfacet
  facet normal 0.754078 -0.371683 -0.541496
    outer loop
      vertex -32.6865 96.532 0
      vertex -32.0981 96.4 0.91
      vertex -32.2716 96.048 0.91
    endloop
  endfacet
  facet normal -0.409072 0.73646 -0.538783
    outer loop
      vertex 31 10.9019 0.91
      vertex 31.3659 10.4394 0
      vertex 31.1414 10.3147 0
    endloop
  endfacet
  facet normal -0.714751 0.445244 -0.539341
    outer loop
      vertex 32.0981 12 0.91
      vertex 32.6258 11.7448 0
      vertex 32.49 11.5268 0
    endloop
  endfacet
  facet normal 0.0851958 0.837857 -0.5392
    outer loop
      vertex -30.0209 9.95322 0
      vertex -29.8916 10.5257 0.91
      vertex -29.7654 9.92724 0
    endloop
  endfacet
  facet normal 0.795087 0.270094 -0.543034
    outer loop
      vertex -32.2716 12.352 0.91
      vertex -32.933 12.4694 0
      vertex -32.3978 12.7235 0.91
    endloop
  endfacet
  facet normal 0.795082 0.27012 -0.543028
    outer loop
      vertex -32.933 12.4694 0
      vertex -32.2716 12.352 0.91
      vertex -32.8888 12.3393 0
    endloop
  endfacet
  facet normal 0.795082 -0.27012 -0.543028
    outer loop
      vertex -32.2716 96.048 0.91
      vertex -32.933 95.9306 0
      vertex -32.8888 96.0607 0
    endloop
  endfacet
  facet normal 0.795087 -0.270094 -0.543034
    outer loop
      vertex -32.933 95.9306 0
      vertex -32.2716 96.048 0.91
      vertex -32.3978 95.6765 0.91
    endloop
  endfacet
  facet normal 0.409072 -0.73646 -0.538783
    outer loop
      vertex -31.3659 97.9606 0
      vertex -31.1414 98.0853 0
      vertex -31 97.4981 0.91
    endloop
  endfacet
  facet normal 0.0852596 -0.83784 -0.539217
    outer loop
      vertex -30.0209 98.4468 0
      vertex -29.7654 98.4728 0
      vertex -29.8916 97.8743 0.91
    endloop
  endfacet
  facet normal -0.666157 0.515862 -0.538629
    outer loop
      vertex 31.8801 11.6737 0.91
      vertex 32.4137 11.4126 0
      vertex 32.2565 11.2096 0
    endloop
  endfacet
  facet normal 0.823346 -0.163692 -0.543421
    outer loop
      vertex -32.3978 95.6765 0.91
      vertex -33.0241 95.5473 0
      vertex -32.9973 95.6821 0
    endloop
  endfacet
  facet normal 0.82335 -0.163643 -0.54343
    outer loop
      vertex -33.0241 95.5473 0
      vertex -32.3978 95.6765 0.91
      vertex -32.4743 95.2916 0.91
    endloop
  endfacet
  facet normal 0.714751 -0.445244 -0.539341
    outer loop
      vertex -32.6258 96.6552 0
      vertex -32.49 96.8732 0
      vertex -32.0981 96.4 0.91
    endloop
  endfacet
  facet normal -0.554058 0.631724 -0.542167
    outer loop
      vertex 31.8857 10.8296 0
      vertex 31.6213 11.3787 0.91
      vertex 31.989 10.9202 0
    endloop
  endfacet
  facet normal -0.554016 0.631754 -0.542174
    outer loop
      vertex 31.6213 11.3787 0.91
      vertex 31.8857 10.8296 0
      vertex 31.3263 11.12 0.91
    endloop
  endfacet
  facet normal 0.838296 -0.0550705 -0.542428
    outer loop
      vertex -32.4743 95.2916 0.91
      vertex -33.072 95.1565 0
      vertex -33.063 95.2935 0
    endloop
  endfacet
  facet normal 0.838294 -0.0550157 -0.542435
    outer loop
      vertex -33.072 95.1565 0
      vertex -32.4743 95.2916 0.91
      vertex -32.5 94.9 0.91
    endloop
  endfacet
  facet normal 0.631065 0.553626 -0.543374
    outer loop
      vertex -31.6213 11.3787 0.91
      vertex -32.2565 11.2096 0
      vertex -31.8801 11.6737 0.91
    endloop
  endfacet
  facet normal 0.631125 0.553533 -0.543399
    outer loop
      vertex -32.2565 11.2096 0
      vertex -31.6213 11.3787 0.91
      vertex -32.1659 11.1063 0
    endloop
  endfacet
  facet normal 0.754078 0.371683 -0.541496
    outer loop
      vertex -32.0981 12 0.91
      vertex -32.6865 11.868 0
      vertex -32.2716 12.352 0.91
    endloop
  endfacet
  facet normal 0.75413 0.371556 -0.541511
    outer loop
      vertex -32.6865 11.868 0
      vertex -32.0981 12 0.91
      vertex -32.6258 11.7448 0
    endloop
  endfacet
  facet normal -0.631065 0.553626 -0.543374
    outer loop
      vertex 32.2565 11.2096 0
      vertex 31.6213 11.3787 0.91
      vertex 31.8801 11.6737 0.91
    endloop
  endfacet
  facet normal -0.631125 0.553533 -0.543399
    outer loop
      vertex 31.6213 11.3787 0.91
      vertex 32.2565 11.2096 0
      vertex 32.1659 11.1063 0
    endloop
  endfacet
  facet normal 0.840415 0.0425941 -0.540267
    outer loop
      vertex -33.085 13.5 0
      vertex -32.5 13.5 0.91
      vertex -33.072 13.2435 0
    endloop
  endfacet
  facet normal 0.163881 0.82433 -0.54187
    outer loop
      vertex -30.0209 9.95322 0
      vertex -30.2764 10.6022 0.91
      vertex -29.8916 10.5257 0.91
    endloop
  endfacet
  facet normal 0.164009 0.824329 -0.541833
    outer loop
      vertex -30.2764 10.6022 0.91
      vertex -30.0209 9.95322 0
      vertex -30.1556 9.98002 0
    endloop
  endfacet
  facet normal -0.0851958 0.837857 -0.5392
    outer loop
      vertex 29.7654 9.92724 0
      vertex 29.8916 10.5257 0.91
      vertex 30.0209 9.95322 0
    endloop
  endfacet
  facet normal 0.610475 -0.580296 -0.539052
    outer loop
      vertex -32.1659 97.2937 0
      vertex -31.989 97.4798 0
      vertex -31.6213 97.0213 0.91
    endloop
  endfacet
  facet normal -0.698133 0.466421 -0.543196
    outer loop
      vertex 32.49 11.5268 0
      vertex 31.8801 11.6737 0.91
      vertex 32.0981 12 0.91
    endloop
  endfacet
  facet normal -0.698125 0.466436 -0.543193
    outer loop
      vertex 31.8801 11.6737 0.91
      vertex 32.49 11.5268 0
      vertex 32.4137 11.4126 0
    endloop
  endfacet
  facet normal -0.789516 0.292462 -0.539565
    outer loop
      vertex 32.2716 12.352 0.91
      vertex 32.8888 12.3393 0
      vertex 32.7996 12.0985 0
    endloop
  endfacet
  facet normal -0.754078 0.371683 -0.541496
    outer loop
      vertex 32.6865 11.868 0
      vertex 32.0981 12 0.91
      vertex 32.2716 12.352 0.91
    endloop
  endfacet
  facet normal -0.75413 0.371556 -0.541511
    outer loop
      vertex 32.0981 12 0.91
      vertex 32.6865 11.868 0
      vertex 32.6258 11.7448 0
    endloop
  endfacet
  facet normal -0.832635 0.127618 -0.538917
    outer loop
      vertex 32.4743 13.1084 0.91
      vertex 33.063 13.1065 0
      vertex 33.0241 12.8527 0
    endloop
  endfacet
  facet normal 0.332296 0.774154 -0.538763
    outer loop
      vertex -31.0182 10.254 0
      vertex -30.648 10.7284 0.91
      vertex -30.7822 10.1527 0
    endloop
  endfacet
  facet normal 0.554058 -0.631724 -0.542167
    outer loop
      vertex -31.8857 97.5704 0
      vertex -31.6213 97.0213 0.91
      vertex -31.989 97.4798 0
    endloop
  endfacet
  facet normal 0.554016 -0.631754 -0.542174
    outer loop
      vertex -31.6213 97.0213 0.91
      vertex -31.8857 97.5704 0
      vertex -31.3263 97.28 0.91
    endloop
  endfacet
  facet normal -0.332296 0.774154 -0.538763
    outer loop
      vertex 30.648 10.7284 0.91
      vertex 31.0182 10.254 0
      vertex 30.7822 10.1527 0
    endloop
  endfacet
  facet normal -0.795082 -0.27012 -0.543028
    outer loop
      vertex 32.933 95.9306 0
      vertex 32.2716 96.048 0.91
      vertex 32.8888 96.0607 0
    endloop
  endfacet
  facet normal -0.795087 -0.270094 -0.543034
    outer loop
      vertex 32.2716 96.048 0.91
      vertex 32.933 95.9306 0
      vertex 32.3978 95.6765 0.91
    endloop
  endfacet
  facet normal -0.466628 0.698413 -0.542658
    outer loop
      vertex 31.3659 10.4394 0
      vertex 31.3263 11.12 0.91
      vertex 31.4801 10.5157 0
    endloop
  endfacet
  facet normal -0.466777 0.698347 -0.542615
    outer loop
      vertex 31.3263 11.12 0.91
      vertex 31.3659 10.4394 0
      vertex 31 10.9019 0.91
    endloop
  endfacet
  facet normal -0.2521 -0.803179 -0.539767
    outer loop
      vertex 30.2764 97.7978 0.91
      vertex 30.4072 98.3683 0
      vertex 30.6522 98.2914 0
    endloop
  endfacet
  facet normal 0.409072 0.73646 -0.538783
    outer loop
      vertex -31.3659 10.4394 0
      vertex -31 10.9019 0.91
      vertex -31.1414 10.3147 0
    endloop
  endfacet
  facet normal -0.270064 -0.795213 -0.542865
    outer loop
      vertex 30.6522 98.2914 0
      vertex 30.648 97.6716 0.91
      vertex 30.2764 97.7978 0.91
    endloop
  endfacet
  facet normal -0.269783 -0.795278 -0.542908
    outer loop
      vertex 30.648 97.6716 0.91
      vertex 30.6522 98.2914 0
      vertex 30.7822 98.2473 0
    endloop
  endfacet
  facet normal 0.0549777 -0.837715 -0.543334
    outer loop
      vertex -29.7654 98.4728 0
      vertex -29.5 97.9 0.91
      vertex -29.8916 97.8743 0.91
    endloop
  endfacet
  facet normal 0.0544273 -0.837814 -0.543236
    outer loop
      vertex -29.5 97.9 0.91
      vertex -29.7654 98.4728 0
      vertex -29.6284 98.4817 0
    endloop
  endfacet
  facet normal -0.2521 0.803179 -0.539767
    outer loop
      vertex 30.2764 10.6022 0.91
      vertex 30.6522 10.1086 0
      vertex 30.4072 10.0317 0
    endloop
  endfacet
  facet normal -0.269783 0.795278 -0.542908
    outer loop
      vertex 30.6522 10.1086 0
      vertex 30.648 10.7284 0.91
      vertex 30.7822 10.1527 0
    endloop
  endfacet
  facet normal -0.270064 0.795213 -0.542865
    outer loop
      vertex 30.648 10.7284 0.91
      vertex 30.6522 10.1086 0
      vertex 30.2764 10.6022 0.91
    endloop
  endfacet
  facet normal -0.698125 -0.466436 -0.543193
    outer loop
      vertex 32.49 96.8732 0
      vertex 31.8801 96.7263 0.91
      vertex 32.4137 96.9874 0
    endloop
  endfacet
  facet normal -0.698133 -0.466421 -0.543196
    outer loop
      vertex 31.8801 96.7263 0.91
      vertex 32.49 96.8732 0
      vertex 32.0981 96.4 0.91
    endloop
  endfacet
  facet normal 0.554016 0.631754 -0.542174
    outer loop
      vertex -31.8857 10.8296 0
      vertex -31.6213 11.3787 0.91
      vertex -31.3263 11.12 0.91
    endloop
  endfacet
  facet normal 0.554058 0.631724 -0.542167
    outer loop
      vertex -31.6213 11.3787 0.91
      vertex -31.8857 10.8296 0
      vertex -31.989 10.9202 0
    endloop
  endfacet
  facet normal -0.371115 -0.752924 -0.543488
    outer loop
      vertex 31.0182 98.146 0
      vertex 31 97.4981 0.91
      vertex 30.648 97.6716 0.91
    endloop
  endfacet
  facet normal -0.370984 -0.752968 -0.543516
    outer loop
      vertex 31 97.4981 0.91
      vertex 31.0182 98.146 0
      vertex 31.1414 98.0853 0
    endloop
  endfacet
  facet normal 0.754913 -0.370415 -0.541202
    outer loop
      vertex -32.7996 96.3015 0
      vertex -32.6865 96.532 0
      vertex -32.2716 96.048 0.91
    endloop
  endfacet
  facet normal 0.789516 -0.292462 -0.539565
    outer loop
      vertex -32.8888 96.0607 0
      vertex -32.7996 96.3015 0
      vertex -32.2716 96.048 0.91
    endloop
  endfacet
  facet normal 0.714751 0.445244 -0.539341
    outer loop
      vertex -32.6258 11.7448 0
      vertex -32.0981 12 0.91
      vertex -32.49 11.5268 0
    endloop
  endfacet
  facet normal -0.754913 0.370415 -0.541202
    outer loop
      vertex 32.2716 12.352 0.91
      vertex 32.7996 12.0985 0
      vertex 32.6865 11.868 0
    endloop
  endfacet
  facet normal -0.82335 0.163643 -0.54343
    outer loop
      vertex 33.0241 12.8527 0
      vertex 32.3978 12.7235 0.91
      vertex 32.4743 13.1084 0.91
    endloop
  endfacet
  facet normal -0.823338 0.163812 -0.543398
    outer loop
      vertex 32.3978 12.7235 0.91
      vertex 33.0241 12.8527 0
      vertex 32.9973 12.718 0
    endloop
  endfacet
  facet normal 0.169299 -0.8239 -0.540857
    outer loop
      vertex -30.4072 98.3683 0
      vertex -30.1556 98.42 0
      vertex -30.2764 97.7978 0.91
    endloop
  endfacet
  facet normal -0.75413 -0.371556 -0.541511
    outer loop
      vertex 32.6865 96.532 0
      vertex 32.0981 96.4 0.91
      vertex 32.6258 96.6552 0
    endloop
  endfacet
  facet normal -0.754078 -0.371683 -0.541496
    outer loop
      vertex 32.0981 96.4 0.91
      vertex 32.6865 96.532 0
      vertex 32.2716 96.048 0.91
    endloop
  endfacet
  facet normal -0.841178 0 -0.540758
    outer loop
      vertex 33.085 13.5 0
      vertex 32.5 94.9 0.91
      vertex 33.085 94.9 0
    endloop
  endfacet
  facet normal -0.841178 -0 -0.540758
    outer loop
      vertex 32.5 94.9 0.91
      vertex 33.085 13.5 0
      vertex 32.5 13.5 0.91
    endloop
  endfacet
  facet normal 0.2521 0.803179 -0.539767
    outer loop
      vertex -30.6522 10.1086 0
      vertex -30.2764 10.6022 0.91
      vertex -30.4072 10.0317 0
    endloop
  endfacet
  facet normal 0.270064 0.795213 -0.542865
    outer loop
      vertex -30.6522 10.1086 0
      vertex -30.648 10.7284 0.91
      vertex -30.2764 10.6022 0.91
    endloop
  endfacet
  facet normal 0.269783 0.795278 -0.542908
    outer loop
      vertex -30.648 10.7284 0.91
      vertex -30.6522 10.1086 0
      vertex -30.7822 10.1527 0
    endloop
  endfacet
  facet normal 0.815665 -0.211055 -0.538652
    outer loop
      vertex -32.9973 95.6821 0
      vertex -32.933 95.9306 0
      vertex -32.3978 95.6765 0.91
    endloop
  endfacet
  facet normal -0.795087 0.270094 -0.543034
    outer loop
      vertex 32.933 12.4694 0
      vertex 32.2716 12.352 0.91
      vertex 32.3978 12.7235 0.91
    endloop
  endfacet
  facet normal -0.795082 0.27012 -0.543028
    outer loop
      vertex 32.2716 12.352 0.91
      vertex 32.933 12.4694 0
      vertex 32.8888 12.3393 0
    endloop
  endfacet
  facet normal 0.698125 -0.466436 -0.543193
    outer loop
      vertex -31.8801 96.7263 0.91
      vertex -32.49 96.8732 0
      vertex -32.4137 96.9874 0
    endloop
  endfacet
  facet normal 0.698133 -0.466421 -0.543196
    outer loop
      vertex -32.49 96.8732 0
      vertex -31.8801 96.7263 0.91
      vertex -32.0981 96.4 0.91
    endloop
  endfacet
  facet normal 0.82335 0.163643 -0.54343
    outer loop
      vertex -32.3978 12.7235 0.91
      vertex -33.0241 12.8527 0
      vertex -32.4743 13.1084 0.91
    endloop
  endfacet
  facet normal 0.823338 0.163812 -0.543398
    outer loop
      vertex -33.0241 12.8527 0
      vertex -32.3978 12.7235 0.91
      vertex -32.9973 12.718 0
    endloop
  endfacet
  facet normal 0.81569 0.210977 -0.538645
    outer loop
      vertex -32.9973 12.718 0
      vertex -32.3978 12.7235 0.91
      vertex -32.933 12.4694 0
    endloop
  endfacet
  facet normal -0.666157 -0.515862 -0.538629
    outer loop
      vertex 31.8801 96.7263 0.91
      vertex 32.2565 97.1904 0
      vertex 32.4137 96.9874 0
    endloop
  endfacet
  facet normal 0.269783 -0.795278 -0.542908
    outer loop
      vertex -30.6522 98.2914 0
      vertex -30.648 97.6716 0.91
      vertex -30.7822 98.2473 0
    endloop
  endfacet
  facet normal 0.270064 -0.795213 -0.542865
    outer loop
      vertex -30.648 97.6716 0.91
      vertex -30.6522 98.2914 0
      vertex -30.2764 97.7978 0.91
    endloop
  endfacet
  facet normal -0.466777 -0.698347 -0.542615
    outer loop
      vertex 31.3659 97.9606 0
      vertex 31.3263 97.28 0.91
      vertex 31 97.4981 0.91
    endloop
  endfacet
  facet normal -0.466628 -0.698413 -0.542658
    outer loop
      vertex 31.3263 97.28 0.91
      vertex 31.3659 97.9606 0
      vertex 31.4801 97.8843 0
    endloop
  endfacet
  facet normal 0.332296 -0.774154 -0.538763
    outer loop
      vertex -31.0182 98.146 0
      vertex -30.7822 98.2473 0
      vertex -30.648 97.6716 0.91
    endloop
  endfacet
  facet normal 0.631125 -0.553533 -0.543399
    outer loop
      vertex -31.6213 97.0213 0.91
      vertex -32.2565 97.1904 0
      vertex -32.1659 97.2937 0
    endloop
  endfacet
  facet normal 0.631065 -0.553626 -0.543374
    outer loop
      vertex -32.2565 97.1904 0
      vertex -31.6213 97.0213 0.91
      vertex -31.8801 96.7263 0.91
    endloop
  endfacet
  facet normal -0.332296 -0.774154 -0.538763
    outer loop
      vertex 30.648 97.6716 0.91
      vertex 30.7822 98.2473 0
      vertex 31.0182 98.146 0
    endloop
  endfacet
  facet normal -0.163879 -0.824322 -0.541883
    outer loop
      vertex 30.0209 98.4468 0
      vertex 30.2764 97.7978 0.91
      vertex 29.8916 97.8743 0.91
    endloop
  endfacet
  facet normal -0.164007 -0.82432 -0.541846
    outer loop
      vertex 30.2764 97.7978 0.91
      vertex 30.0209 98.4468 0
      vertex 30.1556 98.42 0
    endloop
  endfacet
  facet normal -0.0852596 -0.83784 -0.539217
    outer loop
      vertex 29.7654 98.4728 0
      vertex 30.0209 98.4468 0
      vertex 29.8916 97.8743 0.91
    endloop
  endfacet
  facet normal 0.547945 -0.638396 -0.540561
    outer loop
      vertex -31.8857 97.5704 0
      vertex -31.6909 97.7376 0
      vertex -31.3263 97.28 0.91
    endloop
  endfacet
  facet normal 0.547945 0.638396 -0.540561
    outer loop
      vertex -31.8857 10.8296 0
      vertex -31.3263 11.12 0.91
      vertex -31.6909 10.6624 0
    endloop
  endfacet
  facet normal -0.631125 -0.553533 -0.543399
    outer loop
      vertex 32.2565 97.1904 0
      vertex 31.6213 97.0213 0.91
      vertex 32.1659 97.2937 0
    endloop
  endfacet
  facet normal -0.631065 -0.553626 -0.543374
    outer loop
      vertex 31.6213 97.0213 0.91
      vertex 32.2565 97.1904 0
      vertex 31.8801 96.7263 0.91
    endloop
  endfacet
  facet normal -0.610475 -0.580296 -0.539052
    outer loop
      vertex 31.6213 97.0213 0.91
      vertex 31.989 97.4798 0
      vertex 32.1659 97.2937 0
    endloop
  endfacet
  facet normal -0.815665 -0.211055 -0.538652
    outer loop
      vertex 32.3978 95.6765 0.91
      vertex 32.933 95.9306 0
      vertex 32.9973 95.6821 0
    endloop
  endfacet
  facet normal -0.81569 0.210977 -0.538645
    outer loop
      vertex 32.3978 12.7235 0.91
      vertex 32.9973 12.718 0
      vertex 32.933 12.4694 0
    endloop
  endfacet
  facet normal 0.754913 0.370415 -0.541202
    outer loop
      vertex -32.7996 12.0985 0
      vertex -32.2716 12.352 0.91
      vertex -32.6865 11.868 0
    endloop
  endfacet
  facet normal -0.714751 -0.445244 -0.539341
    outer loop
      vertex 32.0981 96.4 0.91
      vertex 32.49 96.8732 0
      vertex 32.6258 96.6552 0
    endloop
  endfacet
  facet normal 0.466628 -0.698413 -0.542658
    outer loop
      vertex -31.3659 97.9606 0
      vertex -31.3263 97.28 0.91
      vertex -31.4801 97.8843 0
    endloop
  endfacet
  facet normal 0.466777 -0.698347 -0.542615
    outer loop
      vertex -31.3263 97.28 0.91
      vertex -31.3659 97.9606 0
      vertex -31 97.4981 0.91
    endloop
  endfacet
  facet normal 0.480765 -0.690833 -0.540013
    outer loop
      vertex -31.6909 97.7376 0
      vertex -31.4801 97.8843 0
      vertex -31.3263 97.28 0.91
    endloop
  endfacet
  facet normal 0.666157 -0.515862 -0.538629
    outer loop
      vertex -32.4137 96.9874 0
      vertex -32.2565 97.1904 0
      vertex -31.8801 96.7263 0.91
    endloop
  endfacet
  facet normal -0.547945 -0.638396 -0.540561
    outer loop
      vertex 31.3263 97.28 0.91
      vertex 31.6909 97.7376 0
      vertex 31.8857 97.5704 0
    endloop
  endfacet
  facet normal -0.169299 -0.8239 -0.540857
    outer loop
      vertex 30.1556 98.42 0
      vertex 30.4072 98.3683 0
      vertex 30.2764 97.7978 0.91
    endloop
  endfacet
  facet normal -0.480765 -0.690833 -0.540013
    outer loop
      vertex 31.3263 97.28 0.91
      vertex 31.4801 97.8843 0
      vertex 31.6909 97.7376 0
    endloop
  endfacet
  facet normal 0.698133 0.466421 -0.543196
    outer loop
      vertex -31.8801 11.6737 0.91
      vertex -32.49 11.5268 0
      vertex -32.0981 12 0.91
    endloop
  endfacet
  facet normal 0.698125 0.466436 -0.543193
    outer loop
      vertex -32.49 11.5268 0
      vertex -31.8801 11.6737 0.91
      vertex -32.4137 11.4126 0
    endloop
  endfacet
  facet normal 0.666157 0.515862 -0.538629
    outer loop
      vertex -32.4137 11.4126 0
      vertex -31.8801 11.6737 0.91
      vertex -32.2565 11.2096 0
    endloop
  endfacet
  facet normal -0.169236 0.823914 -0.540856
    outer loop
      vertex 30.1556 9.98002 0
      vertex 30.2764 10.6022 0.91
      vertex 30.4072 10.0317 0
    endloop
  endfacet
  facet normal -0.163882 0.824338 -0.541857
    outer loop
      vertex 30.1556 9.98002 0
      vertex 29.8916 10.5257 0.91
      vertex 30.2764 10.6022 0.91
    endloop
  endfacet
  facet normal -0.164004 0.824304 -0.541872
    outer loop
      vertex 29.8916 10.5257 0.91
      vertex 30.1556 9.98002 0
      vertex 30.0209 9.95322 0
    endloop
  endfacet
  facet normal 0.2521 -0.803179 -0.539767
    outer loop
      vertex -30.6522 98.2914 0
      vertex -30.4072 98.3683 0
      vertex -30.2764 97.7978 0.91
    endloop
  endfacet
  facet normal -0.554016 -0.631754 -0.542174
    outer loop
      vertex 31.8857 97.5704 0
      vertex 31.6213 97.0213 0.91
      vertex 31.3263 97.28 0.91
    endloop
  endfacet
  facet normal -0.554058 -0.631724 -0.542167
    outer loop
      vertex 31.6213 97.0213 0.91
      vertex 31.8857 97.5704 0
      vertex 31.989 97.4798 0
    endloop
  endfacet
  facet normal -0.754913 -0.370415 -0.541202
    outer loop
      vertex 32.2716 96.048 0.91
      vertex 32.6865 96.532 0
      vertex 32.7996 96.3015 0
    endloop
  endfacet
  facet normal -0.832635 -0.127618 -0.538917
    outer loop
      vertex 32.4743 95.2916 0.91
      vertex 33.0241 95.5473 0
      vertex 33.063 95.2935 0
    endloop
  endfacet
  facet normal -0.838296 -0.0550705 -0.542428
    outer loop
      vertex 33.072 95.1565 0
      vertex 32.4743 95.2916 0.91
      vertex 33.063 95.2935 0
    endloop
  endfacet
  facet normal -0.838294 -0.0550157 -0.542435
    outer loop
      vertex 32.4743 95.2916 0.91
      vertex 33.072 95.1565 0
      vertex 32.5 94.9 0.91
    endloop
  endfacet
  facet normal -0.789516 -0.292462 -0.539565
    outer loop
      vertex 32.2716 96.048 0.91
      vertex 32.7996 96.3015 0
      vertex 32.8888 96.0607 0
    endloop
  endfacet
  facet normal 0.625105 0.343807 -0.700743
    outer loop
      vertex 44.6869 105.328 0
      vertex 45.4792 105.518 0.799999
      vertex 44.688 105.326 0
    endloop
  endfacet
  facet normal 0.631589 0.326709 -0.703105
    outer loop
      vertex 45.4792 105.518 0.799999
      vertex 44.6869 105.328 0
      vertex 45.2966 105.871 0.799999
    endloop
  endfacet
  facet normal 0.0672296 -0.704025 -0.706986
    outer loop
      vertex 41.1517 0.799923 0
      vertex 41.5471 0.837681 0
      vertex 41.4463 0.024692 0.799999
    endloop
  endfacet
  facet normal 0 0.711539 -0.702646
    outer loop
      vertex -41.5507 107.562 0
      vertex -41.6437 108.352 0.799999
      vertex -41.5483 107.562 0
    endloop
  endfacet
  facet normal -0.126754 0.698394 -0.7044
    outer loop
      vertex -41.6437 108.352 0.799999
      vertex -41.5507 107.562 0
      vertex -42.0349 108.281 0.799999
    endloop
  endfacet
  facet normal -0.0142038 -0.710189 -0.703868
    outer loop
      vertex -41.148 0.799775 0
      vertex -41.2481 0.00889912 0.799999
      vertex -41.1505 0.799825 0
    endloop
  endfacet
  facet normal -0.0141218 -0.710195 -0.703863
    outer loop
      vertex -41.2481 0.00889912 0.799999
      vertex -41.148 0.799775 0
      vertex -40.8506 0.000995064 0.799999
    endloop
  endfacet
  facet normal 0.64354 0.293504 -0.706903
    outer loop
      vertex 44.688 105.326 0
      vertex 45.4792 105.518 0.799999
      vertex 44.8531 104.964 0
    endloop
  endfacet
  facet normal 0.100633 -0.70414 -0.702894
    outer loop
      vertex 41.5495 0.838024 0
      vertex 41.4463 0.024692 0.799999
      vertex 41.5471 0.837681 0
    endloop
  endfacet
  facet normal 0.0986574 -0.704153 -0.703161
    outer loop
      vertex 41.4463 0.024692 0.799999
      vertex 41.5495 0.838024 0
      vertex 41.84 0.0798525 0.799999
    endloop
  endfacet
  facet normal -0.386746 -0.594703 -0.704809
    outer loop
      vertex -43.8405 0.920154 0.799999
      vertex -43.387 1.57335 0
      vertex -43.5072 0.703403 0.799999
    endloop
  endfacet
  facet normal -0.394799 -0.589252 -0.704923
    outer loop
      vertex -43.387 1.57335 0
      vertex -43.8405 0.920154 0.799999
      vertex -43.389 1.57469 0
    endloop
  endfacet
  facet normal 0.571401 0.421766 -0.703999
    outer loop
      vertex 44.2566 105.998 0
      vertex 44.8503 106.529 0.799999
      vertex 45.0865 106.209 0.799999
    endloop
  endfacet
  facet normal 0.567967 0.425975 -0.704244
    outer loop
      vertex 44.8503 106.529 0.799999
      vertex 44.2566 105.998 0
      vertex 44.2551 106 0
    endloop
  endfacet
  facet normal 0.0420105 -0.709637 -0.703314
    outer loop
      vertex 41.1517 0.799923 0
      vertex 41.0494 0.000995064 0.799999
      vertex 41.1492 0.799775 0
    endloop
  endfacet
  facet normal 0.0423696 -0.709649 -0.703281
    outer loop
      vertex 41.0494 0.000995064 0.799999
      vertex 41.1517 0.799923 0
      vertex 41.4463 0.024692 0.799999
    endloop
  endfacet
  facet normal 0.199491 -0.679332 -0.706195
    outer loop
      vertex 41.942 0.913727 0
      vertex 42.3231 1.02564 0
      vertex 42.2281 0.16611 0.799999
    endloop
  endfacet
  facet normal 0.154625 -0.693645 -0.703525
    outer loop
      vertex 42.2281 0.16611 0.799999
      vertex 41.9396 0.913192 0
      vertex 41.942 0.913727 0
    endloop
  endfacet
  facet normal 0.154196 -0.693775 -0.703491
    outer loop
      vertex 41.9396 0.913192 0
      vertex 42.2281 0.16611 0.799999
      vertex 41.84 0.0798525 0.799999
    endloop
  endfacet
  facet normal -0.277263 0.665432 -0.693055
    outer loop
      vertex -41.9432 107.486 0
      vertex -42.0349 108.281 0.799999
      vertex -41.9408 107.487 0
    endloop
  endfacet
  facet normal -0.182271 0.686912 -0.703512
    outer loop
      vertex -42.0349 108.281 0.799999
      vertex -41.9432 107.486 0
      vertex -42.4193 108.179 0.799999
    endloop
  endfacet
  facet normal -0.0695564 0.705552 -0.705237
    outer loop
      vertex -41.5459 107.562 0
      vertex -41.6437 108.352 0.799999
      vertex -41.2481 108.391 0.799999
    endloop
  endfacet
  facet normal 0 0.711539 -0.702646
    outer loop
      vertex -41.6437 108.352 0.799999
      vertex -41.5459 107.562 0
      vertex -41.5483 107.562 0
    endloop
  endfacet
  facet normal 0.488605 -0.512313 -0.706259
    outer loop
      vertex 43.7042 1.82255 0
      vertex 43.9916 2.09665 0
      vertex 44.3055 1.29317 0.799999
    endloop
  endfacet
  facet normal -0.294043 0.646895 -0.703609
    outer loop
      vertex -43.1577 107.886 0.799999
      vertex -42.6954 107.226 0
      vertex -42.6976 107.225 0
    endloop
  endfacet
  facet normal -0.288095 0.650271 -0.702957
    outer loop
      vertex -42.6954 107.226 0
      vertex -43.1577 107.886 0.799999
      vertex -42.7943 108.047 0.799999
    endloop
  endfacet
  facet normal -0.0673601 -0.705392 -0.70561
    outer loop
      vertex -41.5459 0.837583 0
      vertex -41.1505 0.799825 0
      vertex -41.2481 0.00889912 0.799999
    endloop
  endfacet
  facet normal -0 -0.707646 -0.706567
    outer loop
      vertex 41.1492 0.799775 0
      vertex -40.8506 0.000995064 0.799999
      vertex -41.148 0.799775 0
    endloop
  endfacet
  facet normal 0 -0.707646 -0.706567
    outer loop
      vertex -40.8506 0.000995064 0.799999
      vertex 41.1492 0.799775 0
      vertex 41.0494 0.000995064 0.799999
    endloop
  endfacet
  facet normal 0.571262 -0.421953 -0.703999
    outer loop
      vertex 44.8503 1.87146 0.799999
      vertex 44.2566 2.40242 0
      vertex 45.0865 2.19124 0.799999
    endloop
  endfacet
  facet normal 0.56689 -0.427304 -0.704306
    outer loop
      vertex 44.2566 2.40242 0
      vertex 44.8503 1.87146 0.799999
      vertex 44.2551 2.40043 0
    endloop
  endfacet
  facet normal -0.516838 -0.488125 -0.703287
    outer loop
      vertex -44.4502 1.42949 0.799999
      vertex -43.9942 2.0993 0
      vertex -43.9925 2.0975 0
    endloop
  endfacet
  facet normal -0.517547 -0.48752 -0.703185
    outer loop
      vertex -43.9942 2.0993 0
      vertex -44.4502 1.42949 0.799999
      vertex -44.7228 1.71888 0.799999
    endloop
  endfacet
  facet normal -0.133712 0.695481 -0.705994
    outer loop
      vertex -42.0349 108.281 0.799999
      vertex -41.5507 107.562 0
      vertex -41.9408 107.487 0
    endloop
  endfacet
  facet normal -0.555184 0.444147 -0.70321
    outer loop
      vertex -44.9716 106.371 0.799999
      vertex -44.2543 106.001 0
      vertex -44.2559 105.999 0
    endloop
  endfacet
  facet normal -0.554572 0.445089 -0.703097
    outer loop
      vertex -44.2543 106.001 0
      vertex -44.9716 106.371 0.799999
      vertex -44.7228 106.681 0.799999
    endloop
  endfacet
  facet normal 0.685086 0.18269 -0.705182
    outer loop
      vertex 44.9839 104.587 0
      vertex 45.7575 104.774 0.799999
      vertex 44.9847 104.584 0
    endloop
  endfacet
  facet normal 0.674539 0.221813 -0.704128
    outer loop
      vertex 45.7575 104.774 0.799999
      vertex 44.9839 104.587 0
      vertex 45.6332 105.152 0.799999
    endloop
  endfacet
  facet normal 0.674463 -0.222011 -0.704138
    outer loop
      vertex 44.9839 3.8132 0
      vertex 45.7575 3.62607 0.799999
      vertex 45.6332 3.24845 0.799999
    endloop
  endfacet
  facet normal 0.672471 -0.228926 -0.703829
    outer loop
      vertex 45.7575 3.62607 0.799999
      vertex 44.9839 3.8132 0
      vertex 44.9847 3.81555 0
    endloop
  endfacet
  facet normal 0.706135 0.0706135 -0.704547
    outer loop
      vertex 45.9145 103.995 0.799999
      vertex 45.136 103.798 0
      vertex 45.1358 103.8 0
    endloop
  endfacet
  facet normal 0.708559 0.0563627 -0.703397
    outer loop
      vertex 45.136 103.798 0
      vertex 45.9145 103.995 0.799999
      vertex 45.946 103.599 0.799999
    endloop
  endfacet
  facet normal 0.535672 -0.464134 -0.705432
    outer loop
      vertex 43.995 2.10024 0
      vertex 44.2551 2.40043 0
      vertex 44.8503 1.87146 0.799999
    endloop
  endfacet
  facet normal -0.576676 0.410081 -0.706597
    outer loop
      vertex -44.9716 106.371 0.799999
      vertex -44.2559 105.999 0
      vertex -44.4863 105.675 0
    endloop
  endfacet
  facet normal 0.263373 -0.657942 -0.705512
    outer loop
      vertex 42.3277 1.02727 0
      vertex 42.6965 1.1749 0
      vertex 42.9776 0.429584 0.799999
    endloop
  endfacet
  facet normal 0.576527 -0.410545 -0.706449
    outer loop
      vertex 44.2566 2.40242 0
      vertex 44.487 2.72597 0
      vertex 45.0865 2.19124 0.799999
    endloop
  endfacet
  facet normal -0.38191 0.596422 -0.705992
    outer loop
      vertex -43.5072 107.697 0.799999
      vertex -43.0528 107.041 0
      vertex -43.387 106.827 0
    endloop
  endfacet
  facet normal 0.133837 -0.694576 -0.70686
    outer loop
      vertex 41.5495 0.838024 0
      vertex 41.9396 0.913192 0
      vertex 41.84 0.0798525 0.799999
    endloop
  endfacet
  facet normal 0.325591 0.651181 -0.685532
    outer loop
      vertex 43.388 106.826 0
      vertex 44.0004 107.362 0.799999
      vertex 43.39 106.825 0
    endloop
  endfacet
  facet normal 0.411167 0.579924 -0.703299
    outer loop
      vertex 44.0004 107.362 0.799999
      vertex 43.388 106.826 0
      vertex 43.676 107.592 0.799999
    endloop
  endfacet
  facet normal -0.0677842 0.705313 -0.705648
    outer loop
      vertex -41.5459 107.562 0
      vertex -41.2481 108.391 0.799999
      vertex -41.1505 107.6 0
    endloop
  endfacet
  facet normal 0.700605 0.100467 -0.706441
    outer loop
      vertex 45.0793 104.194 0
      vertex 45.9145 103.995 0.799999
      vertex 45.1358 103.8 0
    endloop
  endfacet
  facet normal -0.545082 0.46332 -0.698728
    outer loop
      vertex -43.9942 106.301 0
      vertex -44.4502 106.971 0.799999
      vertex -43.9925 106.303 0
    endloop
  endfacet
  facet normal -0.518077 0.486992 -0.703161
    outer loop
      vertex -44.4502 106.971 0.799999
      vertex -43.9942 106.301 0
      vertex -44.7228 106.681 0.799999
    endloop
  endfacet
  facet normal 0.612565 0.35365 -0.706892
    outer loop
      vertex 44.4883 105.672 0
      vertex 45.2966 105.871 0.799999
      vertex 44.6869 105.328 0
    endloop
  endfacet
  facet normal 0.643316 -0.293962 -0.706916
    outer loop
      vertex 44.688 3.07426 0
      vertex 44.8531 3.43557 0
      vertex 45.4792 2.88192 0.799999
    endloop
  endfacet
  facet normal -0.382994 -0.596054 -0.705716
    outer loop
      vertex -43.5072 0.703403 0.799999
      vertex -43.387 1.57335 0
      vertex -43.0528 1.35861 0
    endloop
  endfacet
  facet normal 0.204043 -0.680142 -0.704112
    outer loop
      vertex 42.6081 0.282947 0.799999
      vertex 42.3231 1.02564 0
      vertex 42.3255 1.02636 0
    endloop
  endfacet
  facet normal 0.208636 -0.678567 -0.704286
    outer loop
      vertex 42.3231 1.02564 0
      vertex 42.6081 0.282947 0.799999
      vertex 42.2281 0.16611 0.799999
    endloop
  endfacet
  facet normal 0.655302 -0.275329 -0.703401
    outer loop
      vertex 44.8531 3.43557 0
      vertex 45.6332 3.24845 0.799999
      vertex 45.4792 2.88192 0.799999
    endloop
  endfacet
  facet normal 0.660058 -0.260549 -0.704583
    outer loop
      vertex 45.6332 3.24845 0.799999
      vertex 44.8531 3.43557 0
      vertex 44.854 3.43785 0
    endloop
  endfacet
  facet normal -0.488245 -0.511917 -0.706795
    outer loop
      vertex -44.4502 1.42949 0.799999
      vertex -43.9925 2.0975 0
      vertex -43.7051 1.82339 0
    endloop
  endfacet
  facet normal -0.696969 -0.140567 -0.703189
    outer loop
      vertex -45.8869 4.20801 0.799999
      vertex -45.0787 4.20275 0
      vertex -45.8083 3.81829 0.799999
    endloop
  endfacet
  facet normal -0.699195 -0.115094 -0.705606
    outer loop
      vertex -45.0787 4.20275 0
      vertex -45.8869 4.20801 0.799999
      vertex -45.0791 4.20518 0
    endloop
  endfacet
  facet normal -0.288315 -0.649864 -0.703243
    outer loop
      vertex -43.1577 0.513812 0.799999
      vertex -42.6954 1.17442 0
      vertex -42.7943 0.352588 0.799999
    endloop
  endfacet
  facet normal -0.293941 -0.646671 -0.703857
    outer loop
      vertex -42.6954 1.17442 0
      vertex -43.1577 0.513812 0.799999
      vertex -42.6976 1.17542 0
    endloop
  endfacet
  facet normal 0.271879 0.65251 -0.707328
    outer loop
      vertex 41.9396 107.487 0
      vertex 42.2281 108.234 0.799999
      vertex 41.942 107.486 0
    endloop
  endfacet
  facet normal 0.153772 0.69394 -0.703421
    outer loop
      vertex 42.2281 108.234 0.799999
      vertex 41.9396 107.487 0
      vertex 41.84 108.32 0.799999
    endloop
  endfacet
  facet normal 0.313639 -0.637275 -0.703926
    outer loop
      vertex 42.9776 0.429584 0.799999
      vertex 42.6987 1.17599 0
      vertex 43.3343 0.605136 0.799999
    endloop
  endfacet
  facet normal 0.31537 -0.636526 -0.70383
    outer loop
      vertex 42.6987 1.17599 0
      vertex 42.9776 0.429584 0.799999
      vertex 42.6965 1.1749 0
    endloop
  endfacet
  facet normal -0.438305 0.556255 -0.706023
    outer loop
      vertex -44.1555 107.237 0.799999
      vertex -43.391 106.824 0
      vertex -43.7032 106.578 0
    endloop
  endfacet
  facet normal 0.312896 0.637772 -0.703806
    outer loop
      vertex 42.6987 107.224 0
      vertex 42.9776 107.97 0.799999
      vertex 43.3343 107.795 0.799999
    endloop
  endfacet
  facet normal 0.293602 0.645925 -0.704683
    outer loop
      vertex 42.9776 107.97 0.799999
      vertex 42.6987 107.224 0
      vertex 42.6965 107.225 0
    endloop
  endfacet
  facet normal 0.261601 -0.65919 -0.705005
    outer loop
      vertex 42.6081 0.282947 0.799999
      vertex 42.3277 1.02727 0
      vertex 42.9776 0.429584 0.799999
    endloop
  endfacet
  facet normal 0.271125 -0.655467 -0.704879
    outer loop
      vertex 42.3277 1.02727 0
      vertex 42.6081 0.282947 0.799999
      vertex 42.3255 1.02636 0
    endloop
  endfacet
  facet normal 0.576761 0.410141 -0.706493
    outer loop
      vertex 44.2566 105.998 0
      vertex 45.0865 106.209 0.799999
      vertex 44.487 105.674 0
    endloop
  endfacet
  facet normal -0.705364 -0.0863711 -0.703564
    outer loop
      vertex -45.1357 4.59833 0
      vertex -45.9342 4.60276 0.799999
      vertex -45.136 4.60078 0
    endloop
  endfacet
  facet normal -0.70547 -0.0845313 -0.70368
    outer loop
      vertex -45.9342 4.60276 0.799999
      vertex -45.1357 4.59833 0
      vertex -45.8869 4.20801 0.799999
    endloop
  endfacet
  facet normal -0.488136 0.512009 -0.706803
    outer loop
      vertex -44.4502 106.971 0.799999
      vertex -43.7051 106.577 0
      vertex -43.9925 106.303 0
    endloop
  endfacet
  facet normal 0.535047 -0.465344 -0.70511
    outer loop
      vertex 44.5894 1.57148 0.799999
      vertex 43.995 2.10024 0
      vertex 44.8503 1.87146 0.799999
    endloop
  endfacet
  facet normal 0.537591 -0.462444 -0.705083
    outer loop
      vertex 43.995 2.10024 0
      vertex 44.5894 1.57148 0.799999
      vertex 43.9934 2.09838 0
    endloop
  endfacet
  facet normal 0.603492 -0.375651 -0.703338
    outer loop
      vertex 45.0865 2.19124 0.799999
      vertex 44.4883 2.72807 0
      vertex 45.2966 2.52877 0.799999
    endloop
  endfacet
  facet normal 0.604547 -0.374243 -0.703182
    outer loop
      vertex 44.4883 2.72807 0
      vertex 45.0865 2.19124 0.799999
      vertex 44.487 2.72597 0
    endloop
  endfacet
  facet normal 0.199587 0.679129 -0.706363
    outer loop
      vertex 41.942 107.486 0
      vertex 42.2281 108.234 0.799999
      vertex 42.3231 107.374 0
    endloop
  endfacet
  facet normal 0.535519 0.464295 -0.705442
    outer loop
      vertex 43.995 106.3 0
      vertex 44.8503 106.529 0.799999
      vertex 44.2551 106 0
    endloop
  endfacet
  facet normal 0.324257 -0.62906 -0.706499
    outer loop
      vertex 42.6987 1.17599 0
      vertex 43.0518 1.358 0
      vertex 43.3343 0.605136 0.799999
    endloop
  endfacet
  facet normal 0.668935 -0.231503 -0.706352
    outer loop
      vertex 44.854 3.43785 0
      vertex 44.9839 3.8132 0
      vertex 45.6332 3.24845 0.799999
    endloop
  endfacet
  facet normal 0.382394 -0.594942 -0.706978
    outer loop
      vertex 43.0539 1.35926 0
      vertex 43.388 1.574 0
      vertex 43.676 0.80846 0.799999
    endloop
  endfacet
  facet normal 0.488378 0.512262 -0.706452
    outer loop
      vertex 43.7042 106.577 0
      vertex 44.3055 107.107 0.799999
      vertex 43.9916 106.303 0
    endloop
  endfacet
  facet normal -0.199313 -0.678724 -0.706829
    outer loop
      vertex -42.4193 0.220752 0.799999
      vertex -42.3243 1.02598 0
      vertex -41.9432 0.914067 0
    endloop
  endfacet
  facet normal 0.363092 0.611176 -0.703298
    outer loop
      vertex 43.0539 107.041 0
      vertex 43.3343 107.795 0.799999
      vertex 43.676 107.592 0.799999
    endloop
  endfacet
  facet normal 0.30376 0.637896 -0.707686
    outer loop
      vertex 43.3343 107.795 0.799999
      vertex 43.0539 107.041 0
      vertex 43.0518 107.042 0
    endloop
  endfacet
  facet normal -0.286181 0.658215 -0.696314
    outer loop
      vertex -42.3266 107.373 0
      vertex -42.4193 108.179 0.799999
      vertex -42.3243 107.374 0
    endloop
  endfacet
  facet normal -0.236097 0.670731 -0.70312
    outer loop
      vertex -42.4193 108.179 0.799999
      vertex -42.3266 107.373 0
      vertex -42.7943 108.047 0.799999
    endloop
  endfacet
  facet normal 0.603725 0.375274 -0.703339
    outer loop
      vertex 44.4883 105.672 0
      vertex 45.0865 106.209 0.799999
      vertex 45.2966 105.871 0.799999
    endloop
  endfacet
  facet normal 0.595016 0.38676 -0.704537
    outer loop
      vertex 45.0865 106.209 0.799999
      vertex 44.4883 105.672 0
      vertex 44.487 105.674 0
    endloop
  endfacet
  facet normal -0.534454 0.463372 -0.706856
    outer loop
      vertex -44.7228 106.681 0.799999
      vertex -43.9942 106.301 0
      vertex -44.2543 106.001 0
    endloop
  endfacet
  facet normal -0.324205 -0.628958 -0.706614
    outer loop
      vertex -43.1577 0.513812 0.799999
      vertex -43.0507 1.35743 0
      vertex -42.6976 1.17542 0
    endloop
  endfacet
  facet normal -0.707543 0.033684 -0.705867
    outer loop
      vertex -45.9342 103.797 0.799999
      vertex -45.136 103.799 0
      vertex -45.1549 103.402 0
    endloop
  endfacet
  facet normal -0.0142919 0.710128 -0.703928
    outer loop
      vertex -41.148 107.6 0
      vertex -41.2481 108.391 0.799999
      vertex -40.8506 108.399 0.799999
    endloop
  endfacet
  facet normal 0 0.711095 -0.703096
    outer loop
      vertex -41.2481 108.391 0.799999
      vertex -41.148 107.6 0
      vertex -41.1505 107.6 0
    endloop
  endfacet
  facet normal -0.437775 -0.556624 -0.706062
    outer loop
      vertex -44.1555 1.16269 0.799999
      vertex -43.7032 1.82174 0
      vertex -43.391 1.5762 0
    endloop
  endfacet
  facet normal -0.465332 -0.535837 -0.704517
    outer loop
      vertex -44.1555 1.16269 0.799999
      vertex -43.7051 1.82339 0
      vertex -43.7032 1.82174 0
    endloop
  endfacet
  facet normal -0.476926 -0.526799 -0.70358
    outer loop
      vertex -43.7051 1.82339 0
      vertex -44.1555 1.16269 0.799999
      vertex -44.4502 1.42949 0.799999
    endloop
  endfacet
  facet normal 0.70115 -0.112533 -0.704078
    outer loop
      vertex 45.8515 4.01238 0.799999
      vertex 45.0793 4.2064 0
      vertex 45.9145 4.40491 0.799999
    endloop
  endfacet
  facet normal 0.700669 -0.114864 -0.704179
    outer loop
      vertex 45.0793 4.2064 0
      vertex 45.8515 4.01238 0.799999
      vertex 45.0789 4.20396 0
    endloop
  endfacet
  facet normal 0 0.707548 -0.706665
    outer loop
      vertex 41.1492 107.6 0
      vertex -40.8506 108.399 0.799999
      vertex 41.0494 108.399 0.799999
    endloop
  endfacet
  facet normal 0 0.707548 -0.706665
    outer loop
      vertex -40.8506 108.399 0.799999
      vertex 41.1492 107.6 0
      vertex -41.148 107.6 0
    endloop
  endfacet
  facet normal -0.261934 0.657151 -0.706784
    outer loop
      vertex -42.7943 108.047 0.799999
      vertex -42.3266 107.373 0
      vertex -42.6954 107.226 0
    endloop
  endfacet
  facet normal 0.455677 -0.545461 -0.703442
    outer loop
      vertex 43.7023 1.82096 0
      vertex 44.3055 1.29317 0.799999
      vertex 44.0004 1.03829 0.799999
    endloop
  endfacet
  facet normal 0.45611 -0.545037 -0.70349
    outer loop
      vertex 44.3055 1.29317 0.799999
      vertex 43.7023 1.82096 0
      vertex 43.7042 1.82255 0
    endloop
  endfacet
  facet normal 0.437162 -0.556045 -0.706898
    outer loop
      vertex 43.39 1.57543 0
      vertex 43.7023 1.82096 0
      vertex 44.0004 1.03829 0.799999
    endloop
  endfacet
  facet normal -0.68728 -0.16683 -0.706975
    outer loop
      vertex -45.8083 3.81829 0.799999
      vertex -45.0787 4.20275 0
      vertex -44.985 3.81674 0
    endloop
  endfacet
  facet normal 0.688874 0.167043 -0.705371
    outer loop
      vertex 44.9853 104.582 0
      vertex 45.8515 104.388 0.799999
      vertex 45.0789 104.196 0
    endloop
  endfacet
  facet normal 0.512338 0.486721 -0.70754
    outer loop
      vertex 43.7023 106.579 0
      vertex 44.3055 107.107 0.799999
      vertex 43.7042 106.577 0
    endloop
  endfacet
  facet normal 0.455749 0.545291 -0.703528
    outer loop
      vertex 44.3055 107.107 0.799999
      vertex 43.7023 106.579 0
      vertex 44.0004 107.362 0.799999
    endloop
  endfacet
  facet normal 0.706474 0.0336331 -0.706939
    outer loop
      vertex 45.136 103.798 0
      vertex 45.946 103.599 0.799999
      vertex 45.1549 103.401 0
    endloop
  endfacet
  facet normal 0.649461 0.292257 -0.701987
    outer loop
      vertex 44.8531 104.964 0
      vertex 45.6332 105.152 0.799999
      vertex 44.854 104.962 0
    endloop
  endfacet
  facet normal 0.655047 0.275621 -0.703524
    outer loop
      vertex 45.6332 105.152 0.799999
      vertex 44.8531 104.964 0
      vertex 45.4792 105.518 0.799999
    endloop
  endfacet
  facet normal 0.0429107 0.709635 -0.703262
    outer loop
      vertex 41.1517 107.6 0
      vertex 41.0494 108.399 0.799999
      vertex 41.4463 108.375 0.799999
    endloop
  endfacet
  facet normal 0 0.707548 -0.706665
    outer loop
      vertex 41.0494 108.399 0.799999
      vertex 41.1517 107.6 0
      vertex 41.1492 107.6 0
    endloop
  endfacet
  facet normal 0.700586 -0.100679 -0.70643
    outer loop
      vertex 45.0793 4.2064 0
      vertex 45.1358 4.59956 0
      vertex 45.9145 4.40491 0.799999
    endloop
  endfacet
  facet normal 0.363519 -0.610919 -0.7033
    outer loop
      vertex 43.3343 0.605136 0.799999
      vertex 43.0539 1.35926 0
      vertex 43.676 0.80846 0.799999
    endloop
  endfacet
  facet normal 0.365873 -0.609789 -0.70306
    outer loop
      vertex 43.0539 1.35926 0
      vertex 43.3343 0.605136 0.799999
      vertex 43.0518 1.358 0
    endloop
  endfacet
  facet normal -0.644242 -0.294199 -0.705974
    outer loop
      vertex -45.5598 3.06365 0.799999
      vertex -44.8535 3.4367 0
      vertex -44.6885 3.07538 0
    endloop
  endfacet
  facet normal -0.330607 0.628154 -0.704359
    outer loop
      vertex -43.7051 106.577 0
      vertex -44.1555 107.237 0.799999
      vertex -43.7032 106.578 0
    endloop
  endfacet
  facet normal -0.476244 0.527629 -0.70342
    outer loop
      vertex -44.1555 107.237 0.799999
      vertex -43.7051 106.577 0
      vertex -44.4502 106.971 0.799999
    endloop
  endfacet
  facet normal 0.133568 0.69473 -0.70676
    outer loop
      vertex 41.5495 107.562 0
      vertex 41.84 108.32 0.799999
      vertex 41.9396 107.487 0
    endloop
  endfacet
  facet normal -0.700261 -0.100813 -0.706733
    outer loop
      vertex -45.8869 4.20801 0.799999
      vertex -45.1357 4.59833 0
      vertex -45.0791 4.20518 0
    endloop
  endfacet
  facet normal 0.708671 -0.0576155 -0.703183
    outer loop
      vertex 45.946 4.80123 0.799999
      vertex 45.1358 4.59956 0
      vertex 45.136 4.60202 0
    endloop
  endfacet
  facet normal 0.708561 -0.0563173 -0.703399
    outer loop
      vertex 45.1358 4.59956 0
      vertex 45.946 4.80123 0.799999
      vertex 45.9145 4.40491 0.799999
    endloop
  endfacet
  facet normal 0.354267 0.637681 -0.684002
    outer loop
      vertex 43.9916 106.303 0
      vertex 44.5894 106.829 0.799999
      vertex 43.9934 106.302 0
    endloop
  endfacet
  facet normal 0.496559 0.507098 -0.704472
    outer loop
      vertex 44.5894 106.829 0.799999
      vertex 43.9916 106.303 0
      vertex 44.3055 107.107 0.799999
    endloop
  endfacet
  facet normal -0.0720319 -0.705619 -0.704921
    outer loop
      vertex -41.5459 0.837583 0
      vertex -41.6437 0.0483583 0.799999
      vertex -41.5483 0.837828 0
    endloop
  endfacet
  facet normal -0.0704003 -0.705802 -0.704903
    outer loop
      vertex -41.6437 0.0483583 0.799999
      vertex -41.5459 0.837583 0
      vertex -41.2481 0.00889912 0.799999
    endloop
  endfacet
  facet normal -0.576349 -0.410418 -0.706667
    outer loop
      vertex -44.9716 2.02901 0.799999
      vertex -44.4863 2.72496 0
      vertex -44.2559 2.40141 0
    endloop
  endfacet
  facet normal -0.338737 -0.624443 -0.703796
    outer loop
      vertex -43.5072 0.703403 0.799999
      vertex -43.0507 1.35743 0
      vertex -43.1577 0.513812 0.799999
    endloop
  endfacet
  facet normal -0.347732 -0.618845 -0.704353
    outer loop
      vertex -43.0507 1.35743 0
      vertex -43.5072 0.703403 0.799999
      vertex -43.0528 1.35861 0
    endloop
  endfacet
  facet normal 0.437671 0.555629 -0.706909
    outer loop
      vertex 43.39 106.825 0
      vertex 44.0004 107.362 0.799999
      vertex 43.7023 106.579 0
    endloop
  endfacet
  facet normal 0.411043 -0.580178 -0.703163
    outer loop
      vertex 43.388 1.574 0
      vertex 44.0004 1.03829 0.799999
      vertex 43.676 0.80846 0.799999
    endloop
  endfacet
  facet normal 0.41334 -0.578098 -0.703529
    outer loop
      vertex 44.0004 1.03829 0.799999
      vertex 43.388 1.574 0
      vertex 43.39 1.57543 0
    endloop
  endfacet
  facet normal 0.497016 -0.506999 -0.704221
    outer loop
      vertex 43.9916 2.09665 0
      vertex 44.5894 1.57148 0.799999
      vertex 44.3055 1.29317 0.799999
    endloop
  endfacet
  facet normal 0.492172 -0.512086 -0.703942
    outer loop
      vertex 44.5894 1.57148 0.799999
      vertex 43.9916 2.09665 0
      vertex 43.9934 2.09838 0
    endloop
  endfacet
  facet normal 0.70648 -0.0336546 -0.706932
    outer loop
      vertex 45.136 4.60202 0
      vertex 45.1549 4.99877 0
      vertex 45.946 4.80123 0.799999
    endloop
  endfacet
  facet normal 0.688918 -0.167049 -0.705327
    outer loop
      vertex 44.9853 3.81795 0
      vertex 45.0789 4.20396 0
      vertex 45.8515 4.01238 0.799999
    endloop
  endfacet
  facet normal 0.688919 -0.167633 -0.705187
    outer loop
      vertex 45.7575 3.62607 0.799999
      vertex 44.9853 3.81795 0
      vertex 45.8515 4.01238 0.799999
    endloop
  endfacet
  facet normal 0.687848 -0.171962 -0.705191
    outer loop
      vertex 44.9853 3.81795 0
      vertex 45.7575 3.62607 0.799999
      vertex 44.9847 3.81555 0
    endloop
  endfacet
  facet normal -0.616789 -0.350671 -0.704699
    outer loop
      vertex -45.3914 2.70353 0.799999
      vertex -44.6863 3.071 0
      vertex -45.1949 2.35791 0.799999
    endloop
  endfacet
  facet normal -0.61946 -0.345745 -0.704791
    outer loop
      vertex -44.6863 3.071 0
      vertex -45.3914 2.70353 0.799999
      vertex -44.6875 3.07315 0
    endloop
  endfacet
  facet normal -0.707542 -0.0337044 -0.705867
    outer loop
      vertex -45.9342 4.60276 0.799999
      vertex -45.1549 4.99754 0
      vertex -45.136 4.60078 0
    endloop
  endfacet
  facet normal 0.53501 0.46528 -0.70518
    outer loop
      vertex 43.995 106.3 0
      vertex 44.5894 106.829 0.799999
      vertex 44.8503 106.529 0.799999
    endloop
  endfacet
  facet normal 0.55402 0.443216 -0.704714
    outer loop
      vertex 44.5894 106.829 0.799999
      vertex 43.995 106.3 0
      vertex 43.9934 106.302 0
    endloop
  endfacet
  facet normal -0.709025 -0.0288221 -0.704594
    outer loop
      vertex -45.1549 4.99754 0
      vertex -45.95 5 0.799999
      vertex -45.155 5 0
    endloop
  endfacet
  facet normal -0.709036 -0.0282015 -0.704608
    outer loop
      vertex -45.95 5 0.799999
      vertex -45.1549 4.99754 0
      vertex -45.9342 4.60276 0.799999
    endloop
  endfacet
  facet normal 0.701178 0.112403 -0.70407
    outer loop
      vertex 45.0793 104.194 0
      vertex 45.8515 104.388 0.799999
      vertex 45.9145 103.995 0.799999
    endloop
  endfacet
  facet normal 0.695436 0.139087 -0.704999
    outer loop
      vertex 45.8515 104.388 0.799999
      vertex 45.0793 104.194 0
      vertex 45.0789 104.196 0
    endloop
  endfacet
  facet normal -0.644472 0.293751 -0.705951
    outer loop
      vertex -45.5598 105.336 0.799999
      vertex -44.6885 105.325 0
      vertex -44.8535 104.963 0
    endloop
  endfacet
  facet normal -0.709319 0 -0.704887
    outer loop
      vertex -45.155 5 0
      vertex -45.95 103.4 0.799999
      vertex -45.155 103.4 0
    endloop
  endfacet
  facet normal -0.709319 -0 -0.704887
    outer loop
      vertex -45.95 103.4 0.799999
      vertex -45.155 5 0
      vertex -45.95 5 0.799999
    endloop
  endfacet
  facet normal 0.668795 0.231671 -0.706429
    outer loop
      vertex 44.854 104.962 0
      vertex 45.6332 105.152 0.799999
      vertex 44.9839 104.587 0
    endloop
  endfacet
  facet normal 0.0676606 0.704027 -0.706943
    outer loop
      vertex 41.1517 107.6 0
      vertex 41.4463 108.375 0.799999
      vertex 41.5471 107.562 0
    endloop
  endfacet
  facet normal 0.0983907 0.704299 -0.703052
    outer loop
      vertex 41.5495 107.562 0
      vertex 41.4463 108.375 0.799999
      vertex 41.84 108.32 0.799999
    endloop
  endfacet
  facet normal 0 0.701385 -0.712783
    outer loop
      vertex 41.4463 108.375 0.799999
      vertex 41.5495 107.562 0
      vertex 41.5471 107.562 0
    endloop
  endfacet
  facet normal 0 0.732728 -0.680522
    outer loop
      vertex 42.3231 107.374 0
      vertex 42.6081 108.117 0.799999
      vertex 42.3255 107.374 0
    endloop
  endfacet
  facet normal 0.208861 0.678351 -0.704426
    outer loop
      vertex 42.6081 108.117 0.799999
      vertex 42.3231 107.374 0
      vertex 42.2281 108.234 0.799999
    endloop
  endfacet
  facet normal 0.262212 0.659097 -0.704866
    outer loop
      vertex 42.3277 107.373 0
      vertex 42.6081 108.117 0.799999
      vertex 42.9776 107.97 0.799999
    endloop
  endfacet
  facet normal 0.293823 0.64641 -0.704147
    outer loop
      vertex 42.6081 108.117 0.799999
      vertex 42.3277 107.373 0
      vertex 42.3255 107.374 0
    endloop
  endfacet
  facet normal -0.706223 0.0706223 -0.704458
    outer loop
      vertex -45.9342 103.797 0.799999
      vertex -45.1357 103.802 0
      vertex -45.136 103.799 0
    endloop
  endfacet
  facet normal -0.705503 0.0844818 -0.703653
    outer loop
      vertex -45.1357 103.802 0
      vertex -45.9342 103.797 0.799999
      vertex -45.8869 104.192 0.799999
    endloop
  endfacet
  facet normal -0.645973 0.290688 -0.705847
    outer loop
      vertex -44.8544 104.961 0
      vertex -45.5598 105.336 0.799999
      vertex -44.8535 104.963 0
    endloop
  endfacet
  facet normal -0.665475 0.249195 -0.703594
    outer loop
      vertex -45.5598 105.336 0.799999
      vertex -44.8544 104.961 0
      vertex -45.6991 104.964 0.799999
    endloop
  endfacet
  facet normal -0.427555 -0.566298 -0.70463
    outer loop
      vertex -43.8405 0.920154 0.799999
      vertex -43.391 1.5762 0
      vertex -43.389 1.57469 0
    endloop
  endfacet
  facet normal -0.432995 -0.562363 -0.70446
    outer loop
      vertex -43.391 1.5762 0
      vertex -43.8405 0.920154 0.799999
      vertex -44.1555 1.16269 0.799999
    endloop
  endfacet
  facet normal -0.613522 -0.354212 -0.705779
    outer loop
      vertex -45.1949 2.35791 0.799999
      vertex -44.6863 3.071 0
      vertex -44.4877 2.72701 0
    endloop
  endfacet
  facet normal -0.534481 -0.463117 -0.707003
    outer loop
      vertex -44.7228 1.71888 0.799999
      vertex -44.2543 2.39948 0
      vertex -43.9942 2.0993 0
    endloop
  endfacet
  facet normal 0.382652 0.594623 -0.707107
    outer loop
      vertex 43.0539 107.041 0
      vertex 43.676 107.592 0.799999
      vertex 43.388 106.826 0
    endloop
  endfacet
  facet normal -0.324301 0.629179 -0.706373
    outer loop
      vertex -43.1577 107.886 0.799999
      vertex -42.6976 107.225 0
      vertex -43.0507 107.043 0
    endloop
  endfacet
  facet normal 0.612504 -0.353625 -0.706957
    outer loop
      vertex 44.4883 2.72807 0
      vertex 44.6869 3.07206 0
      vertex 45.2966 2.52877 0.799999
    endloop
  endfacet
  facet normal 0.711051 0 -0.703141
    outer loop
      vertex 45.946 103.599 0.799999
      vertex 45.1549 4.99877 0
      vertex 45.1549 103.401 0
    endloop
  endfacet
  facet normal 0.711051 0 -0.703141
    outer loop
      vertex 45.1549 4.99877 0
      vertex 45.946 103.599 0.799999
      vertex 45.946 4.80123 0.799999
    endloop
  endfacet
  facet normal -0.647823 -0.290504 -0.704225
    outer loop
      vertex -45.3914 2.70353 0.799999
      vertex -44.6885 3.07538 0
      vertex -44.6875 3.07315 0
    endloop
  endfacet
  facet normal -0.642844 -0.300608 -0.704546
    outer loop
      vertex -44.6885 3.07538 0
      vertex -45.3914 2.70353 0.799999
      vertex -45.5598 3.06365 0.799999
    endloop
  endfacet
  facet normal 0.324218 0.629018 -0.706554
    outer loop
      vertex 42.6987 107.224 0
      vertex 43.3343 107.795 0.799999
      vertex 43.0518 107.042 0
    endloop
  endfacet
  facet normal 0.263992 0.65784 -0.705375
    outer loop
      vertex 42.3277 107.373 0
      vertex 42.9776 107.97 0.799999
      vertex 42.6965 107.225 0
    endloop
  endfacet
  facet normal -0.700269 0.100853 -0.706719
    outer loop
      vertex -45.8869 104.192 0.799999
      vertex -45.0791 104.195 0
      vertex -45.1357 103.802 0
    endloop
  endfacet
  facet normal -0.708874 0.0354437 -0.704444
    outer loop
      vertex -45.95 103.4 0.799999
      vertex -45.1549 103.402 0
      vertex -45.155 103.4 0
    endloop
  endfacet
  facet normal -0.709028 0.0282182 -0.704616
    outer loop
      vertex -45.1549 103.402 0
      vertex -45.95 103.4 0.799999
      vertex -45.9342 103.797 0.799999
    endloop
  endfacet
  facet normal -0.491204 0.515764 -0.701931
    outer loop
      vertex -43.5072 107.697 0.799999
      vertex -43.0507 107.043 0
      vertex -43.0528 107.041 0
    endloop
  endfacet
  facet normal -0.33795 0.62494 -0.703732
    outer loop
      vertex -43.0507 107.043 0
      vertex -43.5072 107.697 0.799999
      vertex -43.1577 107.886 0.799999
    endloop
  endfacet
  facet normal -0.697057 0.139411 -0.703332
    outer loop
      vertex -45.8869 104.192 0.799999
      vertex -45.0787 104.197 0
      vertex -45.0791 104.195 0
    endloop
  endfacet
  facet normal -0.696956 0.140463 -0.703223
    outer loop
      vertex -45.0787 104.197 0
      vertex -45.8869 104.192 0.799999
      vertex -45.8083 104.582 0.799999
    endloop
  endfacet
  facet normal -0.668509 0.231572 -0.706732
    outer loop
      vertex -45.6991 104.964 0.799999
      vertex -44.8544 104.961 0
      vertex -44.9843 104.586 0
    endloop
  endfacet
  facet normal 0.688876 0.167757 -0.7052
    outer loop
      vertex 44.9853 104.582 0
      vertex 45.7575 104.774 0.799999
      vertex 45.8515 104.388 0.799999
    endloop
  endfacet
  facet normal 0.679488 0.203846 -0.7048
    outer loop
      vertex 45.7575 104.774 0.799999
      vertex 44.9853 104.582 0
      vertex 44.9847 104.584 0
    endloop
  endfacet
  facet normal -0.238892 -0.670064 -0.702812
    outer loop
      vertex -42.4193 0.220752 0.799999
      vertex -42.3266 1.0268 0
      vertex -42.3243 1.02598 0
    endloop
  endfacet
  facet normal -0.235819 -0.670774 -0.703172
    outer loop
      vertex -42.3266 1.0268 0
      vertex -42.4193 0.220752 0.799999
      vertex -42.7943 0.352588 0.799999
    endloop
  endfacet
  facet normal -0.26281 -0.65658 -0.706989
    outer loop
      vertex -42.7943 0.352588 0.799999
      vertex -42.6954 1.17442 0
      vertex -42.3266 1.0268 0
    endloop
  endfacet
  facet normal 0.631607 -0.326579 -0.703149
    outer loop
      vertex 44.6869 3.07206 0
      vertex 45.4792 2.88192 0.799999
      vertex 45.2966 2.52877 0.799999
    endloop
  endfacet
  facet normal 0.634955 -0.317478 -0.704301
    outer loop
      vertex 45.4792 2.88192 0.799999
      vertex 44.6869 3.07206 0
      vertex 44.688 3.07426 0
    endloop
  endfacet
  facet normal -0.66153 -0.257739 -0.704236
    outer loop
      vertex -45.5598 3.06365 0.799999
      vertex -44.8544 3.43901 0
      vertex -44.8535 3.4367 0
    endloop
  endfacet
  facet normal -0.665518 -0.248964 -0.703635
    outer loop
      vertex -44.8544 3.43901 0
      vertex -45.5598 3.06365 0.799999
      vertex -45.6991 3.43602 0.799999
    endloop
  endfacet
  facet normal -0.668546 -0.231362 -0.706766
    outer loop
      vertex -45.6991 3.43602 0.799999
      vertex -44.9843 3.81437 0
      vertex -44.8544 3.43901 0
    endloop
  endfacet
  facet normal -0.199486 0.678787 -0.70672
    outer loop
      vertex -42.4193 108.179 0.799999
      vertex -41.9432 107.486 0
      vertex -42.3243 107.374 0
    endloop
  endfacet
  facet normal -0.687224 0.166821 -0.707032
    outer loop
      vertex -45.8083 104.582 0.799999
      vertex -44.985 104.583 0
      vertex -45.0787 104.197 0
    endloop
  endfacet
  facet normal -0.696402 0.162494 -0.699014
    outer loop
      vertex -44.985 104.583 0
      vertex -45.6991 104.964 0.799999
      vertex -44.9843 104.586 0
    endloop
  endfacet
  facet normal -0.683573 0.195409 -0.703238
    outer loop
      vertex -45.6991 104.964 0.799999
      vertex -44.985 104.583 0
      vertex -45.8083 104.582 0.799999
    endloop
  endfacet
  facet normal -0.180686 -0.687238 -0.703602
    outer loop
      vertex -42.0349 0.119129 0.799999
      vertex -41.9432 0.914067 0
      vertex -41.9408 0.913436 0
    endloop
  endfacet
  facet normal -0.181636 -0.687059 -0.703533
    outer loop
      vertex -41.9432 0.914067 0
      vertex -42.0349 0.119129 0.799999
      vertex -42.4193 0.220752 0.799999
    endloop
  endfacet
  facet normal -0.55455 -0.444884 -0.703244
    outer loop
      vertex -44.9716 2.02901 0.799999
      vertex -44.2543 2.39948 0
      vertex -44.7228 1.71888 0.799999
    endloop
  endfacet
  facet normal -0.548241 -0.4545 -0.702041
    outer loop
      vertex -44.2543 2.39948 0
      vertex -44.9716 2.02901 0.799999
      vertex -44.2559 2.40141 0
    endloop
  endfacet
  facet normal -0.681248 -0.201213 -0.703857
    outer loop
      vertex -45.6991 3.43602 0.799999
      vertex -44.985 3.81674 0
      vertex -44.9843 3.81437 0
    endloop
  endfacet
  facet normal -0.683655 -0.195294 -0.703189
    outer loop
      vertex -44.985 3.81674 0
      vertex -45.6991 3.43602 0.799999
      vertex -45.8083 3.81829 0.799999
    endloop
  endfacet
  facet normal -0.60883 0.365298 -0.704189
    outer loop
      vertex -45.3914 105.696 0.799999
      vertex -44.6863 105.329 0
      vertex -44.6875 105.327 0
    endloop
  endfacet
  facet normal -0.617038 0.350428 -0.704602
    outer loop
      vertex -44.6863 105.329 0
      vertex -45.3914 105.696 0.799999
      vertex -45.1949 106.042 0.799999
    endloop
  endfacet
  facet normal -0.63459 0.317295 -0.704713
    outer loop
      vertex -44.6885 105.325 0
      vertex -45.3914 105.696 0.799999
      vertex -44.6875 105.327 0
    endloop
  endfacet
  facet normal -0.642949 0.300757 -0.704388
    outer loop
      vertex -45.3914 105.696 0.799999
      vertex -44.6885 105.325 0
      vertex -45.5598 105.336 0.799999
    endloop
  endfacet
  facet normal -0.128012 -0.698245 -0.70432
    outer loop
      vertex -41.6437 0.0483583 0.799999
      vertex -41.5507 0.838268 0
      vertex -41.5483 0.837828 0
    endloop
  endfacet
  facet normal -0.126362 -0.698492 -0.704373
    outer loop
      vertex -41.5507 0.838268 0
      vertex -41.6437 0.0483583 0.799999
      vertex -42.0349 0.119129 0.799999
    endloop
  endfacet
  facet normal -0.133978 -0.695305 -0.706117
    outer loop
      vertex -42.0349 0.119129 0.799999
      vertex -41.9408 0.913436 0
      vertex -41.5507 0.838268 0
    endloop
  endfacet
  facet normal -0.587792 -0.39907 -0.703736
    outer loop
      vertex -45.1949 2.35791 0.799999
      vertex -44.4863 2.72496 0
      vertex -44.9716 2.02901 0.799999
    endloop
  endfacet
  facet normal -0.586796 -0.400738 -0.703619
    outer loop
      vertex -44.4863 2.72496 0
      vertex -45.1949 2.35791 0.799999
      vertex -44.4877 2.72701 0
    endloop
  endfacet
  facet normal -0.318655 0.637309 -0.701638
    outer loop
      vertex -43.391 106.824 0
      vertex -43.8405 107.48 0.799999
      vertex -43.389 106.825 0
    endloop
  endfacet
  facet normal -0.433535 0.56199 -0.704425
    outer loop
      vertex -43.8405 107.48 0.799999
      vertex -43.391 106.824 0
      vertex -44.1555 107.237 0.799999
    endloop
  endfacet
  facet normal -0.613546 0.354216 -0.705757
    outer loop
      vertex -45.1949 106.042 0.799999
      vertex -44.4877 105.673 0
      vertex -44.6863 105.329 0
    endloop
  endfacet
  facet normal -0.582563 0.407794 -0.703082
    outer loop
      vertex -45.1949 106.042 0.799999
      vertex -44.4863 105.675 0
      vertex -44.4877 105.673 0
    endloop
  endfacet
  facet normal -0.587854 0.39899 -0.703729
    outer loop
      vertex -44.4863 105.675 0
      vertex -45.1949 106.042 0.799999
      vertex -44.9716 106.371 0.799999
    endloop
  endfacet
  facet normal -0.505525 0.505525 -0.699206
    outer loop
      vertex -43.8405 107.48 0.799999
      vertex -43.387 106.827 0
      vertex -43.389 106.825 0
    endloop
  endfacet
  facet normal -0.387095 0.594556 -0.704742
    outer loop
      vertex -43.387 106.827 0
      vertex -43.8405 107.48 0.799999
      vertex -43.5072 107.697 0.799999
    endloop
  endfacet
  facet normal 0 0 -1
    outer loop
      vertex -34.2549 100.45 2.66
      vertex -34.6332 101.008 2.66
      vertex -34.3722 100.707 2.66
    endloop
  endfacet
  facet normal 0 0 -1
    outer loop
      vertex -34.2549 100.45 2.66
      vertex -34.9684 101.223 2.66
      vertex -34.6332 101.008 2.66
    endloop
  endfacet
  facet normal 0 0 -1
    outer loop
      vertex -34.2549 100.45 2.66
      vertex -35.3507 101.336 2.66
      vertex -34.9684 101.223 2.66
    endloop
  endfacet
  facet normal 0 0 -1
    outer loop
      vertex -34.2549 100.45 2.66
      vertex -35.7492 101.336 2.66
      vertex -35.3507 101.336 2.66
    endloop
  endfacet
  facet normal 0 0 -1
    outer loop
      vertex -34.2549 100.45 2.66
      vertex -36.1316 101.223 2.66
      vertex -35.7492 101.336 2.66
    endloop
  endfacet
  facet normal 0 0 -1
    outer loop
      vertex -36.8451 100.45 2.66
      vertex -36.1316 101.223 2.66
      vertex -34.2549 100.45 2.66
    endloop
  endfacet
  facet normal 0 0 -1
    outer loop
      vertex -36.1316 101.223 2.66
      vertex -36.8451 100.45 2.66
      vertex -36.4668 101.008 2.66
    endloop
  endfacet
  facet normal 0 0 -1
    outer loop
      vertex -36.4668 101.008 2.66
      vertex -36.8451 100.45 2.66
      vertex -36.7277 100.707 2.66
    endloop
  endfacet
  facet normal 0 0 -1
    outer loop
      vertex 43.2933 8.05558 2.66
      vertex 43.2933 8.84444 2.66
      vertex 43.35 8.45 2.66
    endloop
  endfacet
  facet normal 0 0 -1
    outer loop
      vertex 43.1278 7.6931 2.66
      vertex 43.2933 8.84444 2.66
      vertex 43.2933 8.05558 2.66
    endloop
  endfacet
  facet normal 0 0 -1
    outer loop
      vertex 43.1278 7.6931 2.66
      vertex 43.1278 9.20691 2.66
      vertex 43.2933 8.84444 2.66
    endloop
  endfacet
  facet normal 0 0 -1
    outer loop
      vertex 42.8668 7.39196 2.66
      vertex 43.1278 9.20691 2.66
      vertex 43.1278 7.6931 2.66
    endloop
  endfacet
  facet normal 0 0 -1
    outer loop
      vertex 41.95 9.83576 2.66
      vertex 43.1278 9.20691 2.66
      vertex 42.8668 7.39196 2.66
    endloop
  endfacet
  facet normal 0 0 -1
    outer loop
      vertex 41.95 9.83576 2.66
      vertex 42.8668 7.39196 2.66
      vertex 42.5316 7.17652 2.66
    endloop
  endfacet
  facet normal 0 0 -1
    outer loop
      vertex 43.1278 9.20691 2.66
      vertex 41.95 9.83576 2.66
      vertex 42.8668 9.50806 2.66
    endloop
  endfacet
  facet normal 0 0 -1
    outer loop
      vertex 41.95 9.83576 2.66
      vertex 42.5316 7.17652 2.66
      vertex 42.1492 7.06426 2.66
    endloop
  endfacet
  facet normal 0 0 -1
    outer loop
      vertex 42.8668 9.50806 2.66
      vertex 41.95 9.83576 2.66
      vertex 42.5316 9.7235 2.66
    endloop
  endfacet
  facet normal 0 0 -1
    outer loop
      vertex 42.5316 9.7235 2.66
      vertex 41.95 9.83576 2.66
      vertex 42.1492 9.83576 2.66
    endloop
  endfacet
  facet normal 0 0 -1
    outer loop
      vertex 41.95 9.83576 2.66
      vertex 41.94 44.2 2.66
      vertex 41.95 44.2 2.66
    endloop
  endfacet
  facet normal -0 0 -1
    outer loop
      vertex 41.95 9.83576 2.66
      vertex 40.8 9.45 2.66
      vertex 41.94 44.2 2.66
    endloop
  endfacet
  facet normal 0 0 -1
    outer loop
      vertex 40.8 9.45 2.66
      vertex 41.95 9.83576 2.66
      vertex 41.7508 7.06426 2.66
    endloop
  endfacet
  facet normal 0 0 -1
    outer loop
      vertex 41.7508 7.06426 2.66
      vertex 41.95 9.83576 2.66
      vertex 42.1492 7.06426 2.66
    endloop
  endfacet
  facet normal 0 0 -1
    outer loop
      vertex 41.95 84.2 2.66
      vertex 41.94 84.2 2.66
      vertex 41.95 98.5642 2.66
    endloop
  endfacet
  facet normal 0 0 -1
    outer loop
      vertex 43.2933 99.5556 2.66
      vertex 43.2933 100.344 2.66
      vertex 43.35 99.95 2.66
    endloop
  endfacet
  facet normal 0 0 -1
    outer loop
      vertex 43.1278 99.1931 2.66
      vertex 43.2933 100.344 2.66
      vertex 43.2933 99.5556 2.66
    endloop
  endfacet
  facet normal 0 0 -1
    outer loop
      vertex 40.7489 99.3382 2.66
      vertex 43.2933 100.344 2.66
      vertex 43.1278 99.1931 2.66
    endloop
  endfacet
  facet normal 0 0 -1
    outer loop
      vertex 40.7489 99.3382 2.66
      vertex 43.1278 99.1931 2.66
      vertex 42.8668 98.8919 2.66
    endloop
  endfacet
  facet normal -0 0 -1
    outer loop
      vertex 43.2933 100.344 2.66
      vertex 40.7489 99.3382 2.66
      vertex 43.1278 100.707 2.66
    endloop
  endfacet
  facet normal 0 0 -1
    outer loop
      vertex 41.95 98.5642 2.66
      vertex 42.8668 98.8919 2.66
      vertex 42.5316 98.6765 2.66
    endloop
  endfacet
  facet normal 0 0 -1
    outer loop
      vertex 40.7489 99.3382 2.66
      vertex 42.8668 98.8919 2.66
      vertex 41.95 98.5642 2.66
    endloop
  endfacet
  facet normal 0 0 -1
    outer loop
      vertex 41.95 98.5642 2.66
      vertex 42.5316 98.6765 2.66
      vertex 42.1492 98.5642 2.66
    endloop
  endfacet
  facet normal -0 0 -1
    outer loop
      vertex 43.1278 100.707 2.66
      vertex 40.7489 99.3382 2.66
      vertex 42.8668 101.008 2.66
    endloop
  endfacet
  facet normal -0 0 -1
    outer loop
      vertex 42.8668 101.008 2.66
      vertex 40.7489 99.3382 2.66
      vertex 42.5316 101.223 2.66
    endloop
  endfacet
  facet normal 0 0 -1
    outer loop
      vertex 40.8 98.95 2.66
      vertex 41.94 44.2 2.66
      vertex 40.8 9.45 2.66
    endloop
  endfacet
  facet normal -0 0 -1
    outer loop
      vertex 42.5316 101.223 2.66
      vertex 40.7489 99.3382 2.66
      vertex 42.1492 101.336 2.66
    endloop
  endfacet
  facet normal 0 0 -1
    outer loop
      vertex 41.94 44.2 2.66
      vertex 40.8 98.95 2.66
      vertex 41.94 84.2 2.66
    endloop
  endfacet
  facet normal 0 0 -1
    outer loop
      vertex 40.7489 9.06179 2.66
      vertex 41.7508 7.06426 2.66
      vertex 41.3684 7.17652 2.66
    endloop
  endfacet
  facet normal 0 0 -1
    outer loop
      vertex 41.94 84.2 2.66
      vertex 40.8 98.95 2.66
      vertex 41.95 98.5642 2.66
    endloop
  endfacet
  facet normal 0 0 -1
    outer loop
      vertex 40.7489 9.06179 2.66
      vertex 41.3684 7.17652 2.66
      vertex 41.0332 7.39196 2.66
    endloop
  endfacet
  facet normal 0 0 -1
    outer loop
      vertex 40.7489 99.3382 2.66
      vertex 41.95 98.5642 2.66
      vertex 40.8 98.95 2.66
    endloop
  endfacet
  facet normal -0 0 -1
    outer loop
      vertex 42.1492 101.336 2.66
      vertex 40.7489 99.3382 2.66
      vertex 41.7508 101.336 2.66
    endloop
  endfacet
  facet normal 0 0 -1
    outer loop
      vertex 40.7489 9.06179 2.66
      vertex 41.0332 7.39196 2.66
      vertex 40.7722 7.6931 2.66
    endloop
  endfacet
  facet normal 0 0 -1
    outer loop
      vertex 41.7508 7.06426 2.66
      vertex 40.7489 9.06179 2.66
      vertex 40.8 9.45 2.66
    endloop
  endfacet
  facet normal 0 0 -1
    outer loop
      vertex 40.6067 8.05558 2.66
      vertex 40.7489 9.06179 2.66
      vertex 40.7722 7.6931 2.66
    endloop
  endfacet
  facet normal 0 0 -1
    outer loop
      vertex 40.6067 8.05558 2.66
      vertex 40.599 8.7 2.66
      vertex 40.7489 9.06179 2.66
    endloop
  endfacet
  facet normal 0 0 -1
    outer loop
      vertex 40.55 8.45 2.66
      vertex 40.599 8.7 2.66
      vertex 40.6067 8.05558 2.66
    endloop
  endfacet
  facet normal 0 0 -1
    outer loop
      vertex 40.599 8.7 2.66
      vertex 40.55 8.45 2.66
      vertex 40.4072 8.45 2.66
    endloop
  endfacet
  facet normal 0 0 -1
    outer loop
      vertex 41.7508 101.336 2.66
      vertex 40.7489 99.3382 2.66
      vertex 41.3684 101.223 2.66
    endloop
  endfacet
  facet normal 0 0 -1
    outer loop
      vertex 41.3684 101.223 2.66
      vertex 40.7489 99.3382 2.66
      vertex 41.0332 101.008 2.66
    endloop
  endfacet
  facet normal 0 0 -1
    outer loop
      vertex 41.0332 101.008 2.66
      vertex 40.7489 99.3382 2.66
      vertex 40.7722 100.707 2.66
    endloop
  endfacet
  facet normal 0 0 -1
    outer loop
      vertex 40.7489 99.3382 2.66
      vertex 40.6067 100.344 2.66
      vertex 40.7722 100.707 2.66
    endloop
  endfacet
  facet normal 0 0 -1
    outer loop
      vertex 40.599 99.7 2.66
      vertex 40.6067 100.344 2.66
      vertex 40.7489 99.3382 2.66
    endloop
  endfacet
  facet normal 0 0 -1
    outer loop
      vertex 40.599 99.7 2.66
      vertex 40.55 99.95 2.66
      vertex 40.6067 100.344 2.66
    endloop
  endfacet
  facet normal -0 -0 -1
    outer loop
      vertex 40.55 99.95 2.66
      vertex 40.599 99.7 2.66
      vertex 40.4072 99.95 2.66
    endloop
  endfacet
  facet normal 0 0 -1
    outer loop
      vertex -34.6332 7.39196 2.66
      vertex -34.2549 7.95 2.66
      vertex -34.3722 7.6931 2.66
    endloop
  endfacet
  facet normal 0 0 -1
    outer loop
      vertex -34.9684 7.17652 2.66
      vertex -34.2549 7.95 2.66
      vertex -34.6332 7.39196 2.66
    endloop
  endfacet
  facet normal 0 0 -1
    outer loop
      vertex -35.3507 7.06426 2.66
      vertex -34.2549 7.95 2.66
      vertex -34.9684 7.17652 2.66
    endloop
  endfacet
  facet normal 0 0 -1
    outer loop
      vertex -35.7492 7.06426 2.66
      vertex -34.2549 7.95 2.66
      vertex -35.3507 7.06426 2.66
    endloop
  endfacet
  facet normal 0 0 -1
    outer loop
      vertex -36.1316 7.17652 2.66
      vertex -34.2549 7.95 2.66
      vertex -35.7492 7.06426 2.66
    endloop
  endfacet
  facet normal 0 0 -1
    outer loop
      vertex -36.8451 7.95 2.66
      vertex -36.1316 7.17652 2.66
      vertex -36.4668 7.39196 2.66
    endloop
  endfacet
  facet normal 0 0 -1
    outer loop
      vertex -36.8451 7.95 2.66
      vertex -36.4668 7.39196 2.66
      vertex -36.7277 7.6931 2.66
    endloop
  endfacet
  facet normal 0 0 -1
    outer loop
      vertex -36.1316 7.17652 2.66
      vertex -36.8451 7.95 2.66
      vertex -34.2549 7.95 2.66
    endloop
  endfacet
  facet normal 0 0 1
    outer loop
      vertex 43.2933 100.344 1.4
      vertex 43.2933 99.5556 1.4
      vertex 43.35 99.95 1.4
    endloop
  endfacet
  facet normal 0 0 1
    outer loop
      vertex 43.1278 100.707 1.4
      vertex 43.2933 99.5556 1.4
      vertex 43.2933 100.344 1.4
    endloop
  endfacet
  facet normal 0 0 1
    outer loop
      vertex 43.1278 100.707 1.4
      vertex 43.1278 99.1931 1.4
      vertex 43.2933 99.5556 1.4
    endloop
  endfacet
  facet normal 0 0 1
    outer loop
      vertex 42.8668 101.008 1.4
      vertex 43.1278 99.1931 1.4
      vertex 43.1278 100.707 1.4
    endloop
  endfacet
  facet normal 0 0 1
    outer loop
      vertex 41.95 98.5642 1.4
      vertex 43.1278 99.1931 1.4
      vertex 42.8668 101.008 1.4
    endloop
  endfacet
  facet normal 0 0 1
    outer loop
      vertex 41.95 98.5642 1.4
      vertex 42.8668 101.008 1.4
      vertex 42.5316 101.223 1.4
    endloop
  endfacet
  facet normal 0 0 1
    outer loop
      vertex 43.1278 99.1931 1.4
      vertex 41.95 98.5642 1.4
      vertex 42.8668 98.8919 1.4
    endloop
  endfacet
  facet normal 0 0 1
    outer loop
      vertex 41.95 98.5642 1.4
      vertex 42.5316 101.223 1.4
      vertex 42.1492 101.336 1.4
    endloop
  endfacet
  facet normal 0 0 1
    outer loop
      vertex 42.8668 98.8919 1.4
      vertex 41.95 98.5642 1.4
      vertex 42.5316 98.6765 1.4
    endloop
  endfacet
  facet normal 0 0 1
    outer loop
      vertex 42.5316 98.6765 1.4
      vertex 41.95 98.5642 1.4
      vertex 42.1492 98.5642 1.4
    endloop
  endfacet
  facet normal -0 0 1
    outer loop
      vertex 32.5 94.9 1.4
      vertex 41.95 84.2 1.4
      vertex 41.95 98.5642 1.4
    endloop
  endfacet
  facet normal 0 0 1
    outer loop
      vertex 41.95 84.2 1.4
      vertex 32.5 94.9 1.4
      vertex 41.95 44.2 1.4
    endloop
  endfacet
  facet normal -0 0 1
    outer loop
      vertex 40.55 99.95 1.4
      vertex 41.95 98.5642 1.4
      vertex 41.7508 101.336 1.4
    endloop
  endfacet
  facet normal -0 0 1
    outer loop
      vertex 41.7508 101.336 1.4
      vertex 41.95 98.5642 1.4
      vertex 42.1492 101.336 1.4
    endloop
  endfacet
  facet normal -0 0 1
    outer loop
      vertex 41.95 84.2 1.4
      vertex 44.96 44.2 1.4
      vertex 44.96 84.2 1.4
    endloop
  endfacet
  facet normal 0 0 1
    outer loop
      vertex 44.96 44.2 1.4
      vertex 41.95 84.2 1.4
      vertex 41.95 44.2 1.4
    endloop
  endfacet
  facet normal 0 0 1
    outer loop
      vertex 43.2933 8.84444 1.4
      vertex 43.2933 8.05558 1.4
      vertex 43.35 8.45 1.4
    endloop
  endfacet
  facet normal 0 0 1
    outer loop
      vertex 43.1278 9.20691 1.4
      vertex 43.2933 8.05558 1.4
      vertex 43.2933 8.84444 1.4
    endloop
  endfacet
  facet normal 0 0 1
    outer loop
      vertex 43.1278 9.20691 1.4
      vertex 43.1278 7.6931 1.4
      vertex 43.2933 8.05558 1.4
    endloop
  endfacet
  facet normal 0 0 1
    outer loop
      vertex 41.95 9.83576 1.4
      vertex 43.1278 9.20691 1.4
      vertex 42.8668 9.50806 1.4
    endloop
  endfacet
  facet normal 0 0 1
    outer loop
      vertex 43.1278 9.20691 1.4
      vertex 41.95 9.83576 1.4
      vertex 43.1278 7.6931 1.4
    endloop
  endfacet
  facet normal 0 0 1
    outer loop
      vertex 41.95 9.83576 1.4
      vertex 42.8668 9.50806 1.4
      vertex 42.5316 9.7235 1.4
    endloop
  endfacet
  facet normal 0 0 1
    outer loop
      vertex 43.1278 7.6931 1.4
      vertex 41.95 9.83576 1.4
      vertex 42.8668 7.39196 1.4
    endloop
  endfacet
  facet normal -0 0 1
    outer loop
      vertex 41.95 9.83576 1.4
      vertex 42.5316 9.7235 1.4
      vertex 42.1492 9.83576 1.4
    endloop
  endfacet
  facet normal 0 0 1
    outer loop
      vertex 42.8668 7.39196 1.4
      vertex 41.95 9.83576 1.4
      vertex 42.5316 7.17652 1.4
    endloop
  endfacet
  facet normal 0 0 1
    outer loop
      vertex 42.5316 7.17652 1.4
      vertex 41.95 9.83576 1.4
      vertex 42.1492 7.06426 1.4
    endloop
  endfacet
  facet normal 0 0 1
    outer loop
      vertex 41.95 9.83576 1.4
      vertex 41.7508 7.06426 1.4
      vertex 42.1492 7.06426 1.4
    endloop
  endfacet
  facet normal 0 0 1
    outer loop
      vertex 32.4743 95.2916 1.4
      vertex 41.95 98.5642 1.4
      vertex 40.55 99.95 1.4
    endloop
  endfacet
  facet normal 0 0 1
    outer loop
      vertex 40.55 99.95 1.4
      vertex 41.7508 101.336 1.4
      vertex 41.3684 101.223 1.4
    endloop
  endfacet
  facet normal 0 0 1
    outer loop
      vertex 32.5 13.5 1.4
      vertex 41.95 44.2 1.4
      vertex 32.5 94.9 1.4
    endloop
  endfacet
  facet normal 0 0 1
    outer loop
      vertex 40.55 99.95 1.4
      vertex 41.3684 101.223 1.4
      vertex 41.0332 101.008 1.4
    endloop
  endfacet
  facet normal 0 0 1
    outer loop
      vertex 41.95 9.83576 1.4
      vertex 40.55 8.45 1.4
      vertex 41.7508 7.06426 1.4
    endloop
  endfacet
  facet normal 0 0 1
    outer loop
      vertex 40.55 99.95 1.4
      vertex 41.0332 101.008 1.4
      vertex 40.7722 100.707 1.4
    endloop
  endfacet
  facet normal 0 0 1
    outer loop
      vertex 41.7508 7.06426 1.4
      vertex 40.55 8.45 1.4
      vertex 41.3684 7.17652 1.4
    endloop
  endfacet
  facet normal 0 0 1
    outer loop
      vertex 40.55 99.95 1.4
      vertex 40.7722 100.707 1.4
      vertex 40.6067 100.344 1.4
    endloop
  endfacet
  facet normal 0 0 1
    outer loop
      vertex 41.3684 7.17652 1.4
      vertex 40.55 8.45 1.4
      vertex 41.0332 7.39196 1.4
    endloop
  endfacet
  facet normal 0 0 1
    outer loop
      vertex 41.0332 7.39196 1.4
      vertex 40.55 8.45 1.4
      vertex 40.7722 7.6931 1.4
    endloop
  endfacet
  facet normal 0 0 1
    outer loop
      vertex 40.7722 7.6931 1.4
      vertex 40.55 8.45 1.4
      vertex 40.6067 8.05558 1.4
    endloop
  endfacet
  facet normal 0 0 1
    outer loop
      vertex 41.95 44.2 1.4
      vertex 32.5 13.5 1.4
      vertex 41.95 9.83576 1.4
    endloop
  endfacet
  facet normal 0 0 1
    outer loop
      vertex 41.95 98.5642 1.4
      vertex 32.4743 95.2916 1.4
      vertex 32.5 94.9 1.4
    endloop
  endfacet
  facet normal 0 0 1
    outer loop
      vertex 40.55 99.95 1.4
      vertex 32.3978 95.6765 1.4
      vertex 32.4743 95.2916 1.4
    endloop
  endfacet
  facet normal 0 0 1
    outer loop
      vertex 40.55 99.95 1.4
      vertex 32.2716 96.048 1.4
      vertex 32.3978 95.6765 1.4
    endloop
  endfacet
  facet normal 0 0 1
    outer loop
      vertex 40.55 99.95 1.4
      vertex 32.0981 96.4 1.4
      vertex 32.2716 96.048 1.4
    endloop
  endfacet
  facet normal 0 0 1
    outer loop
      vertex 40.55 99.95 1.4
      vertex 31.8801 96.7263 1.4
      vertex 32.0981 96.4 1.4
    endloop
  endfacet
  facet normal 0 0 1
    outer loop
      vertex 40.55 99.95 1.4
      vertex 31.6213 97.0213 1.4
      vertex 31.8801 96.7263 1.4
    endloop
  endfacet
  facet normal 0 0 1
    outer loop
      vertex 40.55 99.95 1.4
      vertex 31.3263 97.28 1.4
      vertex 31.6213 97.0213 1.4
    endloop
  endfacet
  facet normal 0 0 1
    outer loop
      vertex 40.55 99.95 1.4
      vertex 31 97.4981 1.4
      vertex 31.3263 97.28 1.4
    endloop
  endfacet
  facet normal 0 0 1
    outer loop
      vertex 40.55 99.95 1.4
      vertex 30.648 97.6716 1.4
      vertex 31 97.4981 1.4
    endloop
  endfacet
  facet normal 0 0 1
    outer loop
      vertex 40.55 99.95 1.4
      vertex 30.2764 97.7978 1.4
      vertex 30.648 97.6716 1.4
    endloop
  endfacet
  facet normal 0 0 1
    outer loop
      vertex 40.55 99.95 1.4
      vertex 29.8916 97.8743 1.4
      vertex 30.2764 97.7978 1.4
    endloop
  endfacet
  facet normal 0 0 1
    outer loop
      vertex 40.55 99.95 1.4
      vertex 29.5 97.9 1.4
      vertex 29.8916 97.8743 1.4
    endloop
  endfacet
  facet normal -0 0 1
    outer loop
      vertex -34.15 99.95 1.4
      vertex 29.5 97.9 1.4
      vertex 40.55 99.95 1.4
    endloop
  endfacet
  facet normal 0 0 1
    outer loop
      vertex -32.4743 95.2916 1.4
      vertex -35.55 98.5642 1.4
      vertex -32.5 94.9 1.4
    endloop
  endfacet
  facet normal 0 0 1
    outer loop
      vertex -32.3978 95.6765 1.4
      vertex -35.55 98.5642 1.4
      vertex -32.4743 95.2916 1.4
    endloop
  endfacet
  facet normal 0 0 1
    outer loop
      vertex -32.2716 96.048 1.4
      vertex -35.55 98.5642 1.4
      vertex -32.3978 95.6765 1.4
    endloop
  endfacet
  facet normal 0 0 1
    outer loop
      vertex -32.0981 96.4 1.4
      vertex -35.55 98.5642 1.4
      vertex -32.2716 96.048 1.4
    endloop
  endfacet
  facet normal 0 0 1
    outer loop
      vertex -31.8801 96.7263 1.4
      vertex -35.55 98.5642 1.4
      vertex -32.0981 96.4 1.4
    endloop
  endfacet
  facet normal -0 0 1
    outer loop
      vertex -35.55 98.5642 1.4
      vertex -31.8801 96.7263 1.4
      vertex -34.15 99.95 1.4
    endloop
  endfacet
  facet normal 0 0 1
    outer loop
      vertex -31.6213 97.0213 1.4
      vertex -34.15 99.95 1.4
      vertex -31.8801 96.7263 1.4
    endloop
  endfacet
  facet normal 0 0 1
    outer loop
      vertex -31.3263 97.28 1.4
      vertex -34.15 99.95 1.4
      vertex -31.6213 97.0213 1.4
    endloop
  endfacet
  facet normal 0 0 1
    outer loop
      vertex -31 97.4981 1.4
      vertex -34.15 99.95 1.4
      vertex -31.3263 97.28 1.4
    endloop
  endfacet
  facet normal 0 0 1
    outer loop
      vertex -30.648 97.6716 1.4
      vertex -34.15 99.95 1.4
      vertex -31 97.4981 1.4
    endloop
  endfacet
  facet normal 0 0 1
    outer loop
      vertex -30.2764 97.7978 1.4
      vertex -34.15 99.95 1.4
      vertex -30.648 97.6716 1.4
    endloop
  endfacet
  facet normal 0 0 1
    outer loop
      vertex -29.8916 97.8743 1.4
      vertex -34.15 99.95 1.4
      vertex -30.2764 97.7978 1.4
    endloop
  endfacet
  facet normal 0 0 1
    outer loop
      vertex -29.5 97.9 1.4
      vertex -34.15 99.95 1.4
      vertex -29.8916 97.8743 1.4
    endloop
  endfacet
  facet normal 0 0 1
    outer loop
      vertex 29.5 97.9 1.4
      vertex -34.15 99.95 1.4
      vertex -29.5 97.9 1.4
    endloop
  endfacet
  facet normal 0 0 1
    outer loop
      vertex -34.15 8.45 1.4
      vertex -35.55 9.83576 1.4
      vertex -35.3507 7.06426 1.4
    endloop
  endfacet
  facet normal 0 0 1
    outer loop
      vertex -36.1316 9.7235 1.4
      vertex -35.55 9.83576 1.4
      vertex -35.7492 9.83576 1.4
    endloop
  endfacet
  facet normal 0 0 1
    outer loop
      vertex -35.55 9.83576 1.4
      vertex -35.7492 7.06426 1.4
      vertex -35.3507 7.06426 1.4
    endloop
  endfacet
  facet normal 0 0 1
    outer loop
      vertex -36.4668 9.50806 1.4
      vertex -35.55 9.83576 1.4
      vertex -36.1316 9.7235 1.4
    endloop
  endfacet
  facet normal 0 0 1
    outer loop
      vertex -35.55 9.83576 1.4
      vertex -36.1316 7.17652 1.4
      vertex -35.7492 7.06426 1.4
    endloop
  endfacet
  facet normal 0 0 1
    outer loop
      vertex -36.7277 9.20691 1.4
      vertex -35.55 9.83576 1.4
      vertex -36.4668 9.50806 1.4
    endloop
  endfacet
  facet normal 0 0 1
    outer loop
      vertex -35.55 9.83576 1.4
      vertex -36.4668 7.39196 1.4
      vertex -36.1316 7.17652 1.4
    endloop
  endfacet
  facet normal 0 0 1
    outer loop
      vertex -35.55 9.83576 1.4
      vertex -36.7277 9.20691 1.4
      vertex -36.4668 7.39196 1.4
    endloop
  endfacet
  facet normal 0 0 1
    outer loop
      vertex -36.7277 9.20691 1.4
      vertex -36.7277 7.6931 1.4
      vertex -36.4668 7.39196 1.4
    endloop
  endfacet
  facet normal -0 0 1
    outer loop
      vertex -36.8933 8.84444 1.4
      vertex -36.7277 7.6931 1.4
      vertex -36.7277 9.20691 1.4
    endloop
  endfacet
  facet normal 0 0 1
    outer loop
      vertex -36.8933 8.84444 1.4
      vertex -36.8933 8.05558 1.4
      vertex -36.7277 7.6931 1.4
    endloop
  endfacet
  facet normal 0 -0 1
    outer loop
      vertex -36.8933 8.05558 1.4
      vertex -36.8933 8.84444 1.4
      vertex -36.95 8.45 1.4
    endloop
  endfacet
  facet normal -0 0 1
    outer loop
      vertex 32.4743 13.1084 1.4
      vertex 41.95 9.83576 1.4
      vertex 32.5 13.5 1.4
    endloop
  endfacet
  facet normal 0 0 1
    outer loop
      vertex 41.95 9.83576 1.4
      vertex 32.4743 13.1084 1.4
      vertex 40.55 8.45 1.4
    endloop
  endfacet
  facet normal -0 0 1
    outer loop
      vertex 32.3978 12.7235 1.4
      vertex 40.55 8.45 1.4
      vertex 32.4743 13.1084 1.4
    endloop
  endfacet
  facet normal -0 0 1
    outer loop
      vertex 32.2716 12.352 1.4
      vertex 40.55 8.45 1.4
      vertex 32.3978 12.7235 1.4
    endloop
  endfacet
  facet normal -0 0 1
    outer loop
      vertex 32.0981 12 1.4
      vertex 40.55 8.45 1.4
      vertex 32.2716 12.352 1.4
    endloop
  endfacet
  facet normal -0 0 1
    outer loop
      vertex 31.8801 11.6737 1.4
      vertex 40.55 8.45 1.4
      vertex 32.0981 12 1.4
    endloop
  endfacet
  facet normal -0 0 1
    outer loop
      vertex 31.6213 11.3787 1.4
      vertex 40.55 8.45 1.4
      vertex 31.8801 11.6737 1.4
    endloop
  endfacet
  facet normal -0 0 1
    outer loop
      vertex 31.3263 11.12 1.4
      vertex 40.55 8.45 1.4
      vertex 31.6213 11.3787 1.4
    endloop
  endfacet
  facet normal -0 0 1
    outer loop
      vertex 31 10.9019 1.4
      vertex 40.55 8.45 1.4
      vertex 31.3263 11.12 1.4
    endloop
  endfacet
  facet normal -0 0 1
    outer loop
      vertex 30.648 10.7284 1.4
      vertex 40.55 8.45 1.4
      vertex 31 10.9019 1.4
    endloop
  endfacet
  facet normal -0 0 1
    outer loop
      vertex 30.2764 10.6022 1.4
      vertex 40.55 8.45 1.4
      vertex 30.648 10.7284 1.4
    endloop
  endfacet
  facet normal -0 0 1
    outer loop
      vertex 29.8916 10.5257 1.4
      vertex 40.55 8.45 1.4
      vertex 30.2764 10.6022 1.4
    endloop
  endfacet
  facet normal -0 0 1
    outer loop
      vertex 29.5 10.5 1.4
      vertex 40.55 8.45 1.4
      vertex 29.8916 10.5257 1.4
    endloop
  endfacet
  facet normal 0 0 1
    outer loop
      vertex -34.15 8.45 1.4
      vertex 29.5 10.5 1.4
      vertex -29.5 10.5 1.4
    endloop
  endfacet
  facet normal 0 0 1
    outer loop
      vertex 29.5 10.5 1.4
      vertex -34.15 8.45 1.4
      vertex 40.55 8.45 1.4
    endloop
  endfacet
  facet normal 0 0 1
    outer loop
      vertex -29.8916 10.5257 1.4
      vertex -34.15 8.45 1.4
      vertex -29.5 10.5 1.4
    endloop
  endfacet
  facet normal 0 0 1
    outer loop
      vertex -30.2764 10.6022 1.4
      vertex -34.15 8.45 1.4
      vertex -29.8916 10.5257 1.4
    endloop
  endfacet
  facet normal 0 0 1
    outer loop
      vertex -30.648 10.7284 1.4
      vertex -34.15 8.45 1.4
      vertex -30.2764 10.6022 1.4
    endloop
  endfacet
  facet normal 0 0 1
    outer loop
      vertex -31 10.9019 1.4
      vertex -34.15 8.45 1.4
      vertex -30.648 10.7284 1.4
    endloop
  endfacet
  facet normal 0 0 1
    outer loop
      vertex -31.3263 11.12 1.4
      vertex -34.15 8.45 1.4
      vertex -31 10.9019 1.4
    endloop
  endfacet
  facet normal 0 0 1
    outer loop
      vertex -31.6213 11.3787 1.4
      vertex -34.15 8.45 1.4
      vertex -31.3263 11.12 1.4
    endloop
  endfacet
  facet normal 0 0 1
    outer loop
      vertex -31.8801 11.6737 1.4
      vertex -34.15 8.45 1.4
      vertex -31.6213 11.3787 1.4
    endloop
  endfacet
  facet normal 0 0 1
    outer loop
      vertex -35.55 9.83576 1.4
      vertex -31.8801 11.6737 1.4
      vertex -32.0981 12 1.4
    endloop
  endfacet
  facet normal 0 0 1
    outer loop
      vertex -35.55 9.83576 1.4
      vertex -32.0981 12 1.4
      vertex -32.2716 12.352 1.4
    endloop
  endfacet
  facet normal 0 0 1
    outer loop
      vertex -35.55 9.83576 1.4
      vertex -32.2716 12.352 1.4
      vertex -32.3978 12.7235 1.4
    endloop
  endfacet
  facet normal 0 0 1
    outer loop
      vertex -35.55 9.83576 1.4
      vertex -32.3978 12.7235 1.4
      vertex -32.4743 13.1084 1.4
    endloop
  endfacet
  facet normal 0 0 1
    outer loop
      vertex -35.55 9.83576 1.4
      vertex -32.4743 13.1084 1.4
      vertex -32.5 13.5 1.4
    endloop
  endfacet
  facet normal 0 0 1
    outer loop
      vertex -32.5 94.9 1.4
      vertex -35.55 98.5642 1.4
      vertex -32.5 13.5 1.4
    endloop
  endfacet
  facet normal 0 0 1
    outer loop
      vertex -35.55 98.5642 1.4
      vertex -34.15 99.95 1.4
      vertex -34.2067 100.344 1.4
    endloop
  endfacet
  facet normal 0 0 1
    outer loop
      vertex -35.55 9.83576 1.4
      vertex -32.5 13.5 1.4
      vertex -35.55 98.5642 1.4
    endloop
  endfacet
  facet normal 0 0 1
    outer loop
      vertex -35.55 98.5642 1.4
      vertex -34.2067 100.344 1.4
      vertex -34.3722 100.707 1.4
    endloop
  endfacet
  facet normal 0 0 1
    outer loop
      vertex -31.8801 11.6737 1.4
      vertex -35.55 9.83576 1.4
      vertex -34.15 8.45 1.4
    endloop
  endfacet
  facet normal 0 0 1
    outer loop
      vertex -35.55 98.5642 1.4
      vertex -34.3722 100.707 1.4
      vertex -34.6332 101.008 1.4
    endloop
  endfacet
  facet normal 0 0 1
    outer loop
      vertex -34.15 8.45 1.4
      vertex -35.3507 7.06426 1.4
      vertex -34.2067 8.05558 1.4
    endloop
  endfacet
  facet normal 0 0 1
    outer loop
      vertex -35.55 98.5642 1.4
      vertex -34.6332 101.008 1.4
      vertex -34.9684 101.223 1.4
    endloop
  endfacet
  facet normal 0 0 1
    outer loop
      vertex -34.2067 8.05558 1.4
      vertex -35.3507 7.06426 1.4
      vertex -34.3722 7.6931 1.4
    endloop
  endfacet
  facet normal 0 0 1
    outer loop
      vertex -35.55 98.5642 1.4
      vertex -34.9684 101.223 1.4
      vertex -35.3507 101.336 1.4
    endloop
  endfacet
  facet normal 0 0 1
    outer loop
      vertex -34.3722 7.6931 1.4
      vertex -35.3507 7.06426 1.4
      vertex -34.6332 7.39196 1.4
    endloop
  endfacet
  facet normal 0 0 1
    outer loop
      vertex -34.6332 7.39196 1.4
      vertex -35.3507 7.06426 1.4
      vertex -34.9684 7.17652 1.4
    endloop
  endfacet
  facet normal -0 0 1
    outer loop
      vertex -35.7492 101.336 1.4
      vertex -35.55 98.5642 1.4
      vertex -35.3507 101.336 1.4
    endloop
  endfacet
  facet normal -0 0 1
    outer loop
      vertex -36.1316 101.223 1.4
      vertex -35.55 98.5642 1.4
      vertex -35.7492 101.336 1.4
    endloop
  endfacet
  facet normal -0 0 1
    outer loop
      vertex -36.4668 101.008 1.4
      vertex -35.55 98.5642 1.4
      vertex -36.1316 101.223 1.4
    endloop
  endfacet
  facet normal 0 0 1
    outer loop
      vertex -35.55 98.5642 1.4
      vertex -36.1316 98.6765 1.4
      vertex -35.7492 98.5642 1.4
    endloop
  endfacet
  facet normal -0 0 1
    outer loop
      vertex -36.7277 100.707 1.4
      vertex -35.55 98.5642 1.4
      vertex -36.4668 101.008 1.4
    endloop
  endfacet
  facet normal 0 0 1
    outer loop
      vertex -35.55 98.5642 1.4
      vertex -36.4668 98.8919 1.4
      vertex -36.1316 98.6765 1.4
    endloop
  endfacet
  facet normal -0 0 1
    outer loop
      vertex -36.7277 99.1931 1.4
      vertex -35.55 98.5642 1.4
      vertex -36.7277 100.707 1.4
    endloop
  endfacet
  facet normal 0 0 1
    outer loop
      vertex -35.55 98.5642 1.4
      vertex -36.7277 99.1931 1.4
      vertex -36.4668 98.8919 1.4
    endloop
  endfacet
  facet normal -0 0 1
    outer loop
      vertex -36.8933 100.344 1.4
      vertex -36.7277 99.1931 1.4
      vertex -36.7277 100.707 1.4
    endloop
  endfacet
  facet normal 0 0 1
    outer loop
      vertex -36.8933 100.344 1.4
      vertex -36.8933 99.5556 1.4
      vertex -36.7277 99.1931 1.4
    endloop
  endfacet
  facet normal 0 -0 1
    outer loop
      vertex -36.8933 99.5556 1.4
      vertex -36.8933 100.344 1.4
      vertex -36.95 99.95 1.4
    endloop
  endfacet
  facet normal 0.909669 0.415334 0
    outer loop
      vertex 40.7722 7.6931 2.66
      vertex 40.6067 8.05558 1.4
      vertex 40.6067 8.05558 2.66
    endloop
  endfacet
  facet normal 0.909669 0.415334 0
    outer loop
      vertex 40.6067 8.05558 1.4
      vertex 40.7722 7.6931 2.66
      vertex 40.7722 7.6931 1.4
    endloop
  endfacet
  facet normal 0.755674 0.654948 0
    outer loop
      vertex 41.0332 7.39196 2.66
      vertex 40.7722 7.6931 1.4
      vertex 40.7722 7.6931 2.66
    endloop
  endfacet
  facet normal 0.755674 0.654948 0
    outer loop
      vertex 40.7722 7.6931 1.4
      vertex 41.0332 7.39196 2.66
      vertex 41.0332 7.39196 1.4
    endloop
  endfacet
  facet normal 0.540676 0.841231 -0
    outer loop
      vertex 41.3684 7.17652 1.4
      vertex 41.0332 7.39196 2.66
      vertex 41.3684 7.17652 2.66
    endloop
  endfacet
  facet normal 0.540676 0.841231 0
    outer loop
      vertex 41.0332 7.39196 2.66
      vertex 41.3684 7.17652 1.4
      vertex 41.0332 7.39196 1.4
    endloop
  endfacet
  facet normal 0.28168 0.959508 -0
    outer loop
      vertex 41.7508 7.06426 1.4
      vertex 41.3684 7.17652 2.66
      vertex 41.7508 7.06426 2.66
    endloop
  endfacet
  facet normal 0.28168 0.959508 0
    outer loop
      vertex 41.3684 7.17652 2.66
      vertex 41.7508 7.06426 1.4
      vertex 41.3684 7.17652 1.4
    endloop
  endfacet
  facet normal 0 1 -0
    outer loop
      vertex 42.1492 7.06426 1.4
      vertex 41.7508 7.06426 2.66
      vertex 42.1492 7.06426 2.66
    endloop
  endfacet
  facet normal 0 1 0
    outer loop
      vertex 41.7508 7.06426 2.66
      vertex 42.1492 7.06426 1.4
      vertex 41.7508 7.06426 1.4
    endloop
  endfacet
  facet normal -0.28168 0.959508 0
    outer loop
      vertex 42.5316 7.17652 1.4
      vertex 42.1492 7.06426 2.66
      vertex 42.5316 7.17652 2.66
    endloop
  endfacet
  facet normal -0.28168 0.959508 0
    outer loop
      vertex 42.1492 7.06426 2.66
      vertex 42.5316 7.17652 1.4
      vertex 42.1492 7.06426 1.4
    endloop
  endfacet
  facet normal -0.540676 0.841231 0
    outer loop
      vertex 42.8668 7.39196 1.4
      vertex 42.5316 7.17652 2.66
      vertex 42.8668 7.39196 2.66
    endloop
  endfacet
  facet normal -0.540676 0.841231 0
    outer loop
      vertex 42.5316 7.17652 2.66
      vertex 42.8668 7.39196 1.4
      vertex 42.5316 7.17652 1.4
    endloop
  endfacet
  facet normal -0.755674 0.654948 0
    outer loop
      vertex 42.8668 7.39196 1.4
      vertex 43.1278 7.6931 2.66
      vertex 43.1278 7.6931 1.4
    endloop
  endfacet
  facet normal -0.755674 0.654948 0
    outer loop
      vertex 43.1278 7.6931 2.66
      vertex 42.8668 7.39196 1.4
      vertex 42.8668 7.39196 2.66
    endloop
  endfacet
  facet normal -0.909669 0.415334 0
    outer loop
      vertex 43.1278 7.6931 1.4
      vertex 43.2933 8.05558 2.66
      vertex 43.2933 8.05558 1.4
    endloop
  endfacet
  facet normal -0.909669 0.415334 0
    outer loop
      vertex 43.2933 8.05558 2.66
      vertex 43.1278 7.6931 1.4
      vertex 43.1278 7.6931 2.66
    endloop
  endfacet
  facet normal -0.989825 0.142293 0
    outer loop
      vertex 43.2933 8.05558 1.4
      vertex 43.35 8.45 2.66
      vertex 43.35 8.45 1.4
    endloop
  endfacet
  facet normal -0.989825 0.142293 0
    outer loop
      vertex 43.35 8.45 2.66
      vertex 43.2933 8.05558 1.4
      vertex 43.2933 8.05558 2.66
    endloop
  endfacet
  facet normal -0.989826 -0.142286 0
    outer loop
      vertex 43.35 8.45 1.4
      vertex 43.2933 8.84444 2.66
      vertex 43.2933 8.84444 1.4
    endloop
  endfacet
  facet normal -0.989826 -0.142286 0
    outer loop
      vertex 43.2933 8.84444 2.66
      vertex 43.35 8.45 1.4
      vertex 43.35 8.45 2.66
    endloop
  endfacet
  facet normal -0.909665 -0.415343 0
    outer loop
      vertex 43.2933 8.84444 1.4
      vertex 43.1278 9.20691 2.66
      vertex 43.1278 9.20691 1.4
    endloop
  endfacet
  facet normal -0.909665 -0.415343 0
    outer loop
      vertex 43.1278 9.20691 2.66
      vertex 43.2933 8.84444 1.4
      vertex 43.2933 8.84444 2.66
    endloop
  endfacet
  facet normal -0.755685 -0.654935 0
    outer loop
      vertex 43.1278 9.20691 1.4
      vertex 42.8668 9.50806 2.66
      vertex 42.8668 9.50806 1.4
    endloop
  endfacet
  facet normal -0.755685 -0.654935 0
    outer loop
      vertex 42.8668 9.50806 2.66
      vertex 43.1278 9.20691 1.4
      vertex 43.1278 9.20691 2.66
    endloop
  endfacet
  facet normal -0.540676 -0.841231 0
    outer loop
      vertex 42.5316 9.7235 1.4
      vertex 42.8668 9.50806 2.66
      vertex 42.5316 9.7235 2.66
    endloop
  endfacet
  facet normal -0.540676 -0.841231 -0
    outer loop
      vertex 42.8668 9.50806 2.66
      vertex 42.5316 9.7235 1.4
      vertex 42.8668 9.50806 1.4
    endloop
  endfacet
  facet normal -0.28168 -0.959508 0
    outer loop
      vertex 42.1492 9.83576 1.4
      vertex 42.5316 9.7235 2.66
      vertex 42.1492 9.83576 2.66
    endloop
  endfacet
  facet normal -0.28168 -0.959508 -0
    outer loop
      vertex 42.5316 9.7235 2.66
      vertex 42.1492 9.83576 1.4
      vertex 42.5316 9.7235 1.4
    endloop
  endfacet
  facet normal 0 -1 0
    outer loop
      vertex 41.95 9.83576 1.4
      vertex 42.1492 9.83576 2.66
      vertex 41.95 9.83576 2.66
    endloop
  endfacet
  facet normal 0 -1 -0
    outer loop
      vertex 42.1492 9.83576 2.66
      vertex 41.95 9.83576 1.4
      vertex 42.1492 9.83576 1.4
    endloop
  endfacet
  facet normal -1 0 0
    outer loop
      vertex 41.95 9.83576 1.4
      vertex 41.95 44.2 2.66
      vertex 41.95 44.2 1.4
    endloop
  endfacet
  facet normal -1 -0 0
    outer loop
      vertex 41.95 44.2 2.66
      vertex 41.95 9.83576 1.4
      vertex 41.95 9.83576 2.66
    endloop
  endfacet
  facet normal -1 0 0
    outer loop
      vertex 41.95 84.2 1.4
      vertex 41.95 98.5642 2.66
      vertex 41.95 98.5642 1.4
    endloop
  endfacet
  facet normal -1 -0 0
    outer loop
      vertex 41.95 98.5642 2.66
      vertex 41.95 84.2 1.4
      vertex 41.95 84.2 2.66
    endloop
  endfacet
  facet normal 0 1 -0
    outer loop
      vertex 42.1492 98.5642 1.4
      vertex 41.95 98.5642 2.66
      vertex 42.1492 98.5642 2.66
    endloop
  endfacet
  facet normal 0 1 0
    outer loop
      vertex 41.95 98.5642 2.66
      vertex 42.1492 98.5642 1.4
      vertex 41.95 98.5642 1.4
    endloop
  endfacet
  facet normal -0.281772 0.959481 0
    outer loop
      vertex 42.5316 98.6765 1.4
      vertex 42.1492 98.5642 2.66
      vertex 42.5316 98.6765 2.66
    endloop
  endfacet
  facet normal -0.281772 0.959481 0
    outer loop
      vertex 42.1492 98.5642 2.66
      vertex 42.5316 98.6765 1.4
      vertex 42.1492 98.5642 1.4
    endloop
  endfacet
  facet normal -0.540605 0.841276 0
    outer loop
      vertex 42.8668 98.8919 1.4
      vertex 42.5316 98.6765 2.66
      vertex 42.8668 98.8919 2.66
    endloop
  endfacet
  facet normal -0.540605 0.841276 0
    outer loop
      vertex 42.5316 98.6765 2.66
      vertex 42.8668 98.8919 1.4
      vertex 42.5316 98.6765 1.4
    endloop
  endfacet
  facet normal -0.755739 0.654873 0
    outer loop
      vertex 42.8668 98.8919 1.4
      vertex 43.1278 99.1931 2.66
      vertex 43.1278 99.1931 1.4
    endloop
  endfacet
  facet normal -0.755739 0.654873 0
    outer loop
      vertex 43.1278 99.1931 2.66
      vertex 42.8668 98.8919 1.4
      vertex 42.8668 98.8919 2.66
    endloop
  endfacet
  facet normal -0.909678 0.415315 0
    outer loop
      vertex 43.1278 99.1931 1.4
      vertex 43.2933 99.5556 2.66
      vertex 43.2933 99.5556 1.4
    endloop
  endfacet
  facet normal -0.909678 0.415315 0
    outer loop
      vertex 43.2933 99.5556 2.66
      vertex 43.1278 99.1931 1.4
      vertex 43.1278 99.1931 2.66
    endloop
  endfacet
  facet normal -0.989824 0.1423 0
    outer loop
      vertex 43.2933 99.5556 1.4
      vertex 43.35 99.95 2.66
      vertex 43.35 99.95 1.4
    endloop
  endfacet
  facet normal -0.989824 0.1423 0
    outer loop
      vertex 43.35 99.95 2.66
      vertex 43.2933 99.5556 1.4
      vertex 43.2933 99.5556 2.66
    endloop
  endfacet
  facet normal -0.989803 -0.142441 0
    outer loop
      vertex 43.35 99.95 1.4
      vertex 43.2933 100.344 2.66
      vertex 43.2933 100.344 1.4
    endloop
  endfacet
  facet normal -0.989803 -0.142441 0
    outer loop
      vertex 43.2933 100.344 2.66
      vertex 43.35 99.95 1.4
      vertex 43.35 99.95 2.66
    endloop
  endfacet
  facet normal -0.909894 -0.414841 0
    outer loop
      vertex 43.2933 100.344 1.4
      vertex 43.1278 100.707 2.66
      vertex 43.1278 100.707 1.4
    endloop
  endfacet
  facet normal -0.909894 -0.414841 0
    outer loop
      vertex 43.1278 100.707 2.66
      vertex 43.2933 100.344 1.4
      vertex 43.2933 100.344 2.66
    endloop
  endfacet
  facet normal -0.755523 -0.655122 0
    outer loop
      vertex 43.1278 100.707 1.4
      vertex 42.8668 101.008 2.66
      vertex 42.8668 101.008 1.4
    endloop
  endfacet
  facet normal -0.755523 -0.655122 0
    outer loop
      vertex 42.8668 101.008 2.66
      vertex 43.1278 100.707 1.4
      vertex 43.1278 100.707 2.66
    endloop
  endfacet
  facet normal -0.539894 -0.841733 0
    outer loop
      vertex 42.5316 101.223 1.4
      vertex 42.8668 101.008 2.66
      vertex 42.5316 101.223 2.66
    endloop
  endfacet
  facet normal -0.539894 -0.841733 -0
    outer loop
      vertex 42.8668 101.008 2.66
      vertex 42.5316 101.223 1.4
      vertex 42.8668 101.008 1.4
    endloop
  endfacet
  facet normal -0.283388 -0.959005 0
    outer loop
      vertex 42.1492 101.336 1.4
      vertex 42.5316 101.223 2.66
      vertex 42.1492 101.336 2.66
    endloop
  endfacet
  facet normal -0.283388 -0.959005 -0
    outer loop
      vertex 42.5316 101.223 2.66
      vertex 42.1492 101.336 1.4
      vertex 42.5316 101.223 1.4
    endloop
  endfacet
  facet normal 0 -1 0
    outer loop
      vertex 41.7508 101.336 1.4
      vertex 42.1492 101.336 2.66
      vertex 41.7508 101.336 2.66
    endloop
  endfacet
  facet normal 0 -1 -0
    outer loop
      vertex 42.1492 101.336 2.66
      vertex 41.7508 101.336 1.4
      vertex 42.1492 101.336 1.4
    endloop
  endfacet
  facet normal 0.283388 -0.959005 0
    outer loop
      vertex 41.3684 101.223 1.4
      vertex 41.7508 101.336 2.66
      vertex 41.3684 101.223 2.66
    endloop
  endfacet
  facet normal 0.283388 -0.959005 0
    outer loop
      vertex 41.7508 101.336 2.66
      vertex 41.3684 101.223 1.4
      vertex 41.7508 101.336 1.4
    endloop
  endfacet
  facet normal 0.539894 -0.841733 0
    outer loop
      vertex 41.0332 101.008 1.4
      vertex 41.3684 101.223 2.66
      vertex 41.0332 101.008 2.66
    endloop
  endfacet
  facet normal 0.539894 -0.841733 0
    outer loop
      vertex 41.3684 101.223 2.66
      vertex 41.0332 101.008 1.4
      vertex 41.3684 101.223 1.4
    endloop
  endfacet
  facet normal 0.755523 -0.655122 0
    outer loop
      vertex 40.7722 100.707 2.66
      vertex 41.0332 101.008 1.4
      vertex 41.0332 101.008 2.66
    endloop
  endfacet
  facet normal 0.755523 -0.655122 0
    outer loop
      vertex 41.0332 101.008 1.4
      vertex 40.7722 100.707 2.66
      vertex 40.7722 100.707 1.4
    endloop
  endfacet
  facet normal 0.909894 -0.414841 0
    outer loop
      vertex 40.6067 100.344 2.66
      vertex 40.7722 100.707 1.4
      vertex 40.7722 100.707 2.66
    endloop
  endfacet
  facet normal 0.909894 -0.414841 0
    outer loop
      vertex 40.7722 100.707 1.4
      vertex 40.6067 100.344 2.66
      vertex 40.6067 100.344 1.4
    endloop
  endfacet
  facet normal 0.989803 -0.142441 0
    outer loop
      vertex 40.55 99.95 2.66
      vertex 40.6067 100.344 1.4
      vertex 40.6067 100.344 2.66
    endloop
  endfacet
  facet normal 0.989803 -0.142441 0
    outer loop
      vertex 40.6067 100.344 1.4
      vertex 40.55 99.95 2.66
      vertex 40.55 99.95 1.4
    endloop
  endfacet
  facet normal 0 -1 0
    outer loop
      vertex -34.15 99.95 2.65
      vertex -34.15 99.95 1.4
      vertex 40.4072 99.95 2.65
    endloop
  endfacet
  facet normal 0 -1 0
    outer loop
      vertex 40.4072 99.95 2.65
      vertex 40.55 99.95 2.66
      vertex 40.4072 99.95 2.66
    endloop
  endfacet
  facet normal 0 -1 0
    outer loop
      vertex 40.4072 99.95 2.65
      vertex 40.55 99.95 1.4
      vertex 40.55 99.95 2.66
    endloop
  endfacet
  facet normal 0 -1 0
    outer loop
      vertex 40.55 99.95 1.4
      vertex 40.4072 99.95 2.65
      vertex -34.15 99.95 1.4
    endloop
  endfacet
  facet normal -0.989803 -0.142441 0
    outer loop
      vertex -34.15 99.95 1.4
      vertex -34.2067 100.344 2.65
      vertex -34.2067 100.344 1.4
    endloop
  endfacet
  facet normal -0.989803 -0.142441 0
    outer loop
      vertex -34.2067 100.344 2.65
      vertex -34.15 99.95 1.4
      vertex -34.15 99.95 2.65
    endloop
  endfacet
  facet normal -0.909723 -0.415216 0
    outer loop
      vertex -34.3722 100.707 1.4
      vertex -34.2549 100.45 2.65
      vertex -34.3722 100.707 2.66
    endloop
  endfacet
  facet normal -0.909894 -0.414841 9.30448e-05
    outer loop
      vertex -34.2067 100.344 1.4
      vertex -34.2549 100.45 2.65
      vertex -34.3722 100.707 1.4
    endloop
  endfacet
  facet normal -0.910308 -0.413932 0
    outer loop
      vertex -34.2549 100.45 2.65
      vertex -34.2067 100.344 1.4
      vertex -34.2067 100.344 2.65
    endloop
  endfacet
  facet normal -0.909723 -0.415216 0
    outer loop
      vertex -34.3722 100.707 2.66
      vertex -34.2549 100.45 2.65
      vertex -34.2549 100.45 2.66
    endloop
  endfacet
  facet normal -0.755523 -0.655122 0
    outer loop
      vertex -34.3722 100.707 1.4
      vertex -34.6332 101.008 2.66
      vertex -34.6332 101.008 1.4
    endloop
  endfacet
  facet normal -0.755523 -0.655122 0
    outer loop
      vertex -34.6332 101.008 2.66
      vertex -34.3722 100.707 1.4
      vertex -34.3722 100.707 2.66
    endloop
  endfacet
  facet normal -0.539894 -0.841733 0
    outer loop
      vertex -34.9684 101.223 1.4
      vertex -34.6332 101.008 2.66
      vertex -34.9684 101.223 2.66
    endloop
  endfacet
  facet normal -0.539894 -0.841733 -0
    outer loop
      vertex -34.6332 101.008 2.66
      vertex -34.9684 101.223 1.4
      vertex -34.6332 101.008 1.4
    endloop
  endfacet
  facet normal -0.283456 -0.958985 0
    outer loop
      vertex -35.3507 101.336 1.4
      vertex -34.9684 101.223 2.66
      vertex -35.3507 101.336 2.66
    endloop
  endfacet
  facet normal -0.283456 -0.958985 -0
    outer loop
      vertex -34.9684 101.223 2.66
      vertex -35.3507 101.336 1.4
      vertex -34.9684 101.223 1.4
    endloop
  endfacet
  facet normal 0 -1 0
    outer loop
      vertex -35.7492 101.336 1.4
      vertex -35.3507 101.336 2.66
      vertex -35.7492 101.336 2.66
    endloop
  endfacet
  facet normal 0 -1 -0
    outer loop
      vertex -35.3507 101.336 2.66
      vertex -35.7492 101.336 1.4
      vertex -35.3507 101.336 1.4
    endloop
  endfacet
  facet normal 0.283388 -0.959005 0
    outer loop
      vertex -36.1316 101.223 1.4
      vertex -35.7492 101.336 2.66
      vertex -36.1316 101.223 2.66
    endloop
  endfacet
  facet normal 0.283388 -0.959005 0
    outer loop
      vertex -35.7492 101.336 2.66
      vertex -36.1316 101.223 1.4
      vertex -35.7492 101.336 1.4
    endloop
  endfacet
  facet normal 0.539894 -0.841733 0
    outer loop
      vertex -36.4668 101.008 1.4
      vertex -36.1316 101.223 2.66
      vertex -36.4668 101.008 2.66
    endloop
  endfacet
  facet normal 0.539894 -0.841733 0
    outer loop
      vertex -36.1316 101.223 2.66
      vertex -36.4668 101.008 1.4
      vertex -36.1316 101.223 1.4
    endloop
  endfacet
  facet normal 0.755648 -0.654978 0
    outer loop
      vertex -36.7277 100.707 2.66
      vertex -36.4668 101.008 1.4
      vertex -36.4668 101.008 2.66
    endloop
  endfacet
  facet normal 0.755648 -0.654978 0
    outer loop
      vertex -36.4668 101.008 1.4
      vertex -36.7277 100.707 2.66
      vertex -36.7277 100.707 1.4
    endloop
  endfacet
  facet normal 0.909589 -0.415509 0
    outer loop
      vertex -36.8451 100.45 2.65
      vertex -36.7277 100.707 2.66
      vertex -36.8451 100.45 2.66
    endloop
  endfacet
  facet normal 0.909589 -0.415509 0
    outer loop
      vertex -36.7277 100.707 2.66
      vertex -36.8451 100.45 2.65
      vertex -36.7277 100.707 1.4
    endloop
  endfacet
  facet normal 0.910308 -0.413932 0
    outer loop
      vertex -36.8933 100.344 1.4
      vertex -36.8451 100.45 2.65
      vertex -36.8933 100.344 2.65
    endloop
  endfacet
  facet normal 0.909799 -0.415049 0.000114289
    outer loop
      vertex -36.8451 100.45 2.65
      vertex -36.8933 100.344 1.4
      vertex -36.7277 100.707 1.4
    endloop
  endfacet
  facet normal 0.989803 -0.142441 0
    outer loop
      vertex -36.95 99.95 2.65
      vertex -36.8933 100.344 1.4
      vertex -36.8933 100.344 2.65
    endloop
  endfacet
  facet normal 0.989803 -0.142441 0
    outer loop
      vertex -36.8933 100.344 1.4
      vertex -36.95 99.95 2.65
      vertex -36.95 99.95 1.4
    endloop
  endfacet
  facet normal 0.989824 0.1423 0
    outer loop
      vertex -36.8933 99.5556 2.65
      vertex -36.95 99.95 1.4
      vertex -36.95 99.95 2.65
    endloop
  endfacet
  facet normal 0.989824 0.1423 0
    outer loop
      vertex -36.95 99.95 1.4
      vertex -36.8933 99.5556 2.65
      vertex -36.8933 99.5556 1.4
    endloop
  endfacet
  facet normal 0.909583 0.415523 0
    outer loop
      vertex -36.7277 99.1931 2.65
      vertex -36.8933 99.5556 1.4
      vertex -36.8933 99.5556 2.65
    endloop
  endfacet
  facet normal 0.909583 0.415523 0
    outer loop
      vertex -36.8933 99.5556 1.4
      vertex -36.7277 99.1931 2.65
      vertex -36.7277 99.1931 1.4
    endloop
  endfacet
  facet normal 0.755863 0.65473 0
    outer loop
      vertex -36.4668 98.8919 2.65
      vertex -36.7277 99.1931 1.4
      vertex -36.7277 99.1931 2.65
    endloop
  endfacet
  facet normal 0.755863 0.65473 0
    outer loop
      vertex -36.7277 99.1931 1.4
      vertex -36.4668 98.8919 2.65
      vertex -36.4668 98.8919 1.4
    endloop
  endfacet
  facet normal 0.540605 0.841276 -0
    outer loop
      vertex -36.1316 98.6765 1.4
      vertex -36.4668 98.8919 2.65
      vertex -36.1316 98.6765 2.65
    endloop
  endfacet
  facet normal 0.540605 0.841276 0
    outer loop
      vertex -36.4668 98.8919 2.65
      vertex -36.1316 98.6765 1.4
      vertex -36.4668 98.8919 1.4
    endloop
  endfacet
  facet normal 0.281772 0.959481 -0
    outer loop
      vertex -35.7492 98.5642 1.4
      vertex -36.1316 98.6765 2.65
      vertex -35.7492 98.5642 2.65
    endloop
  endfacet
  facet normal 0.281772 0.959481 0
    outer loop
      vertex -36.1316 98.6765 2.65
      vertex -35.7492 98.5642 1.4
      vertex -36.1316 98.6765 1.4
    endloop
  endfacet
  facet normal 0 1 -0
    outer loop
      vertex -35.55 98.5642 1.4
      vertex -35.7492 98.5642 2.65
      vertex -35.55 98.5642 2.65
    endloop
  endfacet
  facet normal 0 1 0
    outer loop
      vertex -35.7492 98.5642 2.65
      vertex -35.55 98.5642 1.4
      vertex -35.7492 98.5642 1.4
    endloop
  endfacet
  facet normal 1 -0 0
    outer loop
      vertex -35.55 9.83576 2.65
      vertex -35.55 98.5642 1.4
      vertex -35.55 98.5642 2.65
    endloop
  endfacet
  facet normal 1 0 0
    outer loop
      vertex -35.55 98.5642 1.4
      vertex -35.55 9.83576 2.65
      vertex -35.55 9.83576 1.4
    endloop
  endfacet
  facet normal 0 -1 0
    outer loop
      vertex -35.7492 9.83576 1.4
      vertex -35.55 9.83576 2.65
      vertex -35.7492 9.83576 2.65
    endloop
  endfacet
  facet normal 0 -1 -0
    outer loop
      vertex -35.55 9.83576 2.65
      vertex -35.7492 9.83576 1.4
      vertex -35.55 9.83576 1.4
    endloop
  endfacet
  facet normal 0.28168 -0.959508 0
    outer loop
      vertex -36.1316 9.7235 1.4
      vertex -35.7492 9.83576 2.65
      vertex -36.1316 9.7235 2.65
    endloop
  endfacet
  facet normal 0.28168 -0.959508 0
    outer loop
      vertex -35.7492 9.83576 2.65
      vertex -36.1316 9.7235 1.4
      vertex -35.7492 9.83576 1.4
    endloop
  endfacet
  facet normal 0.540676 -0.841231 0
    outer loop
      vertex -36.4668 9.50806 1.4
      vertex -36.1316 9.7235 2.65
      vertex -36.4668 9.50806 2.65
    endloop
  endfacet
  facet normal 0.540676 -0.841231 0
    outer loop
      vertex -36.1316 9.7235 2.65
      vertex -36.4668 9.50806 1.4
      vertex -36.1316 9.7235 1.4
    endloop
  endfacet
  facet normal 0.755809 -0.654792 0
    outer loop
      vertex -36.7277 9.20691 2.65
      vertex -36.4668 9.50806 1.4
      vertex -36.4668 9.50806 2.65
    endloop
  endfacet
  facet normal 0.755809 -0.654792 0
    outer loop
      vertex -36.4668 9.50806 1.4
      vertex -36.7277 9.20691 2.65
      vertex -36.7277 9.20691 1.4
    endloop
  endfacet
  facet normal 0.90957 -0.415551 0
    outer loop
      vertex -36.8933 8.84444 2.65
      vertex -36.7277 9.20691 1.4
      vertex -36.7277 9.20691 2.65
    endloop
  endfacet
  facet normal 0.90957 -0.415551 0
    outer loop
      vertex -36.7277 9.20691 1.4
      vertex -36.8933 8.84444 2.65
      vertex -36.8933 8.84444 1.4
    endloop
  endfacet
  facet normal 0.989826 -0.142286 0
    outer loop
      vertex -36.95 8.45 2.65
      vertex -36.8933 8.84444 1.4
      vertex -36.8933 8.84444 2.65
    endloop
  endfacet
  facet normal 0.989826 -0.142286 0
    outer loop
      vertex -36.8933 8.84444 1.4
      vertex -36.95 8.45 2.65
      vertex -36.95 8.45 1.4
    endloop
  endfacet
  facet normal 0.989825 0.142293 0
    outer loop
      vertex -36.8933 8.05558 2.65
      vertex -36.95 8.45 1.4
      vertex -36.95 8.45 2.65
    endloop
  endfacet
  facet normal 0.989825 0.142293 0
    outer loop
      vertex -36.95 8.45 1.4
      vertex -36.8933 8.05558 2.65
      vertex -36.8933 8.05558 1.4
    endloop
  endfacet
  facet normal 0.909528 0.415643 0
    outer loop
      vertex -36.8451 7.95 2.66
      vertex -36.7277 7.6931 2.66
      vertex -36.8451 7.95 2.65
    endloop
  endfacet
  facet normal 0.909687 0.415295 0
    outer loop
      vertex -36.8451 7.95 2.65
      vertex -36.8933 8.05558 1.4
      vertex -36.8933 8.05558 2.65
    endloop
  endfacet
  facet normal 0.909528 0.415643 -0
    outer loop
      vertex -36.7277 7.6931 1.4
      vertex -36.8451 7.95 2.65
      vertex -36.7277 7.6931 2.66
    endloop
  endfacet
  facet normal 0.909574 0.415542 2.51172e-05
    outer loop
      vertex -36.8451 7.95 2.65
      vertex -36.7277 7.6931 1.4
      vertex -36.8933 8.05558 1.4
    endloop
  endfacet
  facet normal 0.755798 0.654804 0
    outer loop
      vertex -36.4668 7.39196 2.66
      vertex -36.7277 7.6931 1.4
      vertex -36.7277 7.6931 2.66
    endloop
  endfacet
  facet normal 0.755798 0.654804 0
    outer loop
      vertex -36.7277 7.6931 1.4
      vertex -36.4668 7.39196 2.66
      vertex -36.4668 7.39196 1.4
    endloop
  endfacet
  facet normal 0.540676 0.841231 -0
    outer loop
      vertex -36.1316 7.17652 1.4
      vertex -36.4668 7.39196 2.66
      vertex -36.1316 7.17652 2.66
    endloop
  endfacet
  facet normal 0.540676 0.841231 0
    outer loop
      vertex -36.4668 7.39196 2.66
      vertex -36.1316 7.17652 1.4
      vertex -36.4668 7.39196 1.4
    endloop
  endfacet
  facet normal 0.28168 0.959508 -0
    outer loop
      vertex -35.7492 7.06426 1.4
      vertex -36.1316 7.17652 2.66
      vertex -35.7492 7.06426 2.66
    endloop
  endfacet
  facet normal 0.28168 0.959508 0
    outer loop
      vertex -36.1316 7.17652 2.66
      vertex -35.7492 7.06426 1.4
      vertex -36.1316 7.17652 1.4
    endloop
  endfacet
  facet normal 0 1 -0
    outer loop
      vertex -35.3507 7.06426 1.4
      vertex -35.7492 7.06426 2.66
      vertex -35.3507 7.06426 2.66
    endloop
  endfacet
  facet normal 0 1 0
    outer loop
      vertex -35.7492 7.06426 2.66
      vertex -35.3507 7.06426 1.4
      vertex -35.7492 7.06426 1.4
    endloop
  endfacet
  facet normal -0.281748 0.959489 0
    outer loop
      vertex -34.9684 7.17652 1.4
      vertex -35.3507 7.06426 2.66
      vertex -34.9684 7.17652 2.66
    endloop
  endfacet
  facet normal -0.281748 0.959489 0
    outer loop
      vertex -35.3507 7.06426 2.66
      vertex -34.9684 7.17652 1.4
      vertex -35.3507 7.06426 1.4
    endloop
  endfacet
  facet normal -0.540676 0.841231 0
    outer loop
      vertex -34.6332 7.39196 1.4
      vertex -34.9684 7.17652 2.66
      vertex -34.6332 7.39196 2.66
    endloop
  endfacet
  facet normal -0.540676 0.841231 0
    outer loop
      vertex -34.9684 7.17652 2.66
      vertex -34.6332 7.39196 1.4
      vertex -34.9684 7.17652 1.4
    endloop
  endfacet
  facet normal -0.755674 0.654948 0
    outer loop
      vertex -34.6332 7.39196 1.4
      vertex -34.3722 7.6931 2.66
      vertex -34.3722 7.6931 1.4
    endloop
  endfacet
  facet normal -0.755674 0.654948 0
    outer loop
      vertex -34.3722 7.6931 2.66
      vertex -34.6332 7.39196 1.4
      vertex -34.6332 7.39196 2.66
    endloop
  endfacet
  facet normal -0.909687 0.415295 0
    outer loop
      vertex -34.2067 8.05558 1.4
      vertex -34.2549 7.95 2.65
      vertex -34.2067 8.05558 2.65
    endloop
  endfacet
  facet normal -0.909669 0.415334 3.92296e-06
    outer loop
      vertex -34.3722 7.6931 1.4
      vertex -34.2549 7.95 2.65
      vertex -34.2067 8.05558 1.4
    endloop
  endfacet
  facet normal -0.909662 0.41535 0
    outer loop
      vertex -34.3722 7.6931 2.66
      vertex -34.2549 7.95 2.65
      vertex -34.3722 7.6931 1.4
    endloop
  endfacet
  facet normal -0.909662 0.41535 0
    outer loop
      vertex -34.2549 7.95 2.65
      vertex -34.3722 7.6931 2.66
      vertex -34.2549 7.95 2.66
    endloop
  endfacet
  facet normal -0.989825 0.142293 0
    outer loop
      vertex -34.2067 8.05558 1.4
      vertex -34.15 8.45 2.65
      vertex -34.15 8.45 1.4
    endloop
  endfacet
  facet normal -0.989825 0.142293 0
    outer loop
      vertex -34.15 8.45 2.65
      vertex -34.2067 8.05558 1.4
      vertex -34.2067 8.05558 2.65
    endloop
  endfacet
  facet normal 0 1 0
    outer loop
      vertex 40.55 8.45 2.66
      vertex 40.4072 8.45 2.65
      vertex 40.4072 8.45 2.66
    endloop
  endfacet
  facet normal 0 1 -0
    outer loop
      vertex 40.55 8.45 1.4
      vertex 40.4072 8.45 2.65
      vertex 40.55 8.45 2.66
    endloop
  endfacet
  facet normal 0 1 0
    outer loop
      vertex -34.15 8.45 1.4
      vertex 40.4072 8.45 2.65
      vertex 40.55 8.45 1.4
    endloop
  endfacet
  facet normal 0 1 0
    outer loop
      vertex 40.4072 8.45 2.65
      vertex -34.15 8.45 1.4
      vertex -34.15 8.45 2.65
    endloop
  endfacet
  facet normal 0.989825 0.142293 0
    outer loop
      vertex 40.6067 8.05558 2.66
      vertex 40.55 8.45 1.4
      vertex 40.55 8.45 2.66
    endloop
  endfacet
  facet normal 0.989825 0.142293 0
    outer loop
      vertex 40.55 8.45 1.4
      vertex 40.6067 8.05558 2.66
      vertex 40.6067 8.05558 1.4
    endloop
  endfacet
  facet normal 0 1 0
    outer loop
      vertex 44.96 44.2 5.45
      vertex 41.95 44.2 2.66
      vertex 41.94 44.2 5.45
    endloop
  endfacet
  facet normal 0 1 -0
    outer loop
      vertex 44.96 44.2 1.4
      vertex 41.95 44.2 2.66
      vertex 44.96 44.2 5.45
    endloop
  endfacet
  facet normal 0 1 0
    outer loop
      vertex 41.95 44.2 2.66
      vertex 44.96 44.2 1.4
      vertex 41.95 44.2 1.4
    endloop
  endfacet
  facet normal 0 1 0
    outer loop
      vertex 41.94 44.2 5.45
      vertex 41.95 44.2 2.66
      vertex 41.94 44.2 2.66
    endloop
  endfacet
  facet normal 0 0 -1
    outer loop
      vertex 41.94 44.2 5.45
      vertex 44.96 84.2 5.45
      vertex 44.96 44.2 5.45
    endloop
  endfacet
  facet normal -0 0 -1
    outer loop
      vertex 44.96 84.2 5.45
      vertex 41.94 44.2 5.45
      vertex 41.94 84.2 5.45
    endloop
  endfacet
  facet normal -1 0 0
    outer loop
      vertex 44.96 44.2 1.4
      vertex 44.96 84.2 5.45
      vertex 44.96 84.2 1.4
    endloop
  endfacet
  facet normal -1 -0 0
    outer loop
      vertex 44.96 84.2 5.45
      vertex 44.96 44.2 1.4
      vertex 44.96 44.2 5.45
    endloop
  endfacet
  facet normal 1 -0 0
    outer loop
      vertex 41.94 44.2 5.45
      vertex 41.94 84.2 2.66
      vertex 41.94 84.2 5.45
    endloop
  endfacet
  facet normal 1 0 0
    outer loop
      vertex 41.94 84.2 2.66
      vertex 41.94 44.2 5.45
      vertex 41.94 44.2 2.66
    endloop
  endfacet
  facet normal 0 -1 0
    outer loop
      vertex 41.95 84.2 2.66
      vertex 41.94 84.2 5.45
      vertex 41.94 84.2 2.66
    endloop
  endfacet
  facet normal 0 -1 0
    outer loop
      vertex 41.94 84.2 5.45
      vertex 41.95 84.2 2.66
      vertex 44.96 84.2 5.45
    endloop
  endfacet
  facet normal 0 -1 0
    outer loop
      vertex 44.96 84.2 1.4
      vertex 41.95 84.2 2.66
      vertex 41.95 84.2 1.4
    endloop
  endfacet
  facet normal 0 -1 0
    outer loop
      vertex 41.95 84.2 2.66
      vertex 44.96 84.2 1.4
      vertex 44.96 84.2 5.45
    endloop
  endfacet
  facet normal 0.681804 0.184867 0.70779
    outer loop
      vertex 45.8063 104.574 23.0136
      vertex 45.245 104.399 23.6
      vertex 45.8087 104.564 23.0139
    endloop
  endfacet
  facet normal 0.681252 0.186757 0.707826
    outer loop
      vertex 45.245 104.399 23.6
      vertex 45.8063 104.574 23.0136
      vertex 45.2132 104.515 23.6
    endloop
  endfacet
  facet normal 0.706022 0 0.70819
    outer loop
      vertex 45.358 103.46 23.6
      vertex 45.946 4.99496 23.0138
      vertex 45.946 103.405 23.0138
    endloop
  endfacet
  facet normal 0.706022 0 0.70819
    outer loop
      vertex 45.946 4.99496 23.0138
      vertex 45.358 103.46 23.6
      vertex 45.358 4.93995 23.6
    endloop
  endfacet
  facet normal 0.694178 0.137903 0.70647
    outer loop
      vertex 45.245 104.399 23.6
      vertex 45.8515 104.388 23.0062
      vertex 45.8087 104.564 23.0139
    endloop
  endfacet
  facet normal 0.694147 0.13793 0.706495
    outer loop
      vertex 45.8515 104.388 23.0062
      vertex 45.2988 104.128 23.6
      vertex 45.884 104.185 23.0139
    endloop
  endfacet
  facet normal 0.694186 0.137813 0.70648
    outer loop
      vertex 45.8515 104.388 23.0062
      vertex 45.245 104.399 23.6
      vertex 45.2988 104.128 23.6
    endloop
  endfacet
  facet normal -0.681071 0.191932 0.706615
    outer loop
      vertex -45.8083 104.582 23.0095
      vertex -45.1562 104.722 23.6
      vertex -45.7055 104.942 23.0108
    endloop
  endfacet
  facet normal -0.681066 0.19224 0.706536
    outer loop
      vertex -45.1562 104.722 23.6
      vertex -45.8083 104.582 23.0095
      vertex -45.231 104.457 23.6
    endloop
  endfacet
  facet normal -0.682691 0.185651 0.70673
    outer loop
      vertex -45.231 104.457 23.6
      vertex -45.8083 104.582 23.0095
      vertex -45.8108 104.569 23.0105
    endloop
  endfacet
  facet normal -0.0282038 0.705983 0.707667
    outer loop
      vertex -41.2481 108.391 23.0071
      vertex -41.04 107.805 23.6
      vertex -40.9574 108.397 23.0127
    endloop
  endfacet
  facet normal -0.025653 0.706483 0.707265
    outer loop
      vertex -41.2481 108.391 23.0071
      vertex -41.3154 107.795 23.6
      vertex -41.04 107.805 23.6
    endloop
  endfacet
  facet normal -0.0235836 0.706402 0.707418
    outer loop
      vertex -41.3154 107.795 23.6
      vertex -41.2481 108.391 23.0071
      vertex -41.3437 108.382 23.0129
    endloop
  endfacet
  facet normal 0.680259 -0.192096 0.707352
    outer loop
      vertex 45.2132 3.88548 23.6
      vertex 45.7575 3.62607 23.0061
      vertex 45.8063 3.8265 23.0136
    endloop
  endfacet
  facet normal 0.680369 -0.191805 0.707326
    outer loop
      vertex 45.1384 3.62015 23.6
      vertex 45.7575 3.62607 23.0061
      vertex 45.2132 3.88548 23.6
    endloop
  endfacet
  facet normal 0.68038 -0.191715 0.707339
    outer loop
      vertex 45.7575 3.62607 23.0061
      vertex 45.1384 3.62015 23.6
      vertex 45.7011 3.45469 23.0139
    endloop
  endfacet
  facet normal -0.707107 0 0.707107
    outer loop
      vertex -45.95 103.4 23.01
      vertex -45.36 5 23.6
      vertex -45.36 103.4 23.6
    endloop
  endfacet
  facet normal -0.707107 0 0.707107
    outer loop
      vertex -45.36 5 23.6
      vertex -45.95 103.4 23.01
      vertex -45.95 5 23.01
    endloop
  endfacet
  facet normal 0.296158 -0.642804 0.706465
    outer loop
      vertex 42.9224 1.05621 23.6
      vertex 42.9776 0.429584 23.0067
      vertex 43.2159 0.546849 23.0135
    endloop
  endfacet
  facet normal 0.296279 -0.642773 0.706443
    outer loop
      vertex 42.672 0.940791 23.6
      vertex 42.9776 0.429584 23.0067
      vertex 42.9224 1.05621 23.6
    endloop
  endfacet
  facet normal 0.296454 -0.64268 0.706454
    outer loop
      vertex 42.9776 0.429584 23.0067
      vertex 42.672 0.940791 23.6
      vertex 42.865 0.384899 23.0133
    endloop
  endfacet
  facet normal 0.193403 0.681006 0.706276
    outer loop
      vertex 42.2281 108.234 23.0068
      vertex 42.3013 107.598 23.6
      vertex 42.4931 108.152 23.0133
    endloop
  endfacet
  facet normal 0.193793 0.680677 0.706486
    outer loop
      vertex 42.036 107.673 23.6
      vertex 42.2281 108.234 23.0068
      vertex 42.1212 108.258 23.013
    endloop
  endfacet
  facet normal 0.192538 0.68107 0.706451
    outer loop
      vertex 42.2281 108.234 23.0068
      vertex 42.036 107.673 23.6
      vertex 42.3013 107.598 23.6
    endloop
  endfacet
  facet normal -0 0.706507 0.707706
    outer loop
      vertex -40.8506 108.399 23.011
      vertex 40.98 107.809 23.6
      vertex 40.9524 108.399 23.011
    endloop
  endfacet
  facet normal 0 0.706507 0.707706
    outer loop
      vertex -40.8506 108.399 23.011
      vertex -40.92 107.809 23.6
      vertex 40.98 107.809 23.6
    endloop
  endfacet
  facet normal -0.000707265 0.706548 0.707665
    outer loop
      vertex -40.92 107.809 23.6
      vertex -40.8506 108.399 23.011
      vertex -40.9475 108.397 23.0129
    endloop
  endfacet
  facet normal 0 -0.706801 0.707413
    outer loop
      vertex 40.98 0.590505 23.6
      vertex -40.8506 0.000995064 23.011
      vertex 40.9524 0.000995064 23.011
    endloop
  endfacet
  facet normal 0 -0.706801 0.707413
    outer loop
      vertex -40.92 0.590505 23.6
      vertex -40.8506 0.000995064 23.011
      vertex 40.98 0.590505 23.6
    endloop
  endfacet
  facet normal -0.000188927 -0.706812 0.707402
    outer loop
      vertex -40.8506 0.000995064 23.011
      vertex -40.92 0.590505 23.6
      vertex -40.9475 0.00292255 23.0129
    endloop
  endfacet
  facet normal -0.555808 -0.438228 0.706423
    outer loop
      vertex -44.9716 2.02901 23.0086
      vertex -44.3253 2.16264 23.6
      vertex -44.496 2.37914 23.6
    endloop
  endfacet
  facet normal -0.55587 -0.43809 0.70646
    outer loop
      vertex -44.3253 2.16264 23.6
      vertex -44.9716 2.02901 23.0086
      vertex -44.7526 1.75597 23.0116
    endloop
  endfacet
  facet normal -0.555185 -0.439044 0.706406
    outer loop
      vertex -44.9716 2.02901 23.0086
      vertex -44.496 2.37914 23.6
      vertex -44.9923 2.05953 23.0113
    endloop
  endfacet
  facet normal -0.588158 0.392254 0.707253
    outer loop
      vertex -45.1949 106.042 23.0087
      vertex -44.5639 105.922 23.6
      vertex -44.9977 106.333 23.0113
    endloop
  endfacet
  facet normal -0.587774 0.393218 0.707037
    outer loop
      vertex -44.5639 105.922 23.6
      vertex -45.1949 106.042 23.0087
      vertex -44.7171 105.693 23.6
    endloop
  endfacet
  facet normal -0.585983 0.395773 0.707098
    outer loop
      vertex -44.7171 105.693 23.6
      vertex -45.1949 106.042 23.0087
      vertex -45.2127 106.011 23.0113
    endloop
  endfacet
  facet normal 0.243979 0.663343 0.707425
    outer loop
      vertex 42.6081 108.117 23.0067
      vertex 42.5599 107.502 23.6
      vertex 42.8557 108.019 23.0132
    endloop
  endfacet
  facet normal 0.242789 0.664454 0.706791
    outer loop
      vertex 42.3013 107.598 23.6
      vertex 42.6081 108.117 23.0067
      vertex 42.4931 108.152 23.0133
    endloop
  endfacet
  facet normal 0.246083 0.662887 0.707124
    outer loop
      vertex 42.6081 108.117 23.0067
      vertex 42.3013 107.598 23.6
      vertex 42.5599 107.502 23.6
    endloop
  endfacet
  facet normal -0.555742 0.43805 0.706585
    outer loop
      vertex -44.9716 106.371 23.0086
      vertex -44.3253 106.237 23.6
      vertex -44.7526 106.644 23.0116
    endloop
  endfacet
  facet normal -0.555363 0.438891 0.706362
    outer loop
      vertex -44.3253 106.237 23.6
      vertex -44.9716 106.371 23.0086
      vertex -44.496 106.021 23.6
    endloop
  endfacet
  facet normal -0.558651 0.434563 0.706445
    outer loop
      vertex -44.496 106.021 23.6
      vertex -44.9716 106.371 23.0086
      vertex -44.9923 106.34 23.0113
    endloop
  endfacet
  facet normal 0.272784 0.65191 0.707532
    outer loop
      vertex 42.8557 108.019 23.0132
      vertex 42.672 107.459 23.6
      vertex 42.865 108.015 23.0133
    endloop
  endfacet
  facet normal 0.252847 0.659166 0.708215
    outer loop
      vertex 42.672 107.459 23.6
      vertex 42.8557 108.019 23.0132
      vertex 42.5599 107.502 23.6
    endloop
  endfacet
  facet normal -0.0143012 0.706158 0.70791
    outer loop
      vertex -40.9574 108.397 23.0127
      vertex -40.92 107.809 23.6
      vertex -40.9475 108.397 23.0129
    endloop
  endfacet
  facet normal -0.0235247 0.705741 0.70808
    outer loop
      vertex -40.92 107.809 23.6
      vertex -40.9574 108.397 23.0127
      vertex -41.04 107.805 23.6
    endloop
  endfacet
  facet normal 0.418762 -0.568421 0.708192
    outer loop
      vertex 43.4974 1.40179 23.6
      vertex 43.8913 0.961014 23.0133
      vertex 43.5941 1.47303 23.6
    endloop
  endfacet
  facet normal 0.418812 -0.56838 0.708195
    outer loop
      vertex 43.8913 0.961014 23.0133
      vertex 43.4974 1.40179 23.6
      vertex 43.8831 0.955221 23.0135
    endloop
  endfacet
  facet normal -0.138006 -0.693813 0.706808
    outer loop
      vertex -42.0349 0.119129 23.0074
      vertex -41.7076 0.657725 23.6
      vertex -41.978 0.71151 23.6
    endloop
  endfacet
  facet normal -0.138077 -0.693785 0.706822
    outer loop
      vertex -41.7076 0.657725 23.6
      vertex -42.0349 0.119129 23.0074
      vertex -41.7373 0.0653003 23.0127
    endloop
  endfacet
  facet normal -0.13838 -0.693758 0.706789
    outer loop
      vertex -42.0349 0.119129 23.0074
      vertex -41.978 0.71151 23.6
      vertex -42.1165 0.140703 23.0126
    endloop
  endfacet
  facet normal 0.617229 0.345652 0.70679
    outer loop
      vertex 44.746 105.64 23.6
      vertex 45.2966 105.871 23.0062
      vertex 45.2132 106.005 23.0135
    endloop
  endfacet
  facet normal 0.617486 0.345126 0.706823
    outer loop
      vertex 44.8807 105.399 23.6
      vertex 45.2966 105.871 23.0062
      vertex 44.746 105.64 23.6
    endloop
  endfacet
  facet normal 0.616691 0.3461 0.707041
    outer loop
      vertex 45.2966 105.871 23.0062
      vertex 44.8807 105.399 23.6
      vertex 45.4017 105.668 23.0139
    endloop
  endfacet
  facet normal 0.0992175 0.698952 0.708252
    outer loop
      vertex 41.2555 107.799 23.6
      vertex 41.3486 108.381 23.0126
      vertex 41.3387 108.382 23.013
    endloop
  endfacet
  facet normal 0.0705917 0.702976 0.707702
    outer loop
      vertex 41.3486 108.381 23.0126
      vertex 41.2555 107.799 23.6
      vertex 41.375 107.787 23.6
    endloop
  endfacet
  facet normal -0.138412 0.693402 0.707132
    outer loop
      vertex -42.0349 108.281 23.0074
      vertex -41.7076 107.742 23.6
      vertex -41.7373 108.335 23.0127
    endloop
  endfacet
  facet normal -0.138471 0.693379 0.707143
    outer loop
      vertex -41.7076 107.742 23.6
      vertex -42.0349 108.281 23.0074
      vertex -41.978 107.688 23.6
    endloop
  endfacet
  facet normal -0.141757 0.692891 0.70697
    outer loop
      vertex -41.978 107.688 23.6
      vertex -42.0349 108.281 23.0074
      vertex -42.1165 108.259 23.0126
    endloop
  endfacet
  facet normal 0.647532 0.280597 0.708497
    outer loop
      vertex 45.5636 105.317 23.0137
      vertex 45.043 105.038 23.6
      vertex 45.5675 105.308 23.0137
    endloop
  endfacet
  facet normal 0.650331 0.274779 0.708213
    outer loop
      vertex 45.043 105.038 23.6
      vertex 45.5636 105.317 23.0137
      vertex 44.9961 105.149 23.6
    endloop
  endfacet
  facet normal 0.339552 -0.619453 0.707801
    outer loop
      vertex 42.9224 1.05621 23.6
      vertex 43.2248 0.55125 23.013
      vertex 43.0277 1.11393 23.6
    endloop
  endfacet
  facet normal 0.344637 -0.616523 0.707901
    outer loop
      vertex 43.2248 0.55125 23.013
      vertex 42.9224 1.05621 23.6
      vertex 43.2159 0.546849 23.0135
    endloop
  endfacet
  facet normal -0.663519 -0.244741 0.706996
    outer loop
      vertex -45.1168 3.56409 23.6
      vertex -45.5683 3.08639 23.0109
      vertex -45.0214 3.30545 23.6
    endloop
  endfacet
  facet normal -0.663492 -0.244781 0.707008
    outer loop
      vertex -45.1168 3.56409 23.6
      vertex -45.6991 3.43602 23.0092
      vertex -45.5683 3.08639 23.0109
    endloop
  endfacet
  facet normal -0.662308 -0.248803 0.706714
    outer loop
      vertex -45.6991 3.43602 23.0092
      vertex -45.1168 3.56409 23.6
      vertex -45.7029 3.44926 23.0103
    endloop
  endfacet
  facet normal -0.642565 -0.296181 0.706674
    outer loop
      vertex -45.5598 3.06365 23.0091
      vertex -44.906 3.05509 23.6
      vertex -45.0214 3.30545 23.6
    endloop
  endfacet
  facet normal -0.642577 -0.296118 0.706689
    outer loop
      vertex -44.906 3.05509 23.6
      vertex -45.5598 3.06365 23.0091
      vertex -45.4062 2.73511 23.0111
    endloop
  endfacet
  facet normal -0.642588 -0.296131 0.706674
    outer loop
      vertex -45.5598 3.06365 23.0091
      vertex -45.0214 3.30545 23.6
      vertex -45.5683 3.08639 23.0109
    endloop
  endfacet
  facet normal 0.702199 0.0832797 0.707093
    outer loop
      vertex 45.3148 104.009 23.6
      vertex 45.9145 103.995 23.0061
      vertex 45.8856 104.175 23.0136
    endloop
  endfacet
  facet normal 0.702196 0.0833376 0.707089
    outer loop
      vertex 45.3472 103.736 23.6
      vertex 45.9145 103.995 23.0061
      vertex 45.3148 104.009 23.6
    endloop
  endfacet
  facet normal 0.702347 0.082807 0.707002
    outer loop
      vertex 45.9145 103.995 23.0061
      vertex 45.3472 103.736 23.6
      vertex 45.9307 103.791 23.0139
    endloop
  endfacet
  facet normal -0.706835 -0.027713 0.706835
    outer loop
      vertex -45.95 5 23.01
      vertex -45.3492 4.72454 23.6
      vertex -45.36 5 23.6
    endloop
  endfacet
  facet normal -0.70685 -0.0277813 0.706818
    outer loop
      vertex -45.3492 4.72454 23.6
      vertex -45.95 5 23.01
      vertex -45.9346 4.61326 23.0102
    endloop
  endfacet
  facet normal 0.393328 -0.588259 0.706572
    outer loop
      vertex 43.4974 1.40179 23.6
      vertex 43.676 0.80846 23.0066
      vertex 43.8831 0.955221 23.0135
    endloop
  endfacet
  facet normal 0.393152 -0.588341 0.706602
    outer loop
      vertex 43.2682 1.24863 23.6
      vertex 43.676 0.80846 23.0066
      vertex 43.4974 1.40179 23.6
    endloop
  endfacet
  facet normal 0.392825 -0.588599 0.706569
    outer loop
      vertex 43.676 0.80846 23.0066
      vertex 43.2682 1.24863 23.6
      vertex 43.5618 0.740527 23.0135
    endloop
  endfacet
  facet normal -0.295847 -0.641859 0.707455
    outer loop
      vertex -42.8671 1.03275 23.6
      vertex -42.8608 0.382085 23.0123
      vertex -42.6167 0.917335 23.6
    endloop
  endfacet
  facet normal -0.295747 -0.641879 0.707478
    outer loop
      vertex -42.8671 1.03275 23.6
      vertex -43.1577 0.513812 23.0077
      vertex -42.8608 0.382085 23.0123
    endloop
  endfacet
  facet normal -0.296226 -0.641635 0.707499
    outer loop
      vertex -43.1577 0.513812 23.0077
      vertex -42.8671 1.03275 23.6
      vertex -43.2123 0.54343 23.0117
    endloop
  endfacet
  facet normal 0.554343 0.438115 0.707644
    outer loop
      vertex 44.361 106.189 23.6
      vertex 44.8503 106.529 23.0062
      vertex 44.7543 106.639 23.0133
    endloop
  endfacet
  facet normal 0.555421 0.436658 0.707698
    outer loop
      vertex 44.5316 105.972 23.6
      vertex 44.8503 106.529 23.0062
      vertex 44.361 106.189 23.6
    endloop
  endfacet
  facet normal 0.555533 0.436563 0.707669
    outer loop
      vertex 44.8503 106.529 23.0062
      vertex 44.5316 105.972 23.6
      vertex 44.9932 106.335 23.0137
    endloop
  endfacet
  facet normal -0.692244 -0.141166 0.707721
    outer loop
      vertex -45.8127 3.83999 23.0105
      vertex -45.231 3.94287 23.6
      vertex -45.255 4.06056 23.6
    endloop
  endfacet
  facet normal -0.692141 -0.14171 0.707714
    outer loop
      vertex -45.231 3.94287 23.6
      vertex -45.8127 3.83999 23.0105
      vertex -45.8108 3.83071 23.0105
    endloop
  endfacet
  facet normal 0.700297 0.0908059 0.708053
    outer loop
      vertex 45.2988 104.128 23.6
      vertex 45.8856 104.175 23.0136
      vertex 45.884 104.185 23.0139
    endloop
  endfacet
  facet normal 0.699947 0.0941105 0.707967
    outer loop
      vertex 45.8856 104.175 23.0136
      vertex 45.2988 104.128 23.6
      vertex 45.3148 104.009 23.6
    endloop
  endfacet
  facet normal 0.707083 0.0280091 0.706575
    outer loop
      vertex 45.3472 103.736 23.6
      vertex 45.946 103.599 23.0062
      vertex 45.9307 103.791 23.0139
    endloop
  endfacet
  facet normal 0.707051 0.0276672 0.706621
    outer loop
      vertex 45.358 103.46 23.6
      vertex 45.946 103.599 23.0062
      vertex 45.3472 103.736 23.6
    endloop
  endfacet
  facet normal 0.707049 0.0276821 0.706623
    outer loop
      vertex 45.946 103.599 23.0062
      vertex 45.358 103.46 23.6
      vertex 45.946 103.405 23.0138
    endloop
  endfacet
  facet normal 0.587861 0.393796 0.706643
    outer loop
      vertex 44.5316 105.972 23.6
      vertex 45.0865 106.209 23.0063
      vertex 44.9932 106.335 23.0137
    endloop
  endfacet
  facet normal 0.588139 0.393334 0.706669
    outer loop
      vertex 45.0865 106.209 23.0063
      vertex 44.6848 105.743 23.6
      vertex 45.2079 106.014 23.0138
    endloop
  endfacet
  facet normal 0.588068 0.393415 0.706683
    outer loop
      vertex 45.0865 106.209 23.0063
      vertex 44.5316 105.972 23.6
      vertex 44.6848 105.743 23.6
    endloop
  endfacet
  facet normal 0.0278039 -0.707228 0.706439
    outer loop
      vertex 41.0494 0.000995064 23.0071
      vertex 41.2555 0.601336 23.6
      vertex 40.98 0.590505 23.6
    endloop
  endfacet
  facet normal 0.0284041 -0.707181 0.706462
    outer loop
      vertex 41.0494 0.000995064 23.0071
      vertex 40.98 0.590505 23.6
      vertex 40.9524 0.000995064 23.011
    endloop
  endfacet
  facet normal 0.0278205 -0.70723 0.706435
    outer loop
      vertex 41.2555 0.601336 23.6
      vertex 41.0494 0.000995064 23.0071
      vertex 41.3387 0.0182687 23.013
    endloop
  endfacet
  facet normal -0.617364 -0.345732 0.706633
    outer loop
      vertex -44.8518 2.9479 23.6
      vertex -45.2127 2.38912 23.0113
      vertex -44.7171 2.70737 23.6
    endloop
  endfacet
  facet normal -0.617512 -0.345579 0.706579
    outer loop
      vertex -44.8518 2.9479 23.6
      vertex -45.3914 2.70353 23.0089
      vertex -45.2127 2.38912 23.0113
    endloop
  endfacet
  facet normal -0.616993 -0.346607 0.706529
    outer loop
      vertex -45.3914 2.70353 23.0089
      vertex -44.8518 2.9479 23.6
      vertex -45.4021 2.72645 23.0108
    endloop
  endfacet
  facet normal 0.253447 -0.659206 0.707964
    outer loop
      vertex 42.672 0.940791 23.6
      vertex 42.8557 0.381216 23.0132
      vertex 42.865 0.384899 23.0133
    endloop
  endfacet
  facet normal 0.253781 -0.659087 0.707955
    outer loop
      vertex 42.8557 0.381216 23.0132
      vertex 42.672 0.940791 23.6
      vertex 42.5599 0.897627 23.6
    endloop
  endfacet
  facet normal 0.61796 0.340284 0.708754
    outer loop
      vertex 44.6848 105.743 23.6
      vertex 45.2132 106.005 23.0135
      vertex 45.2079 106.014 23.0138
    endloop
  endfacet
  facet normal 0.60707 0.360706 0.708066
    outer loop
      vertex 45.2132 106.005 23.0135
      vertex 44.6848 105.743 23.6
      vertex 44.746 105.64 23.6
    endloop
  endfacet
  facet normal 0.149457 0.689426 0.70877
    outer loop
      vertex 42.1115 108.26 23.0131
      vertex 42.036 107.673 23.6
      vertex 42.1212 108.258 23.013
    endloop
  endfacet
  facet normal 0.158853 0.687776 0.708329
    outer loop
      vertex 42.036 107.673 23.6
      vertex 42.1115 108.26 23.0131
      vertex 41.9191 107.7 23.6
    endloop
  endfacet
  facet normal -0.642753 0.295786 0.706668
    outer loop
      vertex -45.5598 105.336 23.0091
      vertex -44.906 105.345 23.6
      vertex -45.4062 105.665 23.0111
    endloop
  endfacet
  facet normal -0.642586 0.296618 0.706471
    outer loop
      vertex -44.906 105.345 23.6
      vertex -45.5598 105.336 23.0091
      vertex -45.0214 105.095 23.6
    endloop
  endfacet
  facet normal -0.638906 0.304646 0.706392
    outer loop
      vertex -45.0214 105.095 23.6
      vertex -45.5598 105.336 23.0091
      vertex -45.5683 105.314 23.0109
    endloop
  endfacet
  facet normal -0.117468 -0.696178 0.708193
    outer loop
      vertex -41.7373 0.0653003 23.0127
      vertex -41.5892 0.637747 23.6
      vertex -41.7076 0.657725 23.6
    endloop
  endfacet
  facet normal -0.111794 -0.697377 0.707931
    outer loop
      vertex -41.5892 0.637747 23.6
      vertex -41.7373 0.0653003 23.0127
      vertex -41.7276 0.0635423 23.0125
    endloop
  endfacet
  facet normal -0.704202 0.0548937 0.707875
    outer loop
      vertex -45.9346 103.787 23.0102
      vertex -45.3411 103.795 23.6
      vertex -45.9342 103.796 23.0099
    endloop
  endfacet
  facet normal -0.704417 0.0475482 0.708192
    outer loop
      vertex -45.3411 103.795 23.6
      vertex -45.9346 103.787 23.0102
      vertex -45.3492 103.675 23.6
    endloop
  endfacet
  facet normal -0.706835 0.027762 0.706834
    outer loop
      vertex -45.95 103.4 23.01
      vertex -45.3492 103.675 23.6
      vertex -45.9346 103.787 23.0102
    endloop
  endfacet
  facet normal -0.706834 0.0277593 0.706834
    outer loop
      vertex -45.3492 103.675 23.6
      vertex -45.95 103.4 23.01
      vertex -45.36 103.4 23.6
    endloop
  endfacet
  facet normal 0.083331 -0.702255 0.707032
    outer loop
      vertex 41.6488 0.645755 23.6
      vertex 41.4463 0.024692 23.007
      vertex 41.7324 0.0647827 23.0131
    endloop
  endfacet
  facet normal 0.0830928 -0.702229 0.707086
    outer loop
      vertex 41.375 0.613357 23.6
      vertex 41.4463 0.024692 23.007
      vertex 41.6488 0.645755 23.6
    endloop
  endfacet
  facet normal 0.0824587 -0.702304 0.707085
    outer loop
      vertex 41.4463 0.024692 23.007
      vertex 41.375 0.613357 23.6
      vertex 41.3486 0.018859 23.0126
    endloop
  endfacet
  facet normal 0.642548 0.295696 0.706892
    outer loop
      vertex 44.8807 105.399 23.6
      vertex 45.4792 105.518 23.0062
      vertex 45.4017 105.668 23.0139
    endloop
  endfacet
  facet normal 0.642492 0.296154 0.706751
    outer loop
      vertex 45.4792 105.518 23.0062
      vertex 44.9961 105.149 23.6
      vertex 45.5636 105.317 23.0137
    endloop
  endfacet
  facet normal 0.642293 0.296483 0.706794
    outer loop
      vertex 45.4792 105.518 23.0062
      vertex 44.8807 105.399 23.6
      vertex 44.9961 105.149 23.6
    endloop
  endfacet
  facet normal 0.389328 0.590827 0.706645
    outer loop
      vertex 43.2682 107.151 23.6
      vertex 43.676 107.592 23.0066
      vertex 43.5618 107.659 23.0135
    endloop
  endfacet
  facet normal 0.393638 0.587752 0.706822
    outer loop
      vertex 43.676 107.592 23.0066
      vertex 43.4974 106.998 23.6
      vertex 43.8831 107.445 23.0135
    endloop
  endfacet
  facet normal 0.392654 0.588212 0.706986
    outer loop
      vertex 43.676 107.592 23.0066
      vertex 43.2682 107.151 23.6
      vertex 43.4974 106.998 23.6
    endloop
  endfacet
  facet normal -0.632883 0.311934 0.70863
    outer loop
      vertex -45.4062 105.665 23.0111
      vertex -44.8518 105.452 23.6
      vertex -45.4021 105.674 23.0108
    endloop
  endfacet
  facet normal -0.629769 0.319005 0.708256
    outer loop
      vertex -44.8518 105.452 23.6
      vertex -45.4062 105.665 23.0111
      vertex -44.906 105.345 23.6
    endloop
  endfacet
  facet normal 0.0831098 0.702267 0.707046
    outer loop
      vertex 41.4463 108.375 23.007
      vertex 41.6488 107.754 23.6
      vertex 41.7324 108.335 23.0131
    endloop
  endfacet
  facet normal 0.0846618 0.702437 0.706693
    outer loop
      vertex 41.4463 108.375 23.007
      vertex 41.375 107.787 23.6
      vertex 41.6488 107.754 23.6
    endloop
  endfacet
  facet normal 0.0836523 0.702558 0.706692
    outer loop
      vertex 41.375 107.787 23.6
      vertex 41.4463 108.375 23.007
      vertex 41.3486 108.381 23.0126
    endloop
  endfacet
  facet normal -0.704438 -0.047617 0.708167
    outer loop
      vertex -45.9346 4.61326 23.0102
      vertex -45.3411 4.60471 23.6
      vertex -45.3492 4.72454 23.6
    endloop
  endfacet
  facet normal -0.704297 -0.0526203 0.707953
    outer loop
      vertex -45.3411 4.60471 23.6
      vertex -45.9346 4.61326 23.0102
      vertex -45.9342 4.60387 23.0099
    endloop
  endfacet
  facet normal 0.478565 0.520785 0.706936
    outer loop
      vertex 43.8106 106.756 23.6
      vertex 44.3055 107.107 23.0064
      vertex 44.1946 107.199 23.0137
    endloop
  endfacet
  facet normal 0.4809 0.518629 0.706936
    outer loop
      vertex 44.3055 107.107 23.0064
      vertex 44.0131 106.569 23.6
      vertex 44.4784 106.937 23.0135
    endloop
  endfacet
  facet normal 0.479714 0.519476 0.70712
    outer loop
      vertex 44.3055 107.107 23.0064
      vertex 43.8106 106.756 23.6
      vertex 44.0131 106.569 23.6
    endloop
  endfacet
  facet normal 0.70705 -0.0277206 0.70662
    outer loop
      vertex 45.358 4.93995 23.6
      vertex 45.946 4.80123 23.0062
      vertex 45.946 4.99496 23.0138
    endloop
  endfacet
  facet normal 0.70705 -0.0277214 0.70662
    outer loop
      vertex 45.3472 4.66449 23.6
      vertex 45.946 4.80123 23.0062
      vertex 45.358 4.93995 23.6
    endloop
  endfacet
  facet normal 0.707073 -0.0279612 0.706588
    outer loop
      vertex 45.946 4.80123 23.0062
      vertex 45.3472 4.66449 23.6
      vertex 45.9307 4.60891 23.0139
    endloop
  endfacet
  facet normal 0.680339 0.192131 0.707266
    outer loop
      vertex 45.1384 104.78 23.6
      vertex 45.7575 104.774 23.0061
      vertex 45.7011 104.945 23.0139
    endloop
  endfacet
  facet normal 0.680181 0.192489 0.70732
    outer loop
      vertex 45.7575 104.774 23.0061
      vertex 45.2132 104.515 23.6
      vertex 45.8063 104.574 23.0136
    endloop
  endfacet
  facet normal 0.680351 0.192039 0.707279
    outer loop
      vertex 45.7575 104.774 23.0061
      vertex 45.1384 104.78 23.6
      vertex 45.2132 104.515 23.6
    endloop
  endfacet
  facet normal 0.663576 0.245492 0.706683
    outer loop
      vertex 45.043 105.038 23.6
      vertex 45.6332 105.152 23.0062
      vertex 45.5675 105.308 23.0137
    endloop
  endfacet
  facet normal 0.663607 0.24538 0.706693
    outer loop
      vertex 45.1384 104.78 23.6
      vertex 45.6332 105.152 23.0062
      vertex 45.043 105.038 23.6
    endloop
  endfacet
  facet normal 0.664269 0.244173 0.706488
    outer loop
      vertex 45.6332 105.152 23.0062
      vertex 45.1384 104.78 23.6
      vertex 45.7011 104.945 23.0139
    endloop
  endfacet
  facet normal -0.702757 -0.0831695 0.706552
    outer loop
      vertex -45.3411 4.60471 23.6
      vertex -45.8883 4.21954 23.0104
      vertex -45.3087 4.33094 23.6
    endloop
  endfacet
  facet normal -0.702796 -0.0830709 0.706524
    outer loop
      vertex -45.3411 4.60471 23.6
      vertex -45.9342 4.60276 23.0098
      vertex -45.8883 4.21954 23.0104
    endloop
  endfacet
  facet normal -0.703832 -0.0637388 0.707501
    outer loop
      vertex -45.9342 4.60276 23.0098
      vertex -45.3411 4.60471 23.6
      vertex -45.9342 4.60387 23.0099
    endloop
  endfacet
  facet normal -0.294784 0.64204 0.707733
    outer loop
      vertex -43.2123 107.857 23.0117
      vertex -42.976 107.317 23.6
      vertex -42.8671 107.367 23.6
    endloop
  endfacet
  facet normal -0.317793 0.631477 0.707279
    outer loop
      vertex -42.976 107.317 23.6
      vertex -43.2123 107.857 23.0117
      vertex -43.2209 107.852 23.0123
    endloop
  endfacet
  facet normal 0.518187 0.482197 0.706377
    outer loop
      vertex 44.0994 106.486 23.6
      vertex 44.5894 106.829 23.0064
      vertex 44.4856 106.93 23.0136
    endloop
  endfacet
  facet normal 0.520314 0.47956 0.706609
    outer loop
      vertex 44.2865 106.283 23.6
      vertex 44.5894 106.829 23.0064
      vertex 44.0994 106.486 23.6
    endloop
  endfacet
  facet normal 0.520926 0.479082 0.706482
    outer loop
      vertex 44.5894 106.829 23.0064
      vertex 44.2865 106.283 23.6
      vertex 44.7478 106.646 23.0137
    endloop
  endfacet
  facet normal 0.537757 0.458932 0.707248
    outer loop
      vertex 44.2865 106.283 23.6
      vertex 44.7543 106.639 23.0133
      vertex 44.7478 106.646 23.0137
    endloop
  endfacet
  facet normal 0.553674 0.438816 0.707733
    outer loop
      vertex 44.7543 106.639 23.0133
      vertex 44.2865 106.283 23.6
      vertex 44.361 106.189 23.6
    endloop
  endfacet
  facet normal -0.51903 -0.47998 0.707267
    outer loop
      vertex -44.2448 2.07357 23.6
      vertex -44.4835 1.46481 23.0117
      vertex -44.0576 1.87114 23.6
    endloop
  endfacet
  facet normal -0.519222 -0.479852 0.707213
    outer loop
      vertex -44.2448 2.07357 23.6
      vertex -44.7228 1.71888 23.0084
      vertex -44.4835 1.46481 23.0117
    endloop
  endfacet
  facet normal -0.520136 -0.478749 0.707289
    outer loop
      vertex -44.7228 1.71888 23.0084
      vertex -44.2448 2.07357 23.6
      vertex -44.7465 1.74847 23.011
    endloop
  endfacet
  facet normal 0.519712 -0.480394 0.706485
    outer loop
      vertex 44.2865 2.11676 23.6
      vertex 44.5894 1.57148 23.0064
      vertex 44.7478 1.75358 23.0137
    endloop
  endfacet
  facet normal 0.519735 -0.480376 0.706481
    outer loop
      vertex 44.5894 1.57148 23.0064
      vertex 44.2865 2.11676 23.6
      vertex 44.0994 1.91433 23.6
    endloop
  endfacet
  facet normal 0.519806 -0.480287 0.706488
    outer loop
      vertex 44.5894 1.57148 23.0064
      vertex 44.0994 1.91433 23.6
      vertex 44.4856 1.46973 23.0136
    endloop
  endfacet
  facet normal 0.0706851 -0.702676 0.70799
    outer loop
      vertex 41.2555 0.601336 23.6
      vertex 41.3486 0.018859 23.0126
      vertex 41.375 0.613357 23.6
    endloop
  endfacet
  facet normal 0.0705048 -0.702699 0.707985
    outer loop
      vertex 41.3486 0.018859 23.0126
      vertex 41.2555 0.601336 23.6
      vertex 41.3387 0.0182687 23.013
    endloop
  endfacet
  facet normal -0.2092 -0.674404 0.708107
    outer loop
      vertex -42.3581 0.821922 23.6
      vertex -42.4888 0.245185 23.0121
      vertex -42.2434 0.786342 23.6
    endloop
  endfacet
  facet normal -0.20787 -0.674759 0.70816
    outer loop
      vertex -42.4888 0.245185 23.0121
      vertex -42.3581 0.821922 23.6
      vertex -42.498 0.248439 23.0125
    endloop
  endfacet
  facet normal -0.630025 -0.318568 0.708225
    outer loop
      vertex -45.4062 2.73511 23.0111
      vertex -44.8518 2.9479 23.6
      vertex -44.906 3.05509 23.6
    endloop
  endfacet
  facet normal -0.628468 -0.32207 0.708025
    outer loop
      vertex -44.8518 2.9479 23.6
      vertex -45.4062 2.73511 23.0111
      vertex -45.4021 2.72645 23.0108
    endloop
  endfacet
  facet normal -0.702796 0.0831043 0.706521
    outer loop
      vertex -45.8883 104.18 23.0104
      vertex -45.3411 103.795 23.6
      vertex -45.3087 104.069 23.6
    endloop
  endfacet
  facet normal -0.70279 0.0831179 0.706525
    outer loop
      vertex -45.9342 103.797 23.0098
      vertex -45.3411 103.795 23.6
      vertex -45.8883 104.18 23.0104
    endloop
  endfacet
  facet normal -0.703486 0.0707182 0.707182
    outer loop
      vertex -45.3411 103.795 23.6
      vertex -45.9342 103.797 23.0098
      vertex -45.9342 103.796 23.0099
    endloop
  endfacet
  facet normal 0.137182 0.693805 0.706977
    outer loop
      vertex 41.84 108.32 23.0069
      vertex 41.9191 107.7 23.6
      vertex 42.1115 108.26 23.0131
    endloop
  endfacet
  facet normal 0.137475 0.694062 0.706667
    outer loop
      vertex 41.6488 107.754 23.6
      vertex 41.84 108.32 23.0069
      vertex 41.7324 108.335 23.0131
    endloop
  endfacet
  facet normal 0.138598 0.693762 0.706743
    outer loop
      vertex 41.84 108.32 23.0069
      vertex 41.6488 107.754 23.6
      vertex 41.9191 107.7 23.6
    endloop
  endfacet
  facet normal -0.617731 0.345263 0.706542
    outer loop
      vertex -45.2127 106.011 23.0113
      vertex -44.8518 105.452 23.6
      vertex -44.7171 105.693 23.6
    endloop
  endfacet
  facet normal -0.61786 0.34513 0.706494
    outer loop
      vertex -45.3914 105.696 23.0089
      vertex -44.8518 105.452 23.6
      vertex -45.2127 106.011 23.0113
    endloop
  endfacet
  facet normal -0.611179 0.35821 0.705795
    outer loop
      vertex -44.8518 105.452 23.6
      vertex -45.3914 105.696 23.0089
      vertex -45.4021 105.674 23.0108
    endloop
  endfacet
  facet normal -0.560299 0.432231 0.70657
    outer loop
      vertex -44.9977 106.333 23.0113
      vertex -44.496 106.021 23.6
      vertex -44.9923 106.34 23.0113
    endloop
  endfacet
  facet normal -0.582385 0.399434 0.708011
    outer loop
      vertex -44.496 106.021 23.6
      vertex -44.9977 106.333 23.0113
      vertex -44.5639 105.922 23.6
    endloop
  endfacet
  facet normal -0.667047 -0.231658 0.708084
    outer loop
      vertex -45.1562 3.67754 23.6
      vertex -45.7029 3.44926 23.0103
      vertex -45.1168 3.56409 23.6
    endloop
  endfacet
  facet normal -0.667793 -0.2297 0.708018
    outer loop
      vertex -45.7029 3.44926 23.0103
      vertex -45.1562 3.67754 23.6
      vertex -45.7055 3.45836 23.0108
    endloop
  endfacet
  facet normal -0.693225 -0.137681 0.707448
    outer loop
      vertex -45.8869 4.20801 23.0095
      vertex -45.255 4.06056 23.6
      vertex -45.3087 4.33094 23.6
    endloop
  endfacet
  facet normal -0.69323 -0.137846 0.707411
    outer loop
      vertex -45.255 4.06056 23.6
      vertex -45.8869 4.20801 23.0095
      vertex -45.8127 3.83999 23.0105
    endloop
  endfacet
  facet normal -0.69288 -0.139353 0.707458
    outer loop
      vertex -45.8869 4.20801 23.0095
      vertex -45.3087 4.33094 23.6
      vertex -45.8883 4.21954 23.0104
    endloop
  endfacet
  facet normal -0.663646 0.244447 0.70698
    outer loop
      vertex -45.5683 105.314 23.0109
      vertex -45.1168 104.836 23.6
      vertex -45.0214 105.095 23.6
    endloop
  endfacet
  facet normal -0.663574 0.244553 0.70701
    outer loop
      vertex -45.6991 104.964 23.0092
      vertex -45.1168 104.836 23.6
      vertex -45.5683 105.314 23.0109
    endloop
  endfacet
  facet normal -0.661073 0.253007 0.706378
    outer loop
      vertex -45.1168 104.836 23.6
      vertex -45.6991 104.964 23.0092
      vertex -45.7029 104.951 23.0103
    endloop
  endfacet
  facet normal -0.361753 0.607419 0.707231
    outer loop
      vertex -43.5666 107.658 23.0121
      vertex -43.2165 107.182 23.6
      vertex -43.5584 107.663 23.012
    endloop
  endfacet
  facet normal -0.381288 0.594223 0.70818
    outer loop
      vertex -43.2165 107.182 23.6
      vertex -43.5666 107.658 23.0121
      vertex -43.3178 107.117 23.6
    endloop
  endfacet
  facet normal -0.681187 -0.192036 0.706475
    outer loop
      vertex -45.8083 3.81829 23.0095
      vertex -45.1562 3.67754 23.6
      vertex -45.231 3.94287 23.6
    endloop
  endfacet
  facet normal -0.681188 -0.192003 0.706483
    outer loop
      vertex -45.1562 3.67754 23.6
      vertex -45.8083 3.81829 23.0095
      vertex -45.7055 3.45836 23.0108
    endloop
  endfacet
  facet normal -0.680723 -0.193899 0.706413
    outer loop
      vertex -45.8083 3.81829 23.0095
      vertex -45.231 3.94287 23.6
      vertex -45.8108 3.83071 23.0105
    endloop
  endfacet
  facet normal 0.588241 -0.393472 0.706507
    outer loop
      vertex 44.6848 2.65673 23.6
      vertex 45.0865 2.19124 23.0063
      vertex 45.2079 2.3862 23.0138
    endloop
  endfacet
  facet normal 0.588419 -0.393272 0.706471
    outer loop
      vertex 44.5316 2.42751 23.6
      vertex 45.0865 2.19124 23.0063
      vertex 44.6848 2.65673 23.6
    endloop
  endfacet
  facet normal 0.588426 -0.393257 0.706472
    outer loop
      vertex 45.0865 2.19124 23.0063
      vertex 44.5316 2.42751 23.6
      vertex 44.9932 2.06493 23.0137
    endloop
  endfacet
  facet normal -0.0283332 -0.705869 0.707776
    outer loop
      vertex -40.92 0.590505 23.6
      vertex -40.9574 0.00311939 23.0127
      vertex -40.9475 0.00292255 23.0129
    endloop
  endfacet
  facet normal -0.0236134 -0.706106 0.707712
    outer loop
      vertex -40.9574 0.00311939 23.0127
      vertex -40.92 0.590505 23.6
      vertex -41.04 0.594518 23.6
    endloop
  endfacet
  facet normal -0.345362 0.617865 0.706376
    outer loop
      vertex -43.5072 107.697 23.0079
      vertex -42.976 107.317 23.6
      vertex -43.2209 107.852 23.0123
    endloop
  endfacet
  facet normal -0.34633 0.61698 0.706676
    outer loop
      vertex -42.976 107.317 23.6
      vertex -43.5072 107.697 23.0079
      vertex -43.2165 107.182 23.6
    endloop
  endfacet
  facet normal -0.351269 0.614187 0.706671
    outer loop
      vertex -43.2165 107.182 23.6
      vertex -43.5072 107.697 23.0079
      vertex -43.5584 107.663 23.012
    endloop
  endfacet
  facet normal 0.554342 -0.43818 0.707604
    outer loop
      vertex 44.2865 2.11676 23.6
      vertex 44.7543 1.76113 23.0133
      vertex 44.361 2.21101 23.6
    endloop
  endfacet
  facet normal 0.553607 -0.439127 0.707592
    outer loop
      vertex 44.7543 1.76113 23.0133
      vertex 44.2865 2.11676 23.6
      vertex 44.7478 1.75358 23.0137
    endloop
  endfacet
  facet normal 0.027159 0.707331 0.706361
    outer loop
      vertex 41.0494 108.399 23.0071
      vertex 41.2555 107.799 23.6
      vertex 41.3387 108.382 23.013
    endloop
  endfacet
  facet normal 0.0256661 0.707101 0.706647
    outer loop
      vertex 41.2555 107.799 23.6
      vertex 41.0494 108.399 23.0071
      vertex 40.98 107.809 23.6
    endloop
  endfacet
  facet normal 0.0284159 0.706887 0.706756
    outer loop
      vertex 40.98 107.809 23.6
      vertex 41.0494 108.399 23.0071
      vertex 40.9524 108.399 23.011
    endloop
  endfacet
  facet normal -0.0583731 0.707149 0.704651
    outer loop
      vertex -41.7373 108.335 23.0127
      vertex -41.5892 107.762 23.6
      vertex -41.7276 108.336 23.0125
    endloop
  endfacet
  facet normal -0.117539 0.695828 0.708525
    outer loop
      vertex -41.5892 107.762 23.6
      vertex -41.7373 108.335 23.0127
      vertex -41.7076 107.742 23.6
    endloop
  endfacet
  facet normal 0.345341 -0.61685 0.707273
    outer loop
      vertex 43.2682 1.24863 23.6
      vertex 43.3343 0.605136 23.0065
      vertex 43.5618 0.740527 23.0135
    endloop
  endfacet
  facet normal 0.345466 -0.616812 0.707245
    outer loop
      vertex 43.0277 1.11393 23.6
      vertex 43.3343 0.605136 23.0065
      vertex 43.2682 1.24863 23.6
    endloop
  endfacet
  facet normal 0.345509 -0.616787 0.707246
    outer loop
      vertex 43.3343 0.605136 23.0065
      vertex 43.0277 1.11393 23.6
      vertex 43.2248 0.55125 23.013
    endloop
  endfacet
  facet normal -0.345845 -0.617488 0.70647
    outer loop
      vertex -43.5072 0.703403 23.0079
      vertex -42.976 1.08331 23.6
      vertex -43.2165 1.21801 23.6
    endloop
  endfacet
  facet normal -0.345871 -0.617464 0.706478
    outer loop
      vertex -42.976 1.08331 23.6
      vertex -43.5072 0.703403 23.0079
      vertex -43.2209 0.548067 23.0123
    endloop
  endfacet
  facet normal -0.345341 -0.617772 0.706469
    outer loop
      vertex -43.5072 0.703403 23.0079
      vertex -43.2165 1.21801 23.6
      vertex -43.5584 0.736713 23.012
    endloop
  endfacet
  facet normal -0.438023 -0.555645 0.706679
    outer loop
      vertex -43.7635 1.60646 23.6
      vertex -43.8881 0.956855 23.012
      vertex -43.547 1.43579 23.6
    endloop
  endfacet
  facet normal -0.437826 -0.555731 0.706733
    outer loop
      vertex -43.7635 1.60646 23.6
      vertex -44.1555 1.16269 23.0082
      vertex -43.8881 0.956855 23.012
    endloop
  endfacet
  facet normal -0.438856 -0.554871 0.70677
    outer loop
      vertex -44.1555 1.16269 23.0082
      vertex -43.7635 1.60646 23.6
      vertex -44.1922 1.19592 23.0115
    endloop
  endfacet
  facet normal -0.524069 -0.473645 0.707822
    outer loop
      vertex -44.3253 2.16264 23.6
      vertex -44.7465 1.74847 23.011
      vertex -44.2448 2.07357 23.6
    endloop
  endfacet
  facet normal -0.519127 -0.47886 0.707955
    outer loop
      vertex -44.7465 1.74847 23.011
      vertex -44.3253 2.16264 23.6
      vertex -44.7526 1.75597 23.0116
    endloop
  endfacet
  facet normal 0.487219 0.511253 0.707982
    outer loop
      vertex 44.4784 106.937 23.0135
      vertex 44.0994 106.486 23.6
      vertex 44.4856 106.93 23.0136
    endloop
  endfacet
  facet normal 0.489627 0.509094 0.707877
    outer loop
      vertex 44.0994 106.486 23.6
      vertex 44.4784 106.937 23.0135
      vertex 44.0131 106.569 23.6
    endloop
  endfacet
  facet normal -0.66729 0.230625 0.708192
    outer loop
      vertex -45.7029 104.951 23.0103
      vertex -45.1562 104.722 23.6
      vertex -45.1168 104.836 23.6
    endloop
  endfacet
  facet normal -0.666776 0.231971 0.708237
    outer loop
      vertex -45.1562 104.722 23.6
      vertex -45.7029 104.951 23.0103
      vertex -45.7055 104.942 23.0108
    endloop
  endfacet
  facet normal -0.587818 -0.392887 0.707184
    outer loop
      vertex -45.1949 2.35791 23.0087
      vertex -44.5639 2.47816 23.6
      vertex -44.7171 2.70737 23.6
    endloop
  endfacet
  facet normal -0.587839 -0.392835 0.707196
    outer loop
      vertex -44.5639 2.47816 23.6
      vertex -45.1949 2.35791 23.0087
      vertex -44.9977 2.0675 23.0113
    endloop
  endfacet
  facet normal -0.587179 -0.393801 0.707207
    outer loop
      vertex -45.1949 2.35791 23.0087
      vertex -44.7171 2.70737 23.6
      vertex -45.2127 2.38912 23.0113
    endloop
  endfacet
  facet normal 0.138099 -0.693957 0.706648
    outer loop
      vertex 41.9191 0.69954 23.6
      vertex 41.84 0.0798525 23.0069
      vertex 42.1115 0.140195 23.0131
    endloop
  endfacet
  facet normal 0.138086 -0.693958 0.706651
    outer loop
      vertex 41.6488 0.645755 23.6
      vertex 41.84 0.0798525 23.0069
      vertex 41.9191 0.69954 23.6
    endloop
  endfacet
  facet normal 0.137915 -0.694003 0.706639
    outer loop
      vertex 41.84 0.0798525 23.0069
      vertex 41.6488 0.645755 23.6
      vertex 41.7324 0.0647827 23.0131
    endloop
  endfacet
  facet normal 0.437922 -0.555589 0.706785
    outer loop
      vertex 43.8106 1.6437 23.6
      vertex 44.0004 1.03829 23.0065
      vertex 44.1946 1.20052 23.0137
    endloop
  endfacet
  facet normal 0.437962 -0.555568 0.706776
    outer loop
      vertex 44.0004 1.03829 23.0065
      vertex 43.8106 1.6437 23.6
      vertex 43.5941 1.47303 23.6
    endloop
  endfacet
  facet normal 0.437714 -0.555782 0.706763
    outer loop
      vertex 44.0004 1.03829 23.0065
      vertex 43.5941 1.47303 23.6
      vertex 43.8913 0.961014 23.0133
    endloop
  endfacet
  facet normal 0.16044 -0.68738 0.708356
    outer loop
      vertex 42.036 0.727382 23.6
      vertex 42.1115 0.140195 23.0131
      vertex 42.1212 0.142356 23.013
    endloop
  endfacet
  facet normal 0.163577 -0.686811 0.70819
    outer loop
      vertex 42.1115 0.140195 23.0131
      vertex 42.036 0.727382 23.6
      vertex 41.9191 0.69954 23.6
    endloop
  endfacet
  facet normal -0.519807 0.479349 0.707125
    outer loop
      vertex -44.4835 106.935 23.0117
      vertex -44.2448 106.326 23.6
      vertex -44.0576 106.529 23.6
    endloop
  endfacet
  facet normal -0.51907 0.479839 0.707333
    outer loop
      vertex -44.7228 106.681 23.0084
      vertex -44.2448 106.326 23.6
      vertex -44.4835 106.935 23.0117
    endloop
  endfacet
  facet normal -0.515229 0.484452 0.706998
    outer loop
      vertex -44.2448 106.326 23.6
      vertex -44.7228 106.681 23.0084
      vertex -44.7465 106.652 23.011
    endloop
  endfacet
  facet normal 0.322464 0.629068 0.707312
    outer loop
      vertex 42.9224 107.344 23.6
      vertex 43.2248 107.849 23.013
      vertex 43.2159 107.853 23.0135
    endloop
  endfacet
  facet normal 0.340793 0.618716 0.707849
    outer loop
      vertex 43.2248 107.849 23.013
      vertex 42.9224 107.344 23.6
      vertex 43.0277 107.286 23.6
    endloop
  endfacet
  facet normal 0.29568 0.643274 0.706238
    outer loop
      vertex 42.9776 107.97 23.0067
      vertex 42.9224 107.344 23.6
      vertex 43.2159 107.853 23.0135
    endloop
  endfacet
  facet normal 0.297979 0.642001 0.70643
    outer loop
      vertex 42.672 107.459 23.6
      vertex 42.9776 107.97 23.0067
      vertex 42.865 108.015 23.0133
    endloop
  endfacet
  facet normal 0.29546 0.643331 0.706278
    outer loop
      vertex 42.9776 107.97 23.0067
      vertex 42.672 107.459 23.6
      vertex 42.9224 107.344 23.6
    endloop
  endfacet
  facet normal -0.297543 -0.640872 0.707638
    outer loop
      vertex -42.976 1.08331 23.6
      vertex -43.2123 0.54343 23.0117
      vertex -42.8671 1.03275 23.6
    endloop
  endfacet
  facet normal -0.296445 -0.641367 0.707651
    outer loop
      vertex -43.2123 0.54343 23.0117
      vertex -42.976 1.08331 23.6
      vertex -43.2209 0.548067 23.0123
    endloop
  endfacet
  facet normal -0.0831598 -0.702795 0.706515
    outer loop
      vertex -41.6437 0.0483583 23.0073
      vertex -41.3154 0.605349 23.6
      vertex -41.5892 0.637747 23.6
    endloop
  endfacet
  facet normal -0.083285 -0.702751 0.706544
    outer loop
      vertex -41.3154 0.605349 23.6
      vertex -41.6437 0.0483583 23.0073
      vertex -41.3437 0.0184347 23.0129
    endloop
  endfacet
  facet normal -0.0833968 -0.70277 0.706512
    outer loop
      vertex -41.6437 0.0483583 23.0073
      vertex -41.5892 0.637747 23.6
      vertex -41.7276 0.0635423 23.0125
    endloop
  endfacet
  facet normal -0.379745 -0.595299 0.708105
    outer loop
      vertex -43.5666 0.742037 23.0121
      vertex -43.2165 1.21801 23.6
      vertex -43.3178 1.28263 23.6
    endloop
  endfacet
  facet normal -0.37845 -0.596186 0.708052
    outer loop
      vertex -43.2165 1.21801 23.6
      vertex -43.5666 0.742037 23.0121
      vertex -43.5584 0.736713 23.012
    endloop
  endfacet
  facet normal 0.680697 -0.188755 0.70783
    outer loop
      vertex 45.245 4.00131 23.6
      vertex 45.8063 3.8265 23.0136
      vertex 45.8087 3.83628 23.0139
    endloop
  endfacet
  facet normal 0.681207 -0.187019 0.7078
    outer loop
      vertex 45.8063 3.8265 23.0136
      vertex 45.245 4.00131 23.6
      vertex 45.2132 3.88548 23.6
    endloop
  endfacet
  facet normal 0.427728 0.560935 0.708802
    outer loop
      vertex 43.4974 106.998 23.6
      vertex 43.8913 107.439 23.0133
      vertex 43.8831 107.445 23.0135
    endloop
  endfacet
  facet normal 0.417814 0.569051 0.708246
    outer loop
      vertex 43.8913 107.439 23.0133
      vertex 43.4974 106.998 23.6
      vertex 43.5941 106.927 23.6
    endloop
  endfacet
  facet normal 0.43677 0.556431 0.706836
    outer loop
      vertex 43.5941 106.927 23.6
      vertex 44.0004 107.362 23.0065
      vertex 43.8913 107.439 23.0133
    endloop
  endfacet
  facet normal 0.438391 0.555039 0.706926
    outer loop
      vertex 43.8106 106.756 23.6
      vertex 44.0004 107.362 23.0065
      vertex 43.5941 106.927 23.6
    endloop
  endfacet
  facet normal 0.439277 0.554578 0.706738
    outer loop
      vertex 44.0004 107.362 23.0065
      vertex 43.8106 106.756 23.6
      vertex 44.1946 107.199 23.0137
    endloop
  endfacet
  facet normal -0.523632 0.473622 0.708161
    outer loop
      vertex -44.7465 106.652 23.011
      vertex -44.3253 106.237 23.6
      vertex -44.2448 106.326 23.6
    endloop
  endfacet
  facet normal -0.53523 0.46119 0.707695
    outer loop
      vertex -44.3253 106.237 23.6
      vertex -44.7465 106.652 23.011
      vertex -44.7526 106.644 23.0116
    endloop
  endfacet
  facet normal -0.480267 0.519412 0.706792
    outer loop
      vertex -44.4502 106.971 23.0083
      vertex -43.8552 106.716 23.6
      vertex -44.1994 107.198 23.0119
    endloop
  endfacet
  facet normal -0.480106 0.519644 0.70673
    outer loop
      vertex -43.8552 106.716 23.6
      vertex -44.4502 106.971 23.0083
      vertex -44.0576 106.529 23.6
    endloop
  endfacet
  facet normal -0.484905 0.515277 0.706652
    outer loop
      vertex -44.0576 106.529 23.6
      vertex -44.4502 106.971 23.0083
      vertex -44.4835 106.935 23.0117
    endloop
  endfacet
  facet normal -0.430079 0.563137 0.705626
    outer loop
      vertex -44.1994 107.198 23.0119
      vertex -43.7635 106.794 23.6
      vertex -44.1922 107.204 23.0115
    endloop
  endfacet
  facet normal -0.457343 0.537671 0.708341
    outer loop
      vertex -43.7635 106.794 23.6
      vertex -44.1994 107.198 23.0119
      vertex -43.8552 106.716 23.6
    endloop
  endfacet
  facet normal -0.191963 -0.680819 0.706849
    outer loop
      vertex -42.2434 0.786342 23.6
      vertex -42.1165 0.140703 23.0126
      vertex -41.978 0.71151 23.6
    endloop
  endfacet
  facet normal -0.191889 -0.680821 0.706867
    outer loop
      vertex -42.2434 0.786342 23.6
      vertex -42.4193 0.220752 23.0075
      vertex -42.1165 0.140703 23.0126
    endloop
  endfacet
  facet normal -0.192496 -0.680641 0.706876
    outer loop
      vertex -42.4193 0.220752 23.0075
      vertex -42.2434 0.786342 23.6
      vertex -42.4888 0.245185 23.0121
    endloop
  endfacet
  facet normal 0.480173 -0.519324 0.70692
    outer loop
      vertex 44.0131 1.83084 23.6
      vertex 44.3055 1.29317 23.0064
      vertex 44.4784 1.4627 23.0135
    endloop
  endfacet
  facet normal 0.480028 -0.519428 0.706942
    outer loop
      vertex 43.8106 1.6437 23.6
      vertex 44.3055 1.29317 23.0064
      vertex 44.0131 1.83084 23.6
    endloop
  endfacet
  facet normal 0.480263 -0.51916 0.70698
    outer loop
      vertex 44.3055 1.29317 23.0064
      vertex 43.8106 1.6437 23.6
      vertex 44.1946 1.20052 23.0137
    endloop
  endfacet
  facet normal 0.488162 -0.510041 0.708206
    outer loop
      vertex 44.0994 1.91433 23.6
      vertex 44.4784 1.4627 23.0135
      vertex 44.4856 1.46973 23.0136
    endloop
  endfacet
  facet normal 0.490982 -0.507507 0.708077
    outer loop
      vertex 44.4784 1.4627 23.0135
      vertex 44.0994 1.91433 23.6
      vertex 44.0131 1.83084 23.6
    endloop
  endfacet
  facet normal -0.24497 -0.663947 0.706515
    outer loop
      vertex -42.7943 0.352588 23.0077
      vertex -42.3581 0.821922 23.6
      vertex -42.6167 0.917335 23.6
    endloop
  endfacet
  facet normal -0.244848 -0.664023 0.706486
    outer loop
      vertex -42.3581 0.821922 23.6
      vertex -42.7943 0.352588 23.0077
      vertex -42.498 0.248439 23.0125
    endloop
  endfacet
  facet normal -0.245545 -0.663751 0.7065
    outer loop
      vertex -42.7943 0.352588 23.0077
      vertex -42.6167 0.917335 23.6
      vertex -42.8608 0.382085 23.0123
    endloop
  endfacet
  facet normal 0.346602 0.616195 0.707228
    outer loop
      vertex 43.3343 107.795 23.0065
      vertex 43.2682 107.151 23.6
      vertex 43.5618 107.659 23.0135
    endloop
  endfacet
  facet normal 0.345966 0.616397 0.707362
    outer loop
      vertex 43.0277 107.286 23.6
      vertex 43.3343 107.795 23.0065
      vertex 43.2248 107.849 23.013
    endloop
  endfacet
  facet normal 0.345994 0.616381 0.707363
    outer loop
      vertex 43.3343 107.795 23.0065
      vertex 43.0277 107.286 23.6
      vertex 43.2682 107.151 23.6
    endloop
  endfacet
  facet normal -0.0834582 0.702686 0.706589
    outer loop
      vertex -41.6437 108.352 23.0073
      vertex -41.3154 107.795 23.6
      vertex -41.3437 108.382 23.0129
    endloop
  endfacet
  facet normal -0.0846422 0.702274 0.706857
    outer loop
      vertex -41.3154 107.795 23.6
      vertex -41.6437 108.352 23.0073
      vertex -41.5892 107.762 23.6
    endloop
  endfacet
  facet normal -0.0900102 0.701692 0.706772
    outer loop
      vertex -41.5892 107.762 23.6
      vertex -41.6437 108.352 23.0073
      vertex -41.7276 108.336 23.0125
    endloop
  endfacet
  facet normal -0.189944 0.681231 0.706997
    outer loop
      vertex -42.1165 108.259 23.0126
      vertex -42.2434 107.614 23.6
      vertex -41.978 107.688 23.6
    endloop
  endfacet
  facet normal -0.191868 0.681181 0.706526
    outer loop
      vertex -42.4193 108.179 23.0075
      vertex -42.2434 107.614 23.6
      vertex -42.1165 108.259 23.0126
    endloop
  endfacet
  facet normal -0.188783 0.682092 0.706479
    outer loop
      vertex -42.2434 107.614 23.6
      vertex -42.4193 108.179 23.0075
      vertex -42.4888 108.155 23.0121
    endloop
  endfacet
  facet normal -0.211433 0.673648 0.708163
    outer loop
      vertex -42.4888 108.155 23.0121
      vertex -42.3581 107.578 23.6
      vertex -42.2434 107.614 23.6
    endloop
  endfacet
  facet normal -0.190621 0.679087 0.708875
    outer loop
      vertex -42.3581 107.578 23.6
      vertex -42.4888 108.155 23.0121
      vertex -42.498 108.152 23.0125
    endloop
  endfacet
  facet normal 0.607546 -0.359836 0.7081
    outer loop
      vertex 44.6848 2.65673 23.6
      vertex 45.2132 2.39474 23.0135
      vertex 44.746 2.76006 23.6
    endloop
  endfacet
  facet normal 0.610648 -0.354091 0.708328
    outer loop
      vertex 45.2132 2.39474 23.0135
      vertex 44.6848 2.65673 23.6
      vertex 45.2079 2.3862 23.0138
    endloop
  endfacet
  facet normal 0.663909 -0.244957 0.706556
    outer loop
      vertex 45.1384 3.62015 23.6
      vertex 45.6332 3.24845 23.0062
      vertex 45.7011 3.45469 23.0139
    endloop
  endfacet
  facet normal 0.663938 -0.244905 0.706547
    outer loop
      vertex 45.6332 3.24845 23.0062
      vertex 45.1384 3.62015 23.6
      vertex 45.043 3.36152 23.6
    endloop
  endfacet
  facet normal 0.663869 -0.245152 0.706526
    outer loop
      vertex 45.6332 3.24845 23.0062
      vertex 45.043 3.36152 23.6
      vertex 45.5675 3.09215 23.0137
    endloop
  endfacet
  facet normal 0.694189 -0.138057 0.706429
    outer loop
      vertex 45.2988 4.27169 23.6
      vertex 45.8515 4.01238 23.0062
      vertex 45.884 4.2152 23.0139
    endloop
  endfacet
  facet normal 0.694166 -0.138125 0.706438
    outer loop
      vertex 45.245 4.00131 23.6
      vertex 45.8515 4.01238 23.0062
      vertex 45.2988 4.27169 23.6
    endloop
  endfacet
  facet normal 0.694192 -0.137829 0.70647
    outer loop
      vertex 45.8515 4.01238 23.0062
      vertex 45.245 4.00131 23.6
      vertex 45.8087 3.83628 23.0139
    endloop
  endfacet
  facet normal 0.699986 -0.094092 0.707931
    outer loop
      vertex 45.2988 4.27169 23.6
      vertex 45.8856 4.22515 23.0136
      vertex 45.3148 4.39072 23.6
    endloop
  endfacet
  facet normal 0.700285 -0.0912617 0.708006
    outer loop
      vertex 45.8856 4.22515 23.0136
      vertex 45.2988 4.27169 23.6
      vertex 45.884 4.2152 23.0139
    endloop
  endfacet
  facet normal -0.480406 -0.51958 0.706574
    outer loop
      vertex -44.4502 1.42949 23.0083
      vertex -43.8552 1.684 23.6
      vertex -44.0576 1.87114 23.6
    endloop
  endfacet
  facet normal -0.480464 -0.519496 0.706596
    outer loop
      vertex -43.8552 1.684 23.6
      vertex -44.4502 1.42949 23.0083
      vertex -44.1994 1.20243 23.0119
    endloop
  endfacet
  facet normal -0.479666 -0.520251 0.706583
    outer loop
      vertex -44.4502 1.42949 23.0083
      vertex -44.0576 1.87114 23.6
      vertex -44.4835 1.46481 23.0117
    endloop
  endfacet
  facet normal -0.455875 -0.539124 0.708183
    outer loop
      vertex -43.8552 1.684 23.6
      vertex -44.1922 1.19592 23.0115
      vertex -43.7635 1.60646 23.6
    endloop
  endfacet
  facet normal -0.45127 -0.542631 0.708454
    outer loop
      vertex -44.1922 1.19592 23.0115
      vertex -43.8552 1.684 23.6
      vertex -44.1994 1.20243 23.0119
    endloop
  endfacet
  facet normal -0.39294 -0.588024 0.706984
    outer loop
      vertex -43.8405 0.920154 23.008
      vertex -43.3178 1.28263 23.6
      vertex -43.547 1.43579 23.6
    endloop
  endfacet
  facet normal -0.392961 -0.588003 0.706989
    outer loop
      vertex -43.3178 1.28263 23.6
      vertex -43.8405 0.920154 23.008
      vertex -43.5666 0.742037 23.0121
    endloop
  endfacet
  facet normal -0.393642 -0.58759 0.706954
    outer loop
      vertex -43.8405 0.920154 23.008
      vertex -43.547 1.43579 23.6
      vertex -43.8881 0.956855 23.012
    endloop
  endfacet
  facet normal -0.0276694 -0.706317 0.707355
    outer loop
      vertex -41.04 0.594518 23.6
      vertex -41.2481 0.00889912 23.0071
      vertex -40.9574 0.00311939 23.0127
    endloop
  endfacet
  facet normal -0.0277774 -0.706296 0.707372
    outer loop
      vertex -41.3154 0.605349 23.6
      vertex -41.2481 0.00889912 23.0071
      vertex -41.04 0.594518 23.6
    endloop
  endfacet
  facet normal -0.0275313 -0.706287 0.70739
    outer loop
      vertex -41.2481 0.00889912 23.0071
      vertex -41.3154 0.605349 23.6
      vertex -41.3437 0.0184347 23.0129
    endloop
  endfacet
  facet normal -0.582522 -0.399447 0.707891
    outer loop
      vertex -44.9977 2.0675 23.0113
      vertex -44.496 2.37914 23.6
      vertex -44.5639 2.47816 23.6
    endloop
  endfacet
  facet normal -0.584675 -0.396141 0.707975
    outer loop
      vertex -44.496 2.37914 23.6
      vertex -44.9977 2.0675 23.0113
      vertex -44.9923 2.05953 23.0113
    endloop
  endfacet
  facet normal -0.392668 0.587934 0.707209
    outer loop
      vertex -43.8405 107.48 23.008
      vertex -43.3178 107.117 23.6
      vertex -43.5666 107.658 23.0121
    endloop
  endfacet
  facet normal -0.392549 0.588053 0.707177
    outer loop
      vertex -43.3178 107.117 23.6
      vertex -43.8405 107.48 23.008
      vertex -43.547 106.964 23.6
    endloop
  endfacet
  facet normal -0.396017 0.585906 0.707025
    outer loop
      vertex -43.547 106.964 23.6
      vertex -43.8405 107.48 23.008
      vertex -43.8881 107.443 23.012
    endloop
  endfacet
  facet normal -0.436921 0.556431 0.706742
    outer loop
      vertex -43.8881 107.443 23.012
      vertex -43.7635 106.794 23.6
      vertex -43.547 106.964 23.6
    endloop
  endfacet
  facet normal -0.438252 0.555846 0.706378
    outer loop
      vertex -44.1555 107.237 23.0082
      vertex -43.7635 106.794 23.6
      vertex -43.8881 107.443 23.012
    endloop
  endfacet
  facet normal -0.437134 0.556779 0.706336
    outer loop
      vertex -43.7635 106.794 23.6
      vertex -44.1555 107.237 23.0082
      vertex -44.1922 107.204 23.0115
    endloop
  endfacet
  facet normal -0.691312 0.145944 0.707664
    outer loop
      vertex -45.8127 104.56 23.0105
      vertex -45.231 104.457 23.6
      vertex -45.8108 104.569 23.0105
    endloop
  endfacet
  facet normal -0.692298 0.140806 0.70774
    outer loop
      vertex -45.231 104.457 23.6
      vertex -45.8127 104.56 23.0105
      vertex -45.255 104.339 23.6
    endloop
  endfacet
  facet normal -0.693178 0.137843 0.707462
    outer loop
      vertex -45.8869 104.192 23.0095
      vertex -45.255 104.339 23.6
      vertex -45.8127 104.56 23.0105
    endloop
  endfacet
  facet normal -0.693179 0.137866 0.707457
    outer loop
      vertex -45.255 104.339 23.6
      vertex -45.8869 104.192 23.0095
      vertex -45.3087 104.069 23.6
    endloop
  endfacet
  facet normal -0.693965 0.13402 0.707426
    outer loop
      vertex -45.3087 104.069 23.6
      vertex -45.8869 104.192 23.0095
      vertex -45.8883 104.18 23.0104
    endloop
  endfacet
  facet normal -0.246474 0.663221 0.706674
    outer loop
      vertex -42.7943 108.047 23.0077
      vertex -42.3581 107.578 23.6
      vertex -42.498 108.152 23.0125
    endloop
  endfacet
  facet normal -0.244172 0.664662 0.706119
    outer loop
      vertex -42.3581 107.578 23.6
      vertex -42.7943 108.047 23.0077
      vertex -42.6167 107.483 23.6
    endloop
  endfacet
  facet normal -0.241413 0.6656 0.706185
    outer loop
      vertex -42.6167 107.483 23.6
      vertex -42.7943 108.047 23.0077
      vertex -42.8608 108.018 23.0123
    endloop
  endfacet
  facet normal -0.297141 0.641415 0.707315
    outer loop
      vertex -42.8608 108.018 23.0123
      vertex -42.8671 107.367 23.6
      vertex -42.6167 107.483 23.6
    endloop
  endfacet
  facet normal -0.296215 0.641603 0.707533
    outer loop
      vertex -43.1577 107.886 23.0077
      vertex -42.8671 107.367 23.6
      vertex -42.8608 108.018 23.0123
    endloop
  endfacet
  facet normal -0.290502 0.6445 0.707269
    outer loop
      vertex -42.8671 107.367 23.6
      vertex -43.1577 107.886 23.0077
      vertex -43.2123 107.857 23.0117
    endloop
  endfacet
  facet normal 0.616994 -0.34581 0.706918
    outer loop
      vertex 44.8807 3.00059 23.6
      vertex 45.2966 2.52877 23.0062
      vertex 45.4017 2.73203 23.0139
    endloop
  endfacet
  facet normal 0.617154 -0.345614 0.706875
    outer loop
      vertex 45.2966 2.52877 23.0062
      vertex 44.8807 3.00059 23.6
      vertex 44.746 2.76006 23.6
    endloop
  endfacet
  facet normal 0.617188 -0.345544 0.706879
    outer loop
      vertex 45.2966 2.52877 23.0062
      vertex 44.746 2.76006 23.6
      vertex 45.2132 2.39474 23.0135
    endloop
  endfacet
  facet normal 0.555067 -0.437409 0.707513
    outer loop
      vertex 44.5316 2.42751 23.6
      vertex 44.8503 1.87146 23.0062
      vertex 44.9932 2.06493 23.0137
    endloop
  endfacet
  facet normal 0.55508 -0.437398 0.707509
    outer loop
      vertex 44.8503 1.87146 23.0062
      vertex 44.5316 2.42751 23.6
      vertex 44.361 2.21101 23.6
    endloop
  endfacet
  facet normal 0.555054 -0.437432 0.707508
    outer loop
      vertex 44.8503 1.87146 23.0062
      vertex 44.361 2.21101 23.6
      vertex 44.7543 1.76113 23.0133
    endloop
  endfacet
  facet normal 0.642442 -0.296222 0.706768
    outer loop
      vertex 44.9961 3.25095 23.6
      vertex 45.4792 2.88192 23.0062
      vertex 45.5636 3.08286 23.0137
    endloop
  endfacet
  facet normal 0.642488 -0.296146 0.706758
    outer loop
      vertex 44.8807 3.00059 23.6
      vertex 45.4792 2.88192 23.0062
      vertex 44.9961 3.25095 23.6
    endloop
  endfacet
  facet normal 0.64256 -0.295924 0.706786
    outer loop
      vertex 45.4792 2.88192 23.0062
      vertex 44.8807 3.00059 23.6
      vertex 45.4017 2.73203 23.0139
    endloop
  endfacet
  facet normal 0.651106 -0.273339 0.708058
    outer loop
      vertex 45.043 3.36152 23.6
      vertex 45.5636 3.08286 23.0137
      vertex 45.5675 3.09215 23.0137
    endloop
  endfacet
  facet normal 0.649979 -0.275699 0.708179
    outer loop
      vertex 45.5636 3.08286 23.0137
      vertex 45.043 3.36152 23.6
      vertex 44.9961 3.25095 23.6
    endloop
  endfacet
  facet normal 0.702306 -0.0828053 0.707043
    outer loop
      vertex 45.3472 4.66449 23.6
      vertex 45.9145 4.40491 23.0061
      vertex 45.9307 4.60891 23.0139
    endloop
  endfacet
  facet normal 0.70222 -0.083106 0.707093
    outer loop
      vertex 45.9145 4.40491 23.0061
      vertex 45.3472 4.66449 23.6
      vertex 45.3148 4.39072 23.6
    endloop
  endfacet
  facet normal 0.702207 -0.0833931 0.707072
    outer loop
      vertex 45.9145 4.40491 23.0061
      vertex 45.3148 4.39072 23.6
      vertex 45.8856 4.22515 23.0136
    endloop
  endfacet
  facet normal 0.192073 -0.681045 0.706601
    outer loop
      vertex 42.3013 0.802214 23.6
      vertex 42.2281 0.16611 23.0068
      vertex 42.4931 0.247591 23.0133
    endloop
  endfacet
  facet normal 0.192099 -0.681043 0.706596
    outer loop
      vertex 42.036 0.727382 23.6
      vertex 42.2281 0.16611 23.0068
      vertex 42.3013 0.802214 23.6
    endloop
  endfacet
  facet normal 0.192301 -0.68098 0.706602
    outer loop
      vertex 42.2281 0.16611 23.0068
      vertex 42.036 0.727382 23.6
      vertex 42.1212 0.142356 23.013
    endloop
  endfacet
  facet normal 0.244716 -0.663365 0.70715
    outer loop
      vertex 42.5599 0.897627 23.6
      vertex 42.6081 0.282947 23.0067
      vertex 42.8557 0.381216 23.0132
    endloop
  endfacet
  facet normal 0.244752 -0.663357 0.707145
    outer loop
      vertex 42.3013 0.802214 23.6
      vertex 42.6081 0.282947 23.0067
      vertex 42.5599 0.897627 23.6
    endloop
  endfacet
  facet normal 0.244556 -0.66345 0.707125
    outer loop
      vertex 42.6081 0.282947 23.0067
      vertex 42.3013 0.802214 23.6
      vertex 42.4931 0.247591 23.0133
    endloop
  endfacet
  facet normal 0 1 0
    outer loop
      vertex 42.3 81.2 23.2
      vertex 41.8 81.2 22.6
      vertex 41.8 81.2 23.2
    endloop
  endfacet
  facet normal 0 1 -0
    outer loop
      vertex 42.3 81.2 21.1
      vertex 41.8 81.2 22.6
      vertex 42.3 81.2 23.2
    endloop
  endfacet
  facet normal 0 1 0
    outer loop
      vertex 40.8 81.2 21.1
      vertex 41.8 81.2 22.6
      vertex 42.3 81.2 21.1
    endloop
  endfacet
  facet normal 0 1 0
    outer loop
      vertex 41.8 81.2 22.6
      vertex 40.8 81.2 21.1
      vertex 40.8 81.2 22.6
    endloop
  endfacet
  facet normal 0 -1 0
    outer loop
      vertex 40.8 91.2 22.6
      vertex 40.8 91.2 21.1
      vertex 41.8 91.2 22.6
    endloop
  endfacet
  facet normal 0 -1 0
    outer loop
      vertex 41.8 91.2 22.6
      vertex 42.3 91.2 23.2
      vertex 41.8 91.2 23.2
    endloop
  endfacet
  facet normal 0 -1 0
    outer loop
      vertex 42.3 91.2 21.1
      vertex 41.8 91.2 22.6
      vertex 40.8 91.2 21.1
    endloop
  endfacet
  facet normal 0 -1 0
    outer loop
      vertex 41.8 91.2 22.6
      vertex 42.3 91.2 21.1
      vertex 42.3 91.2 23.2
    endloop
  endfacet
  facet normal -1 0 0
    outer loop
      vertex 42.3 81.2 21.1
      vertex 42.3 91.2 23.2
      vertex 42.3 91.2 21.1
    endloop
  endfacet
  facet normal -1 -0 0
    outer loop
      vertex 42.3 91.2 23.2
      vertex 42.3 81.2 21.1
      vertex 42.3 81.2 23.2
    endloop
  endfacet
  facet normal 0 0 -1
    outer loop
      vertex 41.8 81.2 23.2
      vertex 42.3 91.2 23.2
      vertex 42.3 81.2 23.2
    endloop
  endfacet
  facet normal -0 0 -1
    outer loop
      vertex 42.3 91.2 23.2
      vertex 41.8 81.2 23.2
      vertex 41.8 91.2 23.2
    endloop
  endfacet
  facet normal -0 0 1
    outer loop
      vertex 40.8 91.2 21.1
      vertex 42.3 81.2 21.1
      vertex 42.3 91.2 21.1
    endloop
  endfacet
  facet normal 0 0 1
    outer loop
      vertex 42.3 81.2 21.1
      vertex 40.8 91.2 21.1
      vertex 40.8 81.2 21.1
    endloop
  endfacet
  facet normal 0 1 0
    outer loop
      vertex 42.3 17.2 23.2
      vertex 41.8 17.2 22.6
      vertex 41.8 17.2 23.2
    endloop
  endfacet
  facet normal 0 1 -0
    outer loop
      vertex 42.3 17.2 21.1
      vertex 41.8 17.2 22.6
      vertex 42.3 17.2 23.2
    endloop
  endfacet
  facet normal 0 1 0
    outer loop
      vertex 40.8 17.2 21.1
      vertex 41.8 17.2 22.6
      vertex 42.3 17.2 21.1
    endloop
  endfacet
  facet normal 0 1 0
    outer loop
      vertex 41.8 17.2 22.6
      vertex 40.8 17.2 21.1
      vertex 40.8 17.2 22.6
    endloop
  endfacet
  facet normal 0 -1 0
    outer loop
      vertex 40.8 27.2 22.6
      vertex 40.8 27.2 21.1
      vertex 41.8 27.2 22.6
    endloop
  endfacet
  facet normal 0 -1 0
    outer loop
      vertex 41.8 27.2 22.6
      vertex 42.3 27.2 23.2
      vertex 41.8 27.2 23.2
    endloop
  endfacet
  facet normal 0 -1 0
    outer loop
      vertex 42.3 27.2 21.1
      vertex 41.8 27.2 22.6
      vertex 40.8 27.2 21.1
    endloop
  endfacet
  facet normal 0 -1 0
    outer loop
      vertex 41.8 27.2 22.6
      vertex 42.3 27.2 21.1
      vertex 42.3 27.2 23.2
    endloop
  endfacet
  facet normal -1 0 0
    outer loop
      vertex 42.3 17.2 21.1
      vertex 42.3 27.2 23.2
      vertex 42.3 27.2 21.1
    endloop
  endfacet
  facet normal -1 -0 0
    outer loop
      vertex 42.3 27.2 23.2
      vertex 42.3 17.2 21.1
      vertex 42.3 17.2 23.2
    endloop
  endfacet
  facet normal 0 0 -1
    outer loop
      vertex 41.8 17.2 23.2
      vertex 42.3 27.2 23.2
      vertex 42.3 17.2 23.2
    endloop
  endfacet
  facet normal -0 0 -1
    outer loop
      vertex 42.3 27.2 23.2
      vertex 41.8 17.2 23.2
      vertex 41.8 27.2 23.2
    endloop
  endfacet
  facet normal -0 0 1
    outer loop
      vertex 40.8 27.2 21.1
      vertex 42.3 17.2 21.1
      vertex 42.3 27.2 21.1
    endloop
  endfacet
  facet normal 0 0 1
    outer loop
      vertex 42.3 17.2 21.1
      vertex 40.8 27.2 21.1
      vertex 40.8 17.2 21.1
    endloop
  endfacet
  facet normal 0.382983 -0.923755 0
    outer loop
      vertex -36.05 105.699 4.65
      vertex -35.6882 105.849 23.6
      vertex -36.05 105.699 23.6
    endloop
  endfacet
  facet normal 0.382983 -0.923755 0
    outer loop
      vertex -35.6882 105.849 23.6
      vertex -36.05 105.699 4.65
      vertex -35.6882 105.849 4.65
    endloop
  endfacet
  facet normal -0.92392 -0.382585 0
    outer loop
      vertex 36.7489 104.788 4.65
      vertex 36.599 105.15 23.6
      vertex 36.599 105.15 4.65
    endloop
  endfacet
  facet normal -0.92392 -0.382585 0
    outer loop
      vertex 36.599 105.15 23.6
      vertex 36.7489 104.788 4.65
      vertex 36.7489 104.788 23.6
    endloop
  endfacet
  facet normal -0.991439 -0.130573 0
    outer loop
      vertex 36.8 104.4 4.65
      vertex 36.7489 104.788 23.6
      vertex 36.7489 104.788 4.65
    endloop
  endfacet
  facet normal -0.991439 -0.130573 0
    outer loop
      vertex 36.7489 104.788 23.6
      vertex 36.8 104.4 4.65
      vertex 36.8 104.4 23.6
    endloop
  endfacet
  facet normal -1 0 0
    outer loop
      vertex 36.8 103.95 4.65
      vertex 36.8 104.4 23.6
      vertex 36.8 104.4 4.65
    endloop
  endfacet
  facet normal -1 -0 0
    outer loop
      vertex 36.8 104.4 23.6
      vertex 36.8 103.95 4.65
      vertex 36.8 103.95 23.6
    endloop
  endfacet
  facet normal 0.130256 -0.99148 0
    outer loop
      vertex -35.6882 105.849 4.65
      vertex -35.3 105.9 23.6
      vertex -35.6882 105.849 23.6
    endloop
  endfacet
  facet normal 0.130256 -0.99148 0
    outer loop
      vertex -35.3 105.9 23.6
      vertex -35.6882 105.849 4.65
      vertex -35.3 105.9 4.65
    endloop
  endfacet
  facet normal -0.382983 0.923755 0
    outer loop
      vertex 36.05 102.651 4.65
      vertex 35.6882 102.501 23.6
      vertex 36.05 102.651 23.6
    endloop
  endfacet
  facet normal -0.382983 0.923755 0
    outer loop
      vertex 35.6882 102.501 23.6
      vertex 36.05 102.651 4.65
      vertex 35.6882 102.501 4.65
    endloop
  endfacet
  facet normal 0.92392 -0.382585 0
    outer loop
      vertex -36.7489 104.788 23.6
      vertex -36.599 105.15 4.65
      vertex -36.599 105.15 23.6
    endloop
  endfacet
  facet normal 0.92392 -0.382585 0
    outer loop
      vertex -36.599 105.15 4.65
      vertex -36.7489 104.788 23.6
      vertex -36.7489 104.788 4.65
    endloop
  endfacet
  facet normal -0.991439 0.130573 0
    outer loop
      vertex 36.7489 103.562 4.65
      vertex 36.8 103.95 23.6
      vertex 36.8 103.95 4.65
    endloop
  endfacet
  facet normal -0.991439 0.130573 0
    outer loop
      vertex 36.8 103.95 23.6
      vertex 36.7489 103.562 4.65
      vertex 36.7489 103.562 23.6
    endloop
  endfacet
  facet normal -0.793771 0.608217 0
    outer loop
      vertex 36.3607 102.889 4.65
      vertex 36.599 103.2 23.6
      vertex 36.599 103.2 4.65
    endloop
  endfacet
  facet normal -0.793771 0.608217 0
    outer loop
      vertex 36.599 103.2 23.6
      vertex 36.3607 102.889 4.65
      vertex 36.3607 102.889 23.6
    endloop
  endfacet
  facet normal 0 1 -0
    outer loop
      vertex 35.3 102.45 4.65
      vertex -35.3 102.45 23.6
      vertex 35.3 102.45 23.6
    endloop
  endfacet
  facet normal 0 1 0
    outer loop
      vertex -35.3 102.45 23.6
      vertex 35.3 102.45 4.65
      vertex -35.3 102.45 4.65
    endloop
  endfacet
  facet normal 0.793771 0.608217 0
    outer loop
      vertex -36.3607 102.889 23.6
      vertex -36.599 103.2 4.65
      vertex -36.599 103.2 23.6
    endloop
  endfacet
  facet normal 0.793771 0.608217 0
    outer loop
      vertex -36.599 103.2 4.65
      vertex -36.3607 102.889 23.6
      vertex -36.3607 102.889 4.65
    endloop
  endfacet
  facet normal 0 -1 0
    outer loop
      vertex -35.3 105.9 4.65
      vertex 35.3 105.9 23.6
      vertex -35.3 105.9 23.6
    endloop
  endfacet
  facet normal 0 -1 -0
    outer loop
      vertex 35.3 105.9 23.6
      vertex -35.3 105.9 4.65
      vertex 35.3 105.9 4.65
    endloop
  endfacet
  facet normal 0.793771 -0.608217 0
    outer loop
      vertex -36.599 105.15 23.6
      vertex -36.3607 105.461 4.65
      vertex -36.3607 105.461 23.6
    endloop
  endfacet
  facet normal 0.793771 -0.608217 0
    outer loop
      vertex -36.3607 105.461 4.65
      vertex -36.599 105.15 23.6
      vertex -36.599 105.15 4.65
    endloop
  endfacet
  facet normal 0.382983 0.923755 -0
    outer loop
      vertex -35.6882 102.501 4.65
      vertex -36.05 102.651 23.6
      vertex -35.6882 102.501 23.6
    endloop
  endfacet
  facet normal 0.382983 0.923755 0
    outer loop
      vertex -36.05 102.651 23.6
      vertex -35.6882 102.501 4.65
      vertex -36.05 102.651 4.65
    endloop
  endfacet
  facet normal -0.92392 0.382585 0
    outer loop
      vertex 36.599 103.2 4.65
      vertex 36.7489 103.562 23.6
      vertex 36.7489 103.562 4.65
    endloop
  endfacet
  facet normal -0.92392 0.382585 0
    outer loop
      vertex 36.7489 103.562 23.6
      vertex 36.599 103.2 4.65
      vertex 36.599 103.2 23.6
    endloop
  endfacet
  facet normal -0.608104 0.793857 0
    outer loop
      vertex 36.3607 102.889 4.65
      vertex 36.05 102.651 23.6
      vertex 36.3607 102.889 23.6
    endloop
  endfacet
  facet normal -0.608104 0.793857 0
    outer loop
      vertex 36.05 102.651 23.6
      vertex 36.3607 102.889 4.65
      vertex 36.05 102.651 4.65
    endloop
  endfacet
  facet normal -0.130256 -0.99148 0
    outer loop
      vertex 35.3 105.9 4.65
      vertex 35.6882 105.849 23.6
      vertex 35.3 105.9 23.6
    endloop
  endfacet
  facet normal -0.130256 -0.99148 -0
    outer loop
      vertex 35.6882 105.849 23.6
      vertex 35.3 105.9 4.65
      vertex 35.6882 105.849 4.65
    endloop
  endfacet
  facet normal 0 0 1
    outer loop
      vertex 35.3 105.9 4.65
      vertex 36.8 104.4 4.65
      vertex 36.7489 104.788 4.65
    endloop
  endfacet
  facet normal 0 0 1
    outer loop
      vertex 36.8 104.4 4.65
      vertex 35.3 105.9 4.65
      vertex 36.8 103.95 4.65
    endloop
  endfacet
  facet normal 0 0 1
    outer loop
      vertex 35.3 105.9 4.65
      vertex 36.7489 104.788 4.65
      vertex 36.599 105.15 4.65
    endloop
  endfacet
  facet normal 0 0 1
    outer loop
      vertex 35.3 102.45 4.65
      vertex 36.8 103.95 4.65
      vertex 35.3 105.9 4.65
    endloop
  endfacet
  facet normal 0 0 1
    outer loop
      vertex 35.3 105.9 4.65
      vertex 36.599 105.15 4.65
      vertex 36.3607 105.461 4.65
    endloop
  endfacet
  facet normal 0 0 1
    outer loop
      vertex 36.8 103.95 4.65
      vertex 35.3 102.45 4.65
      vertex 36.7489 103.562 4.65
    endloop
  endfacet
  facet normal 0 0 1
    outer loop
      vertex 35.3 105.9 4.65
      vertex 36.3607 105.461 4.65
      vertex 36.05 105.699 4.65
    endloop
  endfacet
  facet normal 0 0 1
    outer loop
      vertex 36.7489 103.562 4.65
      vertex 35.3 102.45 4.65
      vertex 36.599 103.2 4.65
    endloop
  endfacet
  facet normal 0 0 1
    outer loop
      vertex 35.3 105.9 4.65
      vertex 36.05 105.699 4.65
      vertex 35.6882 105.849 4.65
    endloop
  endfacet
  facet normal 0 0 1
    outer loop
      vertex 36.599 103.2 4.65
      vertex 35.3 102.45 4.65
      vertex 36.3607 102.889 4.65
    endloop
  endfacet
  facet normal 0 0 1
    outer loop
      vertex 36.3607 102.889 4.65
      vertex 35.3 102.45 4.65
      vertex 36.05 102.651 4.65
    endloop
  endfacet
  facet normal 0 0 1
    outer loop
      vertex 36.05 102.651 4.65
      vertex 35.3 102.45 4.65
      vertex 35.6882 102.501 4.65
    endloop
  endfacet
  facet normal -0 0 1
    outer loop
      vertex -35.3 105.9 4.65
      vertex 35.3 102.45 4.65
      vertex 35.3 105.9 4.65
    endloop
  endfacet
  facet normal 0 0 1
    outer loop
      vertex -35.3 105.9 4.65
      vertex -35.3 102.45 4.65
      vertex 35.3 102.45 4.65
    endloop
  endfacet
  facet normal 0 0 1
    outer loop
      vertex -36.8 104.4 4.65
      vertex -35.3 105.9 4.65
      vertex -35.6882 105.849 4.65
    endloop
  endfacet
  facet normal 0 0 1
    outer loop
      vertex -35.3 105.9 4.65
      vertex -36.8 104.4 4.65
      vertex -35.3 102.45 4.65
    endloop
  endfacet
  facet normal 0 0 1
    outer loop
      vertex -36.8 104.4 4.65
      vertex -35.6882 105.849 4.65
      vertex -36.05 105.699 4.65
    endloop
  endfacet
  facet normal -0 0 1
    outer loop
      vertex -36.8 103.95 4.65
      vertex -35.3 102.45 4.65
      vertex -36.8 104.4 4.65
    endloop
  endfacet
  facet normal 0 0 1
    outer loop
      vertex -36.8 104.4 4.65
      vertex -36.05 105.699 4.65
      vertex -36.3607 105.461 4.65
    endloop
  endfacet
  facet normal 0 0 1
    outer loop
      vertex -35.3 102.45 4.65
      vertex -36.8 103.95 4.65
      vertex -35.6882 102.501 4.65
    endloop
  endfacet
  facet normal 0 0 1
    outer loop
      vertex -36.8 104.4 4.65
      vertex -36.3607 105.461 4.65
      vertex -36.599 105.15 4.65
    endloop
  endfacet
  facet normal 0 0 1
    outer loop
      vertex -35.6882 102.501 4.65
      vertex -36.8 103.95 4.65
      vertex -36.05 102.651 4.65
    endloop
  endfacet
  facet normal 0 0 1
    outer loop
      vertex -36.8 104.4 4.65
      vertex -36.599 105.15 4.65
      vertex -36.7489 104.788 4.65
    endloop
  endfacet
  facet normal 0 0 1
    outer loop
      vertex -36.05 102.651 4.65
      vertex -36.8 103.95 4.65
      vertex -36.3607 102.889 4.65
    endloop
  endfacet
  facet normal 0 0 1
    outer loop
      vertex -36.3607 102.889 4.65
      vertex -36.8 103.95 4.65
      vertex -36.599 103.2 4.65
    endloop
  endfacet
  facet normal 0 0 1
    outer loop
      vertex -36.599 103.2 4.65
      vertex -36.8 103.95 4.65
      vertex -36.7489 103.562 4.65
    endloop
  endfacet
  facet normal 0.92392 0.382585 0
    outer loop
      vertex -36.599 103.2 23.6
      vertex -36.7489 103.562 4.65
      vertex -36.7489 103.562 23.6
    endloop
  endfacet
  facet normal 0.92392 0.382585 0
    outer loop
      vertex -36.7489 103.562 4.65
      vertex -36.599 103.2 23.6
      vertex -36.599 103.2 4.65
    endloop
  endfacet
  facet normal 0.991439 -0.130573 0
    outer loop
      vertex -36.8 104.4 23.6
      vertex -36.7489 104.788 4.65
      vertex -36.7489 104.788 23.6
    endloop
  endfacet
  facet normal 0.991439 -0.130573 0
    outer loop
      vertex -36.7489 104.788 4.65
      vertex -36.8 104.4 23.6
      vertex -36.8 104.4 4.65
    endloop
  endfacet
  facet normal -0.130256 0.99148 0
    outer loop
      vertex 35.6882 102.501 4.65
      vertex 35.3 102.45 23.6
      vertex 35.6882 102.501 23.6
    endloop
  endfacet
  facet normal -0.130256 0.99148 0
    outer loop
      vertex 35.3 102.45 23.6
      vertex 35.6882 102.501 4.65
      vertex 35.3 102.45 4.65
    endloop
  endfacet
  facet normal 1 -0 0
    outer loop
      vertex -36.8 103.95 23.6
      vertex -36.8 104.4 4.65
      vertex -36.8 104.4 23.6
    endloop
  endfacet
  facet normal 1 0 0
    outer loop
      vertex -36.8 104.4 4.65
      vertex -36.8 103.95 23.6
      vertex -36.8 103.95 4.65
    endloop
  endfacet
  facet normal 0.608104 0.793857 -0
    outer loop
      vertex -36.05 102.651 4.65
      vertex -36.3607 102.889 23.6
      vertex -36.05 102.651 23.6
    endloop
  endfacet
  facet normal 0.608104 0.793857 0
    outer loop
      vertex -36.3607 102.889 23.6
      vertex -36.05 102.651 4.65
      vertex -36.3607 102.889 4.65
    endloop
  endfacet
  facet normal 0.991439 0.130573 0
    outer loop
      vertex -36.7489 103.562 23.6
      vertex -36.8 103.95 4.65
      vertex -36.8 103.95 23.6
    endloop
  endfacet
  facet normal 0.991439 0.130573 0
    outer loop
      vertex -36.8 103.95 4.65
      vertex -36.7489 103.562 23.6
      vertex -36.7489 103.562 4.65
    endloop
  endfacet
  facet normal 0.608104 -0.793857 0
    outer loop
      vertex -36.3607 105.461 4.65
      vertex -36.05 105.699 23.6
      vertex -36.3607 105.461 23.6
    endloop
  endfacet
  facet normal 0.608104 -0.793857 0
    outer loop
      vertex -36.05 105.699 23.6
      vertex -36.3607 105.461 4.65
      vertex -36.05 105.699 4.65
    endloop
  endfacet
  facet normal 0.130256 0.99148 -0
    outer loop
      vertex -35.3 102.45 4.65
      vertex -35.6882 102.501 23.6
      vertex -35.3 102.45 23.6
    endloop
  endfacet
  facet normal 0.130256 0.99148 0
    outer loop
      vertex -35.6882 102.501 23.6
      vertex -35.3 102.45 4.65
      vertex -35.6882 102.501 4.65
    endloop
  endfacet
  facet normal -0.608104 -0.793857 0
    outer loop
      vertex 36.05 105.699 4.65
      vertex 36.3607 105.461 23.6
      vertex 36.05 105.699 23.6
    endloop
  endfacet
  facet normal -0.608104 -0.793857 -0
    outer loop
      vertex 36.3607 105.461 23.6
      vertex 36.05 105.699 4.65
      vertex 36.3607 105.461 4.65
    endloop
  endfacet
  facet normal -0.382983 -0.923755 0
    outer loop
      vertex 35.6882 105.849 4.65
      vertex 36.05 105.699 23.6
      vertex 35.6882 105.849 23.6
    endloop
  endfacet
  facet normal -0.382983 -0.923755 -0
    outer loop
      vertex 36.05 105.699 23.6
      vertex 35.6882 105.849 4.65
      vertex 36.05 105.699 4.65
    endloop
  endfacet
  facet normal -0.793771 -0.608217 0
    outer loop
      vertex 36.599 105.15 4.65
      vertex 36.3607 105.461 23.6
      vertex 36.3607 105.461 4.65
    endloop
  endfacet
  facet normal -0.793771 -0.608217 0
    outer loop
      vertex 36.3607 105.461 23.6
      vertex 36.599 105.15 4.65
      vertex 36.599 105.15 23.6
    endloop
  endfacet
  facet normal -0.923834 -0.382792 0
    outer loop
      vertex 36.7489 4.83822 4.65
      vertex 36.599 5.19999 23.6
      vertex 36.599 5.19999 4.65
    endloop
  endfacet
  facet normal -0.923834 -0.382792 0
    outer loop
      vertex 36.599 5.19999 23.6
      vertex 36.7489 4.83822 4.65
      vertex 36.7489 4.83822 23.6
    endloop
  endfacet
  facet normal -0.991449 -0.130497 0
    outer loop
      vertex 36.8 4.44999 4.65
      vertex 36.7489 4.83822 23.6
      vertex 36.7489 4.83822 4.65
    endloop
  endfacet
  facet normal -0.991449 -0.130497 0
    outer loop
      vertex 36.7489 4.83822 23.6
      vertex 36.8 4.44999 4.65
      vertex 36.8 4.44999 23.6
    endloop
  endfacet
  facet normal -1 0 0
    outer loop
      vertex 36.8 4.00001 4.65
      vertex 36.8 4.44999 23.6
      vertex 36.8 4.44999 4.65
    endloop
  endfacet
  facet normal -1 -0 0
    outer loop
      vertex 36.8 4.44999 23.6
      vertex 36.8 4.00001 4.65
      vertex 36.8 4.00001 23.6
    endloop
  endfacet
  facet normal 1 -0 0
    outer loop
      vertex -36.8 4.00001 23.6
      vertex -36.8 4.44999 4.65
      vertex -36.8 4.44999 23.6
    endloop
  endfacet
  facet normal 1 0 0
    outer loop
      vertex -36.8 4.44999 4.65
      vertex -36.8 4.00001 23.6
      vertex -36.8 4.00001 4.65
    endloop
  endfacet
  facet normal 0.991449 0.130497 0
    outer loop
      vertex -36.7489 3.61178 23.6
      vertex -36.8 4.00001 4.65
      vertex -36.8 4.00001 23.6
    endloop
  endfacet
  facet normal 0.991449 0.130497 0
    outer loop
      vertex -36.8 4.00001 4.65
      vertex -36.7489 3.61178 23.6
      vertex -36.7489 3.61178 4.65
    endloop
  endfacet
  facet normal -0.382634 0.9239 0
    outer loop
      vertex 36.05 2.70097 4.65
      vertex 35.6882 2.55113 23.6
      vertex 36.05 2.70097 23.6
    endloop
  endfacet
  facet normal -0.382634 0.9239 0
    outer loop
      vertex 35.6882 2.55113 23.6
      vertex 36.05 2.70097 4.65
      vertex 35.6882 2.55113 4.65
    endloop
  endfacet
  facet normal 0.923834 -0.382792 0
    outer loop
      vertex -36.7489 4.83822 23.6
      vertex -36.599 5.19999 4.65
      vertex -36.599 5.19999 23.6
    endloop
  endfacet
  facet normal 0.923834 -0.382792 0
    outer loop
      vertex -36.599 5.19999 4.65
      vertex -36.7489 4.83822 23.6
      vertex -36.7489 4.83822 4.65
    endloop
  endfacet
  facet normal 0.382634 -0.9239 0
    outer loop
      vertex -36.05 5.74903 4.65
      vertex -35.6882 5.89887 23.6
      vertex -36.05 5.74903 23.6
    endloop
  endfacet
  facet normal 0.382634 -0.9239 0
    outer loop
      vertex -35.6882 5.89887 23.6
      vertex -36.05 5.74903 4.65
      vertex -35.6882 5.89887 4.65
    endloop
  endfacet
  facet normal -0.991449 0.130497 0
    outer loop
      vertex 36.7489 3.61178 4.65
      vertex 36.8 4.00001 23.6
      vertex 36.8 4.00001 4.65
    endloop
  endfacet
  facet normal -0.991449 0.130497 0
    outer loop
      vertex 36.8 4.00001 23.6
      vertex 36.7489 3.61178 4.65
      vertex 36.7489 3.61178 23.6
    endloop
  endfacet
  facet normal -0.793459 0.608624 0
    outer loop
      vertex 36.3607 2.93934 4.65
      vertex 36.599 3.25001 23.6
      vertex 36.599 3.25001 4.65
    endloop
  endfacet
  facet normal -0.793459 0.608624 0
    outer loop
      vertex 36.599 3.25001 23.6
      vertex 36.3607 2.93934 4.65
      vertex 36.3607 2.93934 23.6
    endloop
  endfacet
  facet normal 0 1 -0
    outer loop
      vertex 35.3 2.50001 4.65
      vertex -35.3 2.50001 23.6
      vertex 35.3 2.50001 23.6
    endloop
  endfacet
  facet normal 0 1 0
    outer loop
      vertex -35.3 2.50001 23.6
      vertex 35.3 2.50001 4.65
      vertex -35.3 2.50001 4.65
    endloop
  endfacet
  facet normal 0.793459 0.608624 0
    outer loop
      vertex -36.3607 2.93934 23.6
      vertex -36.599 3.25001 4.65
      vertex -36.599 3.25001 23.6
    endloop
  endfacet
  facet normal 0.793459 0.608624 0
    outer loop
      vertex -36.599 3.25001 4.65
      vertex -36.3607 2.93934 23.6
      vertex -36.3607 2.93934 4.65
    endloop
  endfacet
  facet normal 0 -1 0
    outer loop
      vertex -35.3 5.94999 4.65
      vertex 35.3 5.94999 23.6
      vertex -35.3 5.94999 23.6
    endloop
  endfacet
  facet normal 0 -1 -0
    outer loop
      vertex 35.3 5.94999 23.6
      vertex -35.3 5.94999 4.65
      vertex 35.3 5.94999 4.65
    endloop
  endfacet
  facet normal -0.793459 -0.608624 0
    outer loop
      vertex 36.599 5.19999 4.65
      vertex 36.3607 5.51066 23.6
      vertex 36.3607 5.51066 4.65
    endloop
  endfacet
  facet normal -0.793459 -0.608624 0
    outer loop
      vertex 36.3607 5.51066 23.6
      vertex 36.599 5.19999 4.65
      vertex 36.599 5.19999 23.6
    endloop
  endfacet
  facet normal -0.923834 0.382792 0
    outer loop
      vertex 36.599 3.25001 4.65
      vertex 36.7489 3.61178 23.6
      vertex 36.7489 3.61178 4.65
    endloop
  endfacet
  facet normal -0.923834 0.382792 0
    outer loop
      vertex 36.7489 3.61178 23.6
      vertex 36.599 3.25001 4.65
      vertex 36.599 3.25001 23.6
    endloop
  endfacet
  facet normal -0.6087 0.793401 0
    outer loop
      vertex 36.3607 2.93934 4.65
      vertex 36.05 2.70097 23.6
      vertex 36.3607 2.93934 23.6
    endloop
  endfacet
  facet normal -0.6087 0.793401 0
    outer loop
      vertex 36.05 2.70097 23.6
      vertex 36.3607 2.93934 4.65
      vertex 36.05 2.70097 4.65
    endloop
  endfacet
  facet normal 0.6087 -0.793401 0
    outer loop
      vertex -36.3607 5.51066 4.65
      vertex -36.05 5.74903 23.6
      vertex -36.3607 5.51066 23.6
    endloop
  endfacet
  facet normal 0.6087 -0.793401 0
    outer loop
      vertex -36.05 5.74903 23.6
      vertex -36.3607 5.51066 4.65
      vertex -36.05 5.74903 4.65
    endloop
  endfacet
  facet normal 0.130558 0.991441 -0
    outer loop
      vertex -35.3 2.50001 4.65
      vertex -35.6882 2.55113 23.6
      vertex -35.3 2.50001 23.6
    endloop
  endfacet
  facet normal 0.130558 0.991441 0
    outer loop
      vertex -35.6882 2.55113 23.6
      vertex -35.3 2.50001 4.65
      vertex -35.6882 2.55113 4.65
    endloop
  endfacet
  facet normal 0.923834 0.382792 0
    outer loop
      vertex -36.599 3.25001 23.6
      vertex -36.7489 3.61178 4.65
      vertex -36.7489 3.61178 23.6
    endloop
  endfacet
  facet normal 0.923834 0.382792 0
    outer loop
      vertex -36.7489 3.61178 4.65
      vertex -36.599 3.25001 23.6
      vertex -36.599 3.25001 4.65
    endloop
  endfacet
  facet normal 0.991449 -0.130497 0
    outer loop
      vertex -36.8 4.44999 23.6
      vertex -36.7489 4.83822 4.65
      vertex -36.7489 4.83822 23.6
    endloop
  endfacet
  facet normal 0.991449 -0.130497 0
    outer loop
      vertex -36.7489 4.83822 4.65
      vertex -36.8 4.44999 23.6
      vertex -36.8 4.44999 4.65
    endloop
  endfacet
  facet normal -0.130558 0.991441 0
    outer loop
      vertex 35.6882 2.55113 4.65
      vertex 35.3 2.50001 23.6
      vertex 35.6882 2.55113 23.6
    endloop
  endfacet
  facet normal -0.130558 0.991441 0
    outer loop
      vertex 35.3 2.50001 23.6
      vertex 35.6882 2.55113 4.65
      vertex 35.3 2.50001 4.65
    endloop
  endfacet
  facet normal 0.382634 0.9239 -0
    outer loop
      vertex -35.6882 2.55113 4.65
      vertex -36.05 2.70097 23.6
      vertex -35.6882 2.55113 23.6
    endloop
  endfacet
  facet normal 0.382634 0.9239 0
    outer loop
      vertex -36.05 2.70097 23.6
      vertex -35.6882 2.55113 4.65
      vertex -36.05 2.70097 4.65
    endloop
  endfacet
  facet normal 0.6087 0.793401 -0
    outer loop
      vertex -36.05 2.70097 4.65
      vertex -36.3607 2.93934 23.6
      vertex -36.05 2.70097 23.6
    endloop
  endfacet
  facet normal 0.6087 0.793401 0
    outer loop
      vertex -36.3607 2.93934 23.6
      vertex -36.05 2.70097 4.65
      vertex -36.3607 2.93934 4.65
    endloop
  endfacet
  facet normal 0.130558 -0.991441 0
    outer loop
      vertex -35.6882 5.89887 4.65
      vertex -35.3 5.94999 23.6
      vertex -35.6882 5.89887 23.6
    endloop
  endfacet
  facet normal 0.130558 -0.991441 0
    outer loop
      vertex -35.3 5.94999 23.6
      vertex -35.6882 5.89887 4.65
      vertex -35.3 5.94999 4.65
    endloop
  endfacet
  facet normal -0.382634 -0.9239 0
    outer loop
      vertex 35.6882 5.89887 4.65
      vertex 36.05 5.74903 23.6
      vertex 35.6882 5.89887 23.6
    endloop
  endfacet
  facet normal -0.382634 -0.9239 -0
    outer loop
      vertex 36.05 5.74903 23.6
      vertex 35.6882 5.89887 4.65
      vertex 36.05 5.74903 4.65
    endloop
  endfacet
  facet normal 0 0 1
    outer loop
      vertex 35.3 5.94999 4.65
      vertex 36.8 4.44999 4.65
      vertex 36.7489 4.83822 4.65
    endloop
  endfacet
  facet normal 0 0 1
    outer loop
      vertex 36.8 4.44999 4.65
      vertex 35.3 5.94999 4.65
      vertex 36.8 4.00001 4.65
    endloop
  endfacet
  facet normal 0 0 1
    outer loop
      vertex 35.3 5.94999 4.65
      vertex 36.7489 4.83822 4.65
      vertex 36.599 5.19999 4.65
    endloop
  endfacet
  facet normal 0 0 1
    outer loop
      vertex 35.3 2.50001 4.65
      vertex 36.8 4.00001 4.65
      vertex 35.3 5.94999 4.65
    endloop
  endfacet
  facet normal 0 0 1
    outer loop
      vertex 35.3 5.94999 4.65
      vertex 36.599 5.19999 4.65
      vertex 36.3607 5.51066 4.65
    endloop
  endfacet
  facet normal 0 0 1
    outer loop
      vertex 36.8 4.00001 4.65
      vertex 35.3 2.50001 4.65
      vertex 36.7489 3.61178 4.65
    endloop
  endfacet
  facet normal 0 0 1
    outer loop
      vertex 35.3 5.94999 4.65
      vertex 36.3607 5.51066 4.65
      vertex 36.05 5.74903 4.65
    endloop
  endfacet
  facet normal 0 0 1
    outer loop
      vertex 36.7489 3.61178 4.65
      vertex 35.3 2.50001 4.65
      vertex 36.599 3.25001 4.65
    endloop
  endfacet
  facet normal 0 0 1
    outer loop
      vertex 35.3 5.94999 4.65
      vertex 36.05 5.74903 4.65
      vertex 35.6882 5.89887 4.65
    endloop
  endfacet
  facet normal 0 0 1
    outer loop
      vertex 36.599 3.25001 4.65
      vertex 35.3 2.50001 4.65
      vertex 36.3607 2.93934 4.65
    endloop
  endfacet
  facet normal 0 0 1
    outer loop
      vertex 36.3607 2.93934 4.65
      vertex 35.3 2.50001 4.65
      vertex 36.05 2.70097 4.65
    endloop
  endfacet
  facet normal 0 0 1
    outer loop
      vertex 36.05 2.70097 4.65
      vertex 35.3 2.50001 4.65
      vertex 35.6882 2.55113 4.65
    endloop
  endfacet
  facet normal -0 0 1
    outer loop
      vertex -35.3 5.94999 4.65
      vertex 35.3 2.50001 4.65
      vertex 35.3 5.94999 4.65
    endloop
  endfacet
  facet normal 0 0 1
    outer loop
      vertex -35.3 5.94999 4.65
      vertex -35.3 2.50001 4.65
      vertex 35.3 2.50001 4.65
    endloop
  endfacet
  facet normal 0 0 1
    outer loop
      vertex -36.8 4.44999 4.65
      vertex -35.3 5.94999 4.65
      vertex -35.6882 5.89887 4.65
    endloop
  endfacet
  facet normal 0 0 1
    outer loop
      vertex -35.3 5.94999 4.65
      vertex -36.8 4.44999 4.65
      vertex -35.3 2.50001 4.65
    endloop
  endfacet
  facet normal 0 0 1
    outer loop
      vertex -36.8 4.44999 4.65
      vertex -35.6882 5.89887 4.65
      vertex -36.05 5.74903 4.65
    endloop
  endfacet
  facet normal -0 0 1
    outer loop
      vertex -36.8 4.00001 4.65
      vertex -35.3 2.50001 4.65
      vertex -36.8 4.44999 4.65
    endloop
  endfacet
  facet normal 0 0 1
    outer loop
      vertex -36.8 4.44999 4.65
      vertex -36.05 5.74903 4.65
      vertex -36.3607 5.51066 4.65
    endloop
  endfacet
  facet normal 0 0 1
    outer loop
      vertex -35.3 2.50001 4.65
      vertex -36.8 4.00001 4.65
      vertex -35.6882 2.55113 4.65
    endloop
  endfacet
  facet normal 0 0 1
    outer loop
      vertex -36.8 4.44999 4.65
      vertex -36.3607 5.51066 4.65
      vertex -36.599 5.19999 4.65
    endloop
  endfacet
  facet normal 0 0 1
    outer loop
      vertex -35.6882 2.55113 4.65
      vertex -36.8 4.00001 4.65
      vertex -36.05 2.70097 4.65
    endloop
  endfacet
  facet normal 0 0 1
    outer loop
      vertex -36.8 4.44999 4.65
      vertex -36.599 5.19999 4.65
      vertex -36.7489 4.83822 4.65
    endloop
  endfacet
  facet normal 0 0 1
    outer loop
      vertex -36.05 2.70097 4.65
      vertex -36.8 4.00001 4.65
      vertex -36.3607 2.93934 4.65
    endloop
  endfacet
  facet normal 0 0 1
    outer loop
      vertex -36.3607 2.93934 4.65
      vertex -36.8 4.00001 4.65
      vertex -36.599 3.25001 4.65
    endloop
  endfacet
  facet normal 0 0 1
    outer loop
      vertex -36.599 3.25001 4.65
      vertex -36.8 4.00001 4.65
      vertex -36.7489 3.61178 4.65
    endloop
  endfacet
  facet normal -0.6087 -0.793401 0
    outer loop
      vertex 36.05 5.74903 4.65
      vertex 36.3607 5.51066 23.6
      vertex 36.05 5.74903 23.6
    endloop
  endfacet
  facet normal -0.6087 -0.793401 -0
    outer loop
      vertex 36.3607 5.51066 23.6
      vertex 36.05 5.74903 4.65
      vertex 36.3607 5.51066 4.65
    endloop
  endfacet
  facet normal -0.130558 -0.991441 0
    outer loop
      vertex 35.3 5.94999 4.65
      vertex 35.6882 5.89887 23.6
      vertex 35.3 5.94999 23.6
    endloop
  endfacet
  facet normal -0.130558 -0.991441 -0
    outer loop
      vertex 35.6882 5.89887 23.6
      vertex 35.3 5.94999 4.65
      vertex 35.6882 5.89887 4.65
    endloop
  endfacet
  facet normal 0.793459 -0.608624 0
    outer loop
      vertex -36.599 5.19999 23.6
      vertex -36.3607 5.51066 4.65
      vertex -36.3607 5.51066 23.6
    endloop
  endfacet
  facet normal 0.793459 -0.608624 0
    outer loop
      vertex -36.3607 5.51066 4.65
      vertex -36.599 5.19999 23.6
      vertex -36.599 5.19999 4.65
    endloop
  endfacet
  facet normal 0.393685 0.825361 0.40471
    outer loop
      vertex 43.2248 107.849 23.013
      vertex 42.9776 107.97 23.0067
      vertex 43.2159 107.853 23.0135
    endloop
  endfacet
  facet normal 0.440107 0.897107 -0.0387881
    outer loop
      vertex 43.3343 107.795 23.0065
      vertex 42.9776 107.97 23.0067
      vertex 43.2248 107.849 23.013
    endloop
  endfacet
  facet normal 0.440456 0.897774 -0
    outer loop
      vertex 43.3343 107.795 0.799999
      vertex 42.9776 107.97 23.0067
      vertex 43.3343 107.795 23.0065
    endloop
  endfacet
  facet normal 0.440456 0.897774 0
    outer loop
      vertex 42.9776 107.97 23.0067
      vertex 43.3343 107.795 0.799999
      vertex 42.9776 107.97 0.799999
    endloop
  endfacet
  facet normal 0.987433 0.158032 -0.0014321
    outer loop
      vertex 45.8856 104.175 23.0136
      vertex 45.8515 104.388 23.0062
      vertex 45.884 104.185 23.0139
    endloop
  endfacet
  facet normal 0.987376 0.15828 0.00596571
    outer loop
      vertex 45.9145 103.995 23.0061
      vertex 45.8515 104.388 23.0062
      vertex 45.8856 104.175 23.0136
    endloop
  endfacet
  facet normal 0.987394 0.158284 0
    outer loop
      vertex 45.8515 104.388 23.0062
      vertex 45.9145 103.995 23.0061
      vertex 45.8515 104.388 0.799999
    endloop
  endfacet
  facet normal 0.987394 0.158284 0
    outer loop
      vertex 45.8515 104.388 0.799999
      vertex 45.9145 103.995 23.0061
      vertex 45.9145 103.995 0.799999
    endloop
  endfacet
  facet normal 0.996845 0.0792954 0.00350864
    outer loop
      vertex 45.946 103.599 23.0062
      vertex 45.9145 103.995 23.0061
      vertex 45.9307 103.791 23.0139
    endloop
  endfacet
  facet normal 0.996851 0.079295 0
    outer loop
      vertex 45.9145 103.995 23.0061
      vertex 45.946 103.599 23.0062
      vertex 45.9145 103.995 0.799999
    endloop
  endfacet
  facet normal 0.996851 0.079295 0
    outer loop
      vertex 45.9145 103.995 0.799999
      vertex 45.946 103.599 23.0062
      vertex 45.946 103.599 0.799999
    endloop
  endfacet
  facet normal -0.33166 -0.943392 0.00361869
    outer loop
      vertex -42.4193 0.220752 23.0075
      vertex -42.498 0.248439 23.0125
      vertex -42.7943 0.352588 23.0077
    endloop
  endfacet
  facet normal -0.335561 -0.937857 -0.0884505
    outer loop
      vertex -42.498 0.248439 23.0125
      vertex -42.4193 0.220752 23.0075
      vertex -42.4888 0.245185 23.0121
    endloop
  endfacet
  facet normal -0.331663 -0.943398 0
    outer loop
      vertex -42.7943 0.352588 0.799999
      vertex -42.4193 0.220752 23.0075
      vertex -42.7943 0.352588 23.0077
    endloop
  endfacet
  facet normal -0.331663 -0.943398 -0
    outer loop
      vertex -42.4193 0.220752 23.0075
      vertex -42.7943 0.352588 0.799999
      vertex -42.4193 0.220752 0.799999
    endloop
  endfacet
  facet normal 0.138753 -0.990327 0.000933014
    outer loop
      vertex 41.4463 0.024692 23.007
      vertex 41.84 0.0798525 23.0069
      vertex 41.7324 0.0647827 23.0131
    endloop
  endfacet
  facet normal 0.138753 -0.990327 0
    outer loop
      vertex 41.4463 0.024692 0.799999
      vertex 41.84 0.0798525 23.0069
      vertex 41.4463 0.024692 23.007
    endloop
  endfacet
  facet normal 0.138753 -0.990327 0
    outer loop
      vertex 41.84 0.0798525 23.0069
      vertex 41.4463 0.024692 0.799999
      vertex 41.84 0.0798525 0.799999
    endloop
  endfacet
  facet normal 1 0 0
    outer loop
      vertex 45.946 103.405 23.0138
      vertex 45.946 103.599 0.799999
      vertex 45.946 103.599 23.0062
    endloop
  endfacet
  facet normal 1 -0 0
    outer loop
      vertex 45.946 4.99496 23.0138
      vertex 45.946 103.599 0.799999
      vertex 45.946 103.405 23.0138
    endloop
  endfacet
  facet normal 1 0 0
    outer loop
      vertex 45.946 4.80123 0.799999
      vertex 45.946 4.99496 23.0138
      vertex 45.946 4.80123 23.0062
    endloop
  endfacet
  facet normal 1 0 0
    outer loop
      vertex 45.946 4.99496 23.0138
      vertex 45.946 4.80123 0.799999
      vertex 45.946 103.599 0.799999
    endloop
  endfacet
  facet normal -0.610036 -0.792308 0.0102019
    outer loop
      vertex -44.1555 1.16269 23.0082
      vertex -43.8405 0.920154 23.008
      vertex -43.8881 0.956855 23.012
    endloop
  endfacet
  facet normal -0.610071 -0.792346 0
    outer loop
      vertex -44.1555 1.16269 0.799999
      vertex -43.8405 0.920154 23.008
      vertex -44.1555 1.16269 23.0082
    endloop
  endfacet
  facet normal -0.610071 -0.792346 -0
    outer loop
      vertex -43.8405 0.920154 23.008
      vertex -44.1555 1.16269 0.799999
      vertex -43.8405 0.920154 0.799999
    endloop
  endfacet
  facet normal 0.754539 -0.656238 0.0046476
    outer loop
      vertex 44.5894 1.57148 23.0064
      vertex 44.8503 1.87146 23.0062
      vertex 44.7543 1.76113 23.0133
    endloop
  endfacet
  facet normal 0.753957 -0.652933 -0.0722993
    outer loop
      vertex 44.5894 1.57148 23.0064
      vertex 44.7543 1.76113 23.0133
      vertex 44.7478 1.75358 23.0137
    endloop
  endfacet
  facet normal 0.754546 -0.656247 0
    outer loop
      vertex 44.8503 1.87146 23.0062
      vertex 44.5894 1.57148 23.0064
      vertex 44.8503 1.87146 0.799999
    endloop
  endfacet
  facet normal 0.754546 -0.656247 0
    outer loop
      vertex 44.8503 1.87146 0.799999
      vertex 44.5894 1.57148 23.0064
      vertex 44.5894 1.57148 0.799999
    endloop
  endfacet
  facet normal -0.00929811 0.887737 0.460257
    outer loop
      vertex -40.8506 108.399 23.011
      vertex -40.9574 108.397 23.0127
      vertex -40.9475 108.397 23.0129
    endloop
  endfacet
  facet normal -0.0195596 0.998334 -0.0542915
    outer loop
      vertex -40.8506 108.399 23.011
      vertex -41.2481 108.391 23.0071
      vertex -40.9574 108.397 23.0127
    endloop
  endfacet
  facet normal -0.0201217 0.999798 0
    outer loop
      vertex -40.8506 108.399 0.799999
      vertex -41.2481 108.391 23.0071
      vertex -40.8506 108.399 23.011
    endloop
  endfacet
  facet normal -0.0201217 0.999798 0
    outer loop
      vertex -41.2481 108.391 23.0071
      vertex -40.8506 108.399 0.799999
      vertex -41.2481 108.391 0.799999
    endloop
  endfacet
  facet normal -1 0 0
    outer loop
      vertex -45.95 5 0.799999
      vertex -45.95 103.4 23.01
      vertex -45.95 103.4 0.799999
    endloop
  endfacet
  facet normal -1 -0 0
    outer loop
      vertex -45.95 103.4 23.01
      vertex -45.95 5 0.799999
      vertex -45.95 5 23.01
    endloop
  endfacet
  facet normal 0.577227 -0.815999 0.0308906
    outer loop
      vertex 43.676 0.80846 23.0066
      vertex 43.8913 0.961014 23.0133
      vertex 43.8831 0.955221 23.0135
    endloop
  endfacet
  facet normal 0.578094 -0.815967 0.00227451
    outer loop
      vertex 43.676 0.80846 23.0066
      vertex 44.0004 1.03829 23.0065
      vertex 43.8913 0.961014 23.0133
    endloop
  endfacet
  facet normal 0.578096 -0.815969 0
    outer loop
      vertex 43.676 0.80846 0.799999
      vertex 44.0004 1.03829 23.0065
      vertex 43.676 0.80846 23.0066
    endloop
  endfacet
  facet normal 0.578096 -0.815969 0
    outer loop
      vertex 44.0004 1.03829 23.0065
      vertex 43.676 0.80846 0.799999
      vertex 44.0004 1.03829 0.799999
    endloop
  endfacet
  facet normal 0.185494 0.917267 -0.352438
    outer loop
      vertex 42.2281 108.234 23.0068
      vertex 42.1115 108.26 23.0131
      vertex 42.1212 108.258 23.013
    endloop
  endfacet
  facet normal 0.216269 0.976007 -0.0252688
    outer loop
      vertex 42.1115 108.26 23.0131
      vertex 42.2281 108.234 23.0068
      vertex 41.84 108.32 23.0069
    endloop
  endfacet
  facet normal 0.216344 0.976317 -0
    outer loop
      vertex 42.2281 108.234 0.799999
      vertex 41.84 108.32 23.0069
      vertex 42.2281 108.234 23.0068
    endloop
  endfacet
  facet normal 0.216344 0.976317 0
    outer loop
      vertex 41.84 108.32 23.0069
      vertex 42.2281 108.234 0.799999
      vertex 41.84 108.32 0.799999
    endloop
  endfacet
  facet normal 0.29376 0.954042 0.0592335
    outer loop
      vertex 42.6081 108.117 23.0067
      vertex 42.2281 108.234 23.0068
      vertex 42.4931 108.152 23.0133
    endloop
  endfacet
  facet normal 0.294263 0.955725 -0
    outer loop
      vertex 42.6081 108.117 0.799999
      vertex 42.2281 108.234 23.0068
      vertex 42.6081 108.117 23.0067
    endloop
  endfacet
  facet normal 0.294263 0.955725 0
    outer loop
      vertex 42.2281 108.234 23.0068
      vertex 42.6081 108.117 0.799999
      vertex 42.2281 108.234 0.799999
    endloop
  endfacet
  facet normal -0.980262 -0.197702 0
    outer loop
      vertex -45.8083 3.81829 23.0095
      vertex -45.8869 4.20801 23.0095
      vertex -45.8869 4.20801 0.799999
    endloop
  endfacet
  facet normal -0.980003 -0.19765 -0.0230039
    outer loop
      vertex -45.8869 4.20801 23.0095
      vertex -45.8083 3.81829 23.0095
      vertex -45.8127 3.83999 23.0105
    endloop
  endfacet
  facet normal -0.980262 -0.197702 -0
    outer loop
      vertex -45.8083 3.81829 23.0095
      vertex -45.8869 4.20801 0.799999
      vertex -45.8083 3.81829 0.799999
    endloop
  endfacet
  facet normal -0.978814 -0.200404 0.0419793
    outer loop
      vertex -45.8127 3.83999 23.0105
      vertex -45.8083 3.81829 23.0095
      vertex -45.8108 3.83071 23.0105
    endloop
  endfacet
  facet normal -0.999209 0.039767 0
    outer loop
      vertex -45.95 103.4 0.799999
      vertex -45.9342 103.797 23.0098
      vertex -45.9342 103.797 0.799999
    endloop
  endfacet
  facet normal -0.830773 0.0553849 0.553849
    outer loop
      vertex -45.9342 103.797 23.0098
      vertex -45.9346 103.787 23.0102
      vertex -45.9342 103.796 23.0099
    endloop
  endfacet
  facet normal -0.999209 0.039767 0
    outer loop
      vertex -45.95 103.4 23.01
      vertex -45.9342 103.797 23.0098
      vertex -45.95 103.4 0.799999
    endloop
  endfacet
  facet normal -0.999196 0.0397639 -0.00509794
    outer loop
      vertex -45.9342 103.797 23.0098
      vertex -45.95 103.4 23.01
      vertex -45.9346 103.787 23.0102
    endloop
  endfacet
  facet normal 0.888153 0.459424 -0.0106195
    outer loop
      vertex 45.4792 105.518 23.0062
      vertex 45.2966 105.871 23.0062
      vertex 45.4017 105.668 23.0139
    endloop
  endfacet
  facet normal 0.888203 0.45945 0
    outer loop
      vertex 45.2966 105.871 23.0062
      vertex 45.4792 105.518 23.0062
      vertex 45.2966 105.871 0.799999
    endloop
  endfacet
  facet normal 0.888203 0.45945 0
    outer loop
      vertex 45.2966 105.871 0.799999
      vertex 45.4792 105.518 23.0062
      vertex 45.4792 105.518 0.799999
    endloop
  endfacet
  facet normal 0.949863 -0.312664 -0.00154596
    outer loop
      vertex 45.6332 3.24845 23.0062
      vertex 45.7575 3.62607 23.0061
      vertex 45.7011 3.45469 23.0139
    endloop
  endfacet
  facet normal 0.949864 -0.312664 0
    outer loop
      vertex 45.7575 3.62607 23.0061
      vertex 45.6332 3.24845 23.0062
      vertex 45.7575 3.62607 0.799999
    endloop
  endfacet
  facet normal 0.949864 -0.312664 0
    outer loop
      vertex 45.7575 3.62607 0.799999
      vertex 45.6332 3.24845 23.0062
      vertex 45.6332 3.24845 0.799999
    endloop
  endfacet
  facet normal -0.0198833 -0.999802 0.000217695
    outer loop
      vertex -40.9574 0.00311939 23.0127
      vertex -40.8506 0.000995064 23.011
      vertex -40.9475 0.00292255 23.0129
    endloop
  endfacet
  facet normal -0.0198829 -0.999802 0.000243851
    outer loop
      vertex -41.2481 0.00889912 23.0071
      vertex -40.8506 0.000995064 23.011
      vertex -40.9574 0.00311939 23.0127
    endloop
  endfacet
  facet normal -0.0198805 -0.999802 0
    outer loop
      vertex -41.2481 0.00889912 0.799999
      vertex -40.8506 0.000995064 23.011
      vertex -41.2481 0.00889912 23.0071
    endloop
  endfacet
  facet normal -0.0198805 -0.999802 -0
    outer loop
      vertex -40.8506 0.000995064 23.011
      vertex -41.2481 0.00889912 0.799999
      vertex -40.8506 0.000995064 0.799999
    endloop
  endfacet
  facet normal -0.99921 -0.039743 0
    outer loop
      vertex -45.9342 4.60276 23.0098
      vertex -45.95 5 23.01
      vertex -45.95 5 0.799999
    endloop
  endfacet
  facet normal -0.998215 -0.0397259 0.0445898
    outer loop
      vertex -45.95 5 23.01
      vertex -45.9342 4.60276 23.0098
      vertex -45.9346 4.61326 23.0102
    endloop
  endfacet
  facet normal -0.99921 -0.039743 -0
    outer loop
      vertex -45.9342 4.60276 23.0098
      vertex -45.95 5 0.799999
      vertex -45.9342 4.60276 0.799999
    endloop
  endfacet
  facet normal -0.805518 -0.0531695 0.590181
    outer loop
      vertex -45.9346 4.61326 23.0102
      vertex -45.9342 4.60276 23.0098
      vertex -45.9342 4.60387 23.0099
    endloop
  endfacet
  facet normal 0 1 -0
    outer loop
      vertex 41.0494 108.399 0.799999
      vertex 40.9524 108.399 23.011
      vertex 41.0494 108.399 23.0071
    endloop
  endfacet
  facet normal 0 1 0
    outer loop
      vertex 40.9524 108.399 23.011
      vertex 41.0494 108.399 0.799999
      vertex -40.8506 108.399 23.011
    endloop
  endfacet
  facet normal 0 1 0
    outer loop
      vertex -40.8506 108.399 23.011
      vertex 41.0494 108.399 0.799999
      vertex -40.8506 108.399 0.799999
    endloop
  endfacet
  facet normal 0.987343 -0.158464 0.0064913
    outer loop
      vertex 45.8515 4.01238 23.0062
      vertex 45.9145 4.40491 23.0061
      vertex 45.8856 4.22515 23.0136
    endloop
  endfacet
  facet normal 0.987322 -0.158519 0.00816657
    outer loop
      vertex 45.8515 4.01238 23.0062
      vertex 45.8856 4.22515 23.0136
      vertex 45.884 4.2152 23.0139
    endloop
  endfacet
  facet normal 0.987364 -0.158469 0
    outer loop
      vertex 45.9145 4.40491 23.0061
      vertex 45.8515 4.01238 23.0062
      vertex 45.9145 4.40491 0.799999
    endloop
  endfacet
  facet normal 0.987364 -0.158469 0
    outer loop
      vertex 45.9145 4.40491 0.799999
      vertex 45.8515 4.01238 23.0062
      vertex 45.8515 4.01238 0.799999
    endloop
  endfacet
  facet normal 0 -1 0
    outer loop
      vertex -40.8506 0.000995064 0.799999
      vertex 40.9524 0.000995064 23.011
      vertex -40.8506 0.000995064 23.011
    endloop
  endfacet
  facet normal 0 -1 0
    outer loop
      vertex 41.0494 0.000995064 0.799999
      vertex 40.9524 0.000995064 23.011
      vertex -40.8506 0.000995064 0.799999
    endloop
  endfacet
  facet normal 0 -1 0
    outer loop
      vertex 40.9524 0.000995064 23.011
      vertex 41.0494 0.000995064 0.799999
      vertex 41.0494 0.000995064 23.0071
    endloop
  endfacet
  facet normal 0.216962 -0.97618 5.21513e-06
    outer loop
      vertex 42.2281 0.16611 23.0068
      vertex 42.1115 0.140195 23.0131
      vertex 41.84 0.0798525 23.0069
    endloop
  endfacet
  facet normal 0.217553 -0.975977 0.0117848
    outer loop
      vertex 42.1115 0.140195 23.0131
      vertex 42.2281 0.16611 23.0068
      vertex 42.1212 0.142356 23.013
    endloop
  endfacet
  facet normal 0.216962 -0.97618 0
    outer loop
      vertex 41.84 0.0798525 0.799999
      vertex 42.2281 0.16611 23.0068
      vertex 41.84 0.0798525 23.0069
    endloop
  endfacet
  facet normal 0.216962 -0.97618 0
    outer loop
      vertex 42.2281 0.16611 23.0068
      vertex 41.84 0.0798525 0.799999
      vertex 42.2281 0.16611 0.799999
    endloop
  endfacet
  facet normal 0.559715 0.774746 -0.294087
    outer loop
      vertex 43.8913 107.439 23.0133
      vertex 43.676 107.592 23.0066
      vertex 43.8831 107.445 23.0135
    endloop
  endfacet
  facet normal 0.577869 0.815028 0.0424035
    outer loop
      vertex 44.0004 107.362 23.0065
      vertex 43.676 107.592 23.0066
      vertex 43.8913 107.439 23.0133
    endloop
  endfacet
  facet normal 0.57838 0.815767 -0
    outer loop
      vertex 44.0004 107.362 0.799999
      vertex 43.676 107.592 23.0066
      vertex 44.0004 107.362 23.0065
    endloop
  endfacet
  facet normal 0.57838 0.815767 0
    outer loop
      vertex 43.676 107.592 23.0066
      vertex 44.0004 107.362 0.799999
      vertex 43.676 107.592 0.799999
    endloop
  endfacet
  facet normal -0.476189 -0.878652 -0.0348598
    outer loop
      vertex -43.5072 0.703403 23.0079
      vertex -43.2123 0.54343 23.0117
      vertex -43.2209 0.548067 23.0123
    endloop
  endfacet
  facet normal -0.476825 -0.878998 -0.000112546
    outer loop
      vertex -43.5072 0.703403 23.0079
      vertex -43.1577 0.513812 23.0077
      vertex -43.2123 0.54343 23.0117
    endloop
  endfacet
  facet normal -0.476825 -0.878998 0
    outer loop
      vertex -43.5072 0.703403 0.799999
      vertex -43.1577 0.513812 23.0077
      vertex -43.5072 0.703403 23.0079
    endloop
  endfacet
  facet normal -0.476825 -0.878998 -0
    outer loop
      vertex -43.1577 0.513812 23.0077
      vertex -43.5072 0.703403 0.799999
      vertex -43.1577 0.513812 0.799999
    endloop
  endfacet
  facet normal -0.992898 -0.118972 0
    outer loop
      vertex -45.8869 4.20801 23.0095
      vertex -45.9342 4.60276 23.0098
      vertex -45.9342 4.60276 0.799999
    endloop
  endfacet
  facet normal -0.992898 -0.118972 -0
    outer loop
      vertex -45.8869 4.20801 23.0095
      vertex -45.9342 4.60276 0.799999
      vertex -45.8869 4.20801 0.799999
    endloop
  endfacet
  facet normal -0.99269 -0.118931 -0.0205442
    outer loop
      vertex -45.9342 4.60276 23.0098
      vertex -45.8869 4.20801 23.0095
      vertex -45.8883 4.21954 23.0104
    endloop
  endfacet
  facet normal -0.405535 -0.914079 -0.00119545
    outer loop
      vertex -43.1577 0.513812 23.0077
      vertex -42.7943 0.352588 23.0077
      vertex -42.8608 0.382085 23.0123
    endloop
  endfacet
  facet normal -0.405535 -0.914079 0
    outer loop
      vertex -43.1577 0.513812 0.799999
      vertex -42.7943 0.352588 23.0077
      vertex -43.1577 0.513812 23.0077
    endloop
  endfacet
  facet normal -0.405535 -0.914079 -0
    outer loop
      vertex -42.7943 0.352588 23.0077
      vertex -43.1577 0.513812 0.799999
      vertex -42.7943 0.352588 0.799999
    endloop
  endfacet
  facet normal -0.905851 -0.423596 0
    outer loop
      vertex -45.3914 2.70353 23.0089
      vertex -45.5598 3.06365 23.0091
      vertex -45.5598 3.06365 0.799999
    endloop
  endfacet
  facet normal -0.905772 -0.423551 -0.0134884
    outer loop
      vertex -45.5598 3.06365 23.0091
      vertex -45.3914 2.70353 23.0089
      vertex -45.4062 2.73511 23.0111
    endloop
  endfacet
  facet normal -0.905851 -0.423596 -0
    outer loop
      vertex -45.3914 2.70353 23.0089
      vertex -45.5598 3.06365 0.799999
      vertex -45.3914 2.70353 0.799999
    endloop
  endfacet
  facet normal -0.895373 -0.428148 0.122462
    outer loop
      vertex -45.4062 2.73511 23.0111
      vertex -45.3914 2.70353 23.0089
      vertex -45.4021 2.72645 23.0108
    endloop
  endfacet
  facet normal -0.318738 0.438506 0.840309
    outer loop
      vertex -44.1555 107.237 23.0082
      vertex -44.1994 107.198 23.0119
      vertex -44.1922 107.204 23.0115
    endloop
  endfacet
  facet normal -0.664816 0.736499 -0.124852
    outer loop
      vertex -44.1994 107.198 23.0119
      vertex -44.1555 107.237 23.0082
      vertex -44.4502 106.971 23.0083
    endloop
  endfacet
  facet normal -0.670036 0.742329 0
    outer loop
      vertex -44.1555 107.237 0.799999
      vertex -44.4502 106.971 23.0083
      vertex -44.1555 107.237 23.0082
    endloop
  endfacet
  facet normal -0.670036 0.742329 0
    outer loop
      vertex -44.4502 106.971 23.0083
      vertex -44.1555 107.237 0.799999
      vertex -44.4502 106.971 0.799999
    endloop
  endfacet
  facet normal -0.936495 0.350682 0
    outer loop
      vertex -45.6991 104.964 0.799999
      vertex -45.5598 105.336 23.0091
      vertex -45.5598 105.336 0.799999
    endloop
  endfacet
  facet normal -0.936495 0.350682 0
    outer loop
      vertex -45.6991 104.964 23.0092
      vertex -45.5598 105.336 23.0091
      vertex -45.6991 104.964 0.799999
    endloop
  endfacet
  facet normal -0.927881 0.34742 -0.135414
    outer loop
      vertex -45.5598 105.336 23.0091
      vertex -45.6991 104.964 23.0092
      vertex -45.5683 105.314 23.0109
    endloop
  endfacet
  facet normal 0 0 1
    outer loop
      vertex 39.3 6.95 23.6
      vertex 36.7489 4.83822 23.6
      vertex 36.8 4.44999 23.6
    endloop
  endfacet
  facet normal 0 0 1
    outer loop
      vertex 39.3 6.95 23.6
      vertex 36.599 5.19999 23.6
      vertex 36.7489 4.83822 23.6
    endloop
  endfacet
  facet normal 0 0 1
    outer loop
      vertex 39.3 6.95 23.6
      vertex 36.3607 5.51066 23.6
      vertex 36.599 5.19999 23.6
    endloop
  endfacet
  facet normal 0 0 1
    outer loop
      vertex 39.3 6.95 23.6
      vertex 36.05 5.74903 23.6
      vertex 36.3607 5.51066 23.6
    endloop
  endfacet
  facet normal 0 0 1
    outer loop
      vertex 39.3 6.95 23.6
      vertex 35.6882 5.89887 23.6
      vertex 36.05 5.74903 23.6
    endloop
  endfacet
  facet normal 0 0 1
    outer loop
      vertex 39.3 6.95 23.6
      vertex 35.3 5.94999 23.6
      vertex 35.6882 5.89887 23.6
    endloop
  endfacet
  facet normal 0 0 1
    outer loop
      vertex 39.3 6.95 23.6
      vertex -35.3 5.94999 23.6
      vertex 35.3 5.94999 23.6
    endloop
  endfacet
  facet normal 0 0 1
    outer loop
      vertex -36.8 4.44999 23.6
      vertex -39.3 6.95 23.6
      vertex -36.8 4.00001 23.6
    endloop
  endfacet
  facet normal 0 0 1
    outer loop
      vertex -36.7489 4.83822 23.6
      vertex -39.3 6.95 23.6
      vertex -36.8 4.44999 23.6
    endloop
  endfacet
  facet normal 0 0 1
    outer loop
      vertex -36.599 5.19999 23.6
      vertex -39.3 6.95 23.6
      vertex -36.7489 4.83822 23.6
    endloop
  endfacet
  facet normal 0 0 1
    outer loop
      vertex -36.3607 5.51066 23.6
      vertex -39.3 6.95 23.6
      vertex -36.599 5.19999 23.6
    endloop
  endfacet
  facet normal 0 0 1
    outer loop
      vertex -36.05 5.74903 23.6
      vertex -39.3 6.95 23.6
      vertex -36.3607 5.51066 23.6
    endloop
  endfacet
  facet normal 0 0 1
    outer loop
      vertex -35.6882 5.89887 23.6
      vertex -39.3 6.95 23.6
      vertex -36.05 5.74903 23.6
    endloop
  endfacet
  facet normal 0 0 1
    outer loop
      vertex -35.3 5.94999 23.6
      vertex -39.3 6.95 23.6
      vertex -35.6882 5.89887 23.6
    endloop
  endfacet
  facet normal -0 0 1
    outer loop
      vertex -39.3 6.95 23.6
      vertex -35.3 5.94999 23.6
      vertex 39.3 6.95 23.6
    endloop
  endfacet
  facet normal 0 0 1
    outer loop
      vertex 40.7695 100.973 23.6
      vertex 45.358 103.46 23.6
      vertex 45.3472 103.736 23.6
    endloop
  endfacet
  facet normal 0 0 1
    outer loop
      vertex 45.358 103.46 23.6
      vertex 41.8 98.95 23.6
      vertex 45.358 4.93995 23.6
    endloop
  endfacet
  facet normal 0 0 1
    outer loop
      vertex 40.7695 100.973 23.6
      vertex 45.3472 103.736 23.6
      vertex 45.3148 104.009 23.6
    endloop
  endfacet
  facet normal -0 0 1
    outer loop
      vertex 41.8 9.45 23.6
      vertex 45.358 4.93995 23.6
      vertex 41.8 98.95 23.6
    endloop
  endfacet
  facet normal 0 0 1
    outer loop
      vertex 40.7695 100.973 23.6
      vertex 45.3148 104.009 23.6
      vertex 45.2988 104.128 23.6
    endloop
  endfacet
  facet normal -0 0 1
    outer loop
      vertex 41.7692 9.05892 23.6
      vertex 45.358 4.93995 23.6
      vertex 41.8 9.45 23.6
    endloop
  endfacet
  facet normal 0 0 1
    outer loop
      vertex 40.7695 100.973 23.6
      vertex 45.2988 104.128 23.6
      vertex 45.245 104.399 23.6
    endloop
  endfacet
  facet normal -0 0 1
    outer loop
      vertex 41.6776 8.67746 23.6
      vertex 45.358 4.93995 23.6
      vertex 41.7692 9.05892 23.6
    endloop
  endfacet
  facet normal 0 0 1
    outer loop
      vertex 40.7695 100.973 23.6
      vertex 45.245 104.399 23.6
      vertex 45.2132 104.515 23.6
    endloop
  endfacet
  facet normal -0 0 1
    outer loop
      vertex 41.5275 8.31504 23.6
      vertex 45.358 4.93995 23.6
      vertex 41.6776 8.67746 23.6
    endloop
  endfacet
  facet normal 0 0 1
    outer loop
      vertex 40.435 101.178 23.6
      vertex 45.2132 104.515 23.6
      vertex 45.1384 104.78 23.6
    endloop
  endfacet
  facet normal -0 0 1
    outer loop
      vertex 41.3225 7.98055 23.6
      vertex 45.358 4.93995 23.6
      vertex 41.5275 8.31504 23.6
    endloop
  endfacet
  facet normal 0 0 1
    outer loop
      vertex 40.435 101.178 23.6
      vertex 45.1384 104.78 23.6
      vertex 45.043 105.038 23.6
    endloop
  endfacet
  facet normal -0 0 1
    outer loop
      vertex 41.0678 7.68224 23.6
      vertex 45.358 4.93995 23.6
      vertex 41.3225 7.98055 23.6
    endloop
  endfacet
  facet normal 0 0 1
    outer loop
      vertex 40.435 101.178 23.6
      vertex 45.043 105.038 23.6
      vertex 44.9961 105.149 23.6
    endloop
  endfacet
  facet normal -0 0 1
    outer loop
      vertex 40.7695 7.42746 23.6
      vertex 45.358 4.93995 23.6
      vertex 41.0678 7.68224 23.6
    endloop
  endfacet
  facet normal 0 0 1
    outer loop
      vertex 40.435 101.178 23.6
      vertex 44.9961 105.149 23.6
      vertex 44.8807 105.399 23.6
    endloop
  endfacet
  facet normal 0 0 1
    outer loop
      vertex 45.358 4.93995 23.6
      vertex 40.7695 7.42746 23.6
      vertex 45.3472 4.66449 23.6
    endloop
  endfacet
  facet normal 0 0 1
    outer loop
      vertex 40.435 101.178 23.6
      vertex 44.8807 105.399 23.6
      vertex 44.746 105.64 23.6
    endloop
  endfacet
  facet normal 0 0 1
    outer loop
      vertex 45.3472 4.66449 23.6
      vertex 40.7695 7.42746 23.6
      vertex 45.3148 4.39072 23.6
    endloop
  endfacet
  facet normal 0 0 1
    outer loop
      vertex 40.435 101.178 23.6
      vertex 44.746 105.64 23.6
      vertex 44.6848 105.743 23.6
    endloop
  endfacet
  facet normal 0 0 1
    outer loop
      vertex 45.3148 4.39072 23.6
      vertex 40.7695 7.42746 23.6
      vertex 45.2988 4.27169 23.6
    endloop
  endfacet
  facet normal 0 0 1
    outer loop
      vertex 40.435 101.178 23.6
      vertex 44.6848 105.743 23.6
      vertex 44.5316 105.972 23.6
    endloop
  endfacet
  facet normal 0 0 1
    outer loop
      vertex 45.2988 4.27169 23.6
      vertex 40.7695 7.42746 23.6
      vertex 45.245 4.00131 23.6
    endloop
  endfacet
  facet normal 0 0 1
    outer loop
      vertex 40.435 101.178 23.6
      vertex 44.5316 105.972 23.6
      vertex 44.361 106.189 23.6
    endloop
  endfacet
  facet normal 0 0 1
    outer loop
      vertex 45.245 4.00131 23.6
      vertex 40.7695 7.42746 23.6
      vertex 45.2132 3.88548 23.6
    endloop
  endfacet
  facet normal 0 0 1
    outer loop
      vertex 44.0994 106.486 23.6
      vertex 44.361 106.189 23.6
      vertex 44.2865 106.283 23.6
    endloop
  endfacet
  facet normal -0 0 1
    outer loop
      vertex 40.435 7.22249 23.6
      vertex 45.2132 3.88548 23.6
      vertex 40.7695 7.42746 23.6
    endloop
  endfacet
  facet normal 0 0 1
    outer loop
      vertex 44.361 106.189 23.6
      vertex 44.0994 106.486 23.6
      vertex 40.435 101.178 23.6
    endloop
  endfacet
  facet normal 0 0 1
    outer loop
      vertex 45.2132 3.88548 23.6
      vertex 40.435 7.22249 23.6
      vertex 45.1384 3.62015 23.6
    endloop
  endfacet
  facet normal 0 0 1
    outer loop
      vertex 40.435 101.178 23.6
      vertex 44.0994 106.486 23.6
      vertex 44.0131 106.569 23.6
    endloop
  endfacet
  facet normal 0 0 1
    outer loop
      vertex 45.1384 3.62015 23.6
      vertex 40.435 7.22249 23.6
      vertex 45.043 3.36152 23.6
    endloop
  endfacet
  facet normal 0 0 1
    outer loop
      vertex 40.435 101.178 23.6
      vertex 44.0131 106.569 23.6
      vertex 43.8106 106.756 23.6
    endloop
  endfacet
  facet normal 0 0 1
    outer loop
      vertex 45.043 3.36152 23.6
      vertex 40.435 7.22249 23.6
      vertex 44.9961 3.25095 23.6
    endloop
  endfacet
  facet normal 0 0 1
    outer loop
      vertex 40.435 101.178 23.6
      vertex 43.8106 106.756 23.6
      vertex 43.5941 106.927 23.6
    endloop
  endfacet
  facet normal 0 0 1
    outer loop
      vertex 44.9961 3.25095 23.6
      vertex 40.435 7.22249 23.6
      vertex 44.8807 3.00059 23.6
    endloop
  endfacet
  facet normal 0 0 1
    outer loop
      vertex 40.435 101.178 23.6
      vertex 43.5941 106.927 23.6
      vertex 43.4974 106.998 23.6
    endloop
  endfacet
  facet normal 0 0 1
    outer loop
      vertex 44.8807 3.00059 23.6
      vertex 40.435 7.22249 23.6
      vertex 44.746 2.76006 23.6
    endloop
  endfacet
  facet normal 0 0 1
    outer loop
      vertex 40.435 101.178 23.6
      vertex 43.4974 106.998 23.6
      vertex 43.2682 107.151 23.6
    endloop
  endfacet
  facet normal 0 0 1
    outer loop
      vertex 44.746 2.76006 23.6
      vertex 40.435 7.22249 23.6
      vertex 44.6848 2.65673 23.6
    endloop
  endfacet
  facet normal 0 0 1
    outer loop
      vertex 40.435 101.178 23.6
      vertex 43.2682 107.151 23.6
      vertex 43.0277 107.286 23.6
    endloop
  endfacet
  facet normal 0 0 1
    outer loop
      vertex 44.6848 2.65673 23.6
      vertex 40.435 7.22249 23.6
      vertex 44.5316 2.42751 23.6
    endloop
  endfacet
  facet normal 0 0 1
    outer loop
      vertex 40.0725 101.328 23.6
      vertex 43.0277 107.286 23.6
      vertex 42.9224 107.344 23.6
    endloop
  endfacet
  facet normal 0 0 1
    outer loop
      vertex 44.5316 2.42751 23.6
      vertex 40.435 7.22249 23.6
      vertex 44.361 2.21101 23.6
    endloop
  endfacet
  facet normal 0 0 1
    outer loop
      vertex 40.0725 101.328 23.6
      vertex 42.9224 107.344 23.6
      vertex 42.672 107.459 23.6
    endloop
  endfacet
  facet normal 0 -0 1
    outer loop
      vertex 44.0994 1.91433 23.6
      vertex 44.361 2.21101 23.6
      vertex 40.435 7.22249 23.6
    endloop
  endfacet
  facet normal 0 0 1
    outer loop
      vertex 40.0725 101.328 23.6
      vertex 42.672 107.459 23.6
      vertex 42.5599 107.502 23.6
    endloop
  endfacet
  facet normal 0 0 1
    outer loop
      vertex 44.361 2.21101 23.6
      vertex 44.0994 1.91433 23.6
      vertex 44.2865 2.11676 23.6
    endloop
  endfacet
  facet normal 0 0 1
    outer loop
      vertex 40.0725 101.328 23.6
      vertex 42.5599 107.502 23.6
      vertex 42.3013 107.598 23.6
    endloop
  endfacet
  facet normal 0 0 1
    outer loop
      vertex 44.0994 1.91433 23.6
      vertex 40.435 7.22249 23.6
      vertex 44.0131 1.83084 23.6
    endloop
  endfacet
  facet normal 0 0 1
    outer loop
      vertex 40.0725 101.328 23.6
      vertex 42.3013 107.598 23.6
      vertex 42.036 107.673 23.6
    endloop
  endfacet
  facet normal 0 0 1
    outer loop
      vertex 44.0131 1.83084 23.6
      vertex 40.435 7.22249 23.6
      vertex 43.8106 1.6437 23.6
    endloop
  endfacet
  facet normal 0 0 1
    outer loop
      vertex 40.0725 101.328 23.6
      vertex 42.036 107.673 23.6
      vertex 41.9191 107.7 23.6
    endloop
  endfacet
  facet normal 0 0 1
    outer loop
      vertex 43.8106 1.6437 23.6
      vertex 40.435 7.22249 23.6
      vertex 43.5941 1.47303 23.6
    endloop
  endfacet
  facet normal 0 0 1
    outer loop
      vertex 43.5941 1.47303 23.6
      vertex 40.435 7.22249 23.6
      vertex 43.4974 1.40179 23.6
    endloop
  endfacet
  facet normal 0 0 1
    outer loop
      vertex 45.358 103.46 23.6
      vertex 41.7692 99.3411 23.6
      vertex 41.8 98.95 23.6
    endloop
  endfacet
  facet normal 0 0 1
    outer loop
      vertex 45.358 103.46 23.6
      vertex 41.6776 99.7225 23.6
      vertex 41.7692 99.3411 23.6
    endloop
  endfacet
  facet normal 0 0 1
    outer loop
      vertex 40.0725 101.328 23.6
      vertex 41.9191 107.7 23.6
      vertex 41.6488 107.754 23.6
    endloop
  endfacet
  facet normal 0 0 1
    outer loop
      vertex 45.358 103.46 23.6
      vertex 41.5275 100.085 23.6
      vertex 41.6776 99.7225 23.6
    endloop
  endfacet
  facet normal 0 0 1
    outer loop
      vertex 40.0725 101.328 23.6
      vertex 41.6488 107.754 23.6
      vertex 41.375 107.787 23.6
    endloop
  endfacet
  facet normal 0 0 1
    outer loop
      vertex 45.358 103.46 23.6
      vertex 41.3225 100.419 23.6
      vertex 41.5275 100.085 23.6
    endloop
  endfacet
  facet normal 0 0 1
    outer loop
      vertex 40.0725 101.328 23.6
      vertex 41.375 107.787 23.6
      vertex 41.2555 107.799 23.6
    endloop
  endfacet
  facet normal 0 0 1
    outer loop
      vertex 45.358 103.46 23.6
      vertex 41.0678 100.718 23.6
      vertex 41.3225 100.419 23.6
    endloop
  endfacet
  facet normal 0 0 1
    outer loop
      vertex 40.0725 101.328 23.6
      vertex 41.2555 107.799 23.6
      vertex 40.98 107.809 23.6
    endloop
  endfacet
  facet normal 0 0 1
    outer loop
      vertex 45.358 103.46 23.6
      vertex 40.7695 100.973 23.6
      vertex 41.0678 100.718 23.6
    endloop
  endfacet
  facet normal 0 0 1
    outer loop
      vertex 45.2132 104.515 23.6
      vertex 40.435 101.178 23.6
      vertex 40.7695 100.973 23.6
    endloop
  endfacet
  facet normal 0 0 1
    outer loop
      vertex 43.0277 107.286 23.6
      vertex 40.0725 101.328 23.6
      vertex 40.435 101.178 23.6
    endloop
  endfacet
  facet normal 0 0 1
    outer loop
      vertex 40.98 107.809 23.6
      vertex 39.6911 101.419 23.6
      vertex 40.0725 101.328 23.6
    endloop
  endfacet
  facet normal -0 0 1
    outer loop
      vertex 36.8 104.4 23.6
      vertex 39.6911 101.419 23.6
      vertex 40.98 107.809 23.6
    endloop
  endfacet
  facet normal 0 0 1
    outer loop
      vertex 39.6911 101.419 23.6
      vertex 36.8 104.4 23.6
      vertex 39.3 101.45 23.6
    endloop
  endfacet
  facet normal 0 0 1
    outer loop
      vertex 40.98 107.809 23.6
      vertex 36.7489 104.788 23.6
      vertex 36.8 104.4 23.6
    endloop
  endfacet
  facet normal 0 0 1
    outer loop
      vertex 40.98 107.809 23.6
      vertex 36.599 105.15 23.6
      vertex 36.7489 104.788 23.6
    endloop
  endfacet
  facet normal 0 0 1
    outer loop
      vertex 40.98 107.809 23.6
      vertex 36.3607 105.461 23.6
      vertex 36.599 105.15 23.6
    endloop
  endfacet
  facet normal 0 0 1
    outer loop
      vertex 40.98 107.809 23.6
      vertex 36.05 105.699 23.6
      vertex 36.3607 105.461 23.6
    endloop
  endfacet
  facet normal 0 0 1
    outer loop
      vertex 40.98 107.809 23.6
      vertex 35.6882 105.849 23.6
      vertex 36.05 105.699 23.6
    endloop
  endfacet
  facet normal 0 0 1
    outer loop
      vertex 40.98 107.809 23.6
      vertex 35.3 105.9 23.6
      vertex 35.6882 105.849 23.6
    endloop
  endfacet
  facet normal 0 0 1
    outer loop
      vertex 40.98 107.809 23.6
      vertex -35.3 105.9 23.6
      vertex 35.3 105.9 23.6
    endloop
  endfacet
  facet normal 0 0 1
    outer loop
      vertex -36.8 104.4 23.6
      vertex -39.3 101.45 23.6
      vertex -36.8 103.95 23.6
    endloop
  endfacet
  facet normal 0 0 1
    outer loop
      vertex -40.92 107.809 23.6
      vertex -36.8 104.4 23.6
      vertex -36.7489 104.788 23.6
    endloop
  endfacet
  facet normal 0 0 1
    outer loop
      vertex -40.92 107.809 23.6
      vertex -36.7489 104.788 23.6
      vertex -36.599 105.15 23.6
    endloop
  endfacet
  facet normal 0 0 1
    outer loop
      vertex -36.8 104.4 23.6
      vertex -39.6911 101.419 23.6
      vertex -39.3 101.45 23.6
    endloop
  endfacet
  facet normal 0 0 1
    outer loop
      vertex -40.92 107.809 23.6
      vertex -36.599 105.15 23.6
      vertex -36.3607 105.461 23.6
    endloop
  endfacet
  facet normal 0 0 1
    outer loop
      vertex -36.8 104.4 23.6
      vertex -40.92 107.809 23.6
      vertex -39.6911 101.419 23.6
    endloop
  endfacet
  facet normal 0 0 1
    outer loop
      vertex -39.6911 101.419 23.6
      vertex -40.92 107.809 23.6
      vertex -40.0725 101.328 23.6
    endloop
  endfacet
  facet normal -0 0 1
    outer loop
      vertex -41.04 107.805 23.6
      vertex -40.0725 101.328 23.6
      vertex -40.92 107.809 23.6
    endloop
  endfacet
  facet normal -0 0 1
    outer loop
      vertex -40.92 107.809 23.6
      vertex -35.3 105.9 23.6
      vertex 40.98 107.809 23.6
    endloop
  endfacet
  facet normal 0 0 1
    outer loop
      vertex -40.92 107.809 23.6
      vertex -35.6882 105.849 23.6
      vertex -35.3 105.9 23.6
    endloop
  endfacet
  facet normal 0 0 1
    outer loop
      vertex -40.92 107.809 23.6
      vertex -36.05 105.699 23.6
      vertex -35.6882 105.849 23.6
    endloop
  endfacet
  facet normal 0 0 1
    outer loop
      vertex -40.92 107.809 23.6
      vertex -36.3607 105.461 23.6
      vertex -36.05 105.699 23.6
    endloop
  endfacet
  facet normal -0 0 1
    outer loop
      vertex -41.3154 107.795 23.6
      vertex -40.0725 101.328 23.6
      vertex -41.04 107.805 23.6
    endloop
  endfacet
  facet normal -0 0 1
    outer loop
      vertex -41.5892 107.762 23.6
      vertex -40.0725 101.328 23.6
      vertex -41.3154 107.795 23.6
    endloop
  endfacet
  facet normal -0 0 1
    outer loop
      vertex -41.7076 107.742 23.6
      vertex -40.0725 101.328 23.6
      vertex -41.5892 107.762 23.6
    endloop
  endfacet
  facet normal -0 0 1
    outer loop
      vertex -42.2434 107.614 23.6
      vertex -40.0725 101.328 23.6
      vertex -41.7076 107.742 23.6
    endloop
  endfacet
  facet normal -0 0 1
    outer loop
      vertex -42.8671 107.367 23.6
      vertex -40.0725 101.328 23.6
      vertex -42.2434 107.614 23.6
    endloop
  endfacet
  facet normal -0 0 1
    outer loop
      vertex -43.3178 107.117 23.6
      vertex -40.0725 101.328 23.6
      vertex -42.8671 107.367 23.6
    endloop
  endfacet
  facet normal 0 0 1
    outer loop
      vertex -40.0725 101.328 23.6
      vertex -43.3178 107.117 23.6
      vertex -40.435 101.178 23.6
    endloop
  endfacet
  facet normal -0 0 1
    outer loop
      vertex -43.7635 106.794 23.6
      vertex -40.435 101.178 23.6
      vertex -43.3178 107.117 23.6
    endloop
  endfacet
  facet normal -0 0 1
    outer loop
      vertex -43.8552 106.716 23.6
      vertex -40.435 101.178 23.6
      vertex -43.7635 106.794 23.6
    endloop
  endfacet
  facet normal -0 0 1
    outer loop
      vertex -44.2448 106.326 23.6
      vertex -40.435 101.178 23.6
      vertex -43.8552 106.716 23.6
    endloop
  endfacet
  facet normal 0 0 1
    outer loop
      vertex -42.2434 107.614 23.6
      vertex -41.7076 107.742 23.6
      vertex -41.978 107.688 23.6
    endloop
  endfacet
  facet normal 0 0 1
    outer loop
      vertex -41.7692 99.3411 23.6
      vertex -45.36 103.4 23.6
      vertex -41.8 98.95 23.6
    endloop
  endfacet
  facet normal -0 0 1
    outer loop
      vertex -44.5639 105.922 23.6
      vertex -40.435 101.178 23.6
      vertex -44.2448 106.326 23.6
    endloop
  endfacet
  facet normal 0 0 1
    outer loop
      vertex 43.4974 1.40179 23.6
      vertex 40.435 7.22249 23.6
      vertex 43.2682 1.24863 23.6
    endloop
  endfacet
  facet normal 0 0 1
    outer loop
      vertex 43.2682 1.24863 23.6
      vertex 40.435 7.22249 23.6
      vertex 43.0277 1.11393 23.6
    endloop
  endfacet
  facet normal -0 0 1
    outer loop
      vertex 40.0725 7.07236 23.6
      vertex 43.0277 1.11393 23.6
      vertex 40.435 7.22249 23.6
    endloop
  endfacet
  facet normal 0 0 1
    outer loop
      vertex 43.0277 1.11393 23.6
      vertex 40.0725 7.07236 23.6
      vertex 42.9224 1.05621 23.6
    endloop
  endfacet
  facet normal 0 0 1
    outer loop
      vertex 42.9224 1.05621 23.6
      vertex 40.0725 7.07236 23.6
      vertex 42.672 0.940791 23.6
    endloop
  endfacet
  facet normal 0 0 1
    outer loop
      vertex 42.672 0.940791 23.6
      vertex 40.0725 7.07236 23.6
      vertex 42.5599 0.897627 23.6
    endloop
  endfacet
  facet normal 0 0 1
    outer loop
      vertex 42.5599 0.897627 23.6
      vertex 40.0725 7.07236 23.6
      vertex 42.3013 0.802214 23.6
    endloop
  endfacet
  facet normal 0 0 1
    outer loop
      vertex 42.3013 0.802214 23.6
      vertex 40.0725 7.07236 23.6
      vertex 42.036 0.727382 23.6
    endloop
  endfacet
  facet normal 0 0 1
    outer loop
      vertex 42.036 0.727382 23.6
      vertex 40.0725 7.07236 23.6
      vertex 41.9191 0.69954 23.6
    endloop
  endfacet
  facet normal 0 0 1
    outer loop
      vertex 41.9191 0.69954 23.6
      vertex 40.0725 7.07236 23.6
      vertex 41.6488 0.645755 23.6
    endloop
  endfacet
  facet normal 0 0 1
    outer loop
      vertex 41.6488 0.645755 23.6
      vertex 40.0725 7.07236 23.6
      vertex 41.375 0.613357 23.6
    endloop
  endfacet
  facet normal 0 0 1
    outer loop
      vertex 41.375 0.613357 23.6
      vertex 40.0725 7.07236 23.6
      vertex 41.2555 0.601336 23.6
    endloop
  endfacet
  facet normal 0 0 1
    outer loop
      vertex 41.2555 0.601336 23.6
      vertex 40.0725 7.07236 23.6
      vertex 40.98 0.590505 23.6
    endloop
  endfacet
  facet normal -0 0 1
    outer loop
      vertex 39.6911 6.98079 23.6
      vertex 40.98 0.590505 23.6
      vertex 40.0725 7.07236 23.6
    endloop
  endfacet
  facet normal 0 0 1
    outer loop
      vertex 36.8 4.00001 23.6
      vertex 39.6911 6.98079 23.6
      vertex 39.3 6.95 23.6
    endloop
  endfacet
  facet normal 0 0 1
    outer loop
      vertex 36.8 4.00001 23.6
      vertex 39.3 6.95 23.6
      vertex 36.8 4.44999 23.6
    endloop
  endfacet
  facet normal 0 0 1
    outer loop
      vertex 39.6911 6.98079 23.6
      vertex 36.8 4.00001 23.6
      vertex 40.98 0.590505 23.6
    endloop
  endfacet
  facet normal -0 0 1
    outer loop
      vertex 36.7489 3.61178 23.6
      vertex 40.98 0.590505 23.6
      vertex 36.8 4.00001 23.6
    endloop
  endfacet
  facet normal -0 0 1
    outer loop
      vertex 36.599 3.25001 23.6
      vertex 40.98 0.590505 23.6
      vertex 36.7489 3.61178 23.6
    endloop
  endfacet
  facet normal -0 0 1
    outer loop
      vertex 36.3607 2.93934 23.6
      vertex 40.98 0.590505 23.6
      vertex 36.599 3.25001 23.6
    endloop
  endfacet
  facet normal -0 0 1
    outer loop
      vertex 36.05 2.70097 23.6
      vertex 40.98 0.590505 23.6
      vertex 36.3607 2.93934 23.6
    endloop
  endfacet
  facet normal -0 0 1
    outer loop
      vertex 35.6882 2.55113 23.6
      vertex 40.98 0.590505 23.6
      vertex 36.05 2.70097 23.6
    endloop
  endfacet
  facet normal -0 0 1
    outer loop
      vertex 35.3 2.50001 23.6
      vertex 40.98 0.590505 23.6
      vertex 35.6882 2.55113 23.6
    endloop
  endfacet
  facet normal -0 0 1
    outer loop
      vertex -35.3 2.50001 23.6
      vertex 40.98 0.590505 23.6
      vertex 35.3 2.50001 23.6
    endloop
  endfacet
  facet normal 0 0 1
    outer loop
      vertex -39.6911 6.98079 23.6
      vertex -36.8 4.00001 23.6
      vertex -39.3 6.95 23.6
    endloop
  endfacet
  facet normal 0 0 1
    outer loop
      vertex -40.92 0.590505 23.6
      vertex -36.8 4.00001 23.6
      vertex -39.6911 6.98079 23.6
    endloop
  endfacet
  facet normal 0 0 1
    outer loop
      vertex -36.8 4.00001 23.6
      vertex -40.92 0.590505 23.6
      vertex -36.7489 3.61178 23.6
    endloop
  endfacet
  facet normal 0 0 1
    outer loop
      vertex -36.7489 3.61178 23.6
      vertex -40.92 0.590505 23.6
      vertex -36.599 3.25001 23.6
    endloop
  endfacet
  facet normal 0 0 1
    outer loop
      vertex -40.92 0.590505 23.6
      vertex -39.6911 6.98079 23.6
      vertex -40.0725 7.07236 23.6
    endloop
  endfacet
  facet normal 0 0 1
    outer loop
      vertex -43.3178 1.28263 23.6
      vertex -40.0725 7.07236 23.6
      vertex -40.435 7.22249 23.6
    endloop
  endfacet
  facet normal 0 0 1
    outer loop
      vertex -45.255 4.06056 23.6
      vertex -40.435 7.22249 23.6
      vertex -40.7695 7.42746 23.6
    endloop
  endfacet
  facet normal 0 0 1
    outer loop
      vertex -35.3 2.50001 23.6
      vertex -40.92 0.590505 23.6
      vertex 40.98 0.590505 23.6
    endloop
  endfacet
  facet normal 0 0 1
    outer loop
      vertex -35.6882 2.55113 23.6
      vertex -40.92 0.590505 23.6
      vertex -35.3 2.50001 23.6
    endloop
  endfacet
  facet normal 0 0 1
    outer loop
      vertex -36.05 2.70097 23.6
      vertex -40.92 0.590505 23.6
      vertex -35.6882 2.55113 23.6
    endloop
  endfacet
  facet normal 0 0 1
    outer loop
      vertex -36.3607 2.93934 23.6
      vertex -40.92 0.590505 23.6
      vertex -36.05 2.70097 23.6
    endloop
  endfacet
  facet normal 0 0 1
    outer loop
      vertex -36.599 3.25001 23.6
      vertex -40.92 0.590505 23.6
      vertex -36.3607 2.93934 23.6
    endloop
  endfacet
  facet normal 0 0 1
    outer loop
      vertex -40.0725 7.07236 23.6
      vertex -41.04 0.594518 23.6
      vertex -40.92 0.590505 23.6
    endloop
  endfacet
  facet normal 0 0 1
    outer loop
      vertex -45.36 5 23.6
      vertex -40.7695 7.42746 23.6
      vertex -41.0678 7.68224 23.6
    endloop
  endfacet
  facet normal 0 0 1
    outer loop
      vertex -40.0725 7.07236 23.6
      vertex -41.3154 0.605349 23.6
      vertex -41.04 0.594518 23.6
    endloop
  endfacet
  facet normal 0 0 1
    outer loop
      vertex -45.36 5 23.6
      vertex -41.0678 7.68224 23.6
      vertex -41.3225 7.98055 23.6
    endloop
  endfacet
  facet normal 0 0 1
    outer loop
      vertex -45.36 5 23.6
      vertex -41.3225 7.98055 23.6
      vertex -41.5275 8.31504 23.6
    endloop
  endfacet
  facet normal 0 0 1
    outer loop
      vertex -40.0725 7.07236 23.6
      vertex -41.5892 0.637747 23.6
      vertex -41.3154 0.605349 23.6
    endloop
  endfacet
  facet normal 0 0 1
    outer loop
      vertex -45.36 5 23.6
      vertex -41.5275 8.31504 23.6
      vertex -41.6776 8.67746 23.6
    endloop
  endfacet
  facet normal 0 0 1
    outer loop
      vertex -40.0725 7.07236 23.6
      vertex -41.7076 0.657725 23.6
      vertex -41.5892 0.637747 23.6
    endloop
  endfacet
  facet normal 0 0 1
    outer loop
      vertex -45.36 5 23.6
      vertex -41.6776 8.67746 23.6
      vertex -41.7692 9.05892 23.6
    endloop
  endfacet
  facet normal 0 0 1
    outer loop
      vertex -45.36 5 23.6
      vertex -41.7692 9.05892 23.6
      vertex -41.8 9.45 23.6
    endloop
  endfacet
  facet normal 0 0 1
    outer loop
      vertex -40.7695 7.42746 23.6
      vertex -45.36 5 23.6
      vertex -45.3492 4.72454 23.6
    endloop
  endfacet
  facet normal 0 0 1
    outer loop
      vertex -41.8 98.95 23.6
      vertex -45.36 103.4 23.6
      vertex -41.8 9.45 23.6
    endloop
  endfacet
  facet normal -0 0 1
    outer loop
      vertex -44.8518 105.452 23.6
      vertex -40.435 101.178 23.6
      vertex -44.5639 105.922 23.6
    endloop
  endfacet
  facet normal 0 0 1
    outer loop
      vertex -45.36 5 23.6
      vertex -41.8 9.45 23.6
      vertex -45.36 103.4 23.6
    endloop
  endfacet
  facet normal 0 0 1
    outer loop
      vertex -42.8671 107.367 23.6
      vertex -42.2434 107.614 23.6
      vertex -42.3581 107.578 23.6
    endloop
  endfacet
  facet normal 0 0 1
    outer loop
      vertex -40.0725 7.07236 23.6
      vertex -42.2434 0.786342 23.6
      vertex -41.7076 0.657725 23.6
    endloop
  endfacet
  facet normal 0 0 1
    outer loop
      vertex -42.8671 107.367 23.6
      vertex -42.3581 107.578 23.6
      vertex -42.6167 107.483 23.6
    endloop
  endfacet
  facet normal 0 0 1
    outer loop
      vertex -41.7076 0.657725 23.6
      vertex -42.2434 0.786342 23.6
      vertex -41.978 0.71151 23.6
    endloop
  endfacet
  facet normal -0 0 1
    outer loop
      vertex -44.906 105.345 23.6
      vertex -40.435 101.178 23.6
      vertex -44.8518 105.452 23.6
    endloop
  endfacet
  facet normal 0 0 1
    outer loop
      vertex -40.0725 7.07236 23.6
      vertex -42.8671 1.03275 23.6
      vertex -42.2434 0.786342 23.6
    endloop
  endfacet
  facet normal 0 0 1
    outer loop
      vertex -43.2165 107.182 23.6
      vertex -42.8671 107.367 23.6
      vertex -42.976 107.317 23.6
    endloop
  endfacet
  facet normal 0 0 1
    outer loop
      vertex -42.2434 0.786342 23.6
      vertex -42.8671 1.03275 23.6
      vertex -42.3581 0.821922 23.6
    endloop
  endfacet
  facet normal 0 0 1
    outer loop
      vertex -42.8671 107.367 23.6
      vertex -43.2165 107.182 23.6
      vertex -43.3178 107.117 23.6
    endloop
  endfacet
  facet normal 0 0 1
    outer loop
      vertex -42.3581 0.821922 23.6
      vertex -42.8671 1.03275 23.6
      vertex -42.6167 0.917335 23.6
    endloop
  endfacet
  facet normal -0 0 1
    outer loop
      vertex -45.1168 104.836 23.6
      vertex -40.435 101.178 23.6
      vertex -44.906 105.345 23.6
    endloop
  endfacet
  facet normal 0 0 1
    outer loop
      vertex -40.0725 7.07236 23.6
      vertex -43.3178 1.28263 23.6
      vertex -42.8671 1.03275 23.6
    endloop
  endfacet
  facet normal 0 0 1
    outer loop
      vertex -43.7635 106.794 23.6
      vertex -43.3178 107.117 23.6
      vertex -43.547 106.964 23.6
    endloop
  endfacet
  facet normal -0 -0 1
    outer loop
      vertex -43.2165 1.21801 23.6
      vertex -42.8671 1.03275 23.6
      vertex -43.3178 1.28263 23.6
    endloop
  endfacet
  facet normal -0 0 1
    outer loop
      vertex -45.255 104.339 23.6
      vertex -40.435 101.178 23.6
      vertex -45.1168 104.836 23.6
    endloop
  endfacet
  facet normal 0 0 1
    outer loop
      vertex -42.8671 1.03275 23.6
      vertex -43.2165 1.21801 23.6
      vertex -42.976 1.08331 23.6
    endloop
  endfacet
  facet normal 0 0 1
    outer loop
      vertex -40.435 101.178 23.6
      vertex -45.255 104.339 23.6
      vertex -40.7695 100.973 23.6
    endloop
  endfacet
  facet normal 0 0 1
    outer loop
      vertex -40.435 7.22249 23.6
      vertex -43.7635 1.60646 23.6
      vertex -43.3178 1.28263 23.6
    endloop
  endfacet
  facet normal 0 0 1
    outer loop
      vertex -44.2448 106.326 23.6
      vertex -43.8552 106.716 23.6
      vertex -44.0576 106.529 23.6
    endloop
  endfacet
  facet normal 0 0 1
    outer loop
      vertex -43.3178 1.28263 23.6
      vertex -43.7635 1.60646 23.6
      vertex -43.547 1.43579 23.6
    endloop
  endfacet
  facet normal -0 0 1
    outer loop
      vertex -45.3087 104.069 23.6
      vertex -40.7695 100.973 23.6
      vertex -45.255 104.339 23.6
    endloop
  endfacet
  facet normal 0 0 1
    outer loop
      vertex -40.435 7.22249 23.6
      vertex -43.8552 1.684 23.6
      vertex -43.7635 1.60646 23.6
    endloop
  endfacet
  facet normal 0 0 1
    outer loop
      vertex -44.5639 105.922 23.6
      vertex -44.2448 106.326 23.6
      vertex -44.3253 106.237 23.6
    endloop
  endfacet
  facet normal 0 0 1
    outer loop
      vertex -40.435 7.22249 23.6
      vertex -44.2448 2.07357 23.6
      vertex -43.8552 1.684 23.6
    endloop
  endfacet
  facet normal 0 0 1
    outer loop
      vertex -44.5639 105.922 23.6
      vertex -44.3253 106.237 23.6
      vertex -44.496 106.021 23.6
    endloop
  endfacet
  facet normal 0 0 1
    outer loop
      vertex -43.8552 1.684 23.6
      vertex -44.2448 2.07357 23.6
      vertex -44.0576 1.87114 23.6
    endloop
  endfacet
  facet normal -0 0 1
    outer loop
      vertex -45.3411 103.795 23.6
      vertex -40.7695 100.973 23.6
      vertex -45.3087 104.069 23.6
    endloop
  endfacet
  facet normal 0 0 1
    outer loop
      vertex -40.435 7.22249 23.6
      vertex -44.5639 2.47816 23.6
      vertex -44.2448 2.07357 23.6
    endloop
  endfacet
  facet normal 0 0 1
    outer loop
      vertex -44.8518 105.452 23.6
      vertex -44.5639 105.922 23.6
      vertex -44.7171 105.693 23.6
    endloop
  endfacet
  facet normal 0 0 1
    outer loop
      vertex -44.2448 2.07357 23.6
      vertex -44.5639 2.47816 23.6
      vertex -44.3253 2.16264 23.6
    endloop
  endfacet
  facet normal 0 0 1
    outer loop
      vertex -40.7695 100.973 23.6
      vertex -45.36 103.4 23.6
      vertex -41.0678 100.718 23.6
    endloop
  endfacet
  facet normal 0 0 1
    outer loop
      vertex -44.3253 2.16264 23.6
      vertex -44.5639 2.47816 23.6
      vertex -44.496 2.37914 23.6
    endloop
  endfacet
  facet normal 0 0 1
    outer loop
      vertex -41.0678 100.718 23.6
      vertex -45.36 103.4 23.6
      vertex -41.3225 100.419 23.6
    endloop
  endfacet
  facet normal 0 0 1
    outer loop
      vertex -40.435 7.22249 23.6
      vertex -44.8518 2.9479 23.6
      vertex -44.5639 2.47816 23.6
    endloop
  endfacet
  facet normal 0 0 1
    outer loop
      vertex -45.1168 104.836 23.6
      vertex -44.906 105.345 23.6
      vertex -45.0214 105.095 23.6
    endloop
  endfacet
  facet normal 0 0 1
    outer loop
      vertex -44.5639 2.47816 23.6
      vertex -44.8518 2.9479 23.6
      vertex -44.7171 2.70737 23.6
    endloop
  endfacet
  facet normal 0 0 1
    outer loop
      vertex -41.3225 100.419 23.6
      vertex -45.36 103.4 23.6
      vertex -41.5275 100.085 23.6
    endloop
  endfacet
  facet normal 0 0 1
    outer loop
      vertex -40.435 7.22249 23.6
      vertex -44.906 3.05509 23.6
      vertex -44.8518 2.9479 23.6
    endloop
  endfacet
  facet normal 0 0 1
    outer loop
      vertex -45.255 104.339 23.6
      vertex -45.1168 104.836 23.6
      vertex -45.1562 104.722 23.6
    endloop
  endfacet
  facet normal 0 0 1
    outer loop
      vertex -40.435 7.22249 23.6
      vertex -45.1168 3.56409 23.6
      vertex -44.906 3.05509 23.6
    endloop
  endfacet
  facet normal 0 0 1
    outer loop
      vertex -45.255 104.339 23.6
      vertex -45.1562 104.722 23.6
      vertex -45.231 104.457 23.6
    endloop
  endfacet
  facet normal 0 0 1
    outer loop
      vertex -44.906 3.05509 23.6
      vertex -45.1168 3.56409 23.6
      vertex -45.0214 3.30545 23.6
    endloop
  endfacet
  facet normal 0 0 1
    outer loop
      vertex -41.5275 100.085 23.6
      vertex -45.36 103.4 23.6
      vertex -41.6776 99.7225 23.6
    endloop
  endfacet
  facet normal 0 0 1
    outer loop
      vertex -40.435 7.22249 23.6
      vertex -45.255 4.06056 23.6
      vertex -45.1168 3.56409 23.6
    endloop
  endfacet
  facet normal -0 0 1
    outer loop
      vertex -45.3492 103.675 23.6
      vertex -40.7695 100.973 23.6
      vertex -45.3411 103.795 23.6
    endloop
  endfacet
  facet normal 0 0 1
    outer loop
      vertex -45.1168 3.56409 23.6
      vertex -45.255 4.06056 23.6
      vertex -45.1562 3.67754 23.6
    endloop
  endfacet
  facet normal -0 0 1
    outer loop
      vertex -45.36 103.4 23.6
      vertex -40.7695 100.973 23.6
      vertex -45.3492 103.675 23.6
    endloop
  endfacet
  facet normal 0 0 1
    outer loop
      vertex -45.1562 3.67754 23.6
      vertex -45.255 4.06056 23.6
      vertex -45.231 3.94287 23.6
    endloop
  endfacet
  facet normal 0 0 1
    outer loop
      vertex -41.6776 99.7225 23.6
      vertex -45.36 103.4 23.6
      vertex -41.7692 99.3411 23.6
    endloop
  endfacet
  facet normal 0 0 1
    outer loop
      vertex -40.7695 7.42746 23.6
      vertex -45.3492 4.72454 23.6
      vertex -45.3411 4.60471 23.6
    endloop
  endfacet
  facet normal 0 0 1
    outer loop
      vertex -40.7695 7.42746 23.6
      vertex -45.3087 4.33094 23.6
      vertex -45.255 4.06056 23.6
    endloop
  endfacet
  facet normal 0 0 1
    outer loop
      vertex -40.7695 7.42746 23.6
      vertex -45.3411 4.60471 23.6
      vertex -45.3087 4.33094 23.6
    endloop
  endfacet
  facet normal -0 0 1
    outer loop
      vertex 36.8 103.95 23.6
      vertex 39.3 101.45 23.6
      vertex 36.8 104.4 23.6
    endloop
  endfacet
  facet normal -0 0 1
    outer loop
      vertex 36.7489 103.562 23.6
      vertex 39.3 101.45 23.6
      vertex 36.8 103.95 23.6
    endloop
  endfacet
  facet normal -0 0 1
    outer loop
      vertex 36.599 103.2 23.6
      vertex 39.3 101.45 23.6
      vertex 36.7489 103.562 23.6
    endloop
  endfacet
  facet normal -0 0 1
    outer loop
      vertex 36.3607 102.889 23.6
      vertex 39.3 101.45 23.6
      vertex 36.599 103.2 23.6
    endloop
  endfacet
  facet normal -0 0 1
    outer loop
      vertex 36.05 102.651 23.6
      vertex 39.3 101.45 23.6
      vertex 36.3607 102.889 23.6
    endloop
  endfacet
  facet normal -0 0 1
    outer loop
      vertex 35.6882 102.501 23.6
      vertex 39.3 101.45 23.6
      vertex 36.05 102.651 23.6
    endloop
  endfacet
  facet normal -0 0 1
    outer loop
      vertex 35.3 102.45 23.6
      vertex 39.3 101.45 23.6
      vertex 35.6882 102.501 23.6
    endloop
  endfacet
  facet normal -0 0 1
    outer loop
      vertex -35.3 102.45 23.6
      vertex 39.3 101.45 23.6
      vertex 35.3 102.45 23.6
    endloop
  endfacet
  facet normal 0 0 1
    outer loop
      vertex -35.3 102.45 23.6
      vertex -39.3 101.45 23.6
      vertex 39.3 101.45 23.6
    endloop
  endfacet
  facet normal 0 0 1
    outer loop
      vertex -35.6882 102.501 23.6
      vertex -39.3 101.45 23.6
      vertex -35.3 102.45 23.6
    endloop
  endfacet
  facet normal 0 0 1
    outer loop
      vertex -36.05 102.651 23.6
      vertex -39.3 101.45 23.6
      vertex -35.6882 102.501 23.6
    endloop
  endfacet
  facet normal 0 0 1
    outer loop
      vertex -36.3607 102.889 23.6
      vertex -39.3 101.45 23.6
      vertex -36.05 102.651 23.6
    endloop
  endfacet
  facet normal 0 0 1
    outer loop
      vertex -36.599 103.2 23.6
      vertex -39.3 101.45 23.6
      vertex -36.3607 102.889 23.6
    endloop
  endfacet
  facet normal 0 0 1
    outer loop
      vertex -36.7489 103.562 23.6
      vertex -39.3 101.45 23.6
      vertex -36.599 103.2 23.6
    endloop
  endfacet
  facet normal 0 0 1
    outer loop
      vertex -39.3 101.45 23.6
      vertex -36.7489 103.562 23.6
      vertex -36.8 103.95 23.6
    endloop
  endfacet
  facet normal -0.827417 0.561588 0
    outer loop
      vertex -45.1949 106.042 0.799999
      vertex -44.9716 106.371 23.0086
      vertex -44.9716 106.371 0.799999
    endloop
  endfacet
  facet normal -0.576167 0.444472 0.685913
    outer loop
      vertex -44.9716 106.371 23.0086
      vertex -44.9977 106.333 23.0113
      vertex -44.9923 106.34 23.0113
    endloop
  endfacet
  facet normal -0.827417 0.561588 0
    outer loop
      vertex -45.1949 106.042 23.0087
      vertex -44.9716 106.371 23.0086
      vertex -45.1949 106.042 0.799999
    endloop
  endfacet
  facet normal -0.823726 0.559053 -0.0945259
    outer loop
      vertex -44.9716 106.371 23.0086
      vertex -45.1949 106.042 23.0087
      vertex -44.9977 106.333 23.0113
    endloop
  endfacet
  facet normal -0.961537 -0.274675 0
    outer loop
      vertex -45.6991 3.43602 23.0092
      vertex -45.8083 3.81829 23.0095
      vertex -45.8083 3.81829 0.799999
    endloop
  endfacet
  facet normal -0.96148 -0.27465 -0.0111258
    outer loop
      vertex -45.8083 3.81829 23.0095
      vertex -45.6991 3.43602 23.0092
      vertex -45.7055 3.45836 23.0108
    endloop
  endfacet
  facet normal -0.961537 -0.274675 -0
    outer loop
      vertex -45.6991 3.43602 23.0092
      vertex -45.8083 3.81829 0.799999
      vertex -45.6991 3.43602 0.799999
    endloop
  endfacet
  facet normal -0.961222 -0.272205 -0.0442332
    outer loop
      vertex -45.7055 3.45836 23.0108
      vertex -45.6991 3.43602 23.0092
      vertex -45.7029 3.44926 23.0103
    endloop
  endfacet
  facet normal 0.641119 -0.767441 -0.00045815
    outer loop
      vertex 44.0004 1.03829 23.0065
      vertex 44.3055 1.29317 23.0064
      vertex 44.1946 1.20052 23.0137
    endloop
  endfacet
  facet normal 0.641119 -0.767441 0
    outer loop
      vertex 44.0004 1.03829 0.799999
      vertex 44.3055 1.29317 23.0064
      vertex 44.0004 1.03829 23.0065
    endloop
  endfacet
  facet normal 0.641119 -0.767441 0
    outer loop
      vertex 44.3055 1.29317 23.0064
      vertex 44.0004 1.03829 0.799999
      vertex 44.3055 1.29317 0.799999
    endloop
  endfacet
  facet normal 0.84896 -0.528447 -0.00336076
    outer loop
      vertex 45.0865 2.19124 23.0063
      vertex 45.2966 2.52877 23.0062
      vertex 45.2132 2.39474 23.0135
    endloop
  endfacet
  facet normal 0.849047 -0.52777 -0.0240292
    outer loop
      vertex 45.0865 2.19124 23.0063
      vertex 45.2132 2.39474 23.0135
      vertex 45.2079 2.3862 23.0138
    endloop
  endfacet
  facet normal 0.848965 -0.528449 0
    outer loop
      vertex 45.2966 2.52877 23.0062
      vertex 45.0865 2.19124 23.0063
      vertex 45.2966 2.52877 0.799999
    endloop
  endfacet
  facet normal 0.848965 -0.528449 0
    outer loop
      vertex 45.2966 2.52877 0.799999
      vertex 45.0865 2.19124 23.0063
      vertex 45.0865 2.19124 0.799999
    endloop
  endfacet
  facet normal 0.0597864 0.819732 -0.569618
    outer loop
      vertex 41.3486 108.381 23.0126
      vertex 41.0494 108.399 23.0071
      vertex 41.3387 108.382 23.013
    endloop
  endfacet
  facet normal 0.060346 0.998041 -0.0165072
    outer loop
      vertex 41.4463 108.375 23.007
      vertex 41.0494 108.399 23.0071
      vertex 41.3486 108.381 23.0126
    endloop
  endfacet
  facet normal 0.0603584 0.998177 -0
    outer loop
      vertex 41.4463 108.375 0.799999
      vertex 41.0494 108.399 23.0071
      vertex 41.4463 108.375 23.007
    endloop
  endfacet
  facet normal 0.0603584 0.998177 0
    outer loop
      vertex 41.0494 108.399 23.0071
      vertex 41.4463 108.375 0.799999
      vertex 41.0494 108.399 0.799999
    endloop
  endfacet
  facet normal 0.888283 -0.459296 -0.000257738
    outer loop
      vertex 45.2966 2.52877 23.0062
      vertex 45.4792 2.88192 23.0062
      vertex 45.4017 2.73203 23.0139
    endloop
  endfacet
  facet normal 0.888283 -0.459296 0
    outer loop
      vertex 45.4792 2.88192 23.0062
      vertex 45.2966 2.52877 23.0062
      vertex 45.4792 2.88192 0.799999
    endloop
  endfacet
  facet normal 0.888283 -0.459296 0
    outer loop
      vertex 45.4792 2.88192 0.799999
      vertex 45.2966 2.52877 23.0062
      vertex 45.2966 2.52877 0.799999
    endloop
  endfacet
  facet normal -0.0978817 0.992496 -0.0732804
    outer loop
      vertex -41.2481 108.391 23.0071
      vertex -41.6437 108.352 23.0073
      vertex -41.3437 108.382 23.0129
    endloop
  endfacet
  facet normal -0.0981088 0.995176 0
    outer loop
      vertex -41.2481 108.391 0.799999
      vertex -41.6437 108.352 23.0073
      vertex -41.2481 108.391 23.0071
    endloop
  endfacet
  facet normal -0.0981088 0.995176 0
    outer loop
      vertex -41.6437 108.352 23.0073
      vertex -41.2481 108.391 0.799999
      vertex -41.6437 108.352 0.799999
    endloop
  endfacet
  facet normal -0.0992526 -0.995062 -9.69103e-06
    outer loop
      vertex -41.6437 0.0483583 23.0073
      vertex -41.2481 0.00889912 23.0071
      vertex -41.3437 0.0184347 23.0129
    endloop
  endfacet
  facet normal -0.0992526 -0.995062 0
    outer loop
      vertex -41.6437 0.0483583 0.799999
      vertex -41.2481 0.00889912 23.0071
      vertex -41.6437 0.0483583 23.0073
    endloop
  endfacet
  facet normal -0.0992526 -0.995062 -0
    outer loop
      vertex -41.2481 0.00889912 23.0071
      vertex -41.6437 0.0483583 0.799999
      vertex -41.2481 0.00889912 0.799999
    endloop
  endfacet
  facet normal 0.921996 -0.38706 0.0103613
    outer loop
      vertex 45.5636 3.08286 23.0137
      vertex 45.6332 3.24845 23.0062
      vertex 45.5675 3.09215 23.0137
    endloop
  endfacet
  facet normal 0.921926 -0.387353 0.00322895
    outer loop
      vertex 45.6332 3.24845 23.0062
      vertex 45.5636 3.08286 23.0137
      vertex 45.4792 2.88192 23.0062
    endloop
  endfacet
  facet normal 0.921931 -0.387355 0
    outer loop
      vertex 45.6332 3.24845 23.0062
      vertex 45.4792 2.88192 23.0062
      vertex 45.6332 3.24845 0.799999
    endloop
  endfacet
  facet normal 0.921931 -0.387355 0
    outer loop
      vertex 45.6332 3.24845 0.799999
      vertex 45.4792 2.88192 23.0062
      vertex 45.4792 2.88192 0.799999
    endloop
  endfacet
  facet normal -0.779886 0.625921 0
    outer loop
      vertex -44.9716 106.371 0.799999
      vertex -44.7228 106.681 23.0084
      vertex -44.7228 106.681 0.799999
    endloop
  endfacet
  facet normal -0.779886 0.625921 0
    outer loop
      vertex -44.9716 106.371 23.0086
      vertex -44.7228 106.681 23.0084
      vertex -44.9716 106.371 0.799999
    endloop
  endfacet
  facet normal -0.77357 0.62077 -0.127414
    outer loop
      vertex -44.7228 106.681 23.0084
      vertex -44.9716 106.371 23.0086
      vertex -44.7465 106.652 23.011
    endloop
  endfacet
  facet normal -0.735505 0.586289 0.339554
    outer loop
      vertex -44.7465 106.652 23.011
      vertex -44.9716 106.371 23.0086
      vertex -44.7526 106.644 23.0116
    endloop
  endfacet
  facet normal -0.444723 0.810633 0.380915
    outer loop
      vertex -43.2123 107.857 23.0117
      vertex -43.5072 107.697 23.0079
      vertex -43.2209 107.852 23.0123
    endloop
  endfacet
  facet normal -0.472524 0.873673 -0.115832
    outer loop
      vertex -43.1577 107.886 23.0077
      vertex -43.5072 107.697 23.0079
      vertex -43.2123 107.857 23.0117
    endloop
  endfacet
  facet normal -0.475675 0.879621 0
    outer loop
      vertex -43.1577 107.886 0.799999
      vertex -43.5072 107.697 23.0079
      vertex -43.1577 107.886 23.0077
    endloop
  endfacet
  facet normal -0.475675 0.879621 0
    outer loop
      vertex -43.5072 107.697 23.0079
      vertex -43.1577 107.886 0.799999
      vertex -43.5072 107.697 0.799999
    endloop
  endfacet
  facet normal -0.936609 -0.350376 0
    outer loop
      vertex -45.5598 3.06365 23.0091
      vertex -45.6991 3.43602 23.0092
      vertex -45.6991 3.43602 0.799999
    endloop
  endfacet
  facet normal -0.936609 -0.350376 -0
    outer loop
      vertex -45.5598 3.06365 23.0091
      vertex -45.6991 3.43602 0.799999
      vertex -45.5598 3.06365 0.799999
    endloop
  endfacet
  facet normal -0.936603 -0.350375 0.00355717
    outer loop
      vertex -45.6991 3.43602 23.0092
      vertex -45.5598 3.06365 23.0091
      vertex -45.5683 3.08639 23.0109
    endloop
  endfacet
  facet normal -0.869321 -0.494247 0
    outer loop
      vertex -45.1949 2.35791 23.0087
      vertex -45.3914 2.70353 23.0089
      vertex -45.3914 2.70353 0.799999
    endloop
  endfacet
  facet normal -0.869321 -0.494247 -0
    outer loop
      vertex -45.1949 2.35791 23.0087
      vertex -45.3914 2.70353 0.799999
      vertex -45.1949 2.35791 0.799999
    endloop
  endfacet
  facet normal -0.869173 -0.494152 -0.0187701
    outer loop
      vertex -45.3914 2.70353 23.0089
      vertex -45.1949 2.35791 23.0087
      vertex -45.2127 2.38912 23.0113
    endloop
  endfacet
  facet normal 0.697111 0.71693 -0.0069135
    outer loop
      vertex 44.5894 106.829 23.0064
      vertex 44.4784 106.937 23.0135
      vertex 44.4856 106.93 23.0136
    endloop
  endfacet
  facet normal 0.697947 0.71276 0.0695896
    outer loop
      vertex 44.5894 106.829 23.0064
      vertex 44.3055 107.107 23.0064
      vertex 44.4784 106.937 23.0135
    endloop
  endfacet
  facet normal 0.699644 0.714492 -0
    outer loop
      vertex 44.5894 106.829 0.799999
      vertex 44.3055 107.107 23.0064
      vertex 44.5894 106.829 23.0064
    endloop
  endfacet
  facet normal 0.699644 0.714492 0
    outer loop
      vertex 44.3055 107.107 23.0064
      vertex 44.5894 106.829 0.799999
      vertex 44.3055 107.107 0.799999
    endloop
  endfacet
  facet normal -0.671144 -0.741327 -0.000779554
    outer loop
      vertex -44.1555 1.16269 23.0082
      vertex -44.1994 1.20243 23.0119
      vertex -44.4502 1.42949 23.0083
    endloop
  endfacet
  facet normal -0.669565 -0.742236 0.0277112
    outer loop
      vertex -44.1994 1.20243 23.0119
      vertex -44.1555 1.16269 23.0082
      vertex -44.1922 1.19592 23.0115
    endloop
  endfacet
  facet normal -0.671144 -0.741327 0
    outer loop
      vertex -44.4502 1.42949 0.799999
      vertex -44.1555 1.16269 23.0082
      vertex -44.4502 1.42949 23.0083
    endloop
  endfacet
  facet normal -0.671144 -0.741327 -0
    outer loop
      vertex -44.1555 1.16269 23.0082
      vertex -44.4502 1.42949 0.799999
      vertex -44.1555 1.16269 0.799999
    endloop
  endfacet
  facet normal 0.92152 0.387743 0.0213511
    outer loop
      vertex 45.6332 105.152 23.0062
      vertex 45.4792 105.518 23.0062
      vertex 45.5636 105.317 23.0137
    endloop
  endfacet
  facet normal 0.893728 0.387282 -0.226411
    outer loop
      vertex 45.6332 105.152 23.0062
      vertex 45.5636 105.317 23.0137
      vertex 45.5675 105.308 23.0137
    endloop
  endfacet
  facet normal 0.92173 0.387832 0
    outer loop
      vertex 45.4792 105.518 23.0062
      vertex 45.6332 105.152 23.0062
      vertex 45.4792 105.518 0.799999
    endloop
  endfacet
  facet normal 0.92173 0.387832 0
    outer loop
      vertex 45.4792 105.518 0.799999
      vertex 45.6332 105.152 23.0062
      vertex 45.6332 105.152 0.799999
    endloop
  endfacet
  facet normal 0.970944 -0.237326 -0.0307341
    outer loop
      vertex 45.8063 3.8265 23.0136
      vertex 45.8515 4.01238 23.0062
      vertex 45.8087 3.83628 23.0139
    endloop
  endfacet
  facet normal 0.971642 -0.236427 -0.00388619
    outer loop
      vertex 45.7575 3.62607 23.0061
      vertex 45.8515 4.01238 23.0062
      vertex 45.8063 3.8265 23.0136
    endloop
  endfacet
  facet normal 0.971649 -0.236429 0
    outer loop
      vertex 45.8515 4.01238 23.0062
      vertex 45.7575 3.62607 23.0061
      vertex 45.8515 4.01238 0.799999
    endloop
  endfacet
  facet normal 0.971649 -0.236429 0
    outer loop
      vertex 45.8515 4.01238 0.799999
      vertex 45.7575 3.62607 23.0061
      vertex 45.7575 3.62607 0.799999
    endloop
  endfacet
  facet normal -0.827338 -0.561704 0
    outer loop
      vertex -44.9716 2.02901 23.0086
      vertex -45.1949 2.35791 23.0087
      vertex -45.1949 2.35791 0.799999
    endloop
  endfacet
  facet normal -0.827296 -0.561679 0.00984974
    outer loop
      vertex -45.1949 2.35791 23.0087
      vertex -44.9716 2.02901 23.0086
      vertex -44.9977 2.0675 23.0113
    endloop
  endfacet
  facet normal -0.827338 -0.561704 -0
    outer loop
      vertex -44.9716 2.02901 23.0086
      vertex -45.1949 2.35791 0.799999
      vertex -44.9716 2.02901 0.799999
    endloop
  endfacet
  facet normal -0.827854 -0.560905 -0.00657851
    outer loop
      vertex -44.9977 2.0675 23.0113
      vertex -44.9716 2.02901 23.0086
      vertex -44.9923 2.05953 23.0113
    endloop
  endfacet
  facet normal -0.728628 0.68491 0
    outer loop
      vertex -44.7228 106.681 23.0084
      vertex -44.4502 106.971 23.0083
      vertex -44.4502 106.971 0.799999
    endloop
  endfacet
  facet normal -0.728628 0.68491 0
    outer loop
      vertex -44.7228 106.681 23.0084
      vertex -44.4502 106.971 0.799999
      vertex -44.7228 106.681 0.799999
    endloop
  endfacet
  facet normal -0.723743 0.680358 0.115369
    outer loop
      vertex -44.4502 106.971 23.0083
      vertex -44.7228 106.681 23.0084
      vertex -44.4835 106.935 23.0117
    endloop
  endfacet
  facet normal 0.671727 0.598826 0.436109
    outer loop
      vertex 44.7543 106.639 23.0133
      vertex 44.5894 106.829 23.0064
      vertex 44.7478 106.646 23.0137
    endloop
  endfacet
  facet normal 0.754087 0.65578 0.0361303
    outer loop
      vertex 44.8503 106.529 23.0062
      vertex 44.5894 106.829 23.0064
      vertex 44.7543 106.639 23.0133
    endloop
  endfacet
  facet normal 0.754568 0.656222 0
    outer loop
      vertex 44.5894 106.829 23.0064
      vertex 44.8503 106.529 23.0062
      vertex 44.5894 106.829 0.799999
    endloop
  endfacet
  facet normal 0.754568 0.656222 0
    outer loop
      vertex 44.5894 106.829 0.799999
      vertex 44.8503 106.529 23.0062
      vertex 44.8503 106.529 0.799999
    endloop
  endfacet
  facet normal 0 0 -1
    outer loop
      vertex 41.1492 0.799775 0
      vertex 45.1549 4.99877 0
      vertex 45.136 4.60202 0
    endloop
  endfacet
  facet normal 0 0 -1
    outer loop
      vertex 45.1549 4.99877 0
      vertex 33.085 13.5 0
      vertex 45.1549 103.401 0
    endloop
  endfacet
  facet normal 0 0 -1
    outer loop
      vertex 45.0793 4.2064 0
      vertex 45.136 4.60202 0
      vertex 45.1358 4.59956 0
    endloop
  endfacet
  facet normal 0 0 -1
    outer loop
      vertex 33.085 94.9 0
      vertex 45.1549 103.401 0
      vertex 33.085 13.5 0
    endloop
  endfacet
  facet normal 0 0 -1
    outer loop
      vertex 45.136 4.60202 0
      vertex 45.0793 4.2064 0
      vertex 41.1492 0.799775 0
    endloop
  endfacet
  facet normal 0 0 -1
    outer loop
      vertex 33.072 95.1565 0
      vertex 45.1549 103.401 0
      vertex 33.085 94.9 0
    endloop
  endfacet
  facet normal 0 0 -1
    outer loop
      vertex 44.9853 3.81795 0
      vertex 45.0793 4.2064 0
      vertex 45.0789 4.20396 0
    endloop
  endfacet
  facet normal 0 0 -1
    outer loop
      vertex 33.063 95.2935 0
      vertex 45.1549 103.401 0
      vertex 33.072 95.1565 0
    endloop
  endfacet
  facet normal 0 0 -1
    outer loop
      vertex 45.0793 4.2064 0
      vertex 44.9853 3.81795 0
      vertex 41.1492 0.799775 0
    endloop
  endfacet
  facet normal 0 0 -1
    outer loop
      vertex 33.0241 95.5473 0
      vertex 45.1549 103.401 0
      vertex 33.063 95.2935 0
    endloop
  endfacet
  facet normal 0 0 -1
    outer loop
      vertex 44.9839 3.8132 0
      vertex 44.9853 3.81795 0
      vertex 44.9847 3.81555 0
    endloop
  endfacet
  facet normal 0 0 -1
    outer loop
      vertex 32.9973 95.6821 0
      vertex 45.1549 103.401 0
      vertex 33.0241 95.5473 0
    endloop
  endfacet
  facet normal 0 0 -1
    outer loop
      vertex 44.9853 3.81795 0
      vertex 44.9839 3.8132 0
      vertex 41.1492 0.799775 0
    endloop
  endfacet
  facet normal 0 0 -1
    outer loop
      vertex 32.933 95.9306 0
      vertex 45.1549 103.401 0
      vertex 32.9973 95.6821 0
    endloop
  endfacet
  facet normal 0 0 -1
    outer loop
      vertex 44.8531 3.43557 0
      vertex 44.9839 3.8132 0
      vertex 44.854 3.43785 0
    endloop
  endfacet
  facet normal 0 0 -1
    outer loop
      vertex 32.8888 96.0607 0
      vertex 45.1549 103.401 0
      vertex 32.933 95.9306 0
    endloop
  endfacet
  facet normal 0 0 -1
    outer loop
      vertex 44.9839 3.8132 0
      vertex 44.8531 3.43557 0
      vertex 41.1492 0.799775 0
    endloop
  endfacet
  facet normal 0 0 -1
    outer loop
      vertex 32.7996 96.3015 0
      vertex 45.1549 103.401 0
      vertex 32.8888 96.0607 0
    endloop
  endfacet
  facet normal 0 0 -1
    outer loop
      vertex 41.1492 0.799775 0
      vertex 44.8531 3.43557 0
      vertex 44.688 3.07426 0
    endloop
  endfacet
  facet normal 0 0 -1
    outer loop
      vertex 32.6865 96.532 0
      vertex 45.1549 103.401 0
      vertex 32.7996 96.3015 0
    endloop
  endfacet
  facet normal 0 0 -1
    outer loop
      vertex 41.1492 0.799775 0
      vertex 44.688 3.07426 0
      vertex 44.6869 3.07206 0
    endloop
  endfacet
  facet normal 0 0 -1
    outer loop
      vertex 32.6258 96.6552 0
      vertex 45.1549 103.401 0
      vertex 32.6865 96.532 0
    endloop
  endfacet
  facet normal 0 0 -1
    outer loop
      vertex 41.1492 0.799775 0
      vertex 44.6869 3.07206 0
      vertex 44.4883 2.72807 0
    endloop
  endfacet
  facet normal 0 0 -1
    outer loop
      vertex 32.49 96.8732 0
      vertex 45.1549 103.401 0
      vertex 32.6258 96.6552 0
    endloop
  endfacet
  facet normal 0 0 -1
    outer loop
      vertex 44.2566 2.40242 0
      vertex 44.4883 2.72807 0
      vertex 44.487 2.72597 0
    endloop
  endfacet
  facet normal 0 -0 -1
    outer loop
      vertex 41.1492 107.6 0
      vertex 45.1549 103.401 0
      vertex 32.49 96.8732 0
    endloop
  endfacet
  facet normal 0 0 -1
    outer loop
      vertex 44.4883 2.72807 0
      vertex 44.2566 2.40242 0
      vertex 41.1492 0.799775 0
    endloop
  endfacet
  facet normal -0 -0 -1
    outer loop
      vertex 41.1517 107.6 0
      vertex 45.1549 103.401 0
      vertex 41.1492 107.6 0
    endloop
  endfacet
  facet normal 0 0 -1
    outer loop
      vertex 43.995 2.10024 0
      vertex 44.2566 2.40242 0
      vertex 44.2551 2.40043 0
    endloop
  endfacet
  facet normal 0 0 -1
    outer loop
      vertex 45.1549 103.401 0
      vertex 41.1517 107.6 0
      vertex 45.136 103.798 0
    endloop
  endfacet
  facet normal 0 0 -1
    outer loop
      vertex 44.2566 2.40242 0
      vertex 43.995 2.10024 0
      vertex 41.1492 0.799775 0
    endloop
  endfacet
  facet normal -0 -0 -1
    outer loop
      vertex 45.0793 104.194 0
      vertex 45.136 103.798 0
      vertex 41.1517 107.6 0
    endloop
  endfacet
  facet normal 0 0 -1
    outer loop
      vertex 43.9916 2.09665 0
      vertex 43.995 2.10024 0
      vertex 43.9934 2.09838 0
    endloop
  endfacet
  facet normal -0 -0 -1
    outer loop
      vertex 44.9853 104.582 0
      vertex 45.0793 104.194 0
      vertex 41.1517 107.6 0
    endloop
  endfacet
  facet normal 0 0 -1
    outer loop
      vertex 43.995 2.10024 0
      vertex 43.9916 2.09665 0
      vertex 41.1492 0.799775 0
    endloop
  endfacet
  facet normal 0 0 -1
    outer loop
      vertex 45.0793 104.194 0
      vertex 44.9853 104.582 0
      vertex 45.0789 104.196 0
    endloop
  endfacet
  facet normal 0 0 -1
    outer loop
      vertex 43.7023 1.82096 0
      vertex 43.9916 2.09665 0
      vertex 43.7042 1.82255 0
    endloop
  endfacet
  facet normal 0 0 1
    outer loop
      vertex 44.9853 104.582 0
      vertex 44.9839 104.587 0
      vertex 44.9847 104.584 0
    endloop
  endfacet
  facet normal 0 0 -1
    outer loop
      vertex 43.9916 2.09665 0
      vertex 43.7023 1.82096 0
      vertex 41.1492 0.799775 0
    endloop
  endfacet
  facet normal 0 0 -1
    outer loop
      vertex 44.9853 104.582 0
      vertex 41.1517 107.6 0
      vertex 44.9839 104.587 0
    endloop
  endfacet
  facet normal 0 0 -1
    outer loop
      vertex 41.1492 0.799775 0
      vertex 43.7023 1.82096 0
      vertex 43.39 1.57543 0
    endloop
  endfacet
  facet normal 0 0 -1
    outer loop
      vertex 44.9839 104.587 0
      vertex 44.8531 104.964 0
      vertex 44.854 104.962 0
    endloop
  endfacet
  facet normal 0 0 -1
    outer loop
      vertex 41.1492 0.799775 0
      vertex 43.39 1.57543 0
      vertex 43.388 1.574 0
    endloop
  endfacet
  facet normal 0 0 -1
    outer loop
      vertex 44.9839 104.587 0
      vertex 41.1517 107.6 0
      vertex 44.8531 104.964 0
    endloop
  endfacet
  facet normal 0 0 -1
    outer loop
      vertex 41.1492 0.799775 0
      vertex 43.388 1.574 0
      vertex 43.0539 1.35926 0
    endloop
  endfacet
  facet normal 0 0 -1
    outer loop
      vertex 44.8531 104.964 0
      vertex 41.1517 107.6 0
      vertex 44.688 105.326 0
    endloop
  endfacet
  facet normal 0 0 -1
    outer loop
      vertex 42.6987 1.17599 0
      vertex 43.0539 1.35926 0
      vertex 43.0518 1.358 0
    endloop
  endfacet
  facet normal 0 0 -1
    outer loop
      vertex 44.688 105.326 0
      vertex 41.1517 107.6 0
      vertex 44.6869 105.328 0
    endloop
  endfacet
  facet normal 0 0 -1
    outer loop
      vertex 43.0539 1.35926 0
      vertex 42.6987 1.17599 0
      vertex 41.1492 0.799775 0
    endloop
  endfacet
  facet normal 0 0 -1
    outer loop
      vertex 44.6869 105.328 0
      vertex 41.1517 107.6 0
      vertex 44.4883 105.672 0
    endloop
  endfacet
  facet normal 0 0 -1
    outer loop
      vertex 42.3277 1.02727 0
      vertex 42.6987 1.17599 0
      vertex 42.6965 1.1749 0
    endloop
  endfacet
  facet normal -0 -0 -1
    outer loop
      vertex 44.2566 105.998 0
      vertex 44.4883 105.672 0
      vertex 41.1517 107.6 0
    endloop
  endfacet
  facet normal 0 0 -1
    outer loop
      vertex 42.6987 1.17599 0
      vertex 42.3277 1.02727 0
      vertex 41.1492 0.799775 0
    endloop
  endfacet
  facet normal 0 0 -1
    outer loop
      vertex 44.4883 105.672 0
      vertex 44.2566 105.998 0
      vertex 44.487 105.674 0
    endloop
  endfacet
  facet normal 0 0 -1
    outer loop
      vertex 42.3231 1.02564 0
      vertex 42.3277 1.02727 0
      vertex 42.3255 1.02636 0
    endloop
  endfacet
  facet normal -0 -0 -1
    outer loop
      vertex 43.995 106.3 0
      vertex 44.2566 105.998 0
      vertex 41.1517 107.6 0
    endloop
  endfacet
  facet normal 0 0 -1
    outer loop
      vertex 42.3277 1.02727 0
      vertex 42.3231 1.02564 0
      vertex 41.1492 0.799775 0
    endloop
  endfacet
  facet normal 0 0 -1
    outer loop
      vertex 44.2566 105.998 0
      vertex 43.995 106.3 0
      vertex 44.2551 106 0
    endloop
  endfacet
  facet normal 0 0 -1
    outer loop
      vertex 41.9396 0.913192 0
      vertex 42.3231 1.02564 0
      vertex 41.942 0.913727 0
    endloop
  endfacet
  facet normal 0 0 -1
    outer loop
      vertex 43.995 106.3 0
      vertex 41.1517 107.6 0
      vertex 43.9916 106.303 0
    endloop
  endfacet
  facet normal 0 0 -1
    outer loop
      vertex 42.3231 1.02564 0
      vertex 41.9396 0.913192 0
      vertex 41.1492 0.799775 0
    endloop
  endfacet
  facet normal 0 0 -1
    outer loop
      vertex 43.9916 106.303 0
      vertex 41.1517 107.6 0
      vertex 43.7023 106.579 0
    endloop
  endfacet
  facet normal 0 0 -1
    outer loop
      vertex 41.1492 0.799775 0
      vertex 41.9396 0.913192 0
      vertex 41.5495 0.838024 0
    endloop
  endfacet
  facet normal 0 0 -1
    outer loop
      vertex 43.7023 106.579 0
      vertex 41.1517 107.6 0
      vertex 43.39 106.825 0
    endloop
  endfacet
  facet normal 0 0 -1
    outer loop
      vertex 41.1492 0.799775 0
      vertex 41.5495 0.838024 0
      vertex 41.5471 0.837681 0
    endloop
  endfacet
  facet normal 0 0 -1
    outer loop
      vertex 43.39 106.825 0
      vertex 41.1517 107.6 0
      vertex 43.388 106.826 0
    endloop
  endfacet
  facet normal 0 0 -1
    outer loop
      vertex 41.1492 0.799775 0
      vertex 41.5471 0.837681 0
      vertex 41.1517 0.799923 0
    endloop
  endfacet
  facet normal 0 0 -1
    outer loop
      vertex 43.388 106.826 0
      vertex 41.1517 107.6 0
      vertex 43.0539 107.041 0
    endloop
  endfacet
  facet normal -0 0 -1
    outer loop
      vertex 45.1549 4.99877 0
      vertex 41.1492 0.799775 0
      vertex 32.49 11.5268 0
    endloop
  endfacet
  facet normal -0 -0 -1
    outer loop
      vertex 42.6987 107.224 0
      vertex 43.0539 107.041 0
      vertex 41.1517 107.6 0
    endloop
  endfacet
  facet normal 0 0 1
    outer loop
      vertex 43.0539 107.041 0
      vertex 42.6987 107.224 0
      vertex 43.0518 107.042 0
    endloop
  endfacet
  facet normal 0 0 -1
    outer loop
      vertex 45.1549 4.99877 0
      vertex 33.072 13.2435 0
      vertex 33.085 13.5 0
    endloop
  endfacet
  facet normal 0 0 -1
    outer loop
      vertex 45.1549 4.99877 0
      vertex 33.063 13.1065 0
      vertex 33.072 13.2435 0
    endloop
  endfacet
  facet normal 0 0 -1
    outer loop
      vertex 45.1549 4.99877 0
      vertex 33.0241 12.8527 0
      vertex 33.063 13.1065 0
    endloop
  endfacet
  facet normal 0 0 -1
    outer loop
      vertex 45.1549 4.99877 0
      vertex 32.9973 12.718 0
      vertex 33.0241 12.8527 0
    endloop
  endfacet
  facet normal 0 0 -1
    outer loop
      vertex 45.1549 4.99877 0
      vertex 32.933 12.4694 0
      vertex 32.9973 12.718 0
    endloop
  endfacet
  facet normal 0 0 -1
    outer loop
      vertex 45.1549 4.99877 0
      vertex 32.8888 12.3393 0
      vertex 32.933 12.4694 0
    endloop
  endfacet
  facet normal 0 0 -1
    outer loop
      vertex 45.1549 4.99877 0
      vertex 32.7996 12.0985 0
      vertex 32.8888 12.3393 0
    endloop
  endfacet
  facet normal 0 0 -1
    outer loop
      vertex 45.1549 4.99877 0
      vertex 32.6865 11.868 0
      vertex 32.7996 12.0985 0
    endloop
  endfacet
  facet normal 0 0 -1
    outer loop
      vertex 45.1549 4.99877 0
      vertex 32.6258 11.7448 0
      vertex 32.6865 11.868 0
    endloop
  endfacet
  facet normal 0 0 -1
    outer loop
      vertex 45.1549 4.99877 0
      vertex 32.49 11.5268 0
      vertex 32.6258 11.7448 0
    endloop
  endfacet
  facet normal 0 0 -1
    outer loop
      vertex 41.1492 0.799775 0
      vertex 32.4137 11.4126 0
      vertex 32.49 11.5268 0
    endloop
  endfacet
  facet normal 0 0 -1
    outer loop
      vertex 41.1492 0.799775 0
      vertex 32.2565 11.2096 0
      vertex 32.4137 11.4126 0
    endloop
  endfacet
  facet normal 0 0 -1
    outer loop
      vertex 41.1492 0.799775 0
      vertex 32.1659 11.1063 0
      vertex 32.2565 11.2096 0
    endloop
  endfacet
  facet normal 0 0 -1
    outer loop
      vertex 41.1492 0.799775 0
      vertex 31.989 10.9202 0
      vertex 32.1659 11.1063 0
    endloop
  endfacet
  facet normal 0 0 -1
    outer loop
      vertex 41.1492 0.799775 0
      vertex 31.8857 10.8296 0
      vertex 31.989 10.9202 0
    endloop
  endfacet
  facet normal 0 0 -1
    outer loop
      vertex 41.1492 0.799775 0
      vertex 31.6909 10.6624 0
      vertex 31.8857 10.8296 0
    endloop
  endfacet
  facet normal 0 0 -1
    outer loop
      vertex 41.1492 0.799775 0
      vertex 31.4801 10.5157 0
      vertex 31.6909 10.6624 0
    endloop
  endfacet
  facet normal 0 0 -1
    outer loop
      vertex 41.1492 0.799775 0
      vertex 31.3659 10.4394 0
      vertex 31.4801 10.5157 0
    endloop
  endfacet
  facet normal 0 0 -1
    outer loop
      vertex 41.1492 0.799775 0
      vertex 31.1414 10.3147 0
      vertex 31.3659 10.4394 0
    endloop
  endfacet
  facet normal 0 0 -1
    outer loop
      vertex 41.1492 0.799775 0
      vertex 31.0182 10.254 0
      vertex 31.1414 10.3147 0
    endloop
  endfacet
  facet normal 0 0 -1
    outer loop
      vertex 41.1492 0.799775 0
      vertex 30.7822 10.1527 0
      vertex 31.0182 10.254 0
    endloop
  endfacet
  facet normal 0 0 -1
    outer loop
      vertex 41.1492 0.799775 0
      vertex 30.6522 10.1086 0
      vertex 30.7822 10.1527 0
    endloop
  endfacet
  facet normal 0 0 -1
    outer loop
      vertex 41.1492 0.799775 0
      vertex 30.4072 10.0317 0
      vertex 30.6522 10.1086 0
    endloop
  endfacet
  facet normal 0 0 -1
    outer loop
      vertex 41.1492 0.799775 0
      vertex 30.1556 9.98002 0
      vertex 30.4072 10.0317 0
    endloop
  endfacet
  facet normal 0 0 -1
    outer loop
      vertex 41.1492 0.799775 0
      vertex 30.0209 9.95322 0
      vertex 30.1556 9.98002 0
    endloop
  endfacet
  facet normal 0 0 -1
    outer loop
      vertex 41.1492 0.799775 0
      vertex 29.7654 9.92724 0
      vertex 30.0209 9.95322 0
    endloop
  endfacet
  facet normal 0 0 -1
    outer loop
      vertex 41.1492 0.799775 0
      vertex 29.6284 9.91826 0
      vertex 29.7654 9.92724 0
    endloop
  endfacet
  facet normal 0 0 -1
    outer loop
      vertex 41.1492 0.799775 0
      vertex -29.6284 9.91826 0
      vertex 29.6284 9.91826 0
    endloop
  endfacet
  facet normal 0 0 -1
    outer loop
      vertex -41.148 0.799775 0
      vertex -29.6284 9.91826 0
      vertex 41.1492 0.799775 0
    endloop
  endfacet
  facet normal -0 0 -1
    outer loop
      vertex -29.6284 9.91826 0
      vertex -41.148 0.799775 0
      vertex -29.7654 9.92724 0
    endloop
  endfacet
  facet normal -0 0 -1
    outer loop
      vertex -33.072 13.2435 0
      vertex -45.155 5 0
      vertex -33.085 13.5 0
    endloop
  endfacet
  facet normal -0 0 -1
    outer loop
      vertex -33.063 13.1065 0
      vertex -45.155 5 0
      vertex -33.072 13.2435 0
    endloop
  endfacet
  facet normal -0 0 -1
    outer loop
      vertex -33.0241 12.8527 0
      vertex -45.155 5 0
      vertex -33.063 13.1065 0
    endloop
  endfacet
  facet normal -0 0 -1
    outer loop
      vertex -32.9973 12.718 0
      vertex -45.155 5 0
      vertex -33.0241 12.8527 0
    endloop
  endfacet
  facet normal -0 0 -1
    outer loop
      vertex -32.933 12.4694 0
      vertex -45.155 5 0
      vertex -32.9973 12.718 0
    endloop
  endfacet
  facet normal -0 0 -1
    outer loop
      vertex -32.8888 12.3393 0
      vertex -45.155 5 0
      vertex -32.933 12.4694 0
    endloop
  endfacet
  facet normal -0 0 -1
    outer loop
      vertex -32.7996 12.0985 0
      vertex -45.155 5 0
      vertex -32.8888 12.3393 0
    endloop
  endfacet
  facet normal -0 0 -1
    outer loop
      vertex -32.6865 11.868 0
      vertex -45.155 5 0
      vertex -32.7996 12.0985 0
    endloop
  endfacet
  facet normal -0 0 -1
    outer loop
      vertex -32.6258 11.7448 0
      vertex -45.155 5 0
      vertex -32.6865 11.868 0
    endloop
  endfacet
  facet normal -0 0 -1
    outer loop
      vertex -32.49 11.5268 0
      vertex -45.155 5 0
      vertex -32.6258 11.7448 0
    endloop
  endfacet
  facet normal 0 0 -1
    outer loop
      vertex -45.155 5 0
      vertex -32.49 11.5268 0
      vertex -41.148 0.799775 0
    endloop
  endfacet
  facet normal -0 0 -1
    outer loop
      vertex -32.4137 11.4126 0
      vertex -41.148 0.799775 0
      vertex -32.49 11.5268 0
    endloop
  endfacet
  facet normal -0 0 -1
    outer loop
      vertex -32.2565 11.2096 0
      vertex -41.148 0.799775 0
      vertex -32.4137 11.4126 0
    endloop
  endfacet
  facet normal -0 0 -1
    outer loop
      vertex -32.1659 11.1063 0
      vertex -41.148 0.799775 0
      vertex -32.2565 11.2096 0
    endloop
  endfacet
  facet normal -0 0 -1
    outer loop
      vertex -31.989 10.9202 0
      vertex -41.148 0.799775 0
      vertex -32.1659 11.1063 0
    endloop
  endfacet
  facet normal -0 0 -1
    outer loop
      vertex -31.8857 10.8296 0
      vertex -41.148 0.799775 0
      vertex -31.989 10.9202 0
    endloop
  endfacet
  facet normal -0 0 -1
    outer loop
      vertex -31.6909 10.6624 0
      vertex -41.148 0.799775 0
      vertex -31.8857 10.8296 0
    endloop
  endfacet
  facet normal -0 0 -1
    outer loop
      vertex -31.4801 10.5157 0
      vertex -41.148 0.799775 0
      vertex -31.6909 10.6624 0
    endloop
  endfacet
  facet normal -0 0 -1
    outer loop
      vertex -31.3659 10.4394 0
      vertex -41.148 0.799775 0
      vertex -31.4801 10.5157 0
    endloop
  endfacet
  facet normal -0 0 -1
    outer loop
      vertex -31.1414 10.3147 0
      vertex -41.148 0.799775 0
      vertex -31.3659 10.4394 0
    endloop
  endfacet
  facet normal -0 0 -1
    outer loop
      vertex -31.0182 10.254 0
      vertex -41.148 0.799775 0
      vertex -31.1414 10.3147 0
    endloop
  endfacet
  facet normal -0 0 -1
    outer loop
      vertex -30.7822 10.1527 0
      vertex -41.148 0.799775 0
      vertex -31.0182 10.254 0
    endloop
  endfacet
  facet normal -0 0 -1
    outer loop
      vertex -30.6522 10.1086 0
      vertex -41.148 0.799775 0
      vertex -30.7822 10.1527 0
    endloop
  endfacet
  facet normal -0 0 -1
    outer loop
      vertex -30.4072 10.0317 0
      vertex -41.148 0.799775 0
      vertex -30.6522 10.1086 0
    endloop
  endfacet
  facet normal -0 0 -1
    outer loop
      vertex -30.1556 9.98002 0
      vertex -41.148 0.799775 0
      vertex -30.4072 10.0317 0
    endloop
  endfacet
  facet normal -0 0 -1
    outer loop
      vertex -30.0209 9.95322 0
      vertex -41.148 0.799775 0
      vertex -30.1556 9.98002 0
    endloop
  endfacet
  facet normal -0 0 -1
    outer loop
      vertex -29.7654 9.92724 0
      vertex -41.148 0.799775 0
      vertex -30.0209 9.95322 0
    endloop
  endfacet
  facet normal -0 -0 -1
    outer loop
      vertex 42.3277 107.373 0
      vertex 42.6987 107.224 0
      vertex 41.1517 107.6 0
    endloop
  endfacet
  facet normal 0 0 -1
    outer loop
      vertex 42.6987 107.224 0
      vertex 42.3277 107.373 0
      vertex 42.6965 107.225 0
    endloop
  endfacet
  facet normal 0 0 -1
    outer loop
      vertex 42.3277 107.373 0
      vertex 42.3231 107.374 0
      vertex 42.3255 107.374 0
    endloop
  endfacet
  facet normal 0 0 -1
    outer loop
      vertex 42.3277 107.373 0
      vertex 41.1517 107.6 0
      vertex 42.3231 107.374 0
    endloop
  endfacet
  facet normal 0 0 1
    outer loop
      vertex 42.3231 107.374 0
      vertex 41.9396 107.487 0
      vertex 41.942 107.486 0
    endloop
  endfacet
  facet normal 0 0 -1
    outer loop
      vertex 41.9396 107.487 0
      vertex 41.1517 107.6 0
      vertex 41.5495 107.562 0
    endloop
  endfacet
  facet normal 0 0 1
    outer loop
      vertex 41.5495 107.562 0
      vertex 41.1517 107.6 0
      vertex 41.5471 107.562 0
    endloop
  endfacet
  facet normal 0 0 -1
    outer loop
      vertex 42.3231 107.374 0
      vertex 41.1517 107.6 0
      vertex 41.9396 107.487 0
    endloop
  endfacet
  facet normal 0 0 1
    outer loop
      vertex 43.9916 106.303 0
      vertex 43.7023 106.579 0
      vertex 43.7042 106.577 0
    endloop
  endfacet
  facet normal 0 0 -1
    outer loop
      vertex 43.995 106.3 0
      vertex 43.9916 106.303 0
      vertex 43.9934 106.302 0
    endloop
  endfacet
  facet normal 0 0 -1
    outer loop
      vertex 45.136 103.798 0
      vertex 45.0793 104.194 0
      vertex 45.1358 103.8 0
    endloop
  endfacet
  facet normal 0 0 -1
    outer loop
      vertex 32.4137 96.9874 0
      vertex 41.1492 107.6 0
      vertex 32.49 96.8732 0
    endloop
  endfacet
  facet normal 0 0 -1
    outer loop
      vertex 32.2565 97.1904 0
      vertex 41.1492 107.6 0
      vertex 32.4137 96.9874 0
    endloop
  endfacet
  facet normal 0 0 -1
    outer loop
      vertex 32.1659 97.2937 0
      vertex 41.1492 107.6 0
      vertex 32.2565 97.1904 0
    endloop
  endfacet
  facet normal 0 0 -1
    outer loop
      vertex 31.989 97.4798 0
      vertex 41.1492 107.6 0
      vertex 32.1659 97.2937 0
    endloop
  endfacet
  facet normal 0 0 -1
    outer loop
      vertex 31.8857 97.5704 0
      vertex 41.1492 107.6 0
      vertex 31.989 97.4798 0
    endloop
  endfacet
  facet normal 0 0 -1
    outer loop
      vertex 31.6909 97.7376 0
      vertex 41.1492 107.6 0
      vertex 31.8857 97.5704 0
    endloop
  endfacet
  facet normal 0 0 -1
    outer loop
      vertex 31.4801 97.8843 0
      vertex 41.1492 107.6 0
      vertex 31.6909 97.7376 0
    endloop
  endfacet
  facet normal 0 0 -1
    outer loop
      vertex 31.3659 97.9606 0
      vertex 41.1492 107.6 0
      vertex 31.4801 97.8843 0
    endloop
  endfacet
  facet normal 0 0 -1
    outer loop
      vertex 31.1414 98.0853 0
      vertex 41.1492 107.6 0
      vertex 31.3659 97.9606 0
    endloop
  endfacet
  facet normal 0 0 -1
    outer loop
      vertex 31.0182 98.146 0
      vertex 41.1492 107.6 0
      vertex 31.1414 98.0853 0
    endloop
  endfacet
  facet normal 0 0 -1
    outer loop
      vertex 30.7822 98.2473 0
      vertex 41.1492 107.6 0
      vertex 31.0182 98.146 0
    endloop
  endfacet
  facet normal 0 0 -1
    outer loop
      vertex 30.6522 98.2914 0
      vertex 41.1492 107.6 0
      vertex 30.7822 98.2473 0
    endloop
  endfacet
  facet normal 0 0 -1
    outer loop
      vertex 30.4072 98.3683 0
      vertex 41.1492 107.6 0
      vertex 30.6522 98.2914 0
    endloop
  endfacet
  facet normal 0 0 -1
    outer loop
      vertex 30.1556 98.42 0
      vertex 41.1492 107.6 0
      vertex 30.4072 98.3683 0
    endloop
  endfacet
  facet normal 0 0 -1
    outer loop
      vertex 30.0209 98.4468 0
      vertex 41.1492 107.6 0
      vertex 30.1556 98.42 0
    endloop
  endfacet
  facet normal 0 0 -1
    outer loop
      vertex 29.7654 98.4728 0
      vertex 41.1492 107.6 0
      vertex 30.0209 98.4468 0
    endloop
  endfacet
  facet normal 0 0 -1
    outer loop
      vertex 29.6284 98.4817 0
      vertex 41.1492 107.6 0
      vertex 29.7654 98.4728 0
    endloop
  endfacet
  facet normal 0 0 -1
    outer loop
      vertex -29.6284 98.4817 0
      vertex 41.1492 107.6 0
      vertex 29.6284 98.4817 0
    endloop
  endfacet
  facet normal 0 0 -1
    outer loop
      vertex -41.148 107.6 0
      vertex -29.6284 98.4817 0
      vertex -29.7654 98.4728 0
    endloop
  endfacet
  facet normal 0 0 -1
    outer loop
      vertex -41.148 107.6 0
      vertex -29.7654 98.4728 0
      vertex -30.0209 98.4468 0
    endloop
  endfacet
  facet normal -0 0 -1
    outer loop
      vertex -33.085 13.5 0
      vertex -45.155 5 0
      vertex -33.085 94.9 0
    endloop
  endfacet
  facet normal 0 0 -1
    outer loop
      vertex -45.155 103.4 0
      vertex -33.085 94.9 0
      vertex -45.155 5 0
    endloop
  endfacet
  facet normal 0 0 -1
    outer loop
      vertex -29.6284 98.4817 0
      vertex -41.148 107.6 0
      vertex 41.1492 107.6 0
    endloop
  endfacet
  facet normal 0 0 -1
    outer loop
      vertex -30.1556 98.42 0
      vertex -41.148 107.6 0
      vertex -30.0209 98.4468 0
    endloop
  endfacet
  facet normal 0 0 -1
    outer loop
      vertex -30.4072 98.3683 0
      vertex -41.148 107.6 0
      vertex -30.1556 98.42 0
    endloop
  endfacet
  facet normal 0 0 -1
    outer loop
      vertex -30.6522 98.2914 0
      vertex -41.148 107.6 0
      vertex -30.4072 98.3683 0
    endloop
  endfacet
  facet normal 0 0 -1
    outer loop
      vertex -30.7822 98.2473 0
      vertex -41.148 107.6 0
      vertex -30.6522 98.2914 0
    endloop
  endfacet
  facet normal 0 0 -1
    outer loop
      vertex -31.0182 98.146 0
      vertex -41.148 107.6 0
      vertex -30.7822 98.2473 0
    endloop
  endfacet
  facet normal 0 0 -1
    outer loop
      vertex -31.1414 98.0853 0
      vertex -41.148 107.6 0
      vertex -31.0182 98.146 0
    endloop
  endfacet
  facet normal 0 0 -1
    outer loop
      vertex -31.3659 97.9606 0
      vertex -41.148 107.6 0
      vertex -31.1414 98.0853 0
    endloop
  endfacet
  facet normal 0 0 -1
    outer loop
      vertex -31.4801 97.8843 0
      vertex -41.148 107.6 0
      vertex -31.3659 97.9606 0
    endloop
  endfacet
  facet normal 0 0 -1
    outer loop
      vertex -31.6909 97.7376 0
      vertex -41.148 107.6 0
      vertex -31.4801 97.8843 0
    endloop
  endfacet
  facet normal 0 0 -1
    outer loop
      vertex -31.8857 97.5704 0
      vertex -41.148 107.6 0
      vertex -31.6909 97.7376 0
    endloop
  endfacet
  facet normal 0 0 -1
    outer loop
      vertex -31.989 97.4798 0
      vertex -41.148 107.6 0
      vertex -31.8857 97.5704 0
    endloop
  endfacet
  facet normal 0 0 -1
    outer loop
      vertex -32.1659 97.2937 0
      vertex -41.148 107.6 0
      vertex -31.989 97.4798 0
    endloop
  endfacet
  facet normal 0 0 -1
    outer loop
      vertex -32.2565 97.1904 0
      vertex -41.148 107.6 0
      vertex -32.1659 97.2937 0
    endloop
  endfacet
  facet normal 0 0 -1
    outer loop
      vertex -32.4137 96.9874 0
      vertex -41.148 107.6 0
      vertex -32.2565 97.1904 0
    endloop
  endfacet
  facet normal 0 0 -1
    outer loop
      vertex -32.49 96.8732 0
      vertex -41.148 107.6 0
      vertex -32.4137 96.9874 0
    endloop
  endfacet
  facet normal 0 0 -1
    outer loop
      vertex -45.155 103.4 0
      vertex -32.49 96.8732 0
      vertex -32.6258 96.6552 0
    endloop
  endfacet
  facet normal 0 0 -1
    outer loop
      vertex -45.155 103.4 0
      vertex -32.6258 96.6552 0
      vertex -32.6865 96.532 0
    endloop
  endfacet
  facet normal 0 0 -1
    outer loop
      vertex -45.155 103.4 0
      vertex -32.6865 96.532 0
      vertex -32.7996 96.3015 0
    endloop
  endfacet
  facet normal 0 0 -1
    outer loop
      vertex -45.155 103.4 0
      vertex -32.7996 96.3015 0
      vertex -32.8888 96.0607 0
    endloop
  endfacet
  facet normal 0 0 -1
    outer loop
      vertex -45.155 103.4 0
      vertex -32.8888 96.0607 0
      vertex -32.933 95.9306 0
    endloop
  endfacet
  facet normal 0 0 -1
    outer loop
      vertex -45.155 103.4 0
      vertex -32.933 95.9306 0
      vertex -32.9973 95.6821 0
    endloop
  endfacet
  facet normal 0 0 -1
    outer loop
      vertex -45.155 103.4 0
      vertex -32.9973 95.6821 0
      vertex -33.0241 95.5473 0
    endloop
  endfacet
  facet normal 0 0 -1
    outer loop
      vertex -45.155 103.4 0
      vertex -33.0241 95.5473 0
      vertex -33.063 95.2935 0
    endloop
  endfacet
  facet normal 0 0 -1
    outer loop
      vertex -33.085 94.9 0
      vertex -45.155 103.4 0
      vertex -33.072 95.1565 0
    endloop
  endfacet
  facet normal 0 0 -1
    outer loop
      vertex -41.5459 0.837583 0
      vertex -41.148 0.799775 0
      vertex -41.1505 0.799825 0
    endloop
  endfacet
  facet normal 0 0 -1
    outer loop
      vertex -33.072 95.1565 0
      vertex -45.155 103.4 0
      vertex -33.063 95.2935 0
    endloop
  endfacet
  facet normal 0 0 -1
    outer loop
      vertex -41.148 0.799775 0
      vertex -41.5459 0.837583 0
      vertex -45.1549 4.99754 0
    endloop
  endfacet
  facet normal 0 0 -1
    outer loop
      vertex -32.49 96.8732 0
      vertex -45.155 103.4 0
      vertex -41.148 107.6 0
    endloop
  endfacet
  facet normal 0 0 -1
    outer loop
      vertex -41.5507 0.838268 0
      vertex -41.5459 0.837583 0
      vertex -41.5483 0.837828 0
    endloop
  endfacet
  facet normal 0 -0 -1
    outer loop
      vertex -45.1549 103.402 0
      vertex -41.148 107.6 0
      vertex -45.155 103.4 0
    endloop
  endfacet
  facet normal 0 0 -1
    outer loop
      vertex -45.1549 4.99754 0
      vertex -41.5459 0.837583 0
      vertex -41.5507 0.838268 0
    endloop
  endfacet
  facet normal 0 -0 -1
    outer loop
      vertex -41.5459 107.562 0
      vertex -41.148 107.6 0
      vertex -45.1549 103.402 0
    endloop
  endfacet
  facet normal 0 0 -1
    outer loop
      vertex -41.9432 0.914067 0
      vertex -41.5507 0.838268 0
      vertex -41.9408 0.913436 0
    endloop
  endfacet
  facet normal -0 0 -1
    outer loop
      vertex -41.148 107.6 0
      vertex -41.5459 107.562 0
      vertex -41.1505 107.6 0
    endloop
  endfacet
  facet normal 0 0 -1
    outer loop
      vertex -41.5507 0.838268 0
      vertex -41.9432 0.914067 0
      vertex -45.1549 4.99754 0
    endloop
  endfacet
  facet normal 0 0 0
    outer loop
      vertex -41.5459 107.562 0
      vertex -41.5507 107.562 0
      vertex -41.5483 107.562 0
    endloop
  endfacet
  facet normal 0 0 -1
    outer loop
      vertex -45.1549 4.99754 0
      vertex -41.9432 0.914067 0
      vertex -42.3243 1.02598 0
    endloop
  endfacet
  facet normal -0 0 -1
    outer loop
      vertex -41.5459 107.562 0
      vertex -45.1549 103.402 0
      vertex -41.5507 107.562 0
    endloop
  endfacet
  facet normal 0 0 -1
    outer loop
      vertex -45.1549 4.99754 0
      vertex -42.3243 1.02598 0
      vertex -42.3266 1.0268 0
    endloop
  endfacet
  facet normal 0 -0 -1
    outer loop
      vertex -41.9432 107.486 0
      vertex -41.5507 107.562 0
      vertex -45.1549 103.402 0
    endloop
  endfacet
  facet normal 0 0 -1
    outer loop
      vertex -45.1549 4.99754 0
      vertex -42.3266 1.0268 0
      vertex -42.6954 1.17442 0
    endloop
  endfacet
  facet normal 0 0 -1
    outer loop
      vertex -41.5507 107.562 0
      vertex -41.9432 107.486 0
      vertex -41.9408 107.487 0
    endloop
  endfacet
  facet normal 0 0 -1
    outer loop
      vertex -43.0507 1.35743 0
      vertex -42.6954 1.17442 0
      vertex -42.6976 1.17542 0
    endloop
  endfacet
  facet normal 0 0 -1
    outer loop
      vertex -41.9432 107.486 0
      vertex -45.1549 103.402 0
      vertex -42.3243 107.374 0
    endloop
  endfacet
  facet normal 0 0 -1
    outer loop
      vertex -42.6954 1.17442 0
      vertex -43.0507 1.35743 0
      vertex -45.1549 4.99754 0
    endloop
  endfacet
  facet normal 0 0 -1
    outer loop
      vertex -42.3243 107.374 0
      vertex -45.1549 103.402 0
      vertex -42.3266 107.373 0
    endloop
  endfacet
  facet normal 0 0 -1
    outer loop
      vertex -43.387 1.57335 0
      vertex -43.0507 1.35743 0
      vertex -43.0528 1.35861 0
    endloop
  endfacet
  facet normal 0 0 -1
    outer loop
      vertex -42.3266 107.373 0
      vertex -45.1549 103.402 0
      vertex -42.6954 107.226 0
    endloop
  endfacet
  facet normal 0 0 -1
    outer loop
      vertex -43.0507 1.35743 0
      vertex -43.387 1.57335 0
      vertex -45.1549 4.99754 0
    endloop
  endfacet
  facet normal 0 0 -1
    outer loop
      vertex -42.6954 107.226 0
      vertex -45.1549 103.402 0
      vertex -42.6976 107.225 0
    endloop
  endfacet
  facet normal 0 0 -1
    outer loop
      vertex -43.391 1.5762 0
      vertex -43.387 1.57335 0
      vertex -43.389 1.57469 0
    endloop
  endfacet
  facet normal 0 0 -1
    outer loop
      vertex -42.6976 107.225 0
      vertex -45.1549 103.402 0
      vertex -43.0507 107.043 0
    endloop
  endfacet
  facet normal 0 0 -1
    outer loop
      vertex -45.1549 4.99754 0
      vertex -43.387 1.57335 0
      vertex -43.391 1.5762 0
    endloop
  endfacet
  facet normal 0 -0 -1
    outer loop
      vertex -43.387 106.827 0
      vertex -43.0507 107.043 0
      vertex -45.1549 103.402 0
    endloop
  endfacet
  facet normal 0 0 -1
    outer loop
      vertex -43.7051 1.82339 0
      vertex -43.391 1.5762 0
      vertex -43.7032 1.82174 0
    endloop
  endfacet
  facet normal 0 0 1
    outer loop
      vertex -43.0507 107.043 0
      vertex -43.387 106.827 0
      vertex -43.0528 107.041 0
    endloop
  endfacet
  facet normal 0 0 -1
    outer loop
      vertex -43.391 1.5762 0
      vertex -43.7051 1.82339 0
      vertex -45.1549 4.99754 0
    endloop
  endfacet
  facet normal 0 0 1
    outer loop
      vertex -43.387 106.827 0
      vertex -43.391 106.824 0
      vertex -43.389 106.825 0
    endloop
  endfacet
  facet normal 0 0 -1
    outer loop
      vertex -45.1549 4.99754 0
      vertex -43.7051 1.82339 0
      vertex -43.9925 2.0975 0
    endloop
  endfacet
  facet normal 0 0 -1
    outer loop
      vertex -43.387 106.827 0
      vertex -45.1549 103.402 0
      vertex -43.391 106.824 0
    endloop
  endfacet
  facet normal 0 0 -1
    outer loop
      vertex -45.1549 4.99754 0
      vertex -43.9925 2.0975 0
      vertex -43.9942 2.0993 0
    endloop
  endfacet
  facet normal 0 -0 -1
    outer loop
      vertex -43.7051 106.577 0
      vertex -43.391 106.824 0
      vertex -45.1549 103.402 0
    endloop
  endfacet
  facet normal 0 0 -1
    outer loop
      vertex -45.1549 4.99754 0
      vertex -43.9942 2.0993 0
      vertex -44.2543 2.39948 0
    endloop
  endfacet
  facet normal 0 0 1
    outer loop
      vertex -43.391 106.824 0
      vertex -43.7051 106.577 0
      vertex -43.7032 106.578 0
    endloop
  endfacet
  facet normal 0 0 -1
    outer loop
      vertex -45.1549 4.99754 0
      vertex -44.2543 2.39948 0
      vertex -44.2559 2.40141 0
    endloop
  endfacet
  facet normal 0 0 -1
    outer loop
      vertex -43.7051 106.577 0
      vertex -45.1549 103.402 0
      vertex -43.9925 106.303 0
    endloop
  endfacet
  facet normal 0 0 -1
    outer loop
      vertex -45.1549 4.99754 0
      vertex -44.2559 2.40141 0
      vertex -44.4863 2.72496 0
    endloop
  endfacet
  facet normal 0 0 -1
    outer loop
      vertex -43.9925 106.303 0
      vertex -45.1549 103.402 0
      vertex -43.9942 106.301 0
    endloop
  endfacet
  facet normal 0 0 -1
    outer loop
      vertex -44.6863 3.071 0
      vertex -44.4863 2.72496 0
      vertex -44.4877 2.72701 0
    endloop
  endfacet
  facet normal 0 0 -1
    outer loop
      vertex -43.9942 106.301 0
      vertex -45.1549 103.402 0
      vertex -44.2543 106.001 0
    endloop
  endfacet
  facet normal 0 0 -1
    outer loop
      vertex -44.4863 2.72496 0
      vertex -44.6863 3.071 0
      vertex -45.1549 4.99754 0
    endloop
  endfacet
  facet normal 0 0 -1
    outer loop
      vertex -44.2543 106.001 0
      vertex -45.1549 103.402 0
      vertex -44.2559 105.999 0
    endloop
  endfacet
  facet normal 0 0 -1
    outer loop
      vertex -44.6885 3.07538 0
      vertex -44.6863 3.071 0
      vertex -44.6875 3.07315 0
    endloop
  endfacet
  facet normal 0 0 -1
    outer loop
      vertex -44.2559 105.999 0
      vertex -45.1549 103.402 0
      vertex -44.4863 105.675 0
    endloop
  endfacet
  facet normal 0 0 -1
    outer loop
      vertex -45.1549 4.99754 0
      vertex -44.6863 3.071 0
      vertex -44.6885 3.07538 0
    endloop
  endfacet
  facet normal 0 -0 -1
    outer loop
      vertex -44.6863 105.329 0
      vertex -44.4863 105.675 0
      vertex -45.1549 103.402 0
    endloop
  endfacet
  facet normal 0 0 -1
    outer loop
      vertex -44.8544 3.43901 0
      vertex -44.6885 3.07538 0
      vertex -44.8535 3.4367 0
    endloop
  endfacet
  facet normal 0 0 -1
    outer loop
      vertex -44.4863 105.675 0
      vertex -44.6863 105.329 0
      vertex -44.4877 105.673 0
    endloop
  endfacet
  facet normal 0 0 -1
    outer loop
      vertex -44.6885 3.07538 0
      vertex -44.8544 3.43901 0
      vertex -45.1549 4.99754 0
    endloop
  endfacet
  facet normal 0 0 -1
    outer loop
      vertex -44.6863 105.329 0
      vertex -44.6885 105.325 0
      vertex -44.6875 105.327 0
    endloop
  endfacet
  facet normal 0 0 -1
    outer loop
      vertex -45.1549 4.99754 0
      vertex -44.8544 3.43901 0
      vertex -44.9843 3.81437 0
    endloop
  endfacet
  facet normal 0 0 -1
    outer loop
      vertex -44.6863 105.329 0
      vertex -45.1549 103.402 0
      vertex -44.6885 105.325 0
    endloop
  endfacet
  facet normal 0 0 -1
    outer loop
      vertex -45.1549 4.99754 0
      vertex -44.9843 3.81437 0
      vertex -44.985 3.81674 0
    endloop
  endfacet
  facet normal 0 -0 -1
    outer loop
      vertex -44.8544 104.961 0
      vertex -44.6885 105.325 0
      vertex -45.1549 103.402 0
    endloop
  endfacet
  facet normal 0 0 -1
    outer loop
      vertex -45.1549 4.99754 0
      vertex -44.985 3.81674 0
      vertex -45.0787 4.20275 0
    endloop
  endfacet
  facet normal 0 0 -1
    outer loop
      vertex -44.6885 105.325 0
      vertex -44.8544 104.961 0
      vertex -44.8535 104.963 0
    endloop
  endfacet
  facet normal 0 0 -1
    outer loop
      vertex -45.1549 4.99754 0
      vertex -45.0787 4.20275 0
      vertex -45.0791 4.20518 0
    endloop
  endfacet
  facet normal 0 0 -1
    outer loop
      vertex -44.8544 104.961 0
      vertex -45.1549 103.402 0
      vertex -44.9843 104.586 0
    endloop
  endfacet
  facet normal 0 0 -1
    outer loop
      vertex -45.1549 4.99754 0
      vertex -45.0791 4.20518 0
      vertex -45.1357 4.59833 0
    endloop
  endfacet
  facet normal 0 0 -1
    outer loop
      vertex -41.148 0.799775 0
      vertex -45.1549 4.99754 0
      vertex -45.155 5 0
    endloop
  endfacet
  facet normal 0 0 -1
    outer loop
      vertex -45.1549 4.99754 0
      vertex -45.1357 4.59833 0
      vertex -45.136 4.60078 0
    endloop
  endfacet
  facet normal 0 0 -1
    outer loop
      vertex -44.9843 104.586 0
      vertex -45.1549 103.402 0
      vertex -44.985 104.583 0
    endloop
  endfacet
  facet normal 0 0 -1
    outer loop
      vertex -45.0791 104.195 0
      vertex -45.1549 103.402 0
      vertex -45.1357 103.802 0
    endloop
  endfacet
  facet normal 0 0 -1
    outer loop
      vertex -45.1357 103.802 0
      vertex -45.1549 103.402 0
      vertex -45.136 103.799 0
    endloop
  endfacet
  facet normal 0 0 -1
    outer loop
      vertex -44.985 104.583 0
      vertex -45.1549 103.402 0
      vertex -45.0787 104.197 0
    endloop
  endfacet
  facet normal 0 0 -1
    outer loop
      vertex -45.0787 104.197 0
      vertex -45.1549 103.402 0
      vertex -45.0791 104.195 0
    endloop
  endfacet
  facet normal -0.992907 0.118897 0
    outer loop
      vertex -45.9342 103.797 0.799999
      vertex -45.8869 104.192 23.0095
      vertex -45.8869 104.192 0.799999
    endloop
  endfacet
  facet normal -0.992907 0.118897 0
    outer loop
      vertex -45.9342 103.797 23.0098
      vertex -45.8869 104.192 23.0095
      vertex -45.9342 103.797 0.799999
    endloop
  endfacet
  facet normal -0.992061 0.118827 0.0411597
    outer loop
      vertex -45.8869 104.192 23.0095
      vertex -45.9342 103.797 23.0098
      vertex -45.8883 104.18 23.0104
    endloop
  endfacet
  facet normal 0.441968 -0.89667 -0.0254513
    outer loop
      vertex 42.9776 0.429584 23.0067
      vertex 43.2248 0.55125 23.013
      vertex 43.2159 0.546849 23.0135
    endloop
  endfacet
  facet normal 0.441575 -0.897224 0.000706247
    outer loop
      vertex 42.9776 0.429584 23.0067
      vertex 43.3343 0.605136 23.0065
      vertex 43.2248 0.55125 23.013
    endloop
  endfacet
  facet normal 0.441574 -0.897225 0
    outer loop
      vertex 42.9776 0.429584 0.799999
      vertex 43.3343 0.605136 23.0065
      vertex 42.9776 0.429584 23.0067
    endloop
  endfacet
  facet normal 0.441574 -0.897225 0
    outer loop
      vertex 43.3343 0.605136 23.0065
      vertex 42.9776 0.429584 0.799999
      vertex 43.3343 0.605136 0.799999
    endloop
  endfacet
  facet normal -0.545175 -0.838321 0.00102409
    outer loop
      vertex -43.5072 0.703403 23.0079
      vertex -43.5666 0.742037 23.0121
      vertex -43.8405 0.920154 23.008
    endloop
  endfacet
  facet normal -0.544345 -0.838703 0.0162797
    outer loop
      vertex -43.5666 0.742037 23.0121
      vertex -43.5072 0.703403 23.0079
      vertex -43.5584 0.736713 23.012
    endloop
  endfacet
  facet normal -0.545176 -0.838322 0
    outer loop
      vertex -43.8405 0.920154 0.799999
      vertex -43.5072 0.703403 23.0079
      vertex -43.8405 0.920154 23.008
    endloop
  endfacet
  facet normal -0.545176 -0.838322 -0
    outer loop
      vertex -43.5072 0.703403 23.0079
      vertex -43.8405 0.920154 0.799999
      vertex -43.5072 0.703403 0.799999
    endloop
  endfacet
  facet normal 0.700037 -0.714098 0.00346051
    outer loop
      vertex 44.5894 1.57148 23.0064
      vertex 44.4784 1.4627 23.0135
      vertex 44.3055 1.29317 23.0064
    endloop
  endfacet
  facet normal 0.698461 -0.71488 -0.0331588
    outer loop
      vertex 44.4784 1.4627 23.0135
      vertex 44.5894 1.57148 23.0064
      vertex 44.4856 1.46973 23.0136
    endloop
  endfacet
  facet normal 0.700041 -0.714102 0
    outer loop
      vertex 44.3055 1.29317 0.799999
      vertex 44.5894 1.57148 23.0064
      vertex 44.3055 1.29317 23.0064
    endloop
  endfacet
  facet normal 0.700041 -0.714102 0
    outer loop
      vertex 44.5894 1.57148 23.0064
      vertex 44.3055 1.29317 0.799999
      vertex 44.5894 1.57148 0.799999
    endloop
  endfacet
  facet normal -0.424264 0.707107 0.565685
    outer loop
      vertex -43.5072 107.697 23.0079
      vertex -43.5666 107.658 23.0121
      vertex -43.5584 107.663 23.012
    endloop
  endfacet
  facet normal -0.544436 0.836254 0.0653323
    outer loop
      vertex -43.5666 107.658 23.0121
      vertex -43.5072 107.697 23.0079
      vertex -43.8405 107.48 23.008
    endloop
  endfacet
  facet normal -0.545616 0.838036 0
    outer loop
      vertex -43.5072 107.697 0.799999
      vertex -43.8405 107.48 23.008
      vertex -43.5072 107.697 23.0079
    endloop
  endfacet
  facet normal -0.545616 0.838036 0
    outer loop
      vertex -43.8405 107.48 23.008
      vertex -43.5072 107.697 0.799999
      vertex -43.8405 107.48 0.799999
    endloop
  endfacet
  facet normal 0.293888 -0.95584 0.0003733
    outer loop
      vertex 42.2281 0.16611 23.0068
      vertex 42.6081 0.282947 23.0067
      vertex 42.4931 0.247591 23.0133
    endloop
  endfacet
  facet normal 0.293888 -0.95584 0
    outer loop
      vertex 42.2281 0.16611 0.799999
      vertex 42.6081 0.282947 23.0067
      vertex 42.2281 0.16611 23.0068
    endloop
  endfacet
  facet normal 0.293888 -0.95584 0
    outer loop
      vertex 42.6081 0.282947 23.0067
      vertex 42.2281 0.16611 0.799999
      vertex 42.6081 0.282947 0.799999
    endloop
  endfacet
  facet normal 0.36828 -0.929649 -0.0110665
    outer loop
      vertex 42.8557 0.381216 23.0132
      vertex 42.9776 0.429584 23.0067
      vertex 42.865 0.384899 23.0133
    endloop
  endfacet
  facet normal 0.368867 -0.929481 0.00118976
    outer loop
      vertex 42.6081 0.282947 23.0067
      vertex 42.9776 0.429584 23.0067
      vertex 42.8557 0.381216 23.0132
    endloop
  endfacet
  facet normal 0.368867 -0.929482 0
    outer loop
      vertex 42.6081 0.282947 0.799999
      vertex 42.9776 0.429584 23.0067
      vertex 42.6081 0.282947 23.0067
    endloop
  endfacet
  facet normal 0.368867 -0.929482 0
    outer loop
      vertex 42.9776 0.429584 23.0067
      vertex 42.6081 0.282947 0.799999
      vertex 42.9776 0.429584 0.799999
    endloop
  endfacet
  facet normal -0.869555 0.493837 0
    outer loop
      vertex -45.3914 105.696 0.799999
      vertex -45.1949 106.042 23.0087
      vertex -45.1949 106.042 0.799999
    endloop
  endfacet
  facet normal -0.869555 0.493837 0
    outer loop
      vertex -45.3914 105.696 23.0089
      vertex -45.1949 106.042 23.0087
      vertex -45.3914 105.696 0.799999
    endloop
  endfacet
  facet normal -0.867711 0.492752 -0.0653649
    outer loop
      vertex -45.1949 106.042 23.0087
      vertex -45.3914 105.696 23.0089
      vertex -45.2127 106.011 23.0113
    endloop
  endfacet
  facet normal -0.905797 0.423712 0
    outer loop
      vertex -45.5598 105.336 0.799999
      vertex -45.3914 105.696 23.0089
      vertex -45.3914 105.696 0.799999
    endloop
  endfacet
  facet normal -0.905797 0.423712 0
    outer loop
      vertex -45.5598 105.336 23.0091
      vertex -45.3914 105.696 23.0089
      vertex -45.5598 105.336 0.799999
    endloop
  endfacet
  facet normal -0.898935 0.420433 -0.123092
    outer loop
      vertex -45.4062 105.665 23.0111
      vertex -45.3914 105.696 23.0089
      vertex -45.5598 105.336 23.0091
    endloop
  endfacet
  facet normal -0.809042 0.352897 -0.470015
    outer loop
      vertex -45.3914 105.696 23.0089
      vertex -45.4062 105.665 23.0111
      vertex -45.4021 105.674 23.0108
    endloop
  endfacet
  facet normal 0.804367 -0.594132 0.000355693
    outer loop
      vertex 44.8503 1.87146 23.0062
      vertex 45.0865 2.19124 23.0063
      vertex 44.9932 2.06493 23.0137
    endloop
  endfacet
  facet normal 0.804367 -0.594132 0
    outer loop
      vertex 45.0865 2.19124 23.0063
      vertex 44.8503 1.87146 23.0062
      vertex 45.0865 2.19124 0.799999
    endloop
  endfacet
  facet normal 0.804367 -0.594132 0
    outer loop
      vertex 45.0865 2.19124 0.799999
      vertex 44.8503 1.87146 23.0062
      vertex 44.8503 1.87146 0.799999
    endloop
  endfacet
  facet normal 0.996855 -0.0792317 0.00182303
    outer loop
      vertex 45.9145 4.40491 23.0061
      vertex 45.946 4.80123 23.0062
      vertex 45.9307 4.60891 23.0139
    endloop
  endfacet
  facet normal 0.996856 -0.0792314 0
    outer loop
      vertex 45.946 4.80123 23.0062
      vertex 45.9145 4.40491 23.0061
      vertex 45.946 4.80123 0.799999
    endloop
  endfacet
  facet normal 0.996856 -0.0792314 0
    outer loop
      vertex 45.946 4.80123 0.799999
      vertex 45.9145 4.40491 23.0061
      vertex 45.9145 4.40491 0.799999
    endloop
  endfacet
  facet normal -0.255587 -0.966786 0.000295662
    outer loop
      vertex -42.4193 0.220752 23.0075
      vertex -42.0349 0.119129 23.0074
      vertex -42.1165 0.140703 23.0126
    endloop
  endfacet
  facet normal -0.255587 -0.966786 0
    outer loop
      vertex -42.4193 0.220752 0.799999
      vertex -42.0349 0.119129 23.0074
      vertex -42.4193 0.220752 23.0075
    endloop
  endfacet
  facet normal -0.255587 -0.966786 -0
    outer loop
      vertex -42.0349 0.119129 23.0074
      vertex -42.4193 0.220752 0.799999
      vertex -42.0349 0.119129 0.799999
    endloop
  endfacet
  facet normal 0.849101 0.527806 -0.0211735
    outer loop
      vertex 45.2966 105.871 23.0062
      vertex 45.0865 106.209 23.0063
      vertex 45.2079 106.014 23.0138
    endloop
  endfacet
  facet normal 0.513163 0.275095 0.813011
    outer loop
      vertex 45.2966 105.871 23.0062
      vertex 45.2079 106.014 23.0138
      vertex 45.2132 106.005 23.0135
    endloop
  endfacet
  facet normal 0.849294 0.527919 0
    outer loop
      vertex 45.0865 106.209 23.0063
      vertex 45.2966 105.871 23.0062
      vertex 45.0865 106.209 0.799999
    endloop
  endfacet
  facet normal 0.849294 0.527919 0
    outer loop
      vertex 45.0865 106.209 0.799999
      vertex 45.2966 105.871 23.0062
      vertex 45.2966 105.871 0.799999
    endloop
  endfacet
  facet normal -0.0253578 0.426771 0.904004
    outer loop
      vertex -41.6437 108.352 23.0073
      vertex -41.7373 108.335 23.0127
      vertex -41.7276 108.336 23.0125
    endloop
  endfacet
  facet normal -0.178575 0.983924 0.00224563
    outer loop
      vertex -41.7373 108.335 23.0127
      vertex -41.6437 108.352 23.0073
      vertex -42.0349 108.281 23.0074
    endloop
  endfacet
  facet normal -0.178576 0.983926 0
    outer loop
      vertex -41.6437 108.352 0.799999
      vertex -42.0349 108.281 23.0074
      vertex -41.6437 108.352 23.0073
    endloop
  endfacet
  facet normal -0.178576 0.983926 0
    outer loop
      vertex -42.0349 108.281 23.0074
      vertex -41.6437 108.352 0.799999
      vertex -42.0349 108.281 0.799999
    endloop
  endfacet
  facet normal -0.780014 -0.625762 0
    outer loop
      vertex -44.7228 1.71888 23.0084
      vertex -44.9716 2.02901 23.0086
      vertex -44.9716 2.02901 0.799999
    endloop
  endfacet
  facet normal -0.77997 -0.62572 -0.0109925
    outer loop
      vertex -44.9716 2.02901 23.0086
      vertex -44.7228 1.71888 23.0084
      vertex -44.7526 1.75597 23.0116
    endloop
  endfacet
  facet normal -0.780014 -0.625762 -0
    outer loop
      vertex -44.7228 1.71888 23.0084
      vertex -44.9716 2.02901 0.799999
      vertex -44.7228 1.71888 0.799999
    endloop
  endfacet
  facet normal -0.478849 -0.449778 0.753926
    outer loop
      vertex -44.7526 1.75597 23.0116
      vertex -44.7228 1.71888 23.0084
      vertex -44.7465 1.74847 23.011
    endloop
  endfacet
  facet normal -0.727908 -0.685675 0
    outer loop
      vertex -44.4502 1.42949 23.0083
      vertex -44.7228 1.71888 23.0084
      vertex -44.7228 1.71888 0.799999
    endloop
  endfacet
  facet normal -0.727908 -0.685675 -0
    outer loop
      vertex -44.4502 1.42949 23.0083
      vertex -44.7228 1.71888 0.799999
      vertex -44.4502 1.42949 0.799999
    endloop
  endfacet
  facet normal -0.727894 -0.685661 -0.00627742
    outer loop
      vertex -44.7228 1.71888 23.0084
      vertex -44.4502 1.42949 23.0083
      vertex -44.4835 1.46481 23.0117
    endloop
  endfacet
  facet normal -0.178016 -0.984026 0.00167171
    outer loop
      vertex -41.6437 0.0483583 23.0073
      vertex -41.7373 0.0653003 23.0127
      vertex -42.0349 0.119129 23.0074
    endloop
  endfacet
  facet normal -0.178452 -0.983929 -0.00617952
    outer loop
      vertex -41.7373 0.0653003 23.0127
      vertex -41.6437 0.0483583 23.0073
      vertex -41.7276 0.0635423 23.0125
    endloop
  endfacet
  facet normal -0.178017 -0.984027 0
    outer loop
      vertex -42.0349 0.119129 0.799999
      vertex -41.6437 0.0483583 23.0073
      vertex -42.0349 0.119129 23.0074
    endloop
  endfacet
  facet normal -0.178017 -0.984027 -0
    outer loop
      vertex -41.6437 0.0483583 23.0073
      vertex -42.0349 0.119129 0.799999
      vertex -41.6437 0.0483583 0.799999
    endloop
  endfacet
  facet normal -0.98029 0.197566 0
    outer loop
      vertex -45.8869 104.192 0.799999
      vertex -45.8083 104.582 23.0095
      vertex -45.8083 104.582 0.799999
    endloop
  endfacet
  facet normal -0.951595 0.200892 0.232612
    outer loop
      vertex -45.8083 104.582 23.0095
      vertex -45.8127 104.56 23.0105
      vertex -45.8108 104.569 23.0105
    endloop
  endfacet
  facet normal -0.98029 0.197566 0
    outer loop
      vertex -45.8869 104.192 23.0095
      vertex -45.8083 104.582 23.0095
      vertex -45.8869 104.192 0.799999
    endloop
  endfacet
  facet normal -0.97975 0.197457 0.0331608
    outer loop
      vertex -45.8083 104.582 23.0095
      vertex -45.8869 104.192 23.0095
      vertex -45.8127 104.56 23.0105
    endloop
  endfacet
  facet normal -0.403367 0.910457 -0.0914466
    outer loop
      vertex -42.7943 108.047 23.0077
      vertex -43.1577 107.886 23.0077
      vertex -42.8608 108.018 23.0123
    endloop
  endfacet
  facet normal -0.405064 0.914288 0
    outer loop
      vertex -42.7943 108.047 0.799999
      vertex -43.1577 107.886 23.0077
      vertex -42.7943 108.047 23.0077
    endloop
  endfacet
  facet normal -0.405064 0.914288 0
    outer loop
      vertex -43.1577 107.886 23.0077
      vertex -42.7943 108.047 0.799999
      vertex -43.1577 107.886 0.799999
    endloop
  endfacet
  facet normal 0.0595748 -0.998223 0.00134835
    outer loop
      vertex 41.0494 0.000995064 23.0071
      vertex 41.3486 0.018859 23.0126
      vertex 41.3387 0.0182687 23.013
    endloop
  endfacet
  facet normal 0.0595989 -0.998222 3.29064e-05
    outer loop
      vertex 41.0494 0.000995064 23.0071
      vertex 41.4463 0.024692 23.007
      vertex 41.3486 0.018859 23.0126
    endloop
  endfacet
  facet normal 0.0595989 -0.998222 0
    outer loop
      vertex 41.0494 0.000995064 0.799999
      vertex 41.4463 0.024692 23.007
      vertex 41.0494 0.000995064 23.0071
    endloop
  endfacet
  facet normal 0.0595989 -0.998222 0
    outer loop
      vertex 41.4463 0.024692 23.007
      vertex 41.0494 0.000995064 0.799999
      vertex 41.4463 0.024692 0.799999
    endloop
  endfacet
  facet normal 0.639618 0.765255 0.0726187
    outer loop
      vertex 44.3055 107.107 23.0064
      vertex 44.0004 107.362 23.0065
      vertex 44.1946 107.199 23.0137
    endloop
  endfacet
  facet normal 0.641297 0.767293 -0
    outer loop
      vertex 44.3055 107.107 0.799999
      vertex 44.0004 107.362 23.0065
      vertex 44.3055 107.107 23.0064
    endloop
  endfacet
  facet normal 0.641297 0.767293 0
    outer loop
      vertex 44.0004 107.362 23.0065
      vertex 44.3055 107.107 0.799999
      vertex 44.0004 107.362 0.799999
    endloop
  endfacet
  facet normal 0.138356 0.990369 0.00509412
    outer loop
      vertex 41.84 108.32 23.0069
      vertex 41.4463 108.375 23.007
      vertex 41.7324 108.335 23.0131
    endloop
  endfacet
  facet normal 0.138357 0.990382 -0
    outer loop
      vertex 41.84 108.32 0.799999
      vertex 41.4463 108.375 23.007
      vertex 41.84 108.32 23.0069
    endloop
  endfacet
  facet normal 0.138357 0.990382 0
    outer loop
      vertex 41.4463 108.375 23.007
      vertex 41.84 108.32 0.799999
      vertex 41.4463 108.375 0.799999
    endloop
  endfacet
  facet normal -0.215523 0.745095 0.631176
    outer loop
      vertex -42.4193 108.179 23.0075
      vertex -42.498 108.152 23.0125
      vertex -42.4888 108.155 23.0121
    endloop
  endfacet
  facet normal -0.329168 0.934936 -0.132452
    outer loop
      vertex -42.498 108.152 23.0125
      vertex -42.4193 108.179 23.0075
      vertex -42.7943 108.047 23.0077
    endloop
  endfacet
  facet normal -0.332031 0.943269 0
    outer loop
      vertex -42.4193 108.179 0.799999
      vertex -42.7943 108.047 23.0077
      vertex -42.4193 108.179 23.0075
    endloop
  endfacet
  facet normal -0.332031 0.943269 0
    outer loop
      vertex -42.7943 108.047 23.0077
      vertex -42.4193 108.179 0.799999
      vertex -42.7943 108.047 0.799999
    endloop
  endfacet
  facet normal -0.961486 0.274854 0
    outer loop
      vertex -45.8083 104.582 0.799999
      vertex -45.6991 104.964 23.0092
      vertex -45.6991 104.964 0.799999
    endloop
  endfacet
  facet normal -0.961486 0.274854 0
    outer loop
      vertex -45.8083 104.582 23.0095
      vertex -45.6991 104.964 23.0092
      vertex -45.8083 104.582 0.799999
    endloop
  endfacet
  facet normal -0.959322 0.274183 -0.0672763
    outer loop
      vertex -45.7055 104.942 23.0108
      vertex -45.6991 104.964 23.0092
      vertex -45.8083 104.582 23.0095
    endloop
  endfacet
  facet normal -0.956264 0.270004 -0.112502
    outer loop
      vertex -45.6991 104.964 23.0092
      vertex -45.7055 104.942 23.0108
      vertex -45.7029 104.951 23.0103
    endloop
  endfacet
  facet normal -0.255919 0.964528 0.0647309
    outer loop
      vertex -42.0349 108.281 23.0074
      vertex -42.4193 108.179 23.0075
      vertex -42.1165 108.259 23.0126
    endloop
  endfacet
  facet normal -0.256473 0.966551 0
    outer loop
      vertex -42.0349 108.281 0.799999
      vertex -42.4193 108.179 23.0075
      vertex -42.0349 108.281 23.0074
    endloop
  endfacet
  facet normal -0.256473 0.966551 0
    outer loop
      vertex -42.4193 108.179 23.0075
      vertex -42.0349 108.281 0.799999
      vertex -42.4193 108.179 0.799999
    endloop
  endfacet
  facet normal -0.609831 0.790567 0.055761
    outer loop
      vertex -43.8405 107.48 23.008
      vertex -44.1555 107.237 23.0082
      vertex -43.8881 107.443 23.012
    endloop
  endfacet
  facet normal -0.610803 0.791782 0
    outer loop
      vertex -43.8405 107.48 0.799999
      vertex -44.1555 107.237 23.0082
      vertex -43.8405 107.48 23.008
    endloop
  endfacet
  facet normal -0.610803 0.791782 0
    outer loop
      vertex -44.1555 107.237 23.0082
      vertex -43.8405 107.48 0.799999
      vertex -44.1555 107.237 0.799999
    endloop
  endfacet
  facet normal 0.804145 0.59357 0.0320226
    outer loop
      vertex 45.0865 106.209 23.0063
      vertex 44.8503 106.529 23.0062
      vertex 44.9932 106.335 23.0137
    endloop
  endfacet
  facet normal 0.804563 0.593868 0
    outer loop
      vertex 44.8503 106.529 23.0062
      vertex 45.0865 106.209 23.0063
      vertex 44.8503 106.529 0.799999
    endloop
  endfacet
  facet normal 0.804563 0.593868 0
    outer loop
      vertex 44.8503 106.529 0.799999
      vertex 45.0865 106.209 23.0063
      vertex 45.0865 106.209 0.799999
    endloop
  endfacet
  facet normal 0.511354 -0.859367 0.00250093
    outer loop
      vertex 43.3343 0.605136 23.0065
      vertex 43.676 0.80846 23.0066
      vertex 43.5618 0.740527 23.0135
    endloop
  endfacet
  facet normal 0.511356 -0.859369 0
    outer loop
      vertex 43.3343 0.605136 0.799999
      vertex 43.676 0.80846 23.0066
      vertex 43.3343 0.605136 23.0065
    endloop
  endfacet
  facet normal 0.511356 -0.859369 0
    outer loop
      vertex 43.676 0.80846 23.0066
      vertex 43.3343 0.605136 0.799999
      vertex 43.676 0.80846 0.799999
    endloop
  endfacet
  facet normal 0.971531 0.236587 -0.0124356
    outer loop
      vertex 45.8515 104.388 23.0062
      vertex 45.7575 104.774 23.0061
      vertex 45.8063 104.574 23.0136
    endloop
  endfacet
  facet normal 0.971247 0.234356 0.0419028
    outer loop
      vertex 45.8515 104.388 23.0062
      vertex 45.8063 104.574 23.0136
      vertex 45.8087 104.564 23.0139
    endloop
  endfacet
  facet normal 0.971605 0.236608 0
    outer loop
      vertex 45.7575 104.774 23.0061
      vertex 45.8515 104.388 23.0062
      vertex 45.7575 104.774 0.799999
    endloop
  endfacet
  facet normal 0.971605 0.236608 0
    outer loop
      vertex 45.7575 104.774 0.799999
      vertex 45.8515 104.388 23.0062
      vertex 45.8515 104.388 0.799999
    endloop
  endfacet
  facet normal 0.507951 0.855061 0.104196
    outer loop
      vertex 43.676 107.592 23.0066
      vertex 43.3343 107.795 23.0065
      vertex 43.5618 107.659 23.0135
    endloop
  endfacet
  facet normal 0.510754 0.859727 -0
    outer loop
      vertex 43.676 107.592 0.799999
      vertex 43.3343 107.795 23.0065
      vertex 43.676 107.592 23.0066
    endloop
  endfacet
  facet normal 0.510754 0.859727 0
    outer loop
      vertex 43.3343 107.795 23.0065
      vertex 43.676 107.592 0.799999
      vertex 43.3343 107.795 0.799999
    endloop
  endfacet
  facet normal 0.362927 0.853173 0.374673
    outer loop
      vertex 42.9776 107.97 23.0067
      vertex 42.8557 108.019 23.0132
      vertex 42.865 108.015 23.0133
    endloop
  endfacet
  facet normal 0.3687 0.926767 -0.0718493
    outer loop
      vertex 42.9776 107.97 23.0067
      vertex 42.6081 108.117 23.0067
      vertex 42.8557 108.019 23.0132
    endloop
  endfacet
  facet normal 0.369656 0.929169 -0
    outer loop
      vertex 42.9776 107.97 0.799999
      vertex 42.6081 108.117 23.0067
      vertex 42.9776 107.97 23.0067
    endloop
  endfacet
  facet normal 0.369656 0.929169 0
    outer loop
      vertex 42.6081 108.117 23.0067
      vertex 42.9776 107.97 0.799999
      vertex 42.6081 108.117 0.799999
    endloop
  endfacet
  facet normal 0.949755 0.312308 0.0207039
    outer loop
      vertex 45.7575 104.774 23.0061
      vertex 45.6332 105.152 23.0062
      vertex 45.7011 104.945 23.0139
    endloop
  endfacet
  facet normal 0.949957 0.31238 0
    outer loop
      vertex 45.6332 105.152 23.0062
      vertex 45.7575 104.774 23.0061
      vertex 45.6332 105.152 0.799999
    endloop
  endfacet
  facet normal 0.949957 0.31238 0
    outer loop
      vertex 45.6332 105.152 0.799999
      vertex 45.7575 104.774 23.0061
      vertex 45.7575 104.774 0.799999
    endloop
  endfacet
  facet normal 0.79344 0.608649 0
    outer loop
      vertex -40.3607 8.38935 3.45
      vertex -40.599 8.7 2.65
      vertex -40.599 8.7 3.45
    endloop
  endfacet
  facet normal 0.79344 0.608649 0
    outer loop
      vertex -40.599 8.7 2.65
      vertex -40.3607 8.38935 3.45
      vertex -40.3607 8.38935 2.65
    endloop
  endfacet
  facet normal -0.991448 0.130504 0
    outer loop
      vertex 40.7489 9.06179 2.66
      vertex 40.8 9.45 3.45
      vertex 40.8 9.45 2.66
    endloop
  endfacet
  facet normal -0.991448 0.130504 0
    outer loop
      vertex 40.8 9.45 3.45
      vertex 40.7489 9.06179 2.66
      vertex 40.7489 9.06179 3.45
    endloop
  endfacet
  facet normal -0.923846 -0.382765 0
    outer loop
      vertex 40.7489 99.3382 2.66
      vertex 40.599 99.7 3.45
      vertex 40.599 99.7 2.66
    endloop
  endfacet
  facet normal -0.923846 -0.382765 0
    outer loop
      vertex 40.599 99.7 3.45
      vertex 40.7489 99.3382 2.66
      vertex 40.7489 99.3382 3.45
    endloop
  endfacet
  facet normal -0.991447 -0.130507 0
    outer loop
      vertex 40.8 98.95 2.66
      vertex 40.7489 99.3382 3.45
      vertex 40.7489 99.3382 2.66
    endloop
  endfacet
  facet normal -0.991447 -0.130507 0
    outer loop
      vertex 40.7489 99.3382 3.45
      vertex 40.8 98.95 2.66
      vertex 40.8 98.95 3.45
    endloop
  endfacet
  facet normal 0 -1 0
    outer loop
      vertex 32.8 7.95 22.6
      vertex 39.8 7.95 23.6
      vertex 32.8 7.95 23.6
    endloop
  endfacet
  facet normal 0 -1 -0
    outer loop
      vertex 39.8 7.95 23.6
      vertex 32.8 7.95 22.6
      vertex 39.8 7.95 22.6
    endloop
  endfacet
  facet normal 0 1 -0
    outer loop
      vertex 39.3 7.95 2.65
      vertex 32.8 7.95 3.45
      vertex 39.3 7.95 3.45
    endloop
  endfacet
  facet normal 0 1 0
    outer loop
      vertex -34.2549 7.95 2.65
      vertex 32.8 7.95 3.45
      vertex 39.3 7.95 2.65
    endloop
  endfacet
  facet normal 0 1 0
    outer loop
      vertex -36.8451 7.95 2.66
      vertex -32.8 7.95 3.45
      vertex -34.2549 7.95 2.66
    endloop
  endfacet
  facet normal 0 1 0
    outer loop
      vertex 32.8 7.95 3.45
      vertex -34.2549 7.95 2.65
      vertex -32.8 7.95 3.45
    endloop
  endfacet
  facet normal 0 1 0
    outer loop
      vertex -32.8 7.95 3.45
      vertex -34.2549 7.95 2.65
      vertex -34.2549 7.95 2.66
    endloop
  endfacet
  facet normal 0 1 -0
    outer loop
      vertex 32.8 7.95 3.45
      vertex -32.8 7.95 22.6
      vertex 32.8 7.95 22.6
    endloop
  endfacet
  facet normal 0 1 0
    outer loop
      vertex -32.8 7.95 22.6
      vertex 32.8 7.95 3.45
      vertex -32.8 7.95 3.45
    endloop
  endfacet
  facet normal 0 1 0
    outer loop
      vertex -32.8 7.95 3.45
      vertex -36.8451 7.95 2.66
      vertex -39.3 7.95 3.45
    endloop
  endfacet
  facet normal 0 1 0
    outer loop
      vertex -39.3 7.95 2.65
      vertex -36.8451 7.95 2.66
      vertex -36.8451 7.95 2.65
    endloop
  endfacet
  facet normal 0 1 0
    outer loop
      vertex -36.8451 7.95 2.66
      vertex -39.3 7.95 2.65
      vertex -39.3 7.95 3.45
    endloop
  endfacet
  facet normal 0 -1 0
    outer loop
      vertex -39.8 7.95 22.6
      vertex -32.8 7.95 23.6
      vertex -39.8 7.95 23.6
    endloop
  endfacet
  facet normal 0 -1 -0
    outer loop
      vertex -32.8 7.95 23.6
      vertex -39.8 7.95 22.6
      vertex -32.8 7.95 22.6
    endloop
  endfacet
  facet normal -0.382656 0.923891 0
    outer loop
      vertex 40.05 8.15097 2.65
      vertex 39.6882 8.00112 3.45
      vertex 40.05 8.15097 3.45
    endloop
  endfacet
  facet normal -0.382656 0.923891 0
    outer loop
      vertex 39.6882 8.00112 3.45
      vertex 40.05 8.15097 2.65
      vertex 39.6882 8.00112 2.65
    endloop
  endfacet
  facet normal -0.923842 0.382774 0
    outer loop
      vertex 40.599 8.7 2.66
      vertex 40.7489 9.06179 3.45
      vertex 40.7489 9.06179 2.66
    endloop
  endfacet
  facet normal -0.923842 0.382774 0
    outer loop
      vertex 40.7489 9.06179 3.45
      vertex 40.599 8.7 2.66
      vertex 40.599 8.7 3.45
    endloop
  endfacet
  facet normal -1 0 0
    outer loop
      vertex 40.8 98.95 2.66
      vertex 40.8 92.4499 3.45
      vertex 40.8 98.95 3.45
    endloop
  endfacet
  facet normal -1 0 0
    outer loop
      vertex 40.8 92.4499 3.45
      vertex 40.8 91.2 21.1
      vertex 40.8 92.4499 22.6
    endloop
  endfacet
  facet normal -1 0 0
    outer loop
      vertex 40.8 92.4499 3.45
      vertex 40.8 81.2 21.1
      vertex 40.8 91.2 21.1
    endloop
  endfacet
  facet normal -1 0 0
    outer loop
      vertex 40.8 81.2 21.1
      vertex 40.8 27.2 21.1
      vertex 40.8 81.2 22.6
    endloop
  endfacet
  facet normal -1 0 0
    outer loop
      vertex 40.8 92.4499 3.45
      vertex 40.8 27.2 21.1
      vertex 40.8 81.2 21.1
    endloop
  endfacet
  facet normal -1 0 0
    outer loop
      vertex 40.8 15.9501 3.45
      vertex 40.8 27.2 21.1
      vertex 40.8 92.4499 3.45
    endloop
  endfacet
  facet normal -1 0 0
    outer loop
      vertex 40.8 15.9501 22.6
      vertex 40.8 17.2 21.1
      vertex 40.8 15.9501 3.45
    endloop
  endfacet
  facet normal -1 -0 0
    outer loop
      vertex 40.8 27.2 21.1
      vertex 40.8 15.9501 3.45
      vertex 40.8 17.2 21.1
    endloop
  endfacet
  facet normal -1 0 0
    outer loop
      vertex 40.8 98.95 2.66
      vertex 40.8 15.9501 3.45
      vertex 40.8 92.4499 3.45
    endloop
  endfacet
  facet normal -1 0 0
    outer loop
      vertex 40.8 9.45 2.66
      vertex 40.8 15.9501 3.45
      vertex 40.8 98.95 2.66
    endloop
  endfacet
  facet normal -1 -0 0
    outer loop
      vertex 40.8 15.9501 3.45
      vertex 40.8 9.45 2.66
      vertex 40.8 9.45 3.45
    endloop
  endfacet
  facet normal -1 -0 0
    outer loop
      vertex 40.8 92.4499 22.6
      vertex 40.8 91.2 21.1
      vertex 40.8 91.2 22.6
    endloop
  endfacet
  facet normal -1 -0 0
    outer loop
      vertex 40.8 81.2 22.6
      vertex 40.8 27.2 21.1
      vertex 40.8 27.2 22.6
    endloop
  endfacet
  facet normal -1 0 0
    outer loop
      vertex 40.8 17.2 21.1
      vertex 40.8 15.9501 22.6
      vertex 40.8 17.2 22.6
    endloop
  endfacet
  facet normal 0.793771 -0.608217 0
    outer loop
      vertex -40.599 99.7 3.45
      vertex -40.3607 100.011 2.65
      vertex -40.3607 100.011 3.45
    endloop
  endfacet
  facet normal 0.793771 -0.608217 0
    outer loop
      vertex -40.3607 100.011 2.65
      vertex -40.599 99.7 3.45
      vertex -40.599 99.7 2.65
    endloop
  endfacet
  facet normal -0.793596 0.608445 0
    outer loop
      vertex 40.4072 8.45 2.65
      vertex 40.3607 8.38935 2.65
      vertex 40.4072 8.45 2.66
    endloop
  endfacet
  facet normal -0.793402 0.608698 0
    outer loop
      vertex 40.4072 8.45 2.66
      vertex 40.599 8.7 3.45
      vertex 40.599 8.7 2.66
    endloop
  endfacet
  facet normal -0.793596 0.608445 0
    outer loop
      vertex 40.3607 8.38935 3.45
      vertex 40.4072 8.45 2.66
      vertex 40.3607 8.38935 2.65
    endloop
  endfacet
  facet normal -0.79344 0.608649 2.47977e-05
    outer loop
      vertex 40.4072 8.45 2.66
      vertex 40.3607 8.38935 3.45
      vertex 40.599 8.7 3.45
    endloop
  endfacet
  facet normal 0.130558 0.991441 -0
    outer loop
      vertex -39.3 7.95 2.65
      vertex -39.6882 8.00112 3.45
      vertex -39.3 7.95 3.45
    endloop
  endfacet
  facet normal 0.130558 0.991441 0
    outer loop
      vertex -39.6882 8.00112 3.45
      vertex -39.3 7.95 2.65
      vertex -39.6882 8.00112 2.65
    endloop
  endfacet
  facet normal 0.991448 0.130504 0
    outer loop
      vertex -40.7489 9.06179 3.45
      vertex -40.8 9.45 2.65
      vertex -40.8 9.45 3.45
    endloop
  endfacet
  facet normal 0.991448 0.130504 0
    outer loop
      vertex -40.8 9.45 2.65
      vertex -40.7489 9.06179 3.45
      vertex -40.7489 9.06179 2.65
    endloop
  endfacet
  facet normal 0 -1 0
    outer loop
      vertex -36.8451 100.45 2.66
      vertex -32.8 100.45 3.45
      vertex -39.3 100.45 3.45
    endloop
  endfacet
  facet normal 0 -1 0
    outer loop
      vertex -34.2549 100.45 2.65
      vertex -32.8 100.45 3.45
      vertex -34.2549 100.45 2.66
    endloop
  endfacet
  facet normal 0 -1 0
    outer loop
      vertex -32.8 100.45 3.45
      vertex -36.8451 100.45 2.66
      vertex -34.2549 100.45 2.66
    endloop
  endfacet
  facet normal 0 -1 0
    outer loop
      vertex -39.3 100.45 2.65
      vertex -36.8451 100.45 2.66
      vertex -39.3 100.45 3.45
    endloop
  endfacet
  facet normal 0 -1 -0
    outer loop
      vertex -36.8451 100.45 2.66
      vertex -39.3 100.45 2.65
      vertex -36.8451 100.45 2.65
    endloop
  endfacet
  facet normal 0 -1 0
    outer loop
      vertex -32.8 100.45 3.45
      vertex 32.8 100.45 22.6
      vertex -32.8 100.45 22.6
    endloop
  endfacet
  facet normal 0 -1 -0
    outer loop
      vertex 32.8 100.45 22.6
      vertex -32.8 100.45 3.45
      vertex 32.8 100.45 3.45
    endloop
  endfacet
  facet normal 0 -1 -0
    outer loop
      vertex -32.8 100.45 3.45
      vertex -34.2549 100.45 2.65
      vertex 32.8 100.45 3.45
    endloop
  endfacet
  facet normal 0 -1 -0
    outer loop
      vertex 32.8 100.45 3.45
      vertex -34.2549 100.45 2.65
      vertex 39.3 100.45 2.65
    endloop
  endfacet
  facet normal 0 -1 0
    outer loop
      vertex 32.8 100.45 3.45
      vertex 39.3 100.45 2.65
      vertex 39.3 100.45 3.45
    endloop
  endfacet
  facet normal 0 1 -0
    outer loop
      vertex 39.8 100.45 22.6
      vertex 32.8 100.45 23.6
      vertex 39.8 100.45 23.6
    endloop
  endfacet
  facet normal 0 1 0
    outer loop
      vertex 32.8 100.45 23.6
      vertex 39.8 100.45 22.6
      vertex 32.8 100.45 22.6
    endloop
  endfacet
  facet normal 0 1 -0
    outer loop
      vertex -32.8 100.45 22.6
      vertex -39.8 100.45 23.6
      vertex -32.8 100.45 23.6
    endloop
  endfacet
  facet normal 0 1 0
    outer loop
      vertex -39.8 100.45 23.6
      vertex -32.8 100.45 22.6
      vertex -39.8 100.45 22.6
    endloop
  endfacet
  facet normal 0.130256 -0.99148 0
    outer loop
      vertex -39.6882 100.399 2.65
      vertex -39.3 100.45 3.45
      vertex -39.6882 100.399 3.45
    endloop
  endfacet
  facet normal 0.130256 -0.99148 0
    outer loop
      vertex -39.3 100.45 3.45
      vertex -39.6882 100.399 2.65
      vertex -39.3 100.45 2.65
    endloop
  endfacet
  facet normal 0.923846 -0.382765 0
    outer loop
      vertex -40.7489 99.3382 3.45
      vertex -40.599 99.7 2.65
      vertex -40.599 99.7 3.45
    endloop
  endfacet
  facet normal 0.923846 -0.382765 0
    outer loop
      vertex -40.599 99.7 2.65
      vertex -40.7489 99.3382 3.45
      vertex -40.7489 99.3382 2.65
    endloop
  endfacet
  facet normal 1 0 0
    outer loop
      vertex -40.8 92.4499 22.6
      vertex -40.8 15.9501 22.6
      vertex -40.8 92.4499 3.45
    endloop
  endfacet
  facet normal 1 -0 0
    outer loop
      vertex -40.8 92.4499 3.45
      vertex -40.8 98.95 2.65
      vertex -40.8 98.95 3.45
    endloop
  endfacet
  facet normal 1 0 0
    outer loop
      vertex -40.8 15.9501 3.45
      vertex -40.8 92.4499 3.45
      vertex -40.8 15.9501 22.6
    endloop
  endfacet
  facet normal 1 -0 0
    outer loop
      vertex -40.8 15.9501 3.45
      vertex -40.8 98.95 2.65
      vertex -40.8 92.4499 3.45
    endloop
  endfacet
  facet normal 1 0 0
    outer loop
      vertex -40.8 9.45 2.65
      vertex -40.8 15.9501 3.45
      vertex -40.8 9.45 3.45
    endloop
  endfacet
  facet normal 1 0 0
    outer loop
      vertex -40.8 15.9501 3.45
      vertex -40.8 9.45 2.65
      vertex -40.8 98.95 2.65
    endloop
  endfacet
  facet normal 0.382656 0.923891 -0
    outer loop
      vertex -39.6882 8.00112 2.65
      vertex -40.05 8.15097 3.45
      vertex -39.6882 8.00112 3.45
    endloop
  endfacet
  facet normal 0.382656 0.923891 0
    outer loop
      vertex -40.05 8.15097 3.45
      vertex -39.6882 8.00112 2.65
      vertex -40.05 8.15097 2.65
    endloop
  endfacet
  facet normal 0.923842 0.382774 0
    outer loop
      vertex -40.599 8.7 3.45
      vertex -40.7489 9.06179 2.65
      vertex -40.7489 9.06179 3.45
    endloop
  endfacet
  facet normal 0.923842 0.382774 0
    outer loop
      vertex -40.7489 9.06179 2.65
      vertex -40.599 8.7 3.45
      vertex -40.599 8.7 2.65
    endloop
  endfacet
  facet normal 0 0 1
    outer loop
      vertex -36.4668 9.50806 2.65
      vertex -40.8 9.45 2.65
      vertex -36.7277 9.20691 2.65
    endloop
  endfacet
  facet normal 0 0 1
    outer loop
      vertex -36.8933 100.344 2.65
      vertex -39.3 100.45 2.65
      vertex -36.95 99.95 2.65
    endloop
  endfacet
  facet normal -0 0 1
    outer loop
      vertex -39.3 100.45 2.65
      vertex -36.8933 100.344 2.65
      vertex -36.8451 100.45 2.65
    endloop
  endfacet
  facet normal -0 0 1
    outer loop
      vertex -35.7492 98.5642 2.65
      vertex -35.55 9.83576 2.65
      vertex -35.55 98.5642 2.65
    endloop
  endfacet
  facet normal 0 0 1
    outer loop
      vertex -35.7492 98.5642 2.65
      vertex -35.7492 9.83576 2.65
      vertex -35.55 9.83576 2.65
    endloop
  endfacet
  facet normal 0 0 1
    outer loop
      vertex -40.8 98.95 2.65
      vertex -35.7492 98.5642 2.65
      vertex -36.1316 98.6765 2.65
    endloop
  endfacet
  facet normal 0 0 1
    outer loop
      vertex -35.7492 98.5642 2.65
      vertex -40.8 98.95 2.65
      vertex -35.7492 9.83576 2.65
    endloop
  endfacet
  facet normal 0 0 1
    outer loop
      vertex -36.7277 99.1931 2.65
      vertex -40.8 98.95 2.65
      vertex -36.4668 98.8919 2.65
    endloop
  endfacet
  facet normal 0 0 1
    outer loop
      vertex -36.4668 98.8919 2.65
      vertex -40.8 98.95 2.65
      vertex -36.1316 98.6765 2.65
    endloop
  endfacet
  facet normal 0 0 1
    outer loop
      vertex -40.8 98.95 2.65
      vertex -36.7277 99.1931 2.65
      vertex -39.3 100.45 2.65
    endloop
  endfacet
  facet normal 0 0 1
    outer loop
      vertex -40.8 9.45 2.65
      vertex -35.7492 9.83576 2.65
      vertex -40.8 98.95 2.65
    endloop
  endfacet
  facet normal 0 0 1
    outer loop
      vertex -39.3 100.45 2.65
      vertex -36.7277 99.1931 2.65
      vertex -36.8933 99.5556 2.65
    endloop
  endfacet
  facet normal 0 0 1
    outer loop
      vertex -35.7492 9.83576 2.65
      vertex -40.8 9.45 2.65
      vertex -36.1316 9.7235 2.65
    endloop
  endfacet
  facet normal 0 0 1
    outer loop
      vertex -39.3 100.45 2.65
      vertex -36.8933 99.5556 2.65
      vertex -36.95 99.95 2.65
    endloop
  endfacet
  facet normal 0 0 1
    outer loop
      vertex -36.1316 9.7235 2.65
      vertex -40.8 9.45 2.65
      vertex -36.4668 9.50806 2.65
    endloop
  endfacet
  facet normal 0 0 1
    outer loop
      vertex -36.8933 8.05558 2.65
      vertex -39.3 7.95 2.65
      vertex -36.8451 7.95 2.65
    endloop
  endfacet
  facet normal 0 0 1
    outer loop
      vertex -36.95 8.45 2.65
      vertex -39.3 7.95 2.65
      vertex -36.8933 8.05558 2.65
    endloop
  endfacet
  facet normal 0 -0 1
    outer loop
      vertex -39.3 7.95 2.65
      vertex -36.7277 9.20691 2.65
      vertex -40.8 9.45 2.65
    endloop
  endfacet
  facet normal 0 0 1
    outer loop
      vertex -40.8 98.95 2.65
      vertex -39.3 100.45 2.65
      vertex -39.6882 100.399 2.65
    endloop
  endfacet
  facet normal 0 0 1
    outer loop
      vertex -36.7277 9.20691 2.65
      vertex -39.3 7.95 2.65
      vertex -36.8933 8.84444 2.65
    endloop
  endfacet
  facet normal 0 0 1
    outer loop
      vertex -40.8 98.95 2.65
      vertex -39.6882 100.399 2.65
      vertex -40.05 100.249 2.65
    endloop
  endfacet
  facet normal 0 0 1
    outer loop
      vertex -36.8933 8.84444 2.65
      vertex -39.3 7.95 2.65
      vertex -36.95 8.45 2.65
    endloop
  endfacet
  facet normal 0 0 1
    outer loop
      vertex -40.8 98.95 2.65
      vertex -40.05 100.249 2.65
      vertex -40.3607 100.011 2.65
    endloop
  endfacet
  facet normal 0 0 1
    outer loop
      vertex -39.3 7.95 2.65
      vertex -40.8 9.45 2.65
      vertex -39.6882 8.00112 2.65
    endloop
  endfacet
  facet normal 0 0 1
    outer loop
      vertex -40.8 98.95 2.65
      vertex -40.3607 100.011 2.65
      vertex -40.599 99.7 2.65
    endloop
  endfacet
  facet normal 0 0 1
    outer loop
      vertex -39.6882 8.00112 2.65
      vertex -40.8 9.45 2.65
      vertex -40.05 8.15097 2.65
    endloop
  endfacet
  facet normal 0 0 1
    outer loop
      vertex -40.8 98.95 2.65
      vertex -40.599 99.7 2.65
      vertex -40.7489 99.3382 2.65
    endloop
  endfacet
  facet normal 0 0 1
    outer loop
      vertex -40.05 8.15097 2.65
      vertex -40.8 9.45 2.65
      vertex -40.3607 8.38935 2.65
    endloop
  endfacet
  facet normal 0 0 1
    outer loop
      vertex -40.3607 8.38935 2.65
      vertex -40.8 9.45 2.65
      vertex -40.599 8.7 2.65
    endloop
  endfacet
  facet normal 0 0 1
    outer loop
      vertex -40.599 8.7 2.65
      vertex -40.8 9.45 2.65
      vertex -40.7489 9.06179 2.65
    endloop
  endfacet
  facet normal 0 0 1
    outer loop
      vertex 40.4072 8.45 2.65
      vertex 40.05 8.15097 2.65
      vertex 40.3607 8.38935 2.65
    endloop
  endfacet
  facet normal 0 0 1
    outer loop
      vertex 40.4072 8.45 2.65
      vertex 39.6882 8.00112 2.65
      vertex 40.05 8.15097 2.65
    endloop
  endfacet
  facet normal 0 0 1
    outer loop
      vertex 40.4072 8.45 2.65
      vertex 39.3 7.95 2.65
      vertex 39.6882 8.00112 2.65
    endloop
  endfacet
  facet normal -0 0 1
    outer loop
      vertex -34.15 8.45 2.65
      vertex 39.3 7.95 2.65
      vertex 40.4072 8.45 2.65
    endloop
  endfacet
  facet normal -0 0 1
    outer loop
      vertex -34.2067 8.05558 2.65
      vertex 39.3 7.95 2.65
      vertex -34.15 8.45 2.65
    endloop
  endfacet
  facet normal 0 0 1
    outer loop
      vertex 39.3 7.95 2.65
      vertex -34.2067 8.05558 2.65
      vertex -34.2549 7.95 2.65
    endloop
  endfacet
  facet normal 0 0 1
    outer loop
      vertex 40.05 100.249 2.65
      vertex 40.4072 99.95 2.65
      vertex 40.3607 100.011 2.65
    endloop
  endfacet
  facet normal 0 0 1
    outer loop
      vertex 39.6882 100.399 2.65
      vertex 40.4072 99.95 2.65
      vertex 40.05 100.249 2.65
    endloop
  endfacet
  facet normal 0 0 1
    outer loop
      vertex 39.3 100.45 2.65
      vertex 40.4072 99.95 2.65
      vertex 39.6882 100.399 2.65
    endloop
  endfacet
  facet normal 0 0 1
    outer loop
      vertex 39.3 100.45 2.65
      vertex -34.15 99.95 2.65
      vertex 40.4072 99.95 2.65
    endloop
  endfacet
  facet normal 0 0 1
    outer loop
      vertex 39.3 100.45 2.65
      vertex -34.2067 100.344 2.65
      vertex -34.15 99.95 2.65
    endloop
  endfacet
  facet normal 0 -0 1
    outer loop
      vertex -34.2067 100.344 2.65
      vertex 39.3 100.45 2.65
      vertex -34.2549 100.45 2.65
    endloop
  endfacet
  facet normal -0.130256 -0.99148 0
    outer loop
      vertex 39.3 100.45 2.65
      vertex 39.6882 100.399 3.45
      vertex 39.3 100.45 3.45
    endloop
  endfacet
  facet normal -0.130256 -0.99148 -0
    outer loop
      vertex 39.6882 100.399 3.45
      vertex 39.3 100.45 2.65
      vertex 39.6882 100.399 2.65
    endloop
  endfacet
  facet normal -0.608716 0.793388 0
    outer loop
      vertex 40.3607 8.38935 2.65
      vertex 40.05 8.15097 3.45
      vertex 40.3607 8.38935 3.45
    endloop
  endfacet
  facet normal -0.608716 0.793388 0
    outer loop
      vertex 40.05 8.15097 3.45
      vertex 40.3607 8.38935 2.65
      vertex 40.05 8.15097 2.65
    endloop
  endfacet
  facet normal -0.130558 0.991441 0
    outer loop
      vertex 39.6882 8.00112 2.65
      vertex 39.3 7.95 3.45
      vertex 39.6882 8.00112 3.45
    endloop
  endfacet
  facet normal -0.130558 0.991441 0
    outer loop
      vertex 39.3 7.95 3.45
      vertex 39.6882 8.00112 2.65
      vertex 39.3 7.95 2.65
    endloop
  endfacet
  facet normal 0.382983 -0.923755 0
    outer loop
      vertex -40.05 100.249 2.65
      vertex -39.6882 100.399 3.45
      vertex -40.05 100.249 3.45
    endloop
  endfacet
  facet normal 0.382983 -0.923755 0
    outer loop
      vertex -39.6882 100.399 3.45
      vertex -40.05 100.249 2.65
      vertex -39.6882 100.399 2.65
    endloop
  endfacet
  facet normal 0.608716 0.793388 -0
    outer loop
      vertex -40.05 8.15097 2.65
      vertex -40.3607 8.38935 3.45
      vertex -40.05 8.15097 3.45
    endloop
  endfacet
  facet normal 0.608716 0.793388 0
    outer loop
      vertex -40.3607 8.38935 3.45
      vertex -40.05 8.15097 2.65
      vertex -40.3607 8.38935 2.65
    endloop
  endfacet
  facet normal 0.991447 -0.130507 0
    outer loop
      vertex -40.8 98.95 3.45
      vertex -40.7489 99.3382 2.65
      vertex -40.7489 99.3382 3.45
    endloop
  endfacet
  facet normal 0.991447 -0.130507 0
    outer loop
      vertex -40.7489 99.3382 2.65
      vertex -40.8 98.95 3.45
      vertex -40.8 98.95 2.65
    endloop
  endfacet
  facet normal 0.608104 -0.793857 0
    outer loop
      vertex -40.3607 100.011 2.65
      vertex -40.05 100.249 3.45
      vertex -40.3607 100.011 3.45
    endloop
  endfacet
  facet normal 0.608104 -0.793857 0
    outer loop
      vertex -40.05 100.249 3.45
      vertex -40.3607 100.011 2.65
      vertex -40.05 100.249 2.65
    endloop
  endfacet
  facet normal -0.608104 -0.793857 0
    outer loop
      vertex 40.05 100.249 2.65
      vertex 40.3607 100.011 3.45
      vertex 40.05 100.249 3.45
    endloop
  endfacet
  facet normal -0.608104 -0.793857 -0
    outer loop
      vertex 40.3607 100.011 3.45
      vertex 40.05 100.249 2.65
      vertex 40.3607 100.011 2.65
    endloop
  endfacet
  facet normal -0.382983 -0.923755 0
    outer loop
      vertex 39.6882 100.399 2.65
      vertex 40.05 100.249 3.45
      vertex 39.6882 100.399 3.45
    endloop
  endfacet
  facet normal -0.382983 -0.923755 -0
    outer loop
      vertex 40.05 100.249 3.45
      vertex 39.6882 100.399 2.65
      vertex 40.05 100.249 2.65
    endloop
  endfacet
  facet normal -0.795282 -0.60624 -0
    outer loop
      vertex 40.4072 99.95 2.66
      vertex 40.3607 100.011 2.65
      vertex 40.4072 99.95 2.65
    endloop
  endfacet
  facet normal -0.795282 -0.60624 0
    outer loop
      vertex 40.3607 100.011 2.65
      vertex 40.4072 99.95 2.66
      vertex 40.3607 100.011 3.45
    endloop
  endfacet
  facet normal -0.793402 -0.608698 -0
    outer loop
      vertex 40.599 99.7 3.45
      vertex 40.4072 99.95 2.66
      vertex 40.599 99.7 2.66
    endloop
  endfacet
  facet normal -0.793771 -0.608217 0.000241662
    outer loop
      vertex 40.4072 99.95 2.66
      vertex 40.599 99.7 3.45
      vertex 40.3607 100.011 3.45
    endloop
  endfacet
  facet normal -0.923897 0.382641 0
    outer loop
      vertex 41.5275 8.31504 22.6
      vertex 41.6776 8.67746 23.6
      vertex 41.6776 8.67746 22.6
    endloop
  endfacet
  facet normal -0.923897 0.382641 0
    outer loop
      vertex 41.6776 8.67746 23.6
      vertex 41.5275 8.31504 22.6
      vertex 41.5275 8.31504 23.6
    endloop
  endfacet
  facet normal -0.97235 -0.233527 0
    outer loop
      vertex 41.7692 99.3411 22.6
      vertex 41.6776 99.7225 23.6
      vertex 41.6776 99.7225 22.6
    endloop
  endfacet
  facet normal -0.97235 -0.233527 0
    outer loop
      vertex 41.6776 99.7225 23.6
      vertex 41.7692 99.3411 22.6
      vertex 41.7692 99.3411 23.6
    endloop
  endfacet
  facet normal -0.996913 -0.0785092 0
    outer loop
      vertex 41.8 98.95 22.6
      vertex 41.7692 99.3411 23.6
      vertex 41.7692 99.3411 22.6
    endloop
  endfacet
  facet normal -0.996913 -0.0785092 0
    outer loop
      vertex 41.7692 99.3411 23.6
      vertex 41.8 98.95 22.6
      vertex 41.8 98.95 23.6
    endloop
  endfacet
  facet normal -1 0 0
    outer loop
      vertex 41.8 17.2 22.6
      vertex 41.8 9.45 22.6
      vertex 41.8 17.2 23.2
    endloop
  endfacet
  facet normal -1 0 0
    outer loop
      vertex 41.8 81.2 22.6
      vertex 41.8 27.2 22.6
      vertex 41.8 81.2 23.2
    endloop
  endfacet
  facet normal -1 0 0
    outer loop
      vertex 41.8 91.2 23.2
      vertex 41.8 98.95 22.6
      vertex 41.8 91.2 22.6
    endloop
  endfacet
  facet normal -1 0 0
    outer loop
      vertex 41.8 98.95 22.6
      vertex 41.8 91.2 23.2
      vertex 41.8 98.95 23.6
    endloop
  endfacet
  facet normal -1 0 0
    outer loop
      vertex 41.8 81.2 23.2
      vertex 41.8 98.95 23.6
      vertex 41.8 91.2 23.2
    endloop
  endfacet
  facet normal -1 0 0
    outer loop
      vertex 41.8 27.2 23.2
      vertex 41.8 81.2 23.2
      vertex 41.8 27.2 22.6
    endloop
  endfacet
  facet normal -1 0 0
    outer loop
      vertex 41.8 81.2 23.2
      vertex 41.8 27.2 23.2
      vertex 41.8 98.95 23.6
    endloop
  endfacet
  facet normal -1 0 0
    outer loop
      vertex 41.8 9.45 23.6
      vertex 41.8 27.2 23.2
      vertex 41.8 17.2 23.2
    endloop
  endfacet
  facet normal -1 0 0
    outer loop
      vertex 41.8 27.2 23.2
      vertex 41.8 9.45 23.6
      vertex 41.8 98.95 23.6
    endloop
  endfacet
  facet normal -1 0 0
    outer loop
      vertex 41.8 9.45 23.6
      vertex 41.8 17.2 23.2
      vertex 41.8 9.45 22.6
    endloop
  endfacet
  facet normal -0.852271 -0.5231 0
    outer loop
      vertex 41.5275 100.085 22.6
      vertex 41.3225 100.419 23.6
      vertex 41.3225 100.419 22.6
    endloop
  endfacet
  facet normal -0.852271 -0.5231 0
    outer loop
      vertex 41.3225 100.419 23.6
      vertex 41.5275 100.085 22.6
      vertex 41.5275 100.085 23.6
    endloop
  endfacet
  facet normal -0.382352 -0.924017 0
    outer loop
      vertex 40.0725 101.328 22.6
      vertex 40.435 101.178 23.6
      vertex 40.0725 101.328 23.6
    endloop
  endfacet
  facet normal -0.382352 -0.924017 -0
    outer loop
      vertex 40.435 101.178 23.6
      vertex 40.0725 101.328 22.6
      vertex 40.435 101.178 22.6
    endloop
  endfacet
  facet normal 0.852271 -0.5231 0
    outer loop
      vertex -41.5275 100.085 23.6
      vertex -41.3225 100.419 22.6
      vertex -41.3225 100.419 23.6
    endloop
  endfacet
  facet normal 0.852271 -0.5231 0
    outer loop
      vertex -41.3225 100.419 22.6
      vertex -41.5275 100.085 23.6
      vertex -41.5275 100.085 22.6
    endloop
  endfacet
  facet normal 0.522477 0.852654 -0
    outer loop
      vertex -40.435 7.22249 22.6
      vertex -40.7695 7.42746 23.6
      vertex -40.435 7.22249 23.6
    endloop
  endfacet
  facet normal 0.522477 0.852654 0
    outer loop
      vertex -40.7695 7.42746 23.6
      vertex -40.435 7.22249 22.6
      vertex -40.7695 7.42746 22.6
    endloop
  endfacet
  facet normal 0 0 1
    outer loop
      vertex 40.5071 100.157 22.6
      vertex 41.0678 100.718 22.6
      vertex 40.7695 100.973 22.6
    endloop
  endfacet
  facet normal 0 0 1
    outer loop
      vertex 41.0678 100.718 22.6
      vertex 40.7239 99.8327 22.6
      vertex 40.8 99.45 22.6
    endloop
  endfacet
  facet normal 0 0 1
    outer loop
      vertex 41.0678 100.718 22.6
      vertex 40.5071 100.157 22.6
      vertex 40.7239 99.8327 22.6
    endloop
  endfacet
  facet normal 0 0 1
    outer loop
      vertex 40.1827 100.374 22.6
      vertex 40.7695 100.973 22.6
      vertex 40.435 101.178 22.6
    endloop
  endfacet
  facet normal 0 0 1
    outer loop
      vertex 40.7695 100.973 22.6
      vertex 40.1827 100.374 22.6
      vertex 40.5071 100.157 22.6
    endloop
  endfacet
  facet normal 0 0 1
    outer loop
      vertex 40.0725 101.328 22.6
      vertex 40.1827 100.374 22.6
      vertex 40.435 101.178 22.6
    endloop
  endfacet
  facet normal 0 0 1
    outer loop
      vertex 40.0725 101.328 22.6
      vertex 39.8 100.45 22.6
      vertex 40.1827 100.374 22.6
    endloop
  endfacet
  facet normal 0 0 1
    outer loop
      vertex 39.6911 101.419 22.6
      vertex 39.8 100.45 22.6
      vertex 40.0725 101.328 22.6
    endloop
  endfacet
  facet normal 0 0 1
    outer loop
      vertex 39.3 101.45 22.6
      vertex 39.8 100.45 22.6
      vertex 39.6911 101.419 22.6
    endloop
  endfacet
  facet normal 0 0 1
    outer loop
      vertex 39.3 101.45 22.6
      vertex 32.8 100.45 22.6
      vertex 39.8 100.45 22.6
    endloop
  endfacet
  facet normal 0 0 1
    outer loop
      vertex 39.3 101.45 22.6
      vertex -32.8 100.45 22.6
      vertex 32.8 100.45 22.6
    endloop
  endfacet
  facet normal -0 0 1
    outer loop
      vertex -39.3 101.45 22.6
      vertex -32.8 100.45 22.6
      vertex 39.3 101.45 22.6
    endloop
  endfacet
  facet normal 0 0 1
    outer loop
      vertex -39.8 100.45 22.6
      vertex -39.3 101.45 22.6
      vertex -39.6911 101.419 22.6
    endloop
  endfacet
  facet normal 0 0 1
    outer loop
      vertex -39.3 101.45 22.6
      vertex -39.8 100.45 22.6
      vertex -32.8 100.45 22.6
    endloop
  endfacet
  facet normal -0 0 1
    outer loop
      vertex -40.0725 101.328 22.6
      vertex -39.8 100.45 22.6
      vertex -39.6911 101.419 22.6
    endloop
  endfacet
  facet normal 0 0 1
    outer loop
      vertex -40.0725 101.328 22.6
      vertex -40.1827 100.374 22.6
      vertex -39.8 100.45 22.6
    endloop
  endfacet
  facet normal -0 0 1
    outer loop
      vertex -40.435 101.178 22.6
      vertex -40.1827 100.374 22.6
      vertex -40.0725 101.328 22.6
    endloop
  endfacet
  facet normal -0 0 1
    outer loop
      vertex -40.7695 100.973 22.6
      vertex -40.1827 100.374 22.6
      vertex -40.435 101.178 22.6
    endloop
  endfacet
  facet normal 0 0 1
    outer loop
      vertex -40.1827 100.374 22.6
      vertex -40.7695 100.973 22.6
      vertex -40.5071 100.157 22.6
    endloop
  endfacet
  facet normal -0 0 1
    outer loop
      vertex -41.0678 100.718 22.6
      vertex -40.5071 100.157 22.6
      vertex -40.7695 100.973 22.6
    endloop
  endfacet
  facet normal -0 0 1
    outer loop
      vertex -41.3225 100.419 22.6
      vertex -40.5071 100.157 22.6
      vertex -41.0678 100.718 22.6
    endloop
  endfacet
  facet normal -0 0 1
    outer loop
      vertex -41.8 98.95 22.6
      vertex -40.8 92.45 22.6
      vertex -40.8 99.45 22.6
    endloop
  endfacet
  facet normal 0 0 1
    outer loop
      vertex -40.8 92.45 22.6
      vertex -41.8 98.95 22.6
      vertex -40.8 15.95 22.6
    endloop
  endfacet
  facet normal -0 0 1
    outer loop
      vertex -41.5275 100.085 22.6
      vertex -40.7239 99.8327 22.6
      vertex -41.3225 100.419 22.6
    endloop
  endfacet
  facet normal 0 0 1
    outer loop
      vertex -40.5071 100.157 22.6
      vertex -41.3225 100.419 22.6
      vertex -40.7239 99.8327 22.6
    endloop
  endfacet
  facet normal 0 0 1
    outer loop
      vertex 40.8 99.45 22.6
      vertex 41.8 98.95 22.6
      vertex 41.7692 99.3411 22.6
    endloop
  endfacet
  facet normal -0 0 1
    outer loop
      vertex 40.8 99.45 22.6
      vertex 41.7692 99.3411 22.6
      vertex 41.6776 99.7225 22.6
    endloop
  endfacet
  facet normal 0 0 1
    outer loop
      vertex 40.8 99.45 22.6
      vertex 41.6776 99.7225 22.6
      vertex 41.5275 100.085 22.6
    endloop
  endfacet
  facet normal 0 0 1
    outer loop
      vertex 40.8 99.45 22.6
      vertex 41.5275 100.085 22.6
      vertex 41.3225 100.419 22.6
    endloop
  endfacet
  facet normal 0 0 1
    outer loop
      vertex 40.8 99.45 22.6
      vertex 41.3225 100.419 22.6
      vertex 41.0678 100.718 22.6
    endloop
  endfacet
  facet normal 0 0 1
    outer loop
      vertex 41.8 98.95 22.6
      vertex 40.8 99.45 22.6
      vertex 40.8 92.45 22.6
    endloop
  endfacet
  facet normal 0 0 1
    outer loop
      vertex 41.8 98.95 22.6
      vertex 40.8 92.45 22.6
      vertex 41.8 91.2 22.6
    endloop
  endfacet
  facet normal -0 0 1
    outer loop
      vertex 40.8 92.4499 22.6
      vertex 41.8 91.2 22.6
      vertex 40.8 92.45 22.6
    endloop
  endfacet
  facet normal 0 0 1
    outer loop
      vertex 41.8 91.2 22.6
      vertex 40.8 92.4499 22.6
      vertex 40.8 91.2 22.6
    endloop
  endfacet
  facet normal 0 0 0
    outer loop
      vertex -40.8 92.45 22.6
      vertex -40.8 15.9501 22.6
      vertex -40.8 92.4499 22.6
    endloop
  endfacet
  facet normal 0 0 -0
    outer loop
      vertex -40.8 15.9501 22.6
      vertex -40.8 92.45 22.6
      vertex -40.8 15.95 22.6
    endloop
  endfacet
  facet normal -0 0 1
    outer loop
      vertex 40.8 15.95 22.6
      vertex 41.8 9.45 22.6
      vertex 41.8 17.2 22.6
    endloop
  endfacet
  facet normal 0 0 1
    outer loop
      vertex 40.8 8.95 22.6
      vertex 41.8 9.45 22.6
      vertex 40.8 15.95 22.6
    endloop
  endfacet
  facet normal 0 0 1
    outer loop
      vertex 41.8 9.45 22.6
      vertex 40.8 8.95 22.6
      vertex 41.7692 9.05892 22.6
    endloop
  endfacet
  facet normal 0 0 1
    outer loop
      vertex 41.7692 9.05892 22.6
      vertex 40.8 8.95 22.6
      vertex 41.6776 8.67746 22.6
    endloop
  endfacet
  facet normal 0 0 1
    outer loop
      vertex 41.6776 8.67746 22.6
      vertex 40.7239 8.56731 22.6
      vertex 41.5275 8.31504 22.6
    endloop
  endfacet
  facet normal 0 0 1
    outer loop
      vertex 40.7239 8.56731 22.6
      vertex 41.6776 8.67746 22.6
      vertex 40.8 8.95 22.6
    endloop
  endfacet
  facet normal 0 0 1
    outer loop
      vertex 40.8 15.9501 22.6
      vertex 41.8 17.2 22.6
      vertex 40.8 17.2 22.6
    endloop
  endfacet
  facet normal 0 0 1
    outer loop
      vertex 41.8 17.2 22.6
      vertex 40.8 15.9501 22.6
      vertex 40.8 15.95 22.6
    endloop
  endfacet
  facet normal 0 0 1
    outer loop
      vertex 41.5275 8.31504 22.6
      vertex 40.7239 8.56731 22.6
      vertex 41.3225 7.98055 22.6
    endloop
  endfacet
  facet normal -0 0 1
    outer loop
      vertex 40.5071 8.24289 22.6
      vertex 41.3225 7.98055 22.6
      vertex 40.7239 8.56731 22.6
    endloop
  endfacet
  facet normal 0 0 1
    outer loop
      vertex 41.3225 7.98055 22.6
      vertex 40.5071 8.24289 22.6
      vertex 41.0678 7.68224 22.6
    endloop
  endfacet
  facet normal 0 0 1
    outer loop
      vertex 41.0678 7.68224 22.6
      vertex 40.5071 8.24289 22.6
      vertex 40.7695 7.42746 22.6
    endloop
  endfacet
  facet normal -0 0 1
    outer loop
      vertex 40.1827 8.02613 22.6
      vertex 40.7695 7.42746 22.6
      vertex 40.5071 8.24289 22.6
    endloop
  endfacet
  facet normal 0 0 1
    outer loop
      vertex 40.7695 7.42746 22.6
      vertex 40.1827 8.02613 22.6
      vertex 40.435 7.22249 22.6
    endloop
  endfacet
  facet normal 0 0 1
    outer loop
      vertex 40.1827 8.02613 22.6
      vertex 40.0725 7.07236 22.6
      vertex 40.435 7.22249 22.6
    endloop
  endfacet
  facet normal -0 0 1
    outer loop
      vertex 39.8 7.95 22.6
      vertex 40.0725 7.07236 22.6
      vertex 40.1827 8.02613 22.6
    endloop
  endfacet
  facet normal 0 0 1
    outer loop
      vertex 39.8 7.95 22.6
      vertex 39.6911 6.98079 22.6
      vertex 40.0725 7.07236 22.6
    endloop
  endfacet
  facet normal 0 0 1
    outer loop
      vertex 39.8 7.95 22.6
      vertex 39.3 6.95 22.6
      vertex 39.6911 6.98079 22.6
    endloop
  endfacet
  facet normal -0 0 1
    outer loop
      vertex 32.8 7.95 22.6
      vertex 39.3 6.95 22.6
      vertex 39.8 7.95 22.6
    endloop
  endfacet
  facet normal -0 0 1
    outer loop
      vertex -32.8 7.95 22.6
      vertex 39.3 6.95 22.6
      vertex 32.8 7.95 22.6
    endloop
  endfacet
  facet normal 0 0 1
    outer loop
      vertex -32.8 7.95 22.6
      vertex -39.3 6.95 22.6
      vertex 39.3 6.95 22.6
    endloop
  endfacet
  facet normal -0 0 1
    outer loop
      vertex -39.8 7.95 22.6
      vertex -39.3 6.95 22.6
      vertex -32.8 7.95 22.6
    endloop
  endfacet
  facet normal 0 0 1
    outer loop
      vertex -39.3 6.95 22.6
      vertex -39.8 7.95 22.6
      vertex -39.6911 6.98079 22.6
    endloop
  endfacet
  facet normal 0 0 1
    outer loop
      vertex -39.8 7.95 22.6
      vertex -40.0725 7.07236 22.6
      vertex -39.6911 6.98079 22.6
    endloop
  endfacet
  facet normal 0 0 1
    outer loop
      vertex -40.1827 8.02613 22.6
      vertex -40.0725 7.07236 22.6
      vertex -39.8 7.95 22.6
    endloop
  endfacet
  facet normal 0 0 1
    outer loop
      vertex -40.1827 8.02613 22.6
      vertex -40.435 7.22249 22.6
      vertex -40.0725 7.07236 22.6
    endloop
  endfacet
  facet normal 0 0 1
    outer loop
      vertex -40.7695 7.42746 22.6
      vertex -40.1827 8.02613 22.6
      vertex -40.5071 8.24289 22.6
    endloop
  endfacet
  facet normal 0 0 1
    outer loop
      vertex -41.3225 7.98055 22.6
      vertex -40.5071 8.24289 22.6
      vertex -40.7239 8.56731 22.6
    endloop
  endfacet
  facet normal 0 0 1
    outer loop
      vertex -40.1827 8.02613 22.6
      vertex -40.7695 7.42746 22.6
      vertex -40.435 7.22249 22.6
    endloop
  endfacet
  facet normal -0 0 1
    outer loop
      vertex -41.6776 8.67746 22.6
      vertex -40.7239 8.56731 22.6
      vertex -40.8 8.95 22.6
    endloop
  endfacet
  facet normal 0 0 1
    outer loop
      vertex -40.5071 8.24289 22.6
      vertex -41.0678 7.68224 22.6
      vertex -40.7695 7.42746 22.6
    endloop
  endfacet
  facet normal 0 0 1
    outer loop
      vertex -41.8 9.45 22.6
      vertex -40.8 15.95 22.6
      vertex -41.8 98.95 22.6
    endloop
  endfacet
  facet normal 0 0 1
    outer loop
      vertex -41.6776 99.7225 22.6
      vertex -40.7239 99.8327 22.6
      vertex -41.5275 100.085 22.6
    endloop
  endfacet
  facet normal 0 0 1
    outer loop
      vertex -40.8 15.95 22.6
      vertex -41.8 9.45 22.6
      vertex -40.8 8.95 22.6
    endloop
  endfacet
  facet normal 0 0 1
    outer loop
      vertex -40.7239 99.8327 22.6
      vertex -41.6776 99.7225 22.6
      vertex -40.8 99.45 22.6
    endloop
  endfacet
  facet normal -0 -0 1
    outer loop
      vertex -41.7692 9.05892 22.6
      vertex -40.8 8.95 22.6
      vertex -41.8 9.45 22.6
    endloop
  endfacet
  facet normal 0 0 1
    outer loop
      vertex -41.7692 99.3411 22.6
      vertex -40.8 99.45 22.6
      vertex -41.6776 99.7225 22.6
    endloop
  endfacet
  facet normal 0 0 1
    outer loop
      vertex -40.5071 8.24289 22.6
      vertex -41.3225 7.98055 22.6
      vertex -41.0678 7.68224 22.6
    endloop
  endfacet
  facet normal 0 0 1
    outer loop
      vertex -40.8 99.45 22.6
      vertex -41.7692 99.3411 22.6
      vertex -41.8 98.95 22.6
    endloop
  endfacet
  facet normal 0 0 1
    outer loop
      vertex -40.7239 8.56731 22.6
      vertex -41.5275 8.31504 22.6
      vertex -41.3225 7.98055 22.6
    endloop
  endfacet
  facet normal 0 0 1
    outer loop
      vertex -40.7239 8.56731 22.6
      vertex -41.6776 8.67746 22.6
      vertex -41.5275 8.31504 22.6
    endloop
  endfacet
  facet normal 0 0 1
    outer loop
      vertex -40.8 8.95 22.6
      vertex -41.7692 9.05892 22.6
      vertex -41.6776 8.67746 22.6
    endloop
  endfacet
  facet normal -0 0 1
    outer loop
      vertex 40.8 81.2 22.6
      vertex 41.8 27.2 22.6
      vertex 41.8 81.2 22.6
    endloop
  endfacet
  facet normal 0 0 1
    outer loop
      vertex 41.8 27.2 22.6
      vertex 40.8 81.2 22.6
      vertex 40.8 27.2 22.6
    endloop
  endfacet
  facet normal -0.760508 0.649329 0
    outer loop
      vertex 41.0678 7.68224 22.6
      vertex 41.3225 7.98055 23.6
      vertex 41.3225 7.98055 22.6
    endloop
  endfacet
  facet normal -0.760508 0.649329 0
    outer loop
      vertex 41.3225 7.98055 23.6
      vertex 41.0678 7.68224 22.6
      vertex 41.0678 7.68224 23.6
    endloop
  endfacet
  facet normal -0.649459 0.760396 0
    outer loop
      vertex 41.0678 7.68224 22.6
      vertex 40.7695 7.42746 23.6
      vertex 41.0678 7.68224 23.6
    endloop
  endfacet
  facet normal -0.649459 0.760396 0
    outer loop
      vertex 40.7695 7.42746 23.6
      vertex 41.0678 7.68224 22.6
      vertex 40.7695 7.42746 22.6
    endloop
  endfacet
  facet normal 0 1 -0
    outer loop
      vertex 39.3 6.95 22.6
      vertex -39.3 6.95 23.6
      vertex 39.3 6.95 23.6
    endloop
  endfacet
  facet normal 0 1 0
    outer loop
      vertex -39.3 6.95 23.6
      vertex 39.3 6.95 22.6
      vertex -39.3 6.95 22.6
    endloop
  endfacet
  facet normal 1 -0 0
    outer loop
      vertex -41.8 9.45 23.6
      vertex -41.8 98.95 22.6
      vertex -41.8 98.95 23.6
    endloop
  endfacet
  facet normal 1 0 0
    outer loop
      vertex -41.8 98.95 22.6
      vertex -41.8 9.45 23.6
      vertex -41.8 9.45 22.6
    endloop
  endfacet
  facet normal 0 -1 0
    outer loop
      vertex -39.3 101.45 22.6
      vertex 39.3 101.45 23.6
      vertex -39.3 101.45 23.6
    endloop
  endfacet
  facet normal 0 -1 -0
    outer loop
      vertex 39.3 101.45 23.6
      vertex -39.3 101.45 22.6
      vertex 39.3 101.45 22.6
    endloop
  endfacet
  facet normal 0.0790158 -0.996873 0
    outer loop
      vertex -39.6911 101.419 22.6
      vertex -39.3 101.45 23.6
      vertex -39.6911 101.419 23.6
    endloop
  endfacet
  facet normal 0.0790158 -0.996873 0
    outer loop
      vertex -39.3 101.45 23.6
      vertex -39.6911 101.419 22.6
      vertex -39.3 101.45 22.6
    endloop
  endfacet
  facet normal -0.852613 0.522544 0
    outer loop
      vertex 41.3225 7.98055 22.6
      vertex 41.5275 8.31504 23.6
      vertex 41.5275 8.31504 22.6
    endloop
  endfacet
  facet normal -0.852613 0.522544 0
    outer loop
      vertex 41.5275 8.31504 23.6
      vertex 41.3225 7.98055 22.6
      vertex 41.3225 7.98055 23.6
    endloop
  endfacet
  facet normal -0.996913 0.0785132 0
    outer loop
      vertex 41.7692 9.05892 22.6
      vertex 41.8 9.45 23.6
      vertex 41.8 9.45 22.6
    endloop
  endfacet
  facet normal -0.996913 0.0785132 0
    outer loop
      vertex 41.8 9.45 23.6
      vertex 41.7692 9.05892 22.6
      vertex 41.7692 9.05892 23.6
    endloop
  endfacet
  facet normal 0.23208 -0.972697 0
    outer loop
      vertex -40.0725 101.328 22.6
      vertex -39.6911 101.419 23.6
      vertex -40.0725 101.328 23.6
    endloop
  endfacet
  facet normal 0.23208 -0.972697 0
    outer loop
      vertex -39.6911 101.419 23.6
      vertex -40.0725 101.328 22.6
      vertex -39.6911 101.419 22.6
    endloop
  endfacet
  facet normal 0.996913 0.0785132 0
    outer loop
      vertex -41.7692 9.05892 23.6
      vertex -41.8 9.45 22.6
      vertex -41.8 9.45 23.6
    endloop
  endfacet
  facet normal 0.996913 0.0785132 0
    outer loop
      vertex -41.8 9.45 22.6
      vertex -41.7692 9.05892 23.6
      vertex -41.7692 9.05892 22.6
    endloop
  endfacet
  facet normal 0.996913 -0.0785092 0
    outer loop
      vertex -41.8 98.95 23.6
      vertex -41.7692 99.3411 22.6
      vertex -41.7692 99.3411 23.6
    endloop
  endfacet
  facet normal 0.996913 -0.0785092 0
    outer loop
      vertex -41.7692 99.3411 22.6
      vertex -41.8 98.95 23.6
      vertex -41.8 98.95 22.6
    endloop
  endfacet
  facet normal 0.649784 -0.760119 0
    outer loop
      vertex -41.0678 100.718 22.6
      vertex -40.7695 100.973 23.6
      vertex -41.0678 100.718 23.6
    endloop
  endfacet
  facet normal 0.649784 -0.760119 0
    outer loop
      vertex -40.7695 100.973 23.6
      vertex -41.0678 100.718 22.6
      vertex -40.7695 100.973 22.6
    endloop
  endfacet
  facet normal -0.522477 0.852654 0
    outer loop
      vertex 40.7695 7.42746 22.6
      vertex 40.435 7.22249 23.6
      vertex 40.7695 7.42746 23.6
    endloop
  endfacet
  facet normal -0.522477 0.852654 0
    outer loop
      vertex 40.435 7.22249 23.6
      vertex 40.7695 7.42746 22.6
      vertex 40.435 7.22249 22.6
    endloop
  endfacet
  facet normal 0.760508 0.649329 0
    outer loop
      vertex -41.0678 7.68224 23.6
      vertex -41.3225 7.98055 22.6
      vertex -41.3225 7.98055 23.6
    endloop
  endfacet
  facet normal 0.760508 0.649329 0
    outer loop
      vertex -41.3225 7.98055 22.6
      vertex -41.0678 7.68224 23.6
      vertex -41.0678 7.68224 22.6
    endloop
  endfacet
  facet normal -0.233455 0.972368 0
    outer loop
      vertex 40.0725 7.07236 22.6
      vertex 39.6911 6.98079 23.6
      vertex 40.0725 7.07236 23.6
    endloop
  endfacet
  facet normal -0.233455 0.972368 0
    outer loop
      vertex 39.6911 6.98079 23.6
      vertex 40.0725 7.07236 22.6
      vertex 39.6911 6.98079 22.6
    endloop
  endfacet
  facet normal 0.761248 -0.648461 0
    outer loop
      vertex -41.3225 100.419 23.6
      vertex -41.0678 100.718 22.6
      vertex -41.0678 100.718 23.6
    endloop
  endfacet
  facet normal 0.761248 -0.648461 0
    outer loop
      vertex -41.0678 100.718 22.6
      vertex -41.3225 100.419 23.6
      vertex -41.3225 100.419 22.6
    endloop
  endfacet
  facet normal -0.972359 0.233492 0
    outer loop
      vertex 41.6776 8.67746 22.6
      vertex 41.7692 9.05892 23.6
      vertex 41.7692 9.05892 22.6
    endloop
  endfacet
  facet normal -0.972359 0.233492 0
    outer loop
      vertex 41.7692 9.05892 23.6
      vertex 41.6776 8.67746 22.6
      vertex 41.6776 8.67746 23.6
    endloop
  endfacet
  facet normal 0.233455 0.972368 -0
    outer loop
      vertex -39.6911 6.98079 22.6
      vertex -40.0725 7.07236 23.6
      vertex -39.6911 6.98079 23.6
    endloop
  endfacet
  facet normal 0.233455 0.972368 0
    outer loop
      vertex -40.0725 7.07236 23.6
      vertex -39.6911 6.98079 22.6
      vertex -40.0725 7.07236 22.6
    endloop
  endfacet
  facet normal 0.522532 -0.85262 0
    outer loop
      vertex -40.7695 100.973 22.6
      vertex -40.435 101.178 23.6
      vertex -40.7695 100.973 23.6
    endloop
  endfacet
  facet normal 0.522532 -0.85262 0
    outer loop
      vertex -40.435 101.178 23.6
      vertex -40.7695 100.973 22.6
      vertex -40.435 101.178 22.6
    endloop
  endfacet
  facet normal -0.0784838 0.996915 0
    outer loop
      vertex 39.6911 6.98079 22.6
      vertex 39.3 6.95 23.6
      vertex 39.6911 6.98079 23.6
    endloop
  endfacet
  facet normal -0.0784838 0.996915 0
    outer loop
      vertex 39.3 6.95 23.6
      vertex 39.6911 6.98079 22.6
      vertex 39.3 6.95 22.6
    endloop
  endfacet
  facet normal 0.97235 -0.233527 0
    outer loop
      vertex -41.7692 99.3411 23.6
      vertex -41.6776 99.7225 22.6
      vertex -41.6776 99.7225 23.6
    endloop
  endfacet
  facet normal 0.97235 -0.233527 0
    outer loop
      vertex -41.6776 99.7225 22.6
      vertex -41.7692 99.3411 23.6
      vertex -41.7692 99.3411 22.6
    endloop
  endfacet
  facet normal 0.972359 0.233492 0
    outer loop
      vertex -41.6776 8.67746 23.6
      vertex -41.7692 9.05892 22.6
      vertex -41.7692 9.05892 23.6
    endloop
  endfacet
  facet normal 0.972359 0.233492 0
    outer loop
      vertex -41.7692 9.05892 22.6
      vertex -41.6776 8.67746 23.6
      vertex -41.6776 8.67746 22.6
    endloop
  endfacet
  facet normal 0.923897 0.382641 0
    outer loop
      vertex -41.5275 8.31504 23.6
      vertex -41.6776 8.67746 22.6
      vertex -41.6776 8.67746 23.6
    endloop
  endfacet
  facet normal 0.923897 0.382641 0
    outer loop
      vertex -41.6776 8.67746 22.6
      vertex -41.5275 8.31504 23.6
      vertex -41.5275 8.31504 22.6
    endloop
  endfacet
  facet normal 0.0784838 0.996915 -0
    outer loop
      vertex -39.3 6.95 22.6
      vertex -39.6911 6.98079 23.6
      vertex -39.3 6.95 23.6
    endloop
  endfacet
  facet normal 0.0784838 0.996915 0
    outer loop
      vertex -39.6911 6.98079 23.6
      vertex -39.3 6.95 22.6
      vertex -39.6911 6.98079 22.6
    endloop
  endfacet
  facet normal 0.649459 0.760396 -0
    outer loop
      vertex -40.7695 7.42746 22.6
      vertex -41.0678 7.68224 23.6
      vertex -40.7695 7.42746 23.6
    endloop
  endfacet
  facet normal 0.649459 0.760396 0
    outer loop
      vertex -41.0678 7.68224 23.6
      vertex -40.7695 7.42746 22.6
      vertex -41.0678 7.68224 22.6
    endloop
  endfacet
  facet normal -0.0790158 -0.996873 0
    outer loop
      vertex 39.3 101.45 22.6
      vertex 39.6911 101.419 23.6
      vertex 39.3 101.45 23.6
    endloop
  endfacet
  facet normal -0.0790158 -0.996873 -0
    outer loop
      vertex 39.6911 101.419 23.6
      vertex 39.3 101.45 22.6
      vertex 39.6911 101.419 22.6
    endloop
  endfacet
  facet normal 0.852613 0.522544 0
    outer loop
      vertex -41.3225 7.98055 23.6
      vertex -41.5275 8.31504 22.6
      vertex -41.5275 8.31504 23.6
    endloop
  endfacet
  facet normal 0.852613 0.522544 0
    outer loop
      vertex -41.5275 8.31504 22.6
      vertex -41.3225 7.98055 23.6
      vertex -41.3225 7.98055 22.6
    endloop
  endfacet
  facet normal 0.382352 -0.924017 0
    outer loop
      vertex -40.435 101.178 22.6
      vertex -40.0725 101.328 23.6
      vertex -40.435 101.178 23.6
    endloop
  endfacet
  facet normal 0.382352 -0.924017 0
    outer loop
      vertex -40.0725 101.328 23.6
      vertex -40.435 101.178 22.6
      vertex -40.0725 101.328 22.6
    endloop
  endfacet
  facet normal -0.923927 -0.382569 0
    outer loop
      vertex 41.6776 99.7225 22.6
      vertex 41.5275 100.085 23.6
      vertex 41.5275 100.085 22.6
    endloop
  endfacet
  facet normal -0.923927 -0.382569 0
    outer loop
      vertex 41.5275 100.085 23.6
      vertex 41.6776 99.7225 22.6
      vertex 41.6776 99.7225 23.6
    endloop
  endfacet
  facet normal -0.649784 -0.760119 0
    outer loop
      vertex 40.7695 100.973 22.6
      vertex 41.0678 100.718 23.6
      vertex 40.7695 100.973 23.6
    endloop
  endfacet
  facet normal -0.649784 -0.760119 -0
    outer loop
      vertex 41.0678 100.718 23.6
      vertex 40.7695 100.973 22.6
      vertex 41.0678 100.718 22.6
    endloop
  endfacet
  facet normal -0.761248 -0.648461 0
    outer loop
      vertex 41.3225 100.419 22.6
      vertex 41.0678 100.718 23.6
      vertex 41.0678 100.718 22.6
    endloop
  endfacet
  facet normal -0.761248 -0.648461 0
    outer loop
      vertex 41.0678 100.718 23.6
      vertex 41.3225 100.419 22.6
      vertex 41.3225 100.419 23.6
    endloop
  endfacet
  facet normal 0.923927 -0.382569 0
    outer loop
      vertex -41.6776 99.7225 23.6
      vertex -41.5275 100.085 22.6
      vertex -41.5275 100.085 23.6
    endloop
  endfacet
  facet normal 0.923927 -0.382569 0
    outer loop
      vertex -41.5275 100.085 22.6
      vertex -41.6776 99.7225 23.6
      vertex -41.6776 99.7225 22.6
    endloop
  endfacet
  facet normal 0.382635 0.9239 -0
    outer loop
      vertex -40.0725 7.07236 22.6
      vertex -40.435 7.22249 23.6
      vertex -40.0725 7.07236 23.6
    endloop
  endfacet
  facet normal 0.382635 0.9239 0
    outer loop
      vertex -40.435 7.22249 23.6
      vertex -40.0725 7.07236 22.6
      vertex -40.435 7.22249 22.6
    endloop
  endfacet
  facet normal -0.522532 -0.85262 0
    outer loop
      vertex 40.435 101.178 22.6
      vertex 40.7695 100.973 23.6
      vertex 40.435 101.178 23.6
    endloop
  endfacet
  facet normal -0.522532 -0.85262 -0
    outer loop
      vertex 40.7695 100.973 23.6
      vertex 40.435 101.178 22.6
      vertex 40.7695 100.973 22.6
    endloop
  endfacet
  facet normal -0.382635 0.9239 0
    outer loop
      vertex 40.435 7.22249 22.6
      vertex 40.0725 7.07236 23.6
      vertex 40.435 7.22249 23.6
    endloop
  endfacet
  facet normal -0.382635 0.9239 0
    outer loop
      vertex 40.0725 7.07236 23.6
      vertex 40.435 7.22249 22.6
      vertex 40.0725 7.07236 22.6
    endloop
  endfacet
  facet normal -0.23208 -0.972697 0
    outer loop
      vertex 39.6911 101.419 22.6
      vertex 40.0725 101.328 23.6
      vertex 39.6911 101.419 23.6
    endloop
  endfacet
  facet normal -0.23208 -0.972697 -0
    outer loop
      vertex 40.0725 101.328 23.6
      vertex 39.6911 101.419 22.6
      vertex 40.0725 101.328 22.6
    endloop
  endfacet
  facet normal 0.831419 -0.555646 0
    outer loop
      vertex 40.5071 91.7429 23.6
      vertex 40.7239 92.0673 3.45
      vertex 40.7239 92.0673 23.6
    endloop
  endfacet
  facet normal 0.831419 -0.555646 0
    outer loop
      vertex 40.7239 92.0673 3.45
      vertex 40.5071 91.7429 23.6
      vertex 40.5071 91.7429 3.45
    endloop
  endfacet
  facet normal -0.83134 0.555765 0
    outer loop
      vertex 31.8761 99.8327 3.45
      vertex 32.0929 100.157 23.6
      vertex 32.0929 100.157 3.45
    endloop
  endfacet
  facet normal -0.83134 0.555765 0
    outer loop
      vertex 32.0929 100.157 23.6
      vertex 31.8761 99.8327 3.45
      vertex 31.8761 99.8327 23.6
    endloop
  endfacet
  facet normal -0.556 0.831182 0
    outer loop
      vertex 32.4173 100.374 3.45
      vertex 32.0929 100.157 23.6
      vertex 32.4173 100.374 23.6
    endloop
  endfacet
  facet normal -0.556 0.831182 0
    outer loop
      vertex 32.0929 100.157 23.6
      vertex 32.4173 100.374 3.45
      vertex 32.0929 100.157 3.45
    endloop
  endfacet
  facet normal -1 0 0
    outer loop
      vertex 31.8 92.45 3.45
      vertex 31.8 99.45 23.6
      vertex 31.8 99.45 3.45
    endloop
  endfacet
  facet normal -1 -0 0
    outer loop
      vertex 31.8 99.45 23.6
      vertex 31.8 92.45 3.45
      vertex 31.8 92.45 23.6
    endloop
  endfacet
  facet normal 0 -1 0
    outer loop
      vertex 32.8 91.45 3.45
      vertex 39.8 91.45 23.6
      vertex 32.8 91.45 23.6
    endloop
  endfacet
  facet normal 0 -1 -0
    outer loop
      vertex 39.8 91.45 23.6
      vertex 32.8 91.45 3.45
      vertex 39.8 91.45 3.45
    endloop
  endfacet
  facet normal -0.194785 0.980846 0
    outer loop
      vertex 32.8 100.45 22.6
      vertex 32.4173 100.374 23.6
      vertex 32.8 100.45 23.6
    endloop
  endfacet
  facet normal -0.194785 0.980846 0
    outer loop
      vertex 32.4173 100.374 3.45
      vertex 32.8 100.45 22.6
      vertex 32.8 100.45 3.45
    endloop
  endfacet
  facet normal -0.194785 0.980846 0
    outer loop
      vertex 32.8 100.45 22.6
      vertex 32.4173 100.374 3.45
      vertex 32.4173 100.374 23.6
    endloop
  endfacet
  facet normal 1 0 0
    outer loop
      vertex 40.8 92.45 23.6
      vertex 40.8 92.4499 22.6
      vertex 40.8 92.45 22.6
    endloop
  endfacet
  facet normal 0.980797 -0.195032 1.95032e-05
    outer loop
      vertex 40.7239 92.0673 23.6
      vertex 40.8 92.4499 22.6
      vertex 40.8 92.45 23.6
    endloop
  endfacet
  facet normal 0.980787 -0.195081 0
    outer loop
      vertex 40.7239 92.0673 3.45
      vertex 40.8 92.4499 22.6
      vertex 40.7239 92.0673 23.6
    endloop
  endfacet
  facet normal 0.980787 -0.195081 0
    outer loop
      vertex 40.8 92.4499 22.6
      vertex 40.7239 92.0673 3.45
      vertex 40.8 92.4499 3.45
    endloop
  endfacet
  facet normal 0.194785 0.980846 -0
    outer loop
      vertex 40.1827 100.374 22.6
      vertex 39.8 100.45 23.6
      vertex 40.1827 100.374 23.6
    endloop
  endfacet
  facet normal 0.194785 0.980846 0
    outer loop
      vertex 39.8 100.45 23.6
      vertex 40.1827 100.374 22.6
      vertex 39.8 100.45 22.6
    endloop
  endfacet
  facet normal -0.980797 0.195032 0
    outer loop
      vertex 31.8 99.45 3.45
      vertex 31.8761 99.8327 23.6
      vertex 31.8761 99.8327 3.45
    endloop
  endfacet
  facet normal -0.980797 0.195032 0
    outer loop
      vertex 31.8761 99.8327 23.6
      vertex 31.8 99.45 3.45
      vertex 31.8 99.45 23.6
    endloop
  endfacet
  facet normal 0 0 1
    outer loop
      vertex 39.8 100.45 23.6
      vertex 40.8 99.45 23.6
      vertex 40.7239 99.8327 23.6
    endloop
  endfacet
  facet normal 0 0 1
    outer loop
      vertex 40.8 99.45 23.6
      vertex 38.6 95.95 23.6
      vertex 40.8 92.45 23.6
    endloop
  endfacet
  facet normal 0 0 1
    outer loop
      vertex 39.8 100.45 23.6
      vertex 40.7239 99.8327 23.6
      vertex 40.5071 100.157 23.6
    endloop
  endfacet
  facet normal -0 0 1
    outer loop
      vertex 38.5755 95.6537 23.6
      vertex 40.8 92.45 23.6
      vertex 38.6 95.95 23.6
    endloop
  endfacet
  facet normal 0 0 1
    outer loop
      vertex 39.8 100.45 23.6
      vertex 40.5071 100.157 23.6
      vertex 40.1827 100.374 23.6
    endloop
  endfacet
  facet normal -0 0 1
    outer loop
      vertex 38.5686 95.5714 23.6
      vertex 40.8 92.45 23.6
      vertex 38.5755 95.6537 23.6
    endloop
  endfacet
  facet normal 0 0 1
    outer loop
      vertex 37.8577 97.6422 23.6
      vertex 40.8 99.45 23.6
      vertex 39.8 100.45 23.6
    endloop
  endfacet
  facet normal -0 0 1
    outer loop
      vertex 38.4957 95.2832 23.6
      vertex 40.8 92.45 23.6
      vertex 38.5686 95.5714 23.6
    endloop
  endfacet
  facet normal -0 0 1
    outer loop
      vertex 38.4754 95.2032 23.6
      vertex 40.8 92.45 23.6
      vertex 38.4957 95.2832 23.6
    endloop
  endfacet
  facet normal 0 0 1
    outer loop
      vertex 40.8 99.45 23.6
      vertex 38.5755 96.2463 23.6
      vertex 38.6 95.95 23.6
    endloop
  endfacet
  facet normal 0 0 1
    outer loop
      vertex 40.8 99.45 23.6
      vertex 38.5686 96.3286 23.6
      vertex 38.5755 96.2463 23.6
    endloop
  endfacet
  facet normal 0 0 1
    outer loop
      vertex 40.8 99.45 23.6
      vertex 38.4957 96.6168 23.6
      vertex 38.5686 96.3286 23.6
    endloop
  endfacet
  facet normal 0 0 1
    outer loop
      vertex 40.8 99.45 23.6
      vertex 38.4754 96.6968 23.6
      vertex 38.4957 96.6168 23.6
    endloop
  endfacet
  facet normal 0 0 1
    outer loop
      vertex 40.8 99.45 23.6
      vertex 38.4422 96.7724 23.6
      vertex 38.4754 96.6968 23.6
    endloop
  endfacet
  facet normal 0 0 1
    outer loop
      vertex 40.8 99.45 23.6
      vertex 38.3228 97.0447 23.6
      vertex 38.4422 96.7724 23.6
    endloop
  endfacet
  facet normal 0 0 1
    outer loop
      vertex 40.8 99.45 23.6
      vertex 38.1602 97.2936 23.6
      vertex 38.3228 97.0447 23.6
    endloop
  endfacet
  facet normal 0 0 1
    outer loop
      vertex 40.8 99.45 23.6
      vertex 38.115 97.3627 23.6
      vertex 38.1602 97.2936 23.6
    endloop
  endfacet
  facet normal 0 0 1
    outer loop
      vertex 40.8 99.45 23.6
      vertex 38.0591 97.4234 23.6
      vertex 38.115 97.3627 23.6
    endloop
  endfacet
  facet normal 0 0 1
    outer loop
      vertex 40.8 99.45 23.6
      vertex 37.8577 97.6422 23.6
      vertex 38.0591 97.4234 23.6
    endloop
  endfacet
  facet normal 0 0 1
    outer loop
      vertex 39.8 100.45 23.6
      vertex 37.6231 97.8248 23.6
      vertex 37.8577 97.6422 23.6
    endloop
  endfacet
  facet normal 0 0 1
    outer loop
      vertex 39.8 100.45 23.6
      vertex 37.558 97.8755 23.6
      vertex 37.6231 97.8248 23.6
    endloop
  endfacet
  facet normal 0 0 1
    outer loop
      vertex 39.8 100.45 23.6
      vertex 37.2965 98.017 23.6
      vertex 37.558 97.8755 23.6
    endloop
  endfacet
  facet normal 0 0 1
    outer loop
      vertex 39.8 100.45 23.6
      vertex 37.2239 98.0563 23.6
      vertex 37.2965 98.017 23.6
    endloop
  endfacet
  facet normal 0 0 1
    outer loop
      vertex 39.8 100.45 23.6
      vertex 37.1458 98.0831 23.6
      vertex 37.2239 98.0563 23.6
    endloop
  endfacet
  facet normal 0 0 1
    outer loop
      vertex 39.8 100.45 23.6
      vertex 36.8646 98.1796 23.6
      vertex 37.1458 98.0831 23.6
    endloop
  endfacet
  facet normal 0 0 1
    outer loop
      vertex 39.8 100.45 23.6
      vertex 36.7832 98.1932 23.6
      vertex 36.8646 98.1796 23.6
    endloop
  endfacet
  facet normal 0 0 1
    outer loop
      vertex 39.8 100.45 23.6
      vertex 36.4899 98.2421 23.6
      vertex 36.7832 98.1932 23.6
    endloop
  endfacet
  facet normal 0 0 1
    outer loop
      vertex 39.8 100.45 23.6
      vertex 36.1101 98.2421 23.6
      vertex 36.4899 98.2421 23.6
    endloop
  endfacet
  facet normal -0 0 1
    outer loop
      vertex 32.8 100.45 23.6
      vertex 36.1101 98.2421 23.6
      vertex 39.8 100.45 23.6
    endloop
  endfacet
  facet normal 0 0 1
    outer loop
      vertex 36.1101 98.2421 23.6
      vertex 32.8 100.45 23.6
      vertex 35.8168 98.1932 23.6
    endloop
  endfacet
  facet normal 0 0 1
    outer loop
      vertex 35.8168 98.1932 23.6
      vertex 32.8 100.45 23.6
      vertex 35.7354 98.1796 23.6
    endloop
  endfacet
  facet normal 0 0 1
    outer loop
      vertex 35.7354 98.1796 23.6
      vertex 32.8 100.45 23.6
      vertex 35.4542 98.0831 23.6
    endloop
  endfacet
  facet normal 0 0 1
    outer loop
      vertex 31.8 99.45 23.6
      vertex 34.0246 96.2463 23.6
      vertex 34.0314 96.3286 23.6
    endloop
  endfacet
  facet normal 0 0 1
    outer loop
      vertex 34.1043 96.6168 23.6
      vertex 31.8 99.45 23.6
      vertex 34.0314 96.3286 23.6
    endloop
  endfacet
  facet normal 0 0 1
    outer loop
      vertex 34.1246 96.6968 23.6
      vertex 31.8 99.45 23.6
      vertex 34.1043 96.6168 23.6
    endloop
  endfacet
  facet normal 0 0 1
    outer loop
      vertex 34.1578 96.7724 23.6
      vertex 31.8 99.45 23.6
      vertex 34.1246 96.6968 23.6
    endloop
  endfacet
  facet normal 0 0 1
    outer loop
      vertex 34.2772 97.0447 23.6
      vertex 31.8 99.45 23.6
      vertex 34.1578 96.7724 23.6
    endloop
  endfacet
  facet normal 0 0 1
    outer loop
      vertex 34.4398 97.2936 23.6
      vertex 31.8 99.45 23.6
      vertex 34.2772 97.0447 23.6
    endloop
  endfacet
  facet normal 0 0 1
    outer loop
      vertex 34.485 97.3627 23.6
      vertex 31.8 99.45 23.6
      vertex 34.4398 97.2936 23.6
    endloop
  endfacet
  facet normal 0 0 1
    outer loop
      vertex 34.5409 97.4234 23.6
      vertex 31.8 99.45 23.6
      vertex 34.485 97.3627 23.6
    endloop
  endfacet
  facet normal 0 0 1
    outer loop
      vertex 34.7423 97.6422 23.6
      vertex 31.8 99.45 23.6
      vertex 34.5409 97.4234 23.6
    endloop
  endfacet
  facet normal -0 0 1
    outer loop
      vertex 31.8 99.45 23.6
      vertex 34.7423 97.6422 23.6
      vertex 32.8 100.45 23.6
    endloop
  endfacet
  facet normal 0 0 1
    outer loop
      vertex 34.9769 97.8248 23.6
      vertex 32.8 100.45 23.6
      vertex 34.7423 97.6422 23.6
    endloop
  endfacet
  facet normal 0 0 1
    outer loop
      vertex 35.042 97.8755 23.6
      vertex 32.8 100.45 23.6
      vertex 34.9769 97.8248 23.6
    endloop
  endfacet
  facet normal 0 0 1
    outer loop
      vertex 35.3035 98.017 23.6
      vertex 32.8 100.45 23.6
      vertex 35.042 97.8755 23.6
    endloop
  endfacet
  facet normal 0 0 1
    outer loop
      vertex 35.3761 98.0563 23.6
      vertex 32.8 100.45 23.6
      vertex 35.3035 98.017 23.6
    endloop
  endfacet
  facet normal 0 0 1
    outer loop
      vertex 35.4542 98.0831 23.6
      vertex 32.8 100.45 23.6
      vertex 35.3761 98.0563 23.6
    endloop
  endfacet
  facet normal -0 0 1
    outer loop
      vertex 38.4422 95.1276 23.6
      vertex 40.8 92.45 23.6
      vertex 38.4754 95.2032 23.6
    endloop
  endfacet
  facet normal -0 0 1
    outer loop
      vertex 38.3228 94.8553 23.6
      vertex 40.8 92.45 23.6
      vertex 38.4422 95.1276 23.6
    endloop
  endfacet
  facet normal -0 0 1
    outer loop
      vertex 38.1602 94.6064 23.6
      vertex 40.8 92.45 23.6
      vertex 38.3228 94.8553 23.6
    endloop
  endfacet
  facet normal -0 0 1
    outer loop
      vertex 38.115 94.5373 23.6
      vertex 40.8 92.45 23.6
      vertex 38.1602 94.6064 23.6
    endloop
  endfacet
  facet normal -0 0 1
    outer loop
      vertex 38.0591 94.4766 23.6
      vertex 40.8 92.45 23.6
      vertex 38.115 94.5373 23.6
    endloop
  endfacet
  facet normal -0 0 1
    outer loop
      vertex 37.8577 94.2578 23.6
      vertex 40.8 92.45 23.6
      vertex 38.0591 94.4766 23.6
    endloop
  endfacet
  facet normal 0 0 1
    outer loop
      vertex 40.7239 92.0673 23.6
      vertex 39.8 91.45 23.6
      vertex 40.5071 91.7429 23.6
    endloop
  endfacet
  facet normal 0 0 1
    outer loop
      vertex 40.5071 91.7429 23.6
      vertex 39.8 91.45 23.6
      vertex 40.1827 91.5261 23.6
    endloop
  endfacet
  facet normal 0 0 1
    outer loop
      vertex 40.8 92.45 23.6
      vertex 39.8 91.45 23.6
      vertex 40.7239 92.0673 23.6
    endloop
  endfacet
  facet normal 0 0 1
    outer loop
      vertex 40.8 92.45 23.6
      vertex 37.8577 94.2578 23.6
      vertex 39.8 91.45 23.6
    endloop
  endfacet
  facet normal -0 0 1
    outer loop
      vertex 37.6231 94.0752 23.6
      vertex 39.8 91.45 23.6
      vertex 37.8577 94.2578 23.6
    endloop
  endfacet
  facet normal -0 0 1
    outer loop
      vertex 37.558 94.0245 23.6
      vertex 39.8 91.45 23.6
      vertex 37.6231 94.0752 23.6
    endloop
  endfacet
  facet normal -0 0 1
    outer loop
      vertex 37.2965 93.883 23.6
      vertex 39.8 91.45 23.6
      vertex 37.558 94.0245 23.6
    endloop
  endfacet
  facet normal -0 0 1
    outer loop
      vertex 37.2239 93.8437 23.6
      vertex 39.8 91.45 23.6
      vertex 37.2965 93.883 23.6
    endloop
  endfacet
  facet normal -0 0 1
    outer loop
      vertex 37.1458 93.8169 23.6
      vertex 39.8 91.45 23.6
      vertex 37.2239 93.8437 23.6
    endloop
  endfacet
  facet normal -0 0 1
    outer loop
      vertex 36.8646 93.7204 23.6
      vertex 39.8 91.45 23.6
      vertex 37.1458 93.8169 23.6
    endloop
  endfacet
  facet normal -0 0 1
    outer loop
      vertex 36.7832 93.7068 23.6
      vertex 39.8 91.45 23.6
      vertex 36.8646 93.7204 23.6
    endloop
  endfacet
  facet normal -0 0 1
    outer loop
      vertex 36.4899 93.6579 23.6
      vertex 39.8 91.45 23.6
      vertex 36.7832 93.7068 23.6
    endloop
  endfacet
  facet normal -0 0 1
    outer loop
      vertex 36.1101 93.6579 23.6
      vertex 39.8 91.45 23.6
      vertex 36.4899 93.6579 23.6
    endloop
  endfacet
  facet normal 0 0 1
    outer loop
      vertex 32.8 91.45 23.6
      vertex 36.1101 93.6579 23.6
      vertex 35.8168 93.7068 23.6
    endloop
  endfacet
  facet normal 0 0 1
    outer loop
      vertex 32.8 91.45 23.6
      vertex 35.8168 93.7068 23.6
      vertex 35.7354 93.7204 23.6
    endloop
  endfacet
  facet normal 0 0 1
    outer loop
      vertex 32.8 91.45 23.6
      vertex 35.7354 93.7204 23.6
      vertex 35.4542 93.8169 23.6
    endloop
  endfacet
  facet normal 0 0 1
    outer loop
      vertex 32.8 91.45 23.6
      vertex 35.4542 93.8169 23.6
      vertex 35.3761 93.8437 23.6
    endloop
  endfacet
  facet normal 0 0 1
    outer loop
      vertex 32.8 91.45 23.6
      vertex 35.3035 93.883 23.6
      vertex 35.042 94.0245 23.6
    endloop
  endfacet
  facet normal 0 0 1
    outer loop
      vertex 31.8 92.45 23.6
      vertex 34.0246 95.6537 23.6
      vertex 34 95.95 23.6
    endloop
  endfacet
  facet normal 0 0 1
    outer loop
      vertex 34.0246 96.2463 23.6
      vertex 31.8 99.45 23.6
      vertex 34 95.95 23.6
    endloop
  endfacet
  facet normal 0 0 1
    outer loop
      vertex 36.1101 93.6579 23.6
      vertex 32.8 91.45 23.6
      vertex 39.8 91.45 23.6
    endloop
  endfacet
  facet normal 0 0 1
    outer loop
      vertex 35.3035 93.883 23.6
      vertex 32.8 91.45 23.6
      vertex 35.3761 93.8437 23.6
    endloop
  endfacet
  facet normal 0 0 1
    outer loop
      vertex 34.9769 94.0752 23.6
      vertex 32.8 91.45 23.6
      vertex 35.042 94.0245 23.6
    endloop
  endfacet
  facet normal 0 0 1
    outer loop
      vertex 34.7423 94.2578 23.6
      vertex 32.8 91.45 23.6
      vertex 34.9769 94.0752 23.6
    endloop
  endfacet
  facet normal 0 0 1
    outer loop
      vertex 31.8 92.45 23.6
      vertex 34.7423 94.2578 23.6
      vertex 34.5409 94.4766 23.6
    endloop
  endfacet
  facet normal 0 0 1
    outer loop
      vertex 31.8 92.45 23.6
      vertex 34.5409 94.4766 23.6
      vertex 34.485 94.5373 23.6
    endloop
  endfacet
  facet normal 0 0 1
    outer loop
      vertex 31.8 92.45 23.6
      vertex 34.485 94.5373 23.6
      vertex 34.4398 94.6064 23.6
    endloop
  endfacet
  facet normal 0 0 1
    outer loop
      vertex 31.8 92.45 23.6
      vertex 34.4398 94.6064 23.6
      vertex 34.2772 94.8553 23.6
    endloop
  endfacet
  facet normal 0 0 1
    outer loop
      vertex 31.8 92.45 23.6
      vertex 34.2772 94.8553 23.6
      vertex 34.1578 95.1276 23.6
    endloop
  endfacet
  facet normal 0 0 1
    outer loop
      vertex 31.8 92.45 23.6
      vertex 34.1578 95.1276 23.6
      vertex 34.1246 95.2032 23.6
    endloop
  endfacet
  facet normal 0 0 1
    outer loop
      vertex 31.8 92.45 23.6
      vertex 34.1246 95.2032 23.6
      vertex 34.1043 95.2832 23.6
    endloop
  endfacet
  facet normal 0 0 1
    outer loop
      vertex 31.8 92.45 23.6
      vertex 34.1043 95.2832 23.6
      vertex 34.0314 95.5714 23.6
    endloop
  endfacet
  facet normal 0 0 1
    outer loop
      vertex 31.8 92.45 23.6
      vertex 34 95.95 23.6
      vertex 31.8 99.45 23.6
    endloop
  endfacet
  facet normal 0 0 1
    outer loop
      vertex 31.8 99.45 23.6
      vertex 32.8 100.45 23.6
      vertex 32.4173 100.374 23.6
    endloop
  endfacet
  facet normal 0 0 1
    outer loop
      vertex 34.0246 95.6537 23.6
      vertex 31.8 92.45 23.6
      vertex 34.0314 95.5714 23.6
    endloop
  endfacet
  facet normal 0 0 1
    outer loop
      vertex 31.8 99.45 23.6
      vertex 32.4173 100.374 23.6
      vertex 32.0929 100.157 23.6
    endloop
  endfacet
  facet normal 0 0 1
    outer loop
      vertex 34.7423 94.2578 23.6
      vertex 31.8 92.45 23.6
      vertex 32.8 91.45 23.6
    endloop
  endfacet
  facet normal 0 0 1
    outer loop
      vertex 31.8 99.45 23.6
      vertex 32.0929 100.157 23.6
      vertex 31.8761 99.8327 23.6
    endloop
  endfacet
  facet normal 0 0 1
    outer loop
      vertex 32.8 91.45 23.6
      vertex 31.8 92.45 23.6
      vertex 32.4173 91.5261 23.6
    endloop
  endfacet
  facet normal 0 0 1
    outer loop
      vertex 32.4173 91.5261 23.6
      vertex 31.8 92.45 23.6
      vertex 32.0929 91.7429 23.6
    endloop
  endfacet
  facet normal 0 0 1
    outer loop
      vertex 32.0929 91.7429 23.6
      vertex 31.8 92.45 23.6
      vertex 31.8761 92.0673 23.6
    endloop
  endfacet
  facet normal 0.83134 0.555765 0
    outer loop
      vertex 40.7239 99.8327 23.6
      vertex 40.5071 100.157 22.6
      vertex 40.5071 100.157 23.6
    endloop
  endfacet
  facet normal 0.83134 0.555765 0
    outer loop
      vertex 40.5071 100.157 22.6
      vertex 40.7239 99.8327 23.6
      vertex 40.7239 99.8327 22.6
    endloop
  endfacet
  facet normal -0.980797 -0.195032 0
    outer loop
      vertex 31.8761 92.0673 3.45
      vertex 31.8 92.45 23.6
      vertex 31.8 92.45 3.45
    endloop
  endfacet
  facet normal -0.980797 -0.195032 0
    outer loop
      vertex 31.8 92.45 23.6
      vertex 31.8761 92.0673 3.45
      vertex 31.8761 92.0673 23.6
    endloop
  endfacet
  facet normal 0.195032 -0.980797 0
    outer loop
      vertex 39.8 91.45 3.45
      vertex 40.1827 91.5261 23.6
      vertex 39.8 91.45 23.6
    endloop
  endfacet
  facet normal 0.195032 -0.980797 0
    outer loop
      vertex 40.1827 91.5261 23.6
      vertex 39.8 91.45 3.45
      vertex 40.1827 91.5261 3.45
    endloop
  endfacet
  facet normal 0.556 0.831182 -0
    outer loop
      vertex 40.5071 100.157 22.6
      vertex 40.1827 100.374 23.6
      vertex 40.5071 100.157 23.6
    endloop
  endfacet
  facet normal 0.556 0.831182 0
    outer loop
      vertex 40.1827 100.374 23.6
      vertex 40.5071 100.157 22.6
      vertex 40.1827 100.374 22.6
    endloop
  endfacet
  facet normal 1 -0 0
    outer loop
      vertex 40.8 92.45 23.6
      vertex 40.8 99.45 22.6
      vertex 40.8 99.45 23.6
    endloop
  endfacet
  facet normal 1 0 0
    outer loop
      vertex 40.8 99.45 22.6
      vertex 40.8 92.45 23.6
      vertex 40.8 92.45 22.6
    endloop
  endfacet
  facet normal -0.195032 -0.980797 0
    outer loop
      vertex 32.4173 91.5261 3.45
      vertex 32.8 91.45 23.6
      vertex 32.4173 91.5261 23.6
    endloop
  endfacet
  facet normal -0.195032 -0.980797 -0
    outer loop
      vertex 32.8 91.45 23.6
      vertex 32.4173 91.5261 3.45
      vertex 32.8 91.45 3.45
    endloop
  endfacet
  facet normal -0.831419 -0.555646 0
    outer loop
      vertex 32.0929 91.7429 3.45
      vertex 31.8761 92.0673 23.6
      vertex 31.8761 92.0673 3.45
    endloop
  endfacet
  facet normal -0.831419 -0.555646 0
    outer loop
      vertex 31.8761 92.0673 23.6
      vertex 32.0929 91.7429 3.45
      vertex 32.0929 91.7429 23.6
    endloop
  endfacet
  facet normal 0.555646 -0.831419 0
    outer loop
      vertex 40.1827 91.5261 3.45
      vertex 40.5071 91.7429 23.6
      vertex 40.1827 91.5261 23.6
    endloop
  endfacet
  facet normal 0.555646 -0.831419 0
    outer loop
      vertex 40.5071 91.7429 23.6
      vertex 40.1827 91.5261 3.45
      vertex 40.5071 91.7429 3.45
    endloop
  endfacet
  facet normal -0.555646 -0.831419 0
    outer loop
      vertex 32.0929 91.7429 3.45
      vertex 32.4173 91.5261 23.6
      vertex 32.0929 91.7429 23.6
    endloop
  endfacet
  facet normal -0.555646 -0.831419 -0
    outer loop
      vertex 32.4173 91.5261 23.6
      vertex 32.0929 91.7429 3.45
      vertex 32.4173 91.5261 3.45
    endloop
  endfacet
  facet normal 0.980797 0.195032 0
    outer loop
      vertex 40.8 99.45 23.6
      vertex 40.7239 99.8327 22.6
      vertex 40.7239 99.8327 23.6
    endloop
  endfacet
  facet normal 0.980797 0.195032 0
    outer loop
      vertex 40.7239 99.8327 22.6
      vertex 40.8 99.45 23.6
      vertex 40.8 99.45 22.6
    endloop
  endfacet
  facet normal 0 0 -1
    outer loop
      vertex 39.8 91.45 3.45
      vertex 40.8 98.95 3.45
      vertex 40.8 92.4499 3.45
    endloop
  endfacet
  facet normal 0 0 -1
    outer loop
      vertex 39.8 91.45 3.45
      vertex 40.8 92.4499 3.45
      vertex 40.7239 92.0673 3.45
    endloop
  endfacet
  facet normal 0 0 -1
    outer loop
      vertex 32.8 91.45 3.45
      vertex 40.8 98.95 3.45
      vertex 39.8 91.45 3.45
    endloop
  endfacet
  facet normal 0 0 -1
    outer loop
      vertex 39.8 91.45 3.45
      vertex 40.7239 92.0673 3.45
      vertex 40.5071 91.7429 3.45
    endloop
  endfacet
  facet normal 0 0 -1
    outer loop
      vertex 40.8 98.95 3.45
      vertex 39.3 100.45 3.45
      vertex 40.7489 99.3382 3.45
    endloop
  endfacet
  facet normal 0 0 -1
    outer loop
      vertex 39.8 91.45 3.45
      vertex 40.5071 91.7429 3.45
      vertex 40.1827 91.5261 3.45
    endloop
  endfacet
  facet normal 0 0 -1
    outer loop
      vertex 40.7489 99.3382 3.45
      vertex 39.3 100.45 3.45
      vertex 40.599 99.7 3.45
    endloop
  endfacet
  facet normal 0 0 -1
    outer loop
      vertex 40.599 99.7 3.45
      vertex 39.3 100.45 3.45
      vertex 40.3607 100.011 3.45
    endloop
  endfacet
  facet normal 0 0 -1
    outer loop
      vertex 40.3607 100.011 3.45
      vertex 39.3 100.45 3.45
      vertex 40.05 100.249 3.45
    endloop
  endfacet
  facet normal 0 0 -1
    outer loop
      vertex 40.05 100.249 3.45
      vertex 39.3 100.45 3.45
      vertex 39.6882 100.399 3.45
    endloop
  endfacet
  facet normal -0 0 -1
    outer loop
      vertex 40.8 98.95 3.45
      vertex 32.8 91.45 3.45
      vertex 39.3 100.45 3.45
    endloop
  endfacet
  facet normal 0 0 -1
    outer loop
      vertex 31.8 92.45 3.45
      vertex 39.3 100.45 3.45
      vertex 32.8 91.45 3.45
    endloop
  endfacet
  facet normal 0 0 -1
    outer loop
      vertex 31.8 92.45 3.45
      vertex 32.8 91.45 3.45
      vertex 32.4173 91.5261 3.45
    endloop
  endfacet
  facet normal 0 0 -1
    outer loop
      vertex 31.8 99.45 3.45
      vertex 39.3 100.45 3.45
      vertex 31.8 92.45 3.45
    endloop
  endfacet
  facet normal 0 0 -1
    outer loop
      vertex 31.8 92.45 3.45
      vertex 32.4173 91.5261 3.45
      vertex 32.0929 91.7429 3.45
    endloop
  endfacet
  facet normal -0 0 -1
    outer loop
      vertex 39.3 100.45 3.45
      vertex 31.8 99.45 3.45
      vertex 32.8 100.45 3.45
    endloop
  endfacet
  facet normal 0 0 -1
    outer loop
      vertex 31.8 92.45 3.45
      vertex 32.0929 91.7429 3.45
      vertex 31.8761 92.0673 3.45
    endloop
  endfacet
  facet normal 0 0 -1
    outer loop
      vertex 32.8 100.45 3.45
      vertex 31.8 99.45 3.45
      vertex 32.4173 100.374 3.45
    endloop
  endfacet
  facet normal 0 0 -1
    outer loop
      vertex 32.4173 100.374 3.45
      vertex 31.8 99.45 3.45
      vertex 32.0929 100.157 3.45
    endloop
  endfacet
  facet normal 0 0 -1
    outer loop
      vertex 32.0929 100.157 3.45
      vertex 31.8 99.45 3.45
      vertex 31.8761 99.8327 3.45
    endloop
  endfacet
  facet normal 0.831435 -0.555622 0
    outer loop
      vertex 40.5071 8.24289 23.6
      vertex 40.7239 8.56731 22.6
      vertex 40.7239 8.56731 23.6
    endloop
  endfacet
  facet normal 0.831435 -0.555622 0
    outer loop
      vertex 40.7239 8.56731 22.6
      vertex 40.5071 8.24289 23.6
      vertex 40.5071 8.24289 22.6
    endloop
  endfacet
  facet normal -0.831419 0.555646 0
    outer loop
      vertex 31.8761 16.3327 3.45
      vertex 32.0929 16.6571 23.6
      vertex 32.0929 16.6571 3.45
    endloop
  endfacet
  facet normal -0.831419 0.555646 0
    outer loop
      vertex 32.0929 16.6571 23.6
      vertex 31.8761 16.3327 3.45
      vertex 31.8761 16.3327 23.6
    endloop
  endfacet
  facet normal -0.555646 0.831419 0
    outer loop
      vertex 32.4173 16.8739 3.45
      vertex 32.0929 16.6571 23.6
      vertex 32.4173 16.8739 23.6
    endloop
  endfacet
  facet normal -0.555646 0.831419 0
    outer loop
      vertex 32.0929 16.6571 23.6
      vertex 32.4173 16.8739 3.45
      vertex 32.0929 16.6571 3.45
    endloop
  endfacet
  facet normal -1 0 0
    outer loop
      vertex 31.8 8.95 3.45
      vertex 31.8 15.95 23.6
      vertex 31.8 15.95 3.45
    endloop
  endfacet
  facet normal -1 -0 0
    outer loop
      vertex 31.8 15.95 23.6
      vertex 31.8 8.95 3.45
      vertex 31.8 8.95 23.6
    endloop
  endfacet
  facet normal -0.195032 0.980797 0
    outer loop
      vertex 32.8 16.95 3.45
      vertex 32.4173 16.8739 23.6
      vertex 32.8 16.95 23.6
    endloop
  endfacet
  facet normal -0.195032 0.980797 0
    outer loop
      vertex 32.4173 16.8739 23.6
      vertex 32.8 16.95 3.45
      vertex 32.4173 16.8739 3.45
    endloop
  endfacet
  facet normal 0 1 -0
    outer loop
      vertex 39.8 16.95 3.45
      vertex 32.8 16.95 23.6
      vertex 39.8 16.95 23.6
    endloop
  endfacet
  facet normal 0 1 0
    outer loop
      vertex 32.8 16.95 23.6
      vertex 39.8 16.95 3.45
      vertex 32.8 16.95 3.45
    endloop
  endfacet
  facet normal 0.980796 -0.195037 0
    outer loop
      vertex 40.7239 8.56731 23.6
      vertex 40.8 8.95 22.6
      vertex 40.8 8.95 23.6
    endloop
  endfacet
  facet normal 0.980796 -0.195037 0
    outer loop
      vertex 40.8 8.95 22.6
      vertex 40.7239 8.56731 23.6
      vertex 40.7239 8.56731 22.6
    endloop
  endfacet
  facet normal 0.195032 0.980797 -0
    outer loop
      vertex 40.1827 16.8739 3.45
      vertex 39.8 16.95 23.6
      vertex 40.1827 16.8739 23.6
    endloop
  endfacet
  facet normal 0.195032 0.980797 0
    outer loop
      vertex 39.8 16.95 23.6
      vertex 40.1827 16.8739 3.45
      vertex 39.8 16.95 3.45
    endloop
  endfacet
  facet normal -0.980797 0.195032 0
    outer loop
      vertex 31.8 15.95 3.45
      vertex 31.8761 16.3327 23.6
      vertex 31.8761 16.3327 3.45
    endloop
  endfacet
  facet normal -0.980797 0.195032 0
    outer loop
      vertex 31.8761 16.3327 23.6
      vertex 31.8 15.95 3.45
      vertex 31.8 15.95 23.6
    endloop
  endfacet
  facet normal 0 0 1
    outer loop
      vertex 39.8 16.95 23.6
      vertex 40.8 15.95 23.6
      vertex 40.7239 16.3327 23.6
    endloop
  endfacet
  facet normal 0 0 1
    outer loop
      vertex 40.8 15.95 23.6
      vertex 38.6 12.45 23.6
      vertex 40.8 8.95 23.6
    endloop
  endfacet
  facet normal 0 0 1
    outer loop
      vertex 39.8 16.95 23.6
      vertex 40.7239 16.3327 23.6
      vertex 40.5071 16.6571 23.6
    endloop
  endfacet
  facet normal -0 0 1
    outer loop
      vertex 38.5755 12.1537 23.6
      vertex 40.8 8.95 23.6
      vertex 38.6 12.45 23.6
    endloop
  endfacet
  facet normal 0 0 1
    outer loop
      vertex 39.8 16.95 23.6
      vertex 40.5071 16.6571 23.6
      vertex 40.1827 16.8739 23.6
    endloop
  endfacet
  facet normal -0 0 1
    outer loop
      vertex 38.5686 12.0714 23.6
      vertex 40.8 8.95 23.6
      vertex 38.5755 12.1537 23.6
    endloop
  endfacet
  facet normal 0 0 1
    outer loop
      vertex 37.8577 14.1422 23.6
      vertex 40.8 15.95 23.6
      vertex 39.8 16.95 23.6
    endloop
  endfacet
  facet normal -0 0 1
    outer loop
      vertex 38.4957 11.7832 23.6
      vertex 40.8 8.95 23.6
      vertex 38.5686 12.0714 23.6
    endloop
  endfacet
  facet normal -0 0 1
    outer loop
      vertex 38.4754 11.7032 23.6
      vertex 40.8 8.95 23.6
      vertex 38.4957 11.7832 23.6
    endloop
  endfacet
  facet normal 0 0 1
    outer loop
      vertex 40.8 15.95 23.6
      vertex 38.5755 12.7463 23.6
      vertex 38.6 12.45 23.6
    endloop
  endfacet
  facet normal 0 0 1
    outer loop
      vertex 40.8 15.95 23.6
      vertex 38.5686 12.8286 23.6
      vertex 38.5755 12.7463 23.6
    endloop
  endfacet
  facet normal 0 0 1
    outer loop
      vertex 40.8 15.95 23.6
      vertex 38.4957 13.1168 23.6
      vertex 38.5686 12.8286 23.6
    endloop
  endfacet
  facet normal 0 0 1
    outer loop
      vertex 40.8 15.95 23.6
      vertex 38.4754 13.1968 23.6
      vertex 38.4957 13.1168 23.6
    endloop
  endfacet
  facet normal 0 0 1
    outer loop
      vertex 40.8 15.95 23.6
      vertex 38.4422 13.2724 23.6
      vertex 38.4754 13.1968 23.6
    endloop
  endfacet
  facet normal 0 0 1
    outer loop
      vertex 40.8 15.95 23.6
      vertex 38.3228 13.5447 23.6
      vertex 38.4422 13.2724 23.6
    endloop
  endfacet
  facet normal 0 0 1
    outer loop
      vertex 40.8 15.95 23.6
      vertex 38.1602 13.7936 23.6
      vertex 38.3228 13.5447 23.6
    endloop
  endfacet
  facet normal 0 0 1
    outer loop
      vertex 40.8 15.95 23.6
      vertex 38.115 13.8627 23.6
      vertex 38.1602 13.7936 23.6
    endloop
  endfacet
  facet normal 0 0 1
    outer loop
      vertex 40.8 15.95 23.6
      vertex 38.0591 13.9234 23.6
      vertex 38.115 13.8627 23.6
    endloop
  endfacet
  facet normal 0 0 1
    outer loop
      vertex 40.8 15.95 23.6
      vertex 37.8577 14.1422 23.6
      vertex 38.0591 13.9234 23.6
    endloop
  endfacet
  facet normal 0 0 1
    outer loop
      vertex 39.8 16.95 23.6
      vertex 37.6231 14.3248 23.6
      vertex 37.8577 14.1422 23.6
    endloop
  endfacet
  facet normal 0 0 1
    outer loop
      vertex 39.8 16.95 23.6
      vertex 37.558 14.3755 23.6
      vertex 37.6231 14.3248 23.6
    endloop
  endfacet
  facet normal 0 0 1
    outer loop
      vertex 39.8 16.95 23.6
      vertex 37.2965 14.517 23.6
      vertex 37.558 14.3755 23.6
    endloop
  endfacet
  facet normal 0 0 1
    outer loop
      vertex 39.8 16.95 23.6
      vertex 37.2239 14.5563 23.6
      vertex 37.2965 14.517 23.6
    endloop
  endfacet
  facet normal 0 0 1
    outer loop
      vertex 39.8 16.95 23.6
      vertex 37.1458 14.5831 23.6
      vertex 37.2239 14.5563 23.6
    endloop
  endfacet
  facet normal 0 0 1
    outer loop
      vertex 39.8 16.95 23.6
      vertex 36.8646 14.6796 23.6
      vertex 37.1458 14.5831 23.6
    endloop
  endfacet
  facet normal 0 0 1
    outer loop
      vertex 39.8 16.95 23.6
      vertex 36.7832 14.6932 23.6
      vertex 36.8646 14.6796 23.6
    endloop
  endfacet
  facet normal 0 0 1
    outer loop
      vertex 39.8 16.95 23.6
      vertex 36.4899 14.7421 23.6
      vertex 36.7832 14.6932 23.6
    endloop
  endfacet
  facet normal 0 0 1
    outer loop
      vertex 39.8 16.95 23.6
      vertex 36.1101 14.7421 23.6
      vertex 36.4899 14.7421 23.6
    endloop
  endfacet
  facet normal -0 0 1
    outer loop
      vertex 32.8 16.95 23.6
      vertex 36.1101 14.7421 23.6
      vertex 39.8 16.95 23.6
    endloop
  endfacet
  facet normal 0 0 1
    outer loop
      vertex 36.1101 14.7421 23.6
      vertex 32.8 16.95 23.6
      vertex 35.8168 14.6932 23.6
    endloop
  endfacet
  facet normal 0 0 1
    outer loop
      vertex 35.8168 14.6932 23.6
      vertex 32.8 16.95 23.6
      vertex 35.7354 14.6796 23.6
    endloop
  endfacet
  facet normal 0 0 1
    outer loop
      vertex 35.7354 14.6796 23.6
      vertex 32.8 16.95 23.6
      vertex 35.4542 14.5831 23.6
    endloop
  endfacet
  facet normal 0 0 1
    outer loop
      vertex 31.8 15.95 23.6
      vertex 34.5409 13.9234 23.6
      vertex 34.7423 14.1422 23.6
    endloop
  endfacet
  facet normal 0 0 1
    outer loop
      vertex 31.8 15.95 23.6
      vertex 34.4398 13.7936 23.6
      vertex 34.485 13.8627 23.6
    endloop
  endfacet
  facet normal 0 0 1
    outer loop
      vertex 31.8 15.95 23.6
      vertex 34.0246 12.7463 23.6
      vertex 34.0314 12.8286 23.6
    endloop
  endfacet
  facet normal 0 0 1
    outer loop
      vertex 34.1043 13.1168 23.6
      vertex 31.8 15.95 23.6
      vertex 34.0314 12.8286 23.6
    endloop
  endfacet
  facet normal 0 0 1
    outer loop
      vertex 34.1246 13.1968 23.6
      vertex 31.8 15.95 23.6
      vertex 34.1043 13.1168 23.6
    endloop
  endfacet
  facet normal 0 0 1
    outer loop
      vertex 34.1578 13.2724 23.6
      vertex 31.8 15.95 23.6
      vertex 34.1246 13.1968 23.6
    endloop
  endfacet
  facet normal 0 0 1
    outer loop
      vertex 34.2772 13.5447 23.6
      vertex 31.8 15.95 23.6
      vertex 34.1578 13.2724 23.6
    endloop
  endfacet
  facet normal 0 0 1
    outer loop
      vertex 34.4398 13.7936 23.6
      vertex 31.8 15.95 23.6
      vertex 34.2772 13.5447 23.6
    endloop
  endfacet
  facet normal 0 0 1
    outer loop
      vertex 34.5409 13.9234 23.6
      vertex 31.8 15.95 23.6
      vertex 34.485 13.8627 23.6
    endloop
  endfacet
  facet normal -0 0 1
    outer loop
      vertex 31.8 15.95 23.6
      vertex 34.7423 14.1422 23.6
      vertex 32.8 16.95 23.6
    endloop
  endfacet
  facet normal 0 0 1
    outer loop
      vertex 34.9769 14.3248 23.6
      vertex 32.8 16.95 23.6
      vertex 34.7423 14.1422 23.6
    endloop
  endfacet
  facet normal 0 0 1
    outer loop
      vertex 35.042 14.3755 23.6
      vertex 32.8 16.95 23.6
      vertex 34.9769 14.3248 23.6
    endloop
  endfacet
  facet normal 0 0 1
    outer loop
      vertex 35.3035 14.517 23.6
      vertex 32.8 16.95 23.6
      vertex 35.042 14.3755 23.6
    endloop
  endfacet
  facet normal 0 0 1
    outer loop
      vertex 35.3761 14.5563 23.6
      vertex 32.8 16.95 23.6
      vertex 35.3035 14.517 23.6
    endloop
  endfacet
  facet normal 0 0 1
    outer loop
      vertex 35.4542 14.5831 23.6
      vertex 32.8 16.95 23.6
      vertex 35.3761 14.5563 23.6
    endloop
  endfacet
  facet normal -0 0 1
    outer loop
      vertex 38.4422 11.6276 23.6
      vertex 40.8 8.95 23.6
      vertex 38.4754 11.7032 23.6
    endloop
  endfacet
  facet normal -0 0 1
    outer loop
      vertex 38.3228 11.3553 23.6
      vertex 40.8 8.95 23.6
      vertex 38.4422 11.6276 23.6
    endloop
  endfacet
  facet normal -0 0 1
    outer loop
      vertex 38.1602 11.1064 23.6
      vertex 40.8 8.95 23.6
      vertex 38.3228 11.3553 23.6
    endloop
  endfacet
  facet normal -0 0 1
    outer loop
      vertex 38.115 11.0373 23.6
      vertex 40.8 8.95 23.6
      vertex 38.1602 11.1064 23.6
    endloop
  endfacet
  facet normal -0 0 1
    outer loop
      vertex 38.0591 10.9766 23.6
      vertex 40.8 8.95 23.6
      vertex 38.115 11.0373 23.6
    endloop
  endfacet
  facet normal -0 0 1
    outer loop
      vertex 37.8577 10.7578 23.6
      vertex 40.8 8.95 23.6
      vertex 38.0591 10.9766 23.6
    endloop
  endfacet
  facet normal 0 0 1
    outer loop
      vertex 40.7239 8.56731 23.6
      vertex 39.8 7.95 23.6
      vertex 40.5071 8.24289 23.6
    endloop
  endfacet
  facet normal 0 0 1
    outer loop
      vertex 40.5071 8.24289 23.6
      vertex 39.8 7.95 23.6
      vertex 40.1827 8.02613 23.6
    endloop
  endfacet
  facet normal 0 0 1
    outer loop
      vertex 40.8 8.95 23.6
      vertex 39.8 7.95 23.6
      vertex 40.7239 8.56731 23.6
    endloop
  endfacet
  facet normal 0 0 1
    outer loop
      vertex 40.8 8.95 23.6
      vertex 37.8577 10.7578 23.6
      vertex 39.8 7.95 23.6
    endloop
  endfacet
  facet normal -0 0 1
    outer loop
      vertex 37.6231 10.5752 23.6
      vertex 39.8 7.95 23.6
      vertex 37.8577 10.7578 23.6
    endloop
  endfacet
  facet normal -0 0 1
    outer loop
      vertex 37.558 10.5245 23.6
      vertex 39.8 7.95 23.6
      vertex 37.6231 10.5752 23.6
    endloop
  endfacet
  facet normal -0 0 1
    outer loop
      vertex 37.2965 10.383 23.6
      vertex 39.8 7.95 23.6
      vertex 37.558 10.5245 23.6
    endloop
  endfacet
  facet normal -0 0 1
    outer loop
      vertex 37.2239 10.3437 23.6
      vertex 39.8 7.95 23.6
      vertex 37.2965 10.383 23.6
    endloop
  endfacet
  facet normal -0 0 1
    outer loop
      vertex 37.1458 10.3169 23.6
      vertex 39.8 7.95 23.6
      vertex 37.2239 10.3437 23.6
    endloop
  endfacet
  facet normal -0 0 1
    outer loop
      vertex 36.8646 10.2204 23.6
      vertex 39.8 7.95 23.6
      vertex 37.1458 10.3169 23.6
    endloop
  endfacet
  facet normal -0 0 1
    outer loop
      vertex 36.7832 10.2068 23.6
      vertex 39.8 7.95 23.6
      vertex 36.8646 10.2204 23.6
    endloop
  endfacet
  facet normal -0 0 1
    outer loop
      vertex 36.4899 10.1579 23.6
      vertex 39.8 7.95 23.6
      vertex 36.7832 10.2068 23.6
    endloop
  endfacet
  facet normal -0 0 1
    outer loop
      vertex 36.1101 10.1579 23.6
      vertex 39.8 7.95 23.6
      vertex 36.4899 10.1579 23.6
    endloop
  endfacet
  facet normal 0 0 1
    outer loop
      vertex 32.8 7.95 23.6
      vertex 36.1101 10.1579 23.6
      vertex 35.8168 10.2068 23.6
    endloop
  endfacet
  facet normal 0 0 1
    outer loop
      vertex 32.8 7.95 23.6
      vertex 35.8168 10.2068 23.6
      vertex 35.7354 10.2204 23.6
    endloop
  endfacet
  facet normal 0 0 1
    outer loop
      vertex 32.8 7.95 23.6
      vertex 35.7354 10.2204 23.6
      vertex 35.4542 10.3169 23.6
    endloop
  endfacet
  facet normal 0 0 1
    outer loop
      vertex 32.8 7.95 23.6
      vertex 35.4542 10.3169 23.6
      vertex 35.3761 10.3437 23.6
    endloop
  endfacet
  facet normal 0 0 1
    outer loop
      vertex 32.8 7.95 23.6
      vertex 34.9769 10.5752 23.6
      vertex 34.7423 10.7578 23.6
    endloop
  endfacet
  facet normal 0 0 1
    outer loop
      vertex 31.8 8.95 23.6
      vertex 34.5409 10.9766 23.6
      vertex 34.485 11.0373 23.6
    endloop
  endfacet
  facet normal 0 0 1
    outer loop
      vertex 31.8 8.95 23.6
      vertex 34.4398 11.1064 23.6
      vertex 34.2772 11.3553 23.6
    endloop
  endfacet
  facet normal 0 0 1
    outer loop
      vertex 31.8 8.95 23.6
      vertex 34.0246 12.1537 23.6
      vertex 34 12.45 23.6
    endloop
  endfacet
  facet normal 0 0 1
    outer loop
      vertex 34.0246 12.7463 23.6
      vertex 31.8 15.95 23.6
      vertex 34 12.45 23.6
    endloop
  endfacet
  facet normal 0 0 1
    outer loop
      vertex 36.1101 10.1579 23.6
      vertex 32.8 7.95 23.6
      vertex 39.8 7.95 23.6
    endloop
  endfacet
  facet normal 0 0 1
    outer loop
      vertex 35.3035 10.383 23.6
      vertex 32.8 7.95 23.6
      vertex 35.3761 10.3437 23.6
    endloop
  endfacet
  facet normal 0 0 1
    outer loop
      vertex 35.042 10.5245 23.6
      vertex 32.8 7.95 23.6
      vertex 35.3035 10.383 23.6
    endloop
  endfacet
  facet normal 0 0 1
    outer loop
      vertex 34.9769 10.5752 23.6
      vertex 32.8 7.95 23.6
      vertex 35.042 10.5245 23.6
    endloop
  endfacet
  facet normal 0 0 1
    outer loop
      vertex 34.5409 10.9766 23.6
      vertex 31.8 8.95 23.6
      vertex 34.7423 10.7578 23.6
    endloop
  endfacet
  facet normal 0 0 1
    outer loop
      vertex 34.4398 11.1064 23.6
      vertex 31.8 8.95 23.6
      vertex 34.485 11.0373 23.6
    endloop
  endfacet
  facet normal 0 0 1
    outer loop
      vertex 31.8 8.95 23.6
      vertex 34.2772 11.3553 23.6
      vertex 34.1578 11.6276 23.6
    endloop
  endfacet
  facet normal 0 0 1
    outer loop
      vertex 31.8 8.95 23.6
      vertex 34.1578 11.6276 23.6
      vertex 34.1246 11.7032 23.6
    endloop
  endfacet
  facet normal 0 0 1
    outer loop
      vertex 31.8 8.95 23.6
      vertex 34.1246 11.7032 23.6
      vertex 34.1043 11.7832 23.6
    endloop
  endfacet
  facet normal 0 0 1
    outer loop
      vertex 31.8 8.95 23.6
      vertex 34.1043 11.7832 23.6
      vertex 34.0314 12.0714 23.6
    endloop
  endfacet
  facet normal 0 0 1
    outer loop
      vertex 31.8 8.95 23.6
      vertex 34 12.45 23.6
      vertex 31.8 15.95 23.6
    endloop
  endfacet
  facet normal 0 0 1
    outer loop
      vertex 31.8 15.95 23.6
      vertex 32.8 16.95 23.6
      vertex 32.4173 16.8739 23.6
    endloop
  endfacet
  facet normal 0 0 1
    outer loop
      vertex 34.0246 12.1537 23.6
      vertex 31.8 8.95 23.6
      vertex 34.0314 12.0714 23.6
    endloop
  endfacet
  facet normal 0 0 1
    outer loop
      vertex 31.8 15.95 23.6
      vertex 32.4173 16.8739 23.6
      vertex 32.0929 16.6571 23.6
    endloop
  endfacet
  facet normal 0 0 1
    outer loop
      vertex 34.7423 10.7578 23.6
      vertex 31.8 8.95 23.6
      vertex 32.8 7.95 23.6
    endloop
  endfacet
  facet normal 0 0 1
    outer loop
      vertex 31.8 15.95 23.6
      vertex 32.0929 16.6571 23.6
      vertex 31.8761 16.3327 23.6
    endloop
  endfacet
  facet normal 0 0 1
    outer loop
      vertex 32.8 7.95 23.6
      vertex 31.8 8.95 23.6
      vertex 32.4173 8.02613 23.6
    endloop
  endfacet
  facet normal 0 0 1
    outer loop
      vertex 32.4173 8.02613 23.6
      vertex 31.8 8.95 23.6
      vertex 32.0929 8.24289 23.6
    endloop
  endfacet
  facet normal 0 0 1
    outer loop
      vertex 32.0929 8.24289 23.6
      vertex 31.8 8.95 23.6
      vertex 31.8761 8.56731 23.6
    endloop
  endfacet
  facet normal 0.831419 0.555646 0
    outer loop
      vertex 40.7239 16.3327 23.6
      vertex 40.5071 16.6571 3.45
      vertex 40.5071 16.6571 23.6
    endloop
  endfacet
  facet normal 0.831419 0.555646 0
    outer loop
      vertex 40.5071 16.6571 3.45
      vertex 40.7239 16.3327 23.6
      vertex 40.7239 16.3327 3.45
    endloop
  endfacet
  facet normal -0.980796 -0.195037 0
    outer loop
      vertex 31.8761 8.56731 3.45
      vertex 31.8 8.95 23.6
      vertex 31.8 8.95 3.45
    endloop
  endfacet
  facet normal -0.980796 -0.195037 0
    outer loop
      vertex 31.8 8.95 23.6
      vertex 31.8761 8.56731 3.45
      vertex 31.8761 8.56731 23.6
    endloop
  endfacet
  facet normal 0.195106 -0.980782 0
    outer loop
      vertex 39.8 7.95 22.6
      vertex 40.1827 8.02613 23.6
      vertex 39.8 7.95 23.6
    endloop
  endfacet
  facet normal 0.195106 -0.980782 0
    outer loop
      vertex 40.1827 8.02613 23.6
      vertex 39.8 7.95 22.6
      vertex 40.1827 8.02613 22.6
    endloop
  endfacet
  facet normal 0.555646 0.831419 -0
    outer loop
      vertex 40.5071 16.6571 3.45
      vertex 40.1827 16.8739 23.6
      vertex 40.5071 16.6571 23.6
    endloop
  endfacet
  facet normal 0.555646 0.831419 0
    outer loop
      vertex 40.1827 16.8739 23.6
      vertex 40.5071 16.6571 3.45
      vertex 40.1827 16.8739 3.45
    endloop
  endfacet
  facet normal 1 -0 0
    outer loop
      vertex 40.8 8.95 23.6
      vertex 40.8 15.95 22.6
      vertex 40.8 15.95 23.6
    endloop
  endfacet
  facet normal 1 0 0
    outer loop
      vertex 40.8 15.95 22.6
      vertex 40.8 8.95 23.6
      vertex 40.8 8.95 22.6
    endloop
  endfacet
  facet normal -0.195106 -0.980782 0
    outer loop
      vertex 32.4173 8.02613 23.6
      vertex 32.8 7.95 22.6
      vertex 32.8 7.95 23.6
    endloop
  endfacet
  facet normal -0.195106 -0.980782 0
    outer loop
      vertex 32.4173 8.02613 3.45
      vertex 32.8 7.95 22.6
      vertex 32.4173 8.02613 23.6
    endloop
  endfacet
  facet normal -0.195106 -0.980782 -0
    outer loop
      vertex 32.8 7.95 22.6
      vertex 32.4173 8.02613 3.45
      vertex 32.8 7.95 3.45
    endloop
  endfacet
  facet normal -0.831435 -0.555622 0
    outer loop
      vertex 32.0929 8.24289 3.45
      vertex 31.8761 8.56731 23.6
      vertex 31.8761 8.56731 3.45
    endloop
  endfacet
  facet normal -0.831435 -0.555622 0
    outer loop
      vertex 31.8761 8.56731 23.6
      vertex 32.0929 8.24289 3.45
      vertex 32.0929 8.24289 23.6
    endloop
  endfacet
  facet normal 0.555575 -0.831466 0
    outer loop
      vertex 40.1827 8.02613 22.6
      vertex 40.5071 8.24289 23.6
      vertex 40.1827 8.02613 23.6
    endloop
  endfacet
  facet normal 0.555575 -0.831466 0
    outer loop
      vertex 40.5071 8.24289 23.6
      vertex 40.1827 8.02613 22.6
      vertex 40.5071 8.24289 22.6
    endloop
  endfacet
  facet normal -0.555575 -0.831466 0
    outer loop
      vertex 32.0929 8.24289 3.45
      vertex 32.4173 8.02613 23.6
      vertex 32.0929 8.24289 23.6
    endloop
  endfacet
  facet normal -0.555575 -0.831466 -0
    outer loop
      vertex 32.4173 8.02613 23.6
      vertex 32.0929 8.24289 3.45
      vertex 32.4173 8.02613 3.45
    endloop
  endfacet
  facet normal 0.980787 0.195081 0
    outer loop
      vertex 40.7239 16.3327 23.6
      vertex 40.8 15.9501 22.6
      vertex 40.7239 16.3327 3.45
    endloop
  endfacet
  facet normal 0.980797 0.195032 1.95032e-05
    outer loop
      vertex 40.8 15.95 23.6
      vertex 40.8 15.9501 22.6
      vertex 40.7239 16.3327 23.6
    endloop
  endfacet
  facet normal 1 0 0
    outer loop
      vertex 40.8 15.9501 22.6
      vertex 40.8 15.95 23.6
      vertex 40.8 15.95 22.6
    endloop
  endfacet
  facet normal 0.980787 0.195081 0
    outer loop
      vertex 40.7239 16.3327 3.45
      vertex 40.8 15.9501 22.6
      vertex 40.8 15.9501 3.45
    endloop
  endfacet
  facet normal 0 0 -1
    outer loop
      vertex 39.3 7.95 3.45
      vertex 40.8 9.45 3.45
      vertex 40.7489 9.06179 3.45
    endloop
  endfacet
  facet normal 0 0 -1
    outer loop
      vertex 32.8 16.95 3.45
      vertex 40.8 9.45 3.45
      vertex 39.3 7.95 3.45
    endloop
  endfacet
  facet normal 0 0 -1
    outer loop
      vertex 39.3 7.95 3.45
      vertex 40.7489 9.06179 3.45
      vertex 40.599 8.7 3.45
    endloop
  endfacet
  facet normal 0 0 -1
    outer loop
      vertex 40.8 15.9501 3.45
      vertex 39.8 16.95 3.45
      vertex 40.7239 16.3327 3.45
    endloop
  endfacet
  facet normal 0 0 -1
    outer loop
      vertex 39.3 7.95 3.45
      vertex 40.599 8.7 3.45
      vertex 40.3607 8.38935 3.45
    endloop
  endfacet
  facet normal 0 0 -1
    outer loop
      vertex 40.7239 16.3327 3.45
      vertex 39.8 16.95 3.45
      vertex 40.5071 16.6571 3.45
    endloop
  endfacet
  facet normal 0 0 -1
    outer loop
      vertex 39.3 7.95 3.45
      vertex 40.3607 8.38935 3.45
      vertex 40.05 8.15097 3.45
    endloop
  endfacet
  facet normal 0 0 -1
    outer loop
      vertex 40.5071 16.6571 3.45
      vertex 39.8 16.95 3.45
      vertex 40.1827 16.8739 3.45
    endloop
  endfacet
  facet normal 0 0 -1
    outer loop
      vertex 39.3 7.95 3.45
      vertex 40.05 8.15097 3.45
      vertex 39.6882 8.00112 3.45
    endloop
  endfacet
  facet normal 0 0 -1
    outer loop
      vertex 40.8 9.45 3.45
      vertex 39.8 16.95 3.45
      vertex 40.8 15.9501 3.45
    endloop
  endfacet
  facet normal 0 0 -1
    outer loop
      vertex 31.8 8.95 3.45
      vertex 39.3 7.95 3.45
      vertex 32.8 7.95 3.45
    endloop
  endfacet
  facet normal 0 0 -1
    outer loop
      vertex 40.8 9.45 3.45
      vertex 32.8 16.95 3.45
      vertex 39.8 16.95 3.45
    endloop
  endfacet
  facet normal 0 0 -1
    outer loop
      vertex 31.8 8.95 3.45
      vertex 32.8 7.95 3.45
      vertex 32.4173 8.02613 3.45
    endloop
  endfacet
  facet normal 0 0 -1
    outer loop
      vertex 31.8 15.95 3.45
      vertex 39.3 7.95 3.45
      vertex 31.8 8.95 3.45
    endloop
  endfacet
  facet normal 0 0 -1
    outer loop
      vertex 31.8 8.95 3.45
      vertex 32.4173 8.02613 3.45
      vertex 32.0929 8.24289 3.45
    endloop
  endfacet
  facet normal 0 0 -1
    outer loop
      vertex 39.3 7.95 3.45
      vertex 31.8 15.95 3.45
      vertex 32.8 16.95 3.45
    endloop
  endfacet
  facet normal 0 0 -1
    outer loop
      vertex 31.8 8.95 3.45
      vertex 32.0929 8.24289 3.45
      vertex 31.8761 8.56731 3.45
    endloop
  endfacet
  facet normal 0 0 -1
    outer loop
      vertex 32.8 16.95 3.45
      vertex 31.8 15.95 3.45
      vertex 32.4173 16.8739 3.45
    endloop
  endfacet
  facet normal 0 0 -1
    outer loop
      vertex 32.4173 16.8739 3.45
      vertex 31.8 15.95 3.45
      vertex 32.0929 16.6571 3.45
    endloop
  endfacet
  facet normal 0 0 -1
    outer loop
      vertex 32.0929 16.6571 3.45
      vertex 31.8 15.95 3.45
      vertex 31.8761 16.3327 3.45
    endloop
  endfacet
  facet normal 0.831419 -0.555646 0
    outer loop
      vertex -32.0929 91.7429 23.6
      vertex -31.8761 92.0673 3.45
      vertex -31.8761 92.0673 23.6
    endloop
  endfacet
  facet normal 0.831419 -0.555646 0
    outer loop
      vertex -31.8761 92.0673 3.45
      vertex -32.0929 91.7429 23.6
      vertex -32.0929 91.7429 3.45
    endloop
  endfacet
  facet normal -0.83134 0.555765 0
    outer loop
      vertex -40.7239 99.8327 22.6
      vertex -40.5071 100.157 23.6
      vertex -40.5071 100.157 22.6
    endloop
  endfacet
  facet normal -0.83134 0.555765 0
    outer loop
      vertex -40.5071 100.157 23.6
      vertex -40.7239 99.8327 22.6
      vertex -40.7239 99.8327 23.6
    endloop
  endfacet
  facet normal -0.556 0.831182 0
    outer loop
      vertex -40.1827 100.374 22.6
      vertex -40.5071 100.157 23.6
      vertex -40.1827 100.374 23.6
    endloop
  endfacet
  facet normal -0.556 0.831182 0
    outer loop
      vertex -40.5071 100.157 23.6
      vertex -40.1827 100.374 22.6
      vertex -40.5071 100.157 22.6
    endloop
  endfacet
  facet normal -1 0 0
    outer loop
      vertex -40.8 92.45 22.6
      vertex -40.8 99.45 23.6
      vertex -40.8 99.45 22.6
    endloop
  endfacet
  facet normal -1 -0 0
    outer loop
      vertex -40.8 99.45 23.6
      vertex -40.8 92.45 22.6
      vertex -40.8 92.45 23.6
    endloop
  endfacet
  facet normal 0 -1 0
    outer loop
      vertex -39.8 91.45 3.45
      vertex -32.8 91.45 23.6
      vertex -39.8 91.45 23.6
    endloop
  endfacet
  facet normal 0 -1 -0
    outer loop
      vertex -32.8 91.45 23.6
      vertex -39.8 91.45 3.45
      vertex -32.8 91.45 3.45
    endloop
  endfacet
  facet normal -0.194785 0.980846 0
    outer loop
      vertex -39.8 100.45 22.6
      vertex -40.1827 100.374 23.6
      vertex -39.8 100.45 23.6
    endloop
  endfacet
  facet normal -0.194785 0.980846 0
    outer loop
      vertex -40.1827 100.374 23.6
      vertex -39.8 100.45 22.6
      vertex -40.1827 100.374 22.6
    endloop
  endfacet
  facet normal 0.980797 -0.195032 0
    outer loop
      vertex -31.8761 92.0673 23.6
      vertex -31.8 92.45 3.45
      vertex -31.8 92.45 23.6
    endloop
  endfacet
  facet normal 0.980797 -0.195032 0
    outer loop
      vertex -31.8 92.45 3.45
      vertex -31.8761 92.0673 23.6
      vertex -31.8761 92.0673 3.45
    endloop
  endfacet
  facet normal 0.194785 0.980846 0
    outer loop
      vertex -32.4173 100.374 23.6
      vertex -32.8 100.45 22.6
      vertex -32.8 100.45 23.6
    endloop
  endfacet
  facet normal 0.194785 0.980846 -0
    outer loop
      vertex -32.4173 100.374 3.45
      vertex -32.8 100.45 22.6
      vertex -32.4173 100.374 23.6
    endloop
  endfacet
  facet normal 0.194785 0.980846 0
    outer loop
      vertex -32.8 100.45 22.6
      vertex -32.4173 100.374 3.45
      vertex -32.8 100.45 3.45
    endloop
  endfacet
  facet normal -0.980797 0.195032 0
    outer loop
      vertex -40.8 99.45 22.6
      vertex -40.7239 99.8327 23.6
      vertex -40.7239 99.8327 22.6
    endloop
  endfacet
  facet normal -0.980797 0.195032 0
    outer loop
      vertex -40.7239 99.8327 23.6
      vertex -40.8 99.45 22.6
      vertex -40.8 99.45 23.6
    endloop
  endfacet
  facet normal 0 0 1
    outer loop
      vertex -32.8 100.45 23.6
      vertex -31.8 99.45 23.6
      vertex -31.8761 99.8327 23.6
    endloop
  endfacet
  facet normal 0 0 1
    outer loop
      vertex -31.8 99.45 23.6
      vertex -34 95.95 23.6
      vertex -31.8 92.45 23.6
    endloop
  endfacet
  facet normal 0 0 1
    outer loop
      vertex -32.8 100.45 23.6
      vertex -31.8761 99.8327 23.6
      vertex -32.0929 100.157 23.6
    endloop
  endfacet
  facet normal -0 0 1
    outer loop
      vertex -34.0246 95.6537 23.6
      vertex -31.8 92.45 23.6
      vertex -34 95.95 23.6
    endloop
  endfacet
  facet normal 0 0 1
    outer loop
      vertex -32.8 100.45 23.6
      vertex -32.0929 100.157 23.6
      vertex -32.4173 100.374 23.6
    endloop
  endfacet
  facet normal -0 0 1
    outer loop
      vertex -34.0314 95.5714 23.6
      vertex -31.8 92.45 23.6
      vertex -34.0246 95.6537 23.6
    endloop
  endfacet
  facet normal 0 0 1
    outer loop
      vertex -34.7423 97.6422 23.6
      vertex -31.8 99.45 23.6
      vertex -32.8 100.45 23.6
    endloop
  endfacet
  facet normal -0 0 1
    outer loop
      vertex -34.1043 95.2832 23.6
      vertex -31.8 92.45 23.6
      vertex -34.0314 95.5714 23.6
    endloop
  endfacet
  facet normal -0 0 1
    outer loop
      vertex -34.1246 95.2032 23.6
      vertex -31.8 92.45 23.6
      vertex -34.1043 95.2832 23.6
    endloop
  endfacet
  facet normal 0 0 1
    outer loop
      vertex -31.8 99.45 23.6
      vertex -34.0246 96.2463 23.6
      vertex -34 95.95 23.6
    endloop
  endfacet
  facet normal 0 0 1
    outer loop
      vertex -31.8 99.45 23.6
      vertex -34.0314 96.3286 23.6
      vertex -34.0246 96.2463 23.6
    endloop
  endfacet
  facet normal 0 0 1
    outer loop
      vertex -31.8 99.45 23.6
      vertex -34.1043 96.6168 23.6
      vertex -34.0314 96.3286 23.6
    endloop
  endfacet
  facet normal 0 0 1
    outer loop
      vertex -31.8 99.45 23.6
      vertex -34.1246 96.6968 23.6
      vertex -34.1043 96.6168 23.6
    endloop
  endfacet
  facet normal 0 0 1
    outer loop
      vertex -31.8 99.45 23.6
      vertex -34.1578 96.7724 23.6
      vertex -34.1246 96.6968 23.6
    endloop
  endfacet
  facet normal 0 0 1
    outer loop
      vertex -31.8 99.45 23.6
      vertex -34.2772 97.0447 23.6
      vertex -34.1578 96.7724 23.6
    endloop
  endfacet
  facet normal 0 0 1
    outer loop
      vertex -31.8 99.45 23.6
      vertex -34.4398 97.2936 23.6
      vertex -34.2772 97.0447 23.6
    endloop
  endfacet
  facet normal 0 0 1
    outer loop
      vertex -31.8 99.45 23.6
      vertex -34.485 97.3627 23.6
      vertex -34.4398 97.2936 23.6
    endloop
  endfacet
  facet normal 0 0 1
    outer loop
      vertex -31.8 99.45 23.6
      vertex -34.5409 97.4234 23.6
      vertex -34.485 97.3627 23.6
    endloop
  endfacet
  facet normal 0 0 1
    outer loop
      vertex -31.8 99.45 23.6
      vertex -34.7423 97.6422 23.6
      vertex -34.5409 97.4234 23.6
    endloop
  endfacet
  facet normal 0 0 1
    outer loop
      vertex -32.8 100.45 23.6
      vertex -34.9769 97.8248 23.6
      vertex -34.7423 97.6422 23.6
    endloop
  endfacet
  facet normal 0 0 1
    outer loop
      vertex -32.8 100.45 23.6
      vertex -35.042 97.8755 23.6
      vertex -34.9769 97.8248 23.6
    endloop
  endfacet
  facet normal 0 0 1
    outer loop
      vertex -32.8 100.45 23.6
      vertex -35.3035 98.017 23.6
      vertex -35.042 97.8755 23.6
    endloop
  endfacet
  facet normal 0 0 1
    outer loop
      vertex -32.8 100.45 23.6
      vertex -35.3761 98.0563 23.6
      vertex -35.3035 98.017 23.6
    endloop
  endfacet
  facet normal 0 0 1
    outer loop
      vertex -32.8 100.45 23.6
      vertex -35.4542 98.0831 23.6
      vertex -35.3761 98.0563 23.6
    endloop
  endfacet
  facet normal 0 0 1
    outer loop
      vertex -32.8 100.45 23.6
      vertex -35.7354 98.1796 23.6
      vertex -35.4542 98.0831 23.6
    endloop
  endfacet
  facet normal 0 0 1
    outer loop
      vertex -32.8 100.45 23.6
      vertex -35.8168 98.1932 23.6
      vertex -35.7354 98.1796 23.6
    endloop
  endfacet
  facet normal 0 0 1
    outer loop
      vertex -32.8 100.45 23.6
      vertex -36.1101 98.2421 23.6
      vertex -35.8168 98.1932 23.6
    endloop
  endfacet
  facet normal 0 0 1
    outer loop
      vertex -32.8 100.45 23.6
      vertex -36.4899 98.2421 23.6
      vertex -36.1101 98.2421 23.6
    endloop
  endfacet
  facet normal -0 0 1
    outer loop
      vertex -39.8 100.45 23.6
      vertex -36.4899 98.2421 23.6
      vertex -32.8 100.45 23.6
    endloop
  endfacet
  facet normal 0 0 1
    outer loop
      vertex -36.4899 98.2421 23.6
      vertex -39.8 100.45 23.6
      vertex -36.7832 98.1932 23.6
    endloop
  endfacet
  facet normal 0 0 1
    outer loop
      vertex -36.7832 98.1932 23.6
      vertex -39.8 100.45 23.6
      vertex -36.8646 98.1796 23.6
    endloop
  endfacet
  facet normal 0 0 1
    outer loop
      vertex -36.8646 98.1796 23.6
      vertex -39.8 100.45 23.6
      vertex -37.1458 98.0831 23.6
    endloop
  endfacet
  facet normal 0 0 1
    outer loop
      vertex -40.8 99.45 23.6
      vertex -38.4422 96.7724 23.6
      vertex -38.3228 97.0447 23.6
    endloop
  endfacet
  facet normal 0 0 1
    outer loop
      vertex -40.8 99.45 23.6
      vertex -38.4957 96.6168 23.6
      vertex -38.4754 96.6968 23.6
    endloop
  endfacet
  facet normal 0 0 1
    outer loop
      vertex -38.5686 96.3286 23.6
      vertex -40.8 99.45 23.6
      vertex -38.5755 96.2463 23.6
    endloop
  endfacet
  facet normal 0 0 1
    outer loop
      vertex -38.4957 96.6168 23.6
      vertex -40.8 99.45 23.6
      vertex -38.5686 96.3286 23.6
    endloop
  endfacet
  facet normal 0 0 1
    outer loop
      vertex -38.4422 96.7724 23.6
      vertex -40.8 99.45 23.6
      vertex -38.4754 96.6968 23.6
    endloop
  endfacet
  facet normal 0 0 1
    outer loop
      vertex -38.1602 97.2936 23.6
      vertex -40.8 99.45 23.6
      vertex -38.3228 97.0447 23.6
    endloop
  endfacet
  facet normal 0 0 1
    outer loop
      vertex -38.115 97.3627 23.6
      vertex -40.8 99.45 23.6
      vertex -38.1602 97.2936 23.6
    endloop
  endfacet
  facet normal 0 0 1
    outer loop
      vertex -38.0591 97.4234 23.6
      vertex -40.8 99.45 23.6
      vertex -38.115 97.3627 23.6
    endloop
  endfacet
  facet normal 0 0 1
    outer loop
      vertex -37.8577 97.6422 23.6
      vertex -40.8 99.45 23.6
      vertex -38.0591 97.4234 23.6
    endloop
  endfacet
  facet normal -0 0 1
    outer loop
      vertex -40.8 99.45 23.6
      vertex -37.8577 97.6422 23.6
      vertex -39.8 100.45 23.6
    endloop
  endfacet
  facet normal 0 0 1
    outer loop
      vertex -37.6231 97.8248 23.6
      vertex -39.8 100.45 23.6
      vertex -37.8577 97.6422 23.6
    endloop
  endfacet
  facet normal 0 0 1
    outer loop
      vertex -37.558 97.8755 23.6
      vertex -39.8 100.45 23.6
      vertex -37.6231 97.8248 23.6
    endloop
  endfacet
  facet normal 0 0 1
    outer loop
      vertex -37.2965 98.017 23.6
      vertex -39.8 100.45 23.6
      vertex -37.558 97.8755 23.6
    endloop
  endfacet
  facet normal 0 0 1
    outer loop
      vertex -37.2239 98.0563 23.6
      vertex -39.8 100.45 23.6
      vertex -37.2965 98.017 23.6
    endloop
  endfacet
  facet normal 0 0 1
    outer loop
      vertex -37.1458 98.0831 23.6
      vertex -39.8 100.45 23.6
      vertex -37.2239 98.0563 23.6
    endloop
  endfacet
  facet normal -0 0 1
    outer loop
      vertex -34.1578 95.1276 23.6
      vertex -31.8 92.45 23.6
      vertex -34.1246 95.2032 23.6
    endloop
  endfacet
  facet normal -0 0 1
    outer loop
      vertex -34.2772 94.8553 23.6
      vertex -31.8 92.45 23.6
      vertex -34.1578 95.1276 23.6
    endloop
  endfacet
  facet normal -0 0 1
    outer loop
      vertex -34.4398 94.6064 23.6
      vertex -31.8 92.45 23.6
      vertex -34.2772 94.8553 23.6
    endloop
  endfacet
  facet normal -0 0 1
    outer loop
      vertex -34.485 94.5373 23.6
      vertex -31.8 92.45 23.6
      vertex -34.4398 94.6064 23.6
    endloop
  endfacet
  facet normal -0 0 1
    outer loop
      vertex -34.5409 94.4766 23.6
      vertex -31.8 92.45 23.6
      vertex -34.485 94.5373 23.6
    endloop
  endfacet
  facet normal -0 0 1
    outer loop
      vertex -34.7423 94.2578 23.6
      vertex -31.8 92.45 23.6
      vertex -34.5409 94.4766 23.6
    endloop
  endfacet
  facet normal 0 0 1
    outer loop
      vertex -31.8761 92.0673 23.6
      vertex -32.8 91.45 23.6
      vertex -32.0929 91.7429 23.6
    endloop
  endfacet
  facet normal 0 0 1
    outer loop
      vertex -32.0929 91.7429 23.6
      vertex -32.8 91.45 23.6
      vertex -32.4173 91.5261 23.6
    endloop
  endfacet
  facet normal 0 0 1
    outer loop
      vertex -31.8 92.45 23.6
      vertex -32.8 91.45 23.6
      vertex -31.8761 92.0673 23.6
    endloop
  endfacet
  facet normal 0 0 1
    outer loop
      vertex -31.8 92.45 23.6
      vertex -34.7423 94.2578 23.6
      vertex -32.8 91.45 23.6
    endloop
  endfacet
  facet normal -0 0 1
    outer loop
      vertex -34.9769 94.0752 23.6
      vertex -32.8 91.45 23.6
      vertex -34.7423 94.2578 23.6
    endloop
  endfacet
  facet normal -0 0 1
    outer loop
      vertex -35.042 94.0245 23.6
      vertex -32.8 91.45 23.6
      vertex -34.9769 94.0752 23.6
    endloop
  endfacet
  facet normal -0 0 1
    outer loop
      vertex -35.3035 93.883 23.6
      vertex -32.8 91.45 23.6
      vertex -35.042 94.0245 23.6
    endloop
  endfacet
  facet normal -0 0 1
    outer loop
      vertex -35.3761 93.8437 23.6
      vertex -32.8 91.45 23.6
      vertex -35.3035 93.883 23.6
    endloop
  endfacet
  facet normal -0 0 1
    outer loop
      vertex -35.4542 93.8169 23.6
      vertex -32.8 91.45 23.6
      vertex -35.3761 93.8437 23.6
    endloop
  endfacet
  facet normal -0 0 1
    outer loop
      vertex -35.7354 93.7204 23.6
      vertex -32.8 91.45 23.6
      vertex -35.4542 93.8169 23.6
    endloop
  endfacet
  facet normal -0 0 1
    outer loop
      vertex -35.8168 93.7068 23.6
      vertex -32.8 91.45 23.6
      vertex -35.7354 93.7204 23.6
    endloop
  endfacet
  facet normal -0 0 1
    outer loop
      vertex -36.1101 93.6579 23.6
      vertex -32.8 91.45 23.6
      vertex -35.8168 93.7068 23.6
    endloop
  endfacet
  facet normal -0 0 1
    outer loop
      vertex -36.4899 93.6579 23.6
      vertex -32.8 91.45 23.6
      vertex -36.1101 93.6579 23.6
    endloop
  endfacet
  facet normal 0 0 1
    outer loop
      vertex -39.8 91.45 23.6
      vertex -36.4899 93.6579 23.6
      vertex -36.7832 93.7068 23.6
    endloop
  endfacet
  facet normal 0 0 1
    outer loop
      vertex -39.8 91.45 23.6
      vertex -36.7832 93.7068 23.6
      vertex -36.8646 93.7204 23.6
    endloop
  endfacet
  facet normal 0 0 1
    outer loop
      vertex -39.8 91.45 23.6
      vertex -36.8646 93.7204 23.6
      vertex -37.1458 93.8169 23.6
    endloop
  endfacet
  facet normal 0 0 1
    outer loop
      vertex -39.8 91.45 23.6
      vertex -37.1458 93.8169 23.6
      vertex -37.2239 93.8437 23.6
    endloop
  endfacet
  facet normal 0 0 1
    outer loop
      vertex -39.8 91.45 23.6
      vertex -37.2965 93.883 23.6
      vertex -37.558 94.0245 23.6
    endloop
  endfacet
  facet normal 0 0 1
    outer loop
      vertex -40.8 92.45 23.6
      vertex -38.4422 95.1276 23.6
      vertex -38.4754 95.2032 23.6
    endloop
  endfacet
  facet normal 0 0 1
    outer loop
      vertex -40.8 92.45 23.6
      vertex -38.4957 95.2832 23.6
      vertex -38.5686 95.5714 23.6
    endloop
  endfacet
  facet normal 0 0 1
    outer loop
      vertex -38.5755 96.2463 23.6
      vertex -40.8 99.45 23.6
      vertex -38.6 95.95 23.6
    endloop
  endfacet
  facet normal 0 0 1
    outer loop
      vertex -40.8 92.45 23.6
      vertex -38.6 95.95 23.6
      vertex -40.8 99.45 23.6
    endloop
  endfacet
  facet normal 0 0 1
    outer loop
      vertex -36.4899 93.6579 23.6
      vertex -39.8 91.45 23.6
      vertex -32.8 91.45 23.6
    endloop
  endfacet
  facet normal 0 0 1
    outer loop
      vertex -37.2965 93.883 23.6
      vertex -39.8 91.45 23.6
      vertex -37.2239 93.8437 23.6
    endloop
  endfacet
  facet normal 0 0 1
    outer loop
      vertex -37.6231 94.0752 23.6
      vertex -39.8 91.45 23.6
      vertex -37.558 94.0245 23.6
    endloop
  endfacet
  facet normal 0 0 1
    outer loop
      vertex -37.8577 94.2578 23.6
      vertex -39.8 91.45 23.6
      vertex -37.6231 94.0752 23.6
    endloop
  endfacet
  facet normal 0 0 1
    outer loop
      vertex -40.8 92.45 23.6
      vertex -37.8577 94.2578 23.6
      vertex -38.0591 94.4766 23.6
    endloop
  endfacet
  facet normal 0 0 1
    outer loop
      vertex -40.8 92.45 23.6
      vertex -38.0591 94.4766 23.6
      vertex -38.115 94.5373 23.6
    endloop
  endfacet
  facet normal 0 0 1
    outer loop
      vertex -40.8 92.45 23.6
      vertex -38.115 94.5373 23.6
      vertex -38.1602 94.6064 23.6
    endloop
  endfacet
  facet normal 0 0 1
    outer loop
      vertex -40.8 92.45 23.6
      vertex -38.1602 94.6064 23.6
      vertex -38.3228 94.8553 23.6
    endloop
  endfacet
  facet normal 0 0 1
    outer loop
      vertex -38.4422 95.1276 23.6
      vertex -40.8 92.45 23.6
      vertex -38.3228 94.8553 23.6
    endloop
  endfacet
  facet normal 0 0 1
    outer loop
      vertex -38.4957 95.2832 23.6
      vertex -40.8 92.45 23.6
      vertex -38.4754 95.2032 23.6
    endloop
  endfacet
  facet normal 0 0 1
    outer loop
      vertex -38.6 95.95 23.6
      vertex -40.8 92.45 23.6
      vertex -38.5755 95.6537 23.6
    endloop
  endfacet
  facet normal 0 0 1
    outer loop
      vertex -40.8 99.45 23.6
      vertex -39.8 100.45 23.6
      vertex -40.1827 100.374 23.6
    endloop
  endfacet
  facet normal 0 0 1
    outer loop
      vertex -38.5755 95.6537 23.6
      vertex -40.8 92.45 23.6
      vertex -38.5686 95.5714 23.6
    endloop
  endfacet
  facet normal 0 0 1
    outer loop
      vertex -40.8 99.45 23.6
      vertex -40.1827 100.374 23.6
      vertex -40.5071 100.157 23.6
    endloop
  endfacet
  facet normal 0 0 1
    outer loop
      vertex -37.8577 94.2578 23.6
      vertex -40.8 92.45 23.6
      vertex -39.8 91.45 23.6
    endloop
  endfacet
  facet normal 0 0 1
    outer loop
      vertex -40.8 99.45 23.6
      vertex -40.5071 100.157 23.6
      vertex -40.7239 99.8327 23.6
    endloop
  endfacet
  facet normal 0 0 1
    outer loop
      vertex -39.8 91.45 23.6
      vertex -40.8 92.45 23.6
      vertex -40.1827 91.5261 23.6
    endloop
  endfacet
  facet normal 0 0 1
    outer loop
      vertex -40.1827 91.5261 23.6
      vertex -40.8 92.45 23.6
      vertex -40.5071 91.7429 23.6
    endloop
  endfacet
  facet normal 0 0 1
    outer loop
      vertex -40.5071 91.7429 23.6
      vertex -40.8 92.45 23.6
      vertex -40.7239 92.0673 23.6
    endloop
  endfacet
  facet normal 0.83134 0.555765 0
    outer loop
      vertex -31.8761 99.8327 23.6
      vertex -32.0929 100.157 3.45
      vertex -32.0929 100.157 23.6
    endloop
  endfacet
  facet normal 0.83134 0.555765 0
    outer loop
      vertex -32.0929 100.157 3.45
      vertex -31.8761 99.8327 23.6
      vertex -31.8761 99.8327 3.45
    endloop
  endfacet
  facet normal -0.980787 -0.195081 0
    outer loop
      vertex -40.8 92.4499 3.45
      vertex -40.7239 92.0673 3.45
      vertex -40.8 92.4499 22.6
    endloop
  endfacet
  facet normal -1 0 0
    outer loop
      vertex -40.8 92.4499 22.6
      vertex -40.8 92.45 23.6
      vertex -40.8 92.45 22.6
    endloop
  endfacet
  facet normal -0.980787 -0.195081 -0
    outer loop
      vertex -40.7239 92.0673 23.6
      vertex -40.8 92.4499 22.6
      vertex -40.7239 92.0673 3.45
    endloop
  endfacet
  facet normal -0.980797 -0.195032 1.95032e-05
    outer loop
      vertex -40.8 92.4499 22.6
      vertex -40.7239 92.0673 23.6
      vertex -40.8 92.45 23.6
    endloop
  endfacet
  facet normal 0.195032 -0.980797 0
    outer loop
      vertex -32.8 91.45 3.45
      vertex -32.4173 91.5261 23.6
      vertex -32.8 91.45 23.6
    endloop
  endfacet
  facet normal 0.195032 -0.980797 0
    outer loop
      vertex -32.4173 91.5261 23.6
      vertex -32.8 91.45 3.45
      vertex -32.4173 91.5261 3.45
    endloop
  endfacet
  facet normal 0.556 0.831182 -0
    outer loop
      vertex -32.0929 100.157 3.45
      vertex -32.4173 100.374 23.6
      vertex -32.0929 100.157 23.6
    endloop
  endfacet
  facet normal 0.556 0.831182 0
    outer loop
      vertex -32.4173 100.374 23.6
      vertex -32.0929 100.157 3.45
      vertex -32.4173 100.374 3.45
    endloop
  endfacet
  facet normal 1 -0 0
    outer loop
      vertex -31.8 92.45 23.6
      vertex -31.8 99.45 3.45
      vertex -31.8 99.45 23.6
    endloop
  endfacet
  facet normal 1 0 0
    outer loop
      vertex -31.8 99.45 3.45
      vertex -31.8 92.45 23.6
      vertex -31.8 92.45 3.45
    endloop
  endfacet
  facet normal -0.195032 -0.980797 0
    outer loop
      vertex -40.1827 91.5261 3.45
      vertex -39.8 91.45 23.6
      vertex -40.1827 91.5261 23.6
    endloop
  endfacet
  facet normal -0.195032 -0.980797 -0
    outer loop
      vertex -39.8 91.45 23.6
      vertex -40.1827 91.5261 3.45
      vertex -39.8 91.45 3.45
    endloop
  endfacet
  facet normal -0.831419 -0.555646 0
    outer loop
      vertex -40.5071 91.7429 3.45
      vertex -40.7239 92.0673 23.6
      vertex -40.7239 92.0673 3.45
    endloop
  endfacet
  facet normal -0.831419 -0.555646 0
    outer loop
      vertex -40.7239 92.0673 23.6
      vertex -40.5071 91.7429 3.45
      vertex -40.5071 91.7429 23.6
    endloop
  endfacet
  facet normal 0.555646 -0.831419 0
    outer loop
      vertex -32.4173 91.5261 3.45
      vertex -32.0929 91.7429 23.6
      vertex -32.4173 91.5261 23.6
    endloop
  endfacet
  facet normal 0.555646 -0.831419 0
    outer loop
      vertex -32.0929 91.7429 23.6
      vertex -32.4173 91.5261 3.45
      vertex -32.0929 91.7429 3.45
    endloop
  endfacet
  facet normal -0.555646 -0.831419 0
    outer loop
      vertex -40.5071 91.7429 3.45
      vertex -40.1827 91.5261 23.6
      vertex -40.5071 91.7429 23.6
    endloop
  endfacet
  facet normal -0.555646 -0.831419 -0
    outer loop
      vertex -40.1827 91.5261 23.6
      vertex -40.5071 91.7429 3.45
      vertex -40.1827 91.5261 3.45
    endloop
  endfacet
  facet normal 0.980797 0.195032 0
    outer loop
      vertex -31.8 99.45 23.6
      vertex -31.8761 99.8327 3.45
      vertex -31.8761 99.8327 23.6
    endloop
  endfacet
  facet normal 0.980797 0.195032 0
    outer loop
      vertex -31.8761 99.8327 3.45
      vertex -31.8 99.45 23.6
      vertex -31.8 99.45 3.45
    endloop
  endfacet
  facet normal 0 0 -1
    outer loop
      vertex -32.8 91.45 3.45
      vertex -31.8 92.45 3.45
      vertex -31.8761 92.0673 3.45
    endloop
  endfacet
  facet normal 0 0 -1
    outer loop
      vertex -39.3 100.45 3.45
      vertex -31.8 92.45 3.45
      vertex -32.8 91.45 3.45
    endloop
  endfacet
  facet normal 0 0 -1
    outer loop
      vertex -32.8 91.45 3.45
      vertex -31.8761 92.0673 3.45
      vertex -32.0929 91.7429 3.45
    endloop
  endfacet
  facet normal 0 0 -1
    outer loop
      vertex -31.8 92.45 3.45
      vertex -39.3 100.45 3.45
      vertex -31.8 99.45 3.45
    endloop
  endfacet
  facet normal 0 0 -1
    outer loop
      vertex -32.8 91.45 3.45
      vertex -32.0929 91.7429 3.45
      vertex -32.4173 91.5261 3.45
    endloop
  endfacet
  facet normal 0 0 -1
    outer loop
      vertex -31.8 99.45 3.45
      vertex -32.8 100.45 3.45
      vertex -31.8761 99.8327 3.45
    endloop
  endfacet
  facet normal 0 0 -1
    outer loop
      vertex -31.8761 99.8327 3.45
      vertex -32.8 100.45 3.45
      vertex -32.0929 100.157 3.45
    endloop
  endfacet
  facet normal 0 0 -1
    outer loop
      vertex -32.0929 100.157 3.45
      vertex -32.8 100.45 3.45
      vertex -32.4173 100.374 3.45
    endloop
  endfacet
  facet normal 0 0 -1
    outer loop
      vertex -31.8 99.45 3.45
      vertex -39.3 100.45 3.45
      vertex -32.8 100.45 3.45
    endloop
  endfacet
  facet normal 0 0 -1
    outer loop
      vertex -40.8 98.95 3.45
      vertex -39.3 100.45 3.45
      vertex -32.8 91.45 3.45
    endloop
  endfacet
  facet normal 0 0 -1
    outer loop
      vertex -40.8 98.95 3.45
      vertex -32.8 91.45 3.45
      vertex -39.8 91.45 3.45
    endloop
  endfacet
  facet normal 0 0 -1
    outer loop
      vertex -39.3 100.45 3.45
      vertex -40.8 98.95 3.45
      vertex -39.6882 100.399 3.45
    endloop
  endfacet
  facet normal 0 0 -1
    outer loop
      vertex -40.8 92.4499 3.45
      vertex -39.8 91.45 3.45
      vertex -40.1827 91.5261 3.45
    endloop
  endfacet
  facet normal 0 0 -1
    outer loop
      vertex -39.6882 100.399 3.45
      vertex -40.8 98.95 3.45
      vertex -40.05 100.249 3.45
    endloop
  endfacet
  facet normal 0 0 -1
    outer loop
      vertex -40.8 92.4499 3.45
      vertex -40.1827 91.5261 3.45
      vertex -40.5071 91.7429 3.45
    endloop
  endfacet
  facet normal 0 0 -1
    outer loop
      vertex -40.05 100.249 3.45
      vertex -40.8 98.95 3.45
      vertex -40.3607 100.011 3.45
    endloop
  endfacet
  facet normal 0 0 -1
    outer loop
      vertex -40.8 92.4499 3.45
      vertex -40.5071 91.7429 3.45
      vertex -40.7239 92.0673 3.45
    endloop
  endfacet
  facet normal 0 0 -1
    outer loop
      vertex -39.8 91.45 3.45
      vertex -40.8 92.4499 3.45
      vertex -40.8 98.95 3.45
    endloop
  endfacet
  facet normal 0 0 -1
    outer loop
      vertex -40.3607 100.011 3.45
      vertex -40.8 98.95 3.45
      vertex -40.599 99.7 3.45
    endloop
  endfacet
  facet normal 0 0 -1
    outer loop
      vertex -40.599 99.7 3.45
      vertex -40.8 98.95 3.45
      vertex -40.7489 99.3382 3.45
    endloop
  endfacet
  facet normal 0.831435 -0.555622 0
    outer loop
      vertex -32.0929 8.24289 23.6
      vertex -31.8761 8.56731 3.45
      vertex -31.8761 8.56731 23.6
    endloop
  endfacet
  facet normal 0.831435 -0.555622 0
    outer loop
      vertex -31.8761 8.56731 3.45
      vertex -32.0929 8.24289 23.6
      vertex -32.0929 8.24289 3.45
    endloop
  endfacet
  facet normal -0.831419 0.555646 0
    outer loop
      vertex -40.7239 16.3327 3.45
      vertex -40.5071 16.6571 23.6
      vertex -40.5071 16.6571 3.45
    endloop
  endfacet
  facet normal -0.831419 0.555646 0
    outer loop
      vertex -40.5071 16.6571 23.6
      vertex -40.7239 16.3327 3.45
      vertex -40.7239 16.3327 23.6
    endloop
  endfacet
  facet normal -0.555646 0.831419 0
    outer loop
      vertex -40.1827 16.8739 3.45
      vertex -40.5071 16.6571 23.6
      vertex -40.1827 16.8739 23.6
    endloop
  endfacet
  facet normal -0.555646 0.831419 0
    outer loop
      vertex -40.5071 16.6571 23.6
      vertex -40.1827 16.8739 3.45
      vertex -40.5071 16.6571 3.45
    endloop
  endfacet
  facet normal -1 0 0
    outer loop
      vertex -40.8 8.95 22.6
      vertex -40.8 15.95 23.6
      vertex -40.8 15.95 22.6
    endloop
  endfacet
  facet normal -1 -0 0
    outer loop
      vertex -40.8 15.95 23.6
      vertex -40.8 8.95 22.6
      vertex -40.8 8.95 23.6
    endloop
  endfacet
  facet normal -0.195032 0.980797 0
    outer loop
      vertex -39.8 16.95 3.45
      vertex -40.1827 16.8739 23.6
      vertex -39.8 16.95 23.6
    endloop
  endfacet
  facet normal -0.195032 0.980797 0
    outer loop
      vertex -40.1827 16.8739 23.6
      vertex -39.8 16.95 3.45
      vertex -40.1827 16.8739 3.45
    endloop
  endfacet
  facet normal 0 1 -0
    outer loop
      vertex -32.8 16.95 3.45
      vertex -39.8 16.95 23.6
      vertex -32.8 16.95 23.6
    endloop
  endfacet
  facet normal 0 1 0
    outer loop
      vertex -39.8 16.95 23.6
      vertex -32.8 16.95 3.45
      vertex -39.8 16.95 3.45
    endloop
  endfacet
  facet normal 0.980796 -0.195037 0
    outer loop
      vertex -31.8761 8.56731 23.6
      vertex -31.8 8.95 3.45
      vertex -31.8 8.95 23.6
    endloop
  endfacet
  facet normal 0.980796 -0.195037 0
    outer loop
      vertex -31.8 8.95 3.45
      vertex -31.8761 8.56731 23.6
      vertex -31.8761 8.56731 3.45
    endloop
  endfacet
  facet normal 0.195032 0.980797 -0
    outer loop
      vertex -32.4173 16.8739 3.45
      vertex -32.8 16.95 23.6
      vertex -32.4173 16.8739 23.6
    endloop
  endfacet
  facet normal 0.195032 0.980797 0
    outer loop
      vertex -32.8 16.95 23.6
      vertex -32.4173 16.8739 3.45
      vertex -32.8 16.95 3.45
    endloop
  endfacet
  facet normal -0.980787 0.195081 0
    outer loop
      vertex -40.8 15.9501 22.6
      vertex -40.7239 16.3327 3.45
      vertex -40.8 15.9501 3.45
    endloop
  endfacet
  facet normal -0.980787 0.195081 0
    outer loop
      vertex -40.7239 16.3327 3.45
      vertex -40.8 15.9501 22.6
      vertex -40.7239 16.3327 23.6
    endloop
  endfacet
  facet normal -1 0 0
    outer loop
      vertex -40.8 15.95 23.6
      vertex -40.8 15.9501 22.6
      vertex -40.8 15.95 22.6
    endloop
  endfacet
  facet normal -0.980797 0.195032 1.95032e-05
    outer loop
      vertex -40.8 15.9501 22.6
      vertex -40.8 15.95 23.6
      vertex -40.7239 16.3327 23.6
    endloop
  endfacet
  facet normal 0 0 1
    outer loop
      vertex -32.8 16.95 23.6
      vertex -31.8 15.95 23.6
      vertex -31.8761 16.3327 23.6
    endloop
  endfacet
  facet normal 0 0 1
    outer loop
      vertex -31.8 15.95 23.6
      vertex -34 12.45 23.6
      vertex -31.8 8.95 23.6
    endloop
  endfacet
  facet normal 0 0 1
    outer loop
      vertex -32.8 16.95 23.6
      vertex -31.8761 16.3327 23.6
      vertex -32.0929 16.6571 23.6
    endloop
  endfacet
  facet normal -0 0 1
    outer loop
      vertex -34.0246 12.1537 23.6
      vertex -31.8 8.95 23.6
      vertex -34 12.45 23.6
    endloop
  endfacet
  facet normal 0 0 1
    outer loop
      vertex -32.8 16.95 23.6
      vertex -32.0929 16.6571 23.6
      vertex -32.4173 16.8739 23.6
    endloop
  endfacet
  facet normal -0 0 1
    outer loop
      vertex -34.0314 12.0714 23.6
      vertex -31.8 8.95 23.6
      vertex -34.0246 12.1537 23.6
    endloop
  endfacet
  facet normal 0 0 1
    outer loop
      vertex -34.7423 14.1422 23.6
      vertex -31.8 15.95 23.6
      vertex -32.8 16.95 23.6
    endloop
  endfacet
  facet normal -0 0 1
    outer loop
      vertex -34.1043 11.7832 23.6
      vertex -31.8 8.95 23.6
      vertex -34.0314 12.0714 23.6
    endloop
  endfacet
  facet normal -0 0 1
    outer loop
      vertex -34.1246 11.7032 23.6
      vertex -31.8 8.95 23.6
      vertex -34.1043 11.7832 23.6
    endloop
  endfacet
  facet normal 0 0 1
    outer loop
      vertex -31.8 15.95 23.6
      vertex -34.0246 12.7463 23.6
      vertex -34 12.45 23.6
    endloop
  endfacet
  facet normal 0 0 1
    outer loop
      vertex -31.8 15.95 23.6
      vertex -34.0314 12.8286 23.6
      vertex -34.0246 12.7463 23.6
    endloop
  endfacet
  facet normal 0 0 1
    outer loop
      vertex -31.8 15.95 23.6
      vertex -34.1043 13.1168 23.6
      vertex -34.0314 12.8286 23.6
    endloop
  endfacet
  facet normal 0 0 1
    outer loop
      vertex -31.8 15.95 23.6
      vertex -34.1246 13.1968 23.6
      vertex -34.1043 13.1168 23.6
    endloop
  endfacet
  facet normal 0 0 1
    outer loop
      vertex -31.8 15.95 23.6
      vertex -34.1578 13.2724 23.6
      vertex -34.1246 13.1968 23.6
    endloop
  endfacet
  facet normal 0 0 1
    outer loop
      vertex -31.8 15.95 23.6
      vertex -34.2772 13.5447 23.6
      vertex -34.1578 13.2724 23.6
    endloop
  endfacet
  facet normal 0 0 1
    outer loop
      vertex -31.8 15.95 23.6
      vertex -34.4398 13.7936 23.6
      vertex -34.2772 13.5447 23.6
    endloop
  endfacet
  facet normal 0 0 1
    outer loop
      vertex -31.8 15.95 23.6
      vertex -34.485 13.8627 23.6
      vertex -34.4398 13.7936 23.6
    endloop
  endfacet
  facet normal 0 0 1
    outer loop
      vertex -31.8 15.95 23.6
      vertex -34.5409 13.9234 23.6
      vertex -34.485 13.8627 23.6
    endloop
  endfacet
  facet normal 0 0 1
    outer loop
      vertex -31.8 15.95 23.6
      vertex -34.7423 14.1422 23.6
      vertex -34.5409 13.9234 23.6
    endloop
  endfacet
  facet normal 0 0 1
    outer loop
      vertex -32.8 16.95 23.6
      vertex -34.9769 14.3248 23.6
      vertex -34.7423 14.1422 23.6
    endloop
  endfacet
  facet normal 0 0 1
    outer loop
      vertex -32.8 16.95 23.6
      vertex -35.042 14.3755 23.6
      vertex -34.9769 14.3248 23.6
    endloop
  endfacet
  facet normal 0 0 1
    outer loop
      vertex -32.8 16.95 23.6
      vertex -35.3035 14.517 23.6
      vertex -35.042 14.3755 23.6
    endloop
  endfacet
  facet normal 0 0 1
    outer loop
      vertex -32.8 16.95 23.6
      vertex -35.3761 14.5563 23.6
      vertex -35.3035 14.517 23.6
    endloop
  endfacet
  facet normal 0 0 1
    outer loop
      vertex -32.8 16.95 23.6
      vertex -35.4542 14.5831 23.6
      vertex -35.3761 14.5563 23.6
    endloop
  endfacet
  facet normal 0 0 1
    outer loop
      vertex -32.8 16.95 23.6
      vertex -35.7354 14.6796 23.6
      vertex -35.4542 14.5831 23.6
    endloop
  endfacet
  facet normal 0 0 1
    outer loop
      vertex -32.8 16.95 23.6
      vertex -35.8168 14.6932 23.6
      vertex -35.7354 14.6796 23.6
    endloop
  endfacet
  facet normal 0 0 1
    outer loop
      vertex -32.8 16.95 23.6
      vertex -36.1101 14.7421 23.6
      vertex -35.8168 14.6932 23.6
    endloop
  endfacet
  facet normal 0 0 1
    outer loop
      vertex -32.8 16.95 23.6
      vertex -36.4899 14.7421 23.6
      vertex -36.1101 14.7421 23.6
    endloop
  endfacet
  facet normal -0 0 1
    outer loop
      vertex -39.8 16.95 23.6
      vertex -36.4899 14.7421 23.6
      vertex -32.8 16.95 23.6
    endloop
  endfacet
  facet normal 0 0 1
    outer loop
      vertex -36.4899 14.7421 23.6
      vertex -39.8 16.95 23.6
      vertex -36.7832 14.6932 23.6
    endloop
  endfacet
  facet normal 0 0 1
    outer loop
      vertex -36.7832 14.6932 23.6
      vertex -39.8 16.95 23.6
      vertex -36.8646 14.6796 23.6
    endloop
  endfacet
  facet normal 0 0 1
    outer loop
      vertex -36.8646 14.6796 23.6
      vertex -39.8 16.95 23.6
      vertex -37.1458 14.5831 23.6
    endloop
  endfacet
  facet normal 0 0 1
    outer loop
      vertex -39.8 16.95 23.6
      vertex -37.2965 14.517 23.6
      vertex -37.2239 14.5563 23.6
    endloop
  endfacet
  facet normal 0 0 1
    outer loop
      vertex -40.8 15.95 23.6
      vertex -38.4422 13.2724 23.6
      vertex -38.3228 13.5447 23.6
    endloop
  endfacet
  facet normal 0 0 1
    outer loop
      vertex -40.8 15.95 23.6
      vertex -38.4957 13.1168 23.6
      vertex -38.4754 13.1968 23.6
    endloop
  endfacet
  facet normal 0 0 1
    outer loop
      vertex -38.5686 12.8286 23.6
      vertex -40.8 15.95 23.6
      vertex -38.5755 12.7463 23.6
    endloop
  endfacet
  facet normal 0 0 1
    outer loop
      vertex -38.4957 13.1168 23.6
      vertex -40.8 15.95 23.6
      vertex -38.5686 12.8286 23.6
    endloop
  endfacet
  facet normal 0 0 1
    outer loop
      vertex -38.4422 13.2724 23.6
      vertex -40.8 15.95 23.6
      vertex -38.4754 13.1968 23.6
    endloop
  endfacet
  facet normal 0 0 1
    outer loop
      vertex -38.1602 13.7936 23.6
      vertex -40.8 15.95 23.6
      vertex -38.3228 13.5447 23.6
    endloop
  endfacet
  facet normal 0 0 1
    outer loop
      vertex -38.115 13.8627 23.6
      vertex -40.8 15.95 23.6
      vertex -38.1602 13.7936 23.6
    endloop
  endfacet
  facet normal 0 0 1
    outer loop
      vertex -38.0591 13.9234 23.6
      vertex -40.8 15.95 23.6
      vertex -38.115 13.8627 23.6
    endloop
  endfacet
  facet normal 0 0 1
    outer loop
      vertex -37.8577 14.1422 23.6
      vertex -40.8 15.95 23.6
      vertex -38.0591 13.9234 23.6
    endloop
  endfacet
  facet normal -0 0 1
    outer loop
      vertex -40.8 15.95 23.6
      vertex -37.8577 14.1422 23.6
      vertex -39.8 16.95 23.6
    endloop
  endfacet
  facet normal 0 0 1
    outer loop
      vertex -37.6231 14.3248 23.6
      vertex -39.8 16.95 23.6
      vertex -37.8577 14.1422 23.6
    endloop
  endfacet
  facet normal 0 0 1
    outer loop
      vertex -37.558 14.3755 23.6
      vertex -39.8 16.95 23.6
      vertex -37.6231 14.3248 23.6
    endloop
  endfacet
  facet normal 0 0 1
    outer loop
      vertex -37.2965 14.517 23.6
      vertex -39.8 16.95 23.6
      vertex -37.558 14.3755 23.6
    endloop
  endfacet
  facet normal 0 0 1
    outer loop
      vertex -37.1458 14.5831 23.6
      vertex -39.8 16.95 23.6
      vertex -37.2239 14.5563 23.6
    endloop
  endfacet
  facet normal -0 0 1
    outer loop
      vertex -34.1578 11.6276 23.6
      vertex -31.8 8.95 23.6
      vertex -34.1246 11.7032 23.6
    endloop
  endfacet
  facet normal -0 0 1
    outer loop
      vertex -34.2772 11.3553 23.6
      vertex -31.8 8.95 23.6
      vertex -34.1578 11.6276 23.6
    endloop
  endfacet
  facet normal -0 0 1
    outer loop
      vertex -34.4398 11.1064 23.6
      vertex -31.8 8.95 23.6
      vertex -34.2772 11.3553 23.6
    endloop
  endfacet
  facet normal -0 0 1
    outer loop
      vertex -34.485 11.0373 23.6
      vertex -31.8 8.95 23.6
      vertex -34.4398 11.1064 23.6
    endloop
  endfacet
  facet normal -0 0 1
    outer loop
      vertex -34.5409 10.9766 23.6
      vertex -31.8 8.95 23.6
      vertex -34.485 11.0373 23.6
    endloop
  endfacet
  facet normal -0 0 1
    outer loop
      vertex -34.7423 10.7578 23.6
      vertex -31.8 8.95 23.6
      vertex -34.5409 10.9766 23.6
    endloop
  endfacet
  facet normal 0 0 1
    outer loop
      vertex -31.8761 8.56731 23.6
      vertex -32.8 7.95 23.6
      vertex -32.0929 8.24289 23.6
    endloop
  endfacet
  facet normal 0 0 1
    outer loop
      vertex -32.0929 8.24289 23.6
      vertex -32.8 7.95 23.6
      vertex -32.4173 8.02613 23.6
    endloop
  endfacet
  facet normal 0 0 1
    outer loop
      vertex -31.8 8.95 23.6
      vertex -32.8 7.95 23.6
      vertex -31.8761 8.56731 23.6
    endloop
  endfacet
  facet normal 0 0 1
    outer loop
      vertex -31.8 8.95 23.6
      vertex -34.7423 10.7578 23.6
      vertex -32.8 7.95 23.6
    endloop
  endfacet
  facet normal -0 0 1
    outer loop
      vertex -34.9769 10.5752 23.6
      vertex -32.8 7.95 23.6
      vertex -34.7423 10.7578 23.6
    endloop
  endfacet
  facet normal -0 0 1
    outer loop
      vertex -35.042 10.5245 23.6
      vertex -32.8 7.95 23.6
      vertex -34.9769 10.5752 23.6
    endloop
  endfacet
  facet normal -0 0 1
    outer loop
      vertex -35.3035 10.383 23.6
      vertex -32.8 7.95 23.6
      vertex -35.042 10.5245 23.6
    endloop
  endfacet
  facet normal -0 0 1
    outer loop
      vertex -35.3761 10.3437 23.6
      vertex -32.8 7.95 23.6
      vertex -35.3035 10.383 23.6
    endloop
  endfacet
  facet normal -0 0 1
    outer loop
      vertex -35.4542 10.3169 23.6
      vertex -32.8 7.95 23.6
      vertex -35.3761 10.3437 23.6
    endloop
  endfacet
  facet normal -0 0 1
    outer loop
      vertex -35.7354 10.2204 23.6
      vertex -32.8 7.95 23.6
      vertex -35.4542 10.3169 23.6
    endloop
  endfacet
  facet normal -0 0 1
    outer loop
      vertex -35.8168 10.2068 23.6
      vertex -32.8 7.95 23.6
      vertex -35.7354 10.2204 23.6
    endloop
  endfacet
  facet normal -0 0 1
    outer loop
      vertex -36.1101 10.1579 23.6
      vertex -32.8 7.95 23.6
      vertex -35.8168 10.2068 23.6
    endloop
  endfacet
  facet normal -0 0 1
    outer loop
      vertex -36.4899 10.1579 23.6
      vertex -32.8 7.95 23.6
      vertex -36.1101 10.1579 23.6
    endloop
  endfacet
  facet normal 0 0 1
    outer loop
      vertex -39.8 7.95 23.6
      vertex -36.4899 10.1579 23.6
      vertex -36.7832 10.2068 23.6
    endloop
  endfacet
  facet normal 0 0 1
    outer loop
      vertex -39.8 7.95 23.6
      vertex -36.7832 10.2068 23.6
      vertex -36.8646 10.2204 23.6
    endloop
  endfacet
  facet normal 0 0 1
    outer loop
      vertex -39.8 7.95 23.6
      vertex -36.8646 10.2204 23.6
      vertex -37.1458 10.3169 23.6
    endloop
  endfacet
  facet normal 0 0 1
    outer loop
      vertex -39.8 7.95 23.6
      vertex -37.1458 10.3169 23.6
      vertex -37.2239 10.3437 23.6
    endloop
  endfacet
  facet normal 0 0 1
    outer loop
      vertex -39.8 7.95 23.6
      vertex -37.2965 10.383 23.6
      vertex -37.558 10.5245 23.6
    endloop
  endfacet
  facet normal 0 0 1
    outer loop
      vertex -39.8 7.95 23.6
      vertex -37.6231 10.5752 23.6
      vertex -37.8577 10.7578 23.6
    endloop
  endfacet
  facet normal 0 0 1
    outer loop
      vertex -40.8 8.95 23.6
      vertex -38.4422 11.6276 23.6
      vertex -38.4754 11.7032 23.6
    endloop
  endfacet
  facet normal 0 0 1
    outer loop
      vertex -40.8 8.95 23.6
      vertex -38.4957 11.7832 23.6
      vertex -38.5686 12.0714 23.6
    endloop
  endfacet
  facet normal 0 0 1
    outer loop
      vertex -38.5755 12.7463 23.6
      vertex -40.8 15.95 23.6
      vertex -38.6 12.45 23.6
    endloop
  endfacet
  facet normal 0 0 1
    outer loop
      vertex -40.8 8.95 23.6
      vertex -38.6 12.45 23.6
      vertex -40.8 15.95 23.6
    endloop
  endfacet
  facet normal 0 0 1
    outer loop
      vertex -36.4899 10.1579 23.6
      vertex -39.8 7.95 23.6
      vertex -32.8 7.95 23.6
    endloop
  endfacet
  facet normal 0 0 1
    outer loop
      vertex -37.2965 10.383 23.6
      vertex -39.8 7.95 23.6
      vertex -37.2239 10.3437 23.6
    endloop
  endfacet
  facet normal 0 0 1
    outer loop
      vertex -37.6231 10.5752 23.6
      vertex -39.8 7.95 23.6
      vertex -37.558 10.5245 23.6
    endloop
  endfacet
  facet normal 0 0 1
    outer loop
      vertex -40.8 8.95 23.6
      vertex -37.8577 10.7578 23.6
      vertex -38.0591 10.9766 23.6
    endloop
  endfacet
  facet normal 0 0 1
    outer loop
      vertex -40.8 8.95 23.6
      vertex -38.0591 10.9766 23.6
      vertex -38.115 11.0373 23.6
    endloop
  endfacet
  facet normal 0 0 1
    outer loop
      vertex -40.8 8.95 23.6
      vertex -38.115 11.0373 23.6
      vertex -38.1602 11.1064 23.6
    endloop
  endfacet
  facet normal 0 0 1
    outer loop
      vertex -40.8 8.95 23.6
      vertex -38.1602 11.1064 23.6
      vertex -38.3228 11.3553 23.6
    endloop
  endfacet
  facet normal 0 0 1
    outer loop
      vertex -38.4422 11.6276 23.6
      vertex -40.8 8.95 23.6
      vertex -38.3228 11.3553 23.6
    endloop
  endfacet
  facet normal 0 0 1
    outer loop
      vertex -38.4957 11.7832 23.6
      vertex -40.8 8.95 23.6
      vertex -38.4754 11.7032 23.6
    endloop
  endfacet
  facet normal 0 0 1
    outer loop
      vertex -38.6 12.45 23.6
      vertex -40.8 8.95 23.6
      vertex -38.5755 12.1537 23.6
    endloop
  endfacet
  facet normal 0 0 1
    outer loop
      vertex -40.8 15.95 23.6
      vertex -39.8 16.95 23.6
      vertex -40.1827 16.8739 23.6
    endloop
  endfacet
  facet normal 0 0 1
    outer loop
      vertex -38.5755 12.1537 23.6
      vertex -40.8 8.95 23.6
      vertex -38.5686 12.0714 23.6
    endloop
  endfacet
  facet normal 0 0 1
    outer loop
      vertex -40.8 15.95 23.6
      vertex -40.1827 16.8739 23.6
      vertex -40.5071 16.6571 23.6
    endloop
  endfacet
  facet normal 0 0 1
    outer loop
      vertex -37.8577 10.7578 23.6
      vertex -40.8 8.95 23.6
      vertex -39.8 7.95 23.6
    endloop
  endfacet
  facet normal 0 0 1
    outer loop
      vertex -40.8 15.95 23.6
      vertex -40.5071 16.6571 23.6
      vertex -40.7239 16.3327 23.6
    endloop
  endfacet
  facet normal 0 0 1
    outer loop
      vertex -39.8 7.95 23.6
      vertex -40.8 8.95 23.6
      vertex -40.1827 8.02613 23.6
    endloop
  endfacet
  facet normal 0 0 1
    outer loop
      vertex -40.1827 8.02613 23.6
      vertex -40.8 8.95 23.6
      vertex -40.5071 8.24289 23.6
    endloop
  endfacet
  facet normal 0 0 1
    outer loop
      vertex -40.5071 8.24289 23.6
      vertex -40.8 8.95 23.6
      vertex -40.7239 8.56731 23.6
    endloop
  endfacet
  facet normal 0.831419 0.555646 0
    outer loop
      vertex -31.8761 16.3327 23.6
      vertex -32.0929 16.6571 3.45
      vertex -32.0929 16.6571 23.6
    endloop
  endfacet
  facet normal 0.831419 0.555646 0
    outer loop
      vertex -32.0929 16.6571 3.45
      vertex -31.8761 16.3327 23.6
      vertex -31.8761 16.3327 3.45
    endloop
  endfacet
  facet normal -0.980796 -0.195037 0
    outer loop
      vertex -40.7239 8.56731 22.6
      vertex -40.8 8.95 23.6
      vertex -40.8 8.95 22.6
    endloop
  endfacet
  facet normal -0.980796 -0.195037 0
    outer loop
      vertex -40.8 8.95 23.6
      vertex -40.7239 8.56731 22.6
      vertex -40.7239 8.56731 23.6
    endloop
  endfacet
  facet normal 0.555646 0.831419 -0
    outer loop
      vertex -32.0929 16.6571 3.45
      vertex -32.4173 16.8739 23.6
      vertex -32.0929 16.6571 23.6
    endloop
  endfacet
  facet normal 0.555646 0.831419 0
    outer loop
      vertex -32.4173 16.8739 23.6
      vertex -32.0929 16.6571 3.45
      vertex -32.4173 16.8739 3.45
    endloop
  endfacet
  facet normal 1 -0 0
    outer loop
      vertex -31.8 8.95 23.6
      vertex -31.8 15.95 3.45
      vertex -31.8 15.95 23.6
    endloop
  endfacet
  facet normal 1 0 0
    outer loop
      vertex -31.8 15.95 3.45
      vertex -31.8 8.95 23.6
      vertex -31.8 8.95 3.45
    endloop
  endfacet
  facet normal -0.195106 -0.980782 0
    outer loop
      vertex -40.1827 8.02613 22.6
      vertex -39.8 7.95 23.6
      vertex -40.1827 8.02613 23.6
    endloop
  endfacet
  facet normal -0.195106 -0.980782 -0
    outer loop
      vertex -39.8 7.95 23.6
      vertex -40.1827 8.02613 22.6
      vertex -39.8 7.95 22.6
    endloop
  endfacet
  facet normal -0.831435 -0.555622 0
    outer loop
      vertex -40.5071 8.24289 22.6
      vertex -40.7239 8.56731 23.6
      vertex -40.7239 8.56731 22.6
    endloop
  endfacet
  facet normal -0.831435 -0.555622 0
    outer loop
      vertex -40.7239 8.56731 23.6
      vertex -40.5071 8.24289 22.6
      vertex -40.5071 8.24289 23.6
    endloop
  endfacet
  facet normal 0.195106 -0.980782 0
    outer loop
      vertex -32.8 7.95 22.6
      vertex -32.4173 8.02613 23.6
      vertex -32.8 7.95 23.6
    endloop
  endfacet
  facet normal 0.195106 -0.980782 0
    outer loop
      vertex -32.4173 8.02613 3.45
      vertex -32.8 7.95 22.6
      vertex -32.8 7.95 3.45
    endloop
  endfacet
  facet normal 0.195106 -0.980782 0
    outer loop
      vertex -32.8 7.95 22.6
      vertex -32.4173 8.02613 3.45
      vertex -32.4173 8.02613 23.6
    endloop
  endfacet
  facet normal 0.555575 -0.831466 0
    outer loop
      vertex -32.4173 8.02613 3.45
      vertex -32.0929 8.24289 23.6
      vertex -32.4173 8.02613 23.6
    endloop
  endfacet
  facet normal 0.555575 -0.831466 0
    outer loop
      vertex -32.0929 8.24289 23.6
      vertex -32.4173 8.02613 3.45
      vertex -32.0929 8.24289 3.45
    endloop
  endfacet
  facet normal -0.555575 -0.831466 0
    outer loop
      vertex -40.5071 8.24289 22.6
      vertex -40.1827 8.02613 23.6
      vertex -40.5071 8.24289 23.6
    endloop
  endfacet
  facet normal -0.555575 -0.831466 -0
    outer loop
      vertex -40.1827 8.02613 23.6
      vertex -40.5071 8.24289 22.6
      vertex -40.1827 8.02613 22.6
    endloop
  endfacet
  facet normal 0.980797 0.195032 0
    outer loop
      vertex -31.8 15.95 23.6
      vertex -31.8761 16.3327 3.45
      vertex -31.8761 16.3327 23.6
    endloop
  endfacet
  facet normal 0.980797 0.195032 0
    outer loop
      vertex -31.8761 16.3327 3.45
      vertex -31.8 15.95 23.6
      vertex -31.8 15.95 3.45
    endloop
  endfacet
  facet normal 0 0 -1
    outer loop
      vertex -32.8 7.95 3.45
      vertex -31.8 8.95 3.45
      vertex -31.8761 8.56731 3.45
    endloop
  endfacet
  facet normal 0 0 -1
    outer loop
      vertex -39.3 7.95 3.45
      vertex -31.8 8.95 3.45
      vertex -32.8 7.95 3.45
    endloop
  endfacet
  facet normal 0 0 -1
    outer loop
      vertex -32.8 7.95 3.45
      vertex -31.8761 8.56731 3.45
      vertex -32.0929 8.24289 3.45
    endloop
  endfacet
  facet normal -0 0 -1
    outer loop
      vertex -31.8 8.95 3.45
      vertex -39.3 7.95 3.45
      vertex -31.8 15.95 3.45
    endloop
  endfacet
  facet normal 0 0 -1
    outer loop
      vertex -32.8 7.95 3.45
      vertex -32.0929 8.24289 3.45
      vertex -32.4173 8.02613 3.45
    endloop
  endfacet
  facet normal 0 0 -1
    outer loop
      vertex -31.8 15.95 3.45
      vertex -32.8 16.95 3.45
      vertex -31.8761 16.3327 3.45
    endloop
  endfacet
  facet normal 0 0 -1
    outer loop
      vertex -31.8761 16.3327 3.45
      vertex -32.8 16.95 3.45
      vertex -32.0929 16.6571 3.45
    endloop
  endfacet
  facet normal 0 0 -1
    outer loop
      vertex -32.0929 16.6571 3.45
      vertex -32.8 16.95 3.45
      vertex -32.4173 16.8739 3.45
    endloop
  endfacet
  facet normal -0 0 -1
    outer loop
      vertex -31.8 15.95 3.45
      vertex -39.3 7.95 3.45
      vertex -32.8 16.95 3.45
    endloop
  endfacet
  facet normal 0 0 -1
    outer loop
      vertex -40.8 9.45 3.45
      vertex -39.3 7.95 3.45
      vertex -39.6882 8.00112 3.45
    endloop
  endfacet
  facet normal 0 0 -1
    outer loop
      vertex -39.3 7.95 3.45
      vertex -40.8 9.45 3.45
      vertex -32.8 16.95 3.45
    endloop
  endfacet
  facet normal 0 0 -1
    outer loop
      vertex -40.8 9.45 3.45
      vertex -39.6882 8.00112 3.45
      vertex -40.05 8.15097 3.45
    endloop
  endfacet
  facet normal -0 0 -1
    outer loop
      vertex -32.8 16.95 3.45
      vertex -40.8 9.45 3.45
      vertex -39.8 16.95 3.45
    endloop
  endfacet
  facet normal 0 0 -1
    outer loop
      vertex -40.8 9.45 3.45
      vertex -40.05 8.15097 3.45
      vertex -40.3607 8.38935 3.45
    endloop
  endfacet
  facet normal 0 0 -1
    outer loop
      vertex -40.8 15.9501 3.45
      vertex -39.8 16.95 3.45
      vertex -40.8 9.45 3.45
    endloop
  endfacet
  facet normal 0 0 -1
    outer loop
      vertex -40.8 9.45 3.45
      vertex -40.3607 8.38935 3.45
      vertex -40.599 8.7 3.45
    endloop
  endfacet
  facet normal 0 0 -1
    outer loop
      vertex -39.8 16.95 3.45
      vertex -40.8 15.9501 3.45
      vertex -40.1827 16.8739 3.45
    endloop
  endfacet
  facet normal 0 0 -1
    outer loop
      vertex -40.8 9.45 3.45
      vertex -40.599 8.7 3.45
      vertex -40.7489 9.06179 3.45
    endloop
  endfacet
  facet normal 0 0 -1
    outer loop
      vertex -40.1827 16.8739 3.45
      vertex -40.8 15.9501 3.45
      vertex -40.5071 16.6571 3.45
    endloop
  endfacet
  facet normal 0 0 -1
    outer loop
      vertex -40.5071 16.6571 3.45
      vertex -40.8 15.9501 3.45
      vertex -40.7239 16.3327 3.45
    endloop
  endfacet
  facet normal 0.88175 0.471718 0
    outer loop
      vertex 34.4912 95.1117 23.3
      vertex 34.4522 95.1846 17
      vertex 34.4522 95.1846 23.3064
    endloop
  endfacet
  facet normal 0.881889 0.471458 -3.86793e-06
    outer loop
      vertex 34.6009 94.9065 23.3
      vertex 34.4522 95.1846 17
      vertex 34.4912 95.1117 23.3
    endloop
  endfacet
  facet normal 0.881558 0.472077 -0
    outer loop
      vertex 34.6371 94.8389 17
      vertex 34.6009 94.9065 23.3
      vertex 34.6371 94.8389 23.3067
    endloop
  endfacet
  facet normal 0.881795 0.471634 6.1137e-06
    outer loop
      vertex 34.6009 94.9065 23.3
      vertex 34.6371 94.8389 17
      vertex 34.4522 95.1846 17
    endloop
  endfacet
  facet normal -0.0983236 0.995154 -1.5134e-05
    outer loop
      vertex 36.6032 93.9799 23.3
      vertex 36.6902 93.9884 17
      vertex 36.3694 93.9568 23.3
    endloop
  endfacet
  facet normal -0.0972382 0.995261 0
    outer loop
      vertex 36.6902 93.9884 17
      vertex 36.6032 93.9799 23.3
      vertex 36.6902 93.9884 23.3059
    endloop
  endfacet
  facet normal -0.097938 0.995193 4.6961e-06
    outer loop
      vertex 36.3 93.95 17
      vertex 36.3694 93.9568 23.3
      vertex 36.6902 93.9884 17
    endloop
  endfacet
  facet normal -0.0975157 0.995234 0
    outer loop
      vertex 36.3694 93.9568 23.3
      vertex 36.3 93.95 17
      vertex 36.3 93.95 23.3069
    endloop
  endfacet
  facet normal -0.995317 -0.0966675 0
    outer loop
      vertex 38.2616 96.3402 17
      vertex 38.2643 96.3124 23.3
      vertex 38.2616 96.3402 23.3042
    endloop
  endfacet
  facet normal -0.995193 -0.097938 -5.65961e-06
    outer loop
      vertex 38.3 95.95 17
      vertex 38.2643 96.3124 23.3
      vertex 38.2616 96.3402 17
    endloop
  endfacet
  facet normal -0.995183 -0.0980354 0
    outer loop
      vertex 38.2643 96.3124 23.3
      vertex 38.3 95.95 17
      vertex 38.3 95.95 23.3
    endloop
  endfacet
  facet normal 0.956836 0.290628 0
    outer loop
      vertex 34.3644 95.4742 23.3
      vertex 34.3384 95.5598 17
      vertex 34.3384 95.5598 23.3042
    endloop
  endfacet
  facet normal 0.956903 0.290409 -3.24337e-06
    outer loop
      vertex 34.4366 95.2363 23.3
      vertex 34.3384 95.5598 17
      vertex 34.3644 95.4742 23.3
    endloop
  endfacet
  facet normal 0.957366 0.288877 -0
    outer loop
      vertex 34.4522 95.1846 17
      vertex 34.4366 95.2363 23.3
      vertex 34.4522 95.1846 23.3064
    endloop
  endfacet
  facet normal 0.956951 0.290248 -1.22829e-05
    outer loop
      vertex 34.4366 95.2363 23.3
      vertex 34.4522 95.1846 17
      vertex 34.3384 95.5598 17
    endloop
  endfacet
  facet normal 0.995317 -0.0966675 0
    outer loop
      vertex 34.3357 96.3124 23.3
      vertex 34.3384 96.3402 17
      vertex 34.3384 96.3402 23.3042
    endloop
  endfacet
  facet normal 0.995183 -0.0980354 -6.0937e-06
    outer loop
      vertex 34.3 95.95 23.3
      vertex 34.3384 96.3402 17
      vertex 34.3357 96.3124 23.3
    endloop
  endfacet
  facet normal 0.995193 -0.097938 0
    outer loop
      vertex 34.3384 96.3402 17
      vertex 34.3 95.95 23.3
      vertex 34.3 95.95 17
    endloop
  endfacet
  facet normal 0.471344 0.881949 -1.14559e-05
    outer loop
      vertex 35.5181 94.1111 23.3
      vertex 35.5346 94.1022 17
      vertex 35.1972 94.2826 23.3
    endloop
  endfacet
  facet normal 0.474736 0.880128 -0
    outer loop
      vertex 35.5346 94.1022 17
      vertex 35.5181 94.1111 23.3
      vertex 35.5346 94.1022 23.303
    endloop
  endfacet
  facet normal 0.471634 0.881795 8.4944e-06
    outer loop
      vertex 35.1889 94.2871 17
      vertex 35.1972 94.2826 23.3
      vertex 35.5346 94.1022 17
    endloop
  endfacet
  facet normal 0.476624 0.879107 0
    outer loop
      vertex 35.1972 94.2826 23.3
      vertex 35.1889 94.2871 17
      vertex 35.1889 94.2871 23.3016
    endloop
  endfacet
  facet normal 0.772952 0.634465 0
    outer loop
      vertex 34.6765 94.7909 23.3
      vertex 34.6371 94.8389 17
      vertex 34.6371 94.8389 23.3067
    endloop
  endfacet
  facet normal 0.773121 0.634259 -2.62115e-06
    outer loop
      vertex 34.8286 94.6055 23.3
      vertex 34.6371 94.8389 17
      vertex 34.6765 94.7909 23.3
    endloop
  endfacet
  facet normal 0.773018 0.634385 -0
    outer loop
      vertex 34.8858 94.5358 17
      vertex 34.8286 94.6055 23.3
      vertex 34.8858 94.5358 23.3051
    endloop
  endfacet
  facet normal 0.77307 0.634321 1.18621e-06
    outer loop
      vertex 34.8286 94.6055 23.3
      vertex 34.8858 94.5358 17
      vertex 34.6371 94.8389 17
    endloop
  endfacet
  facet normal -0.956836 0.290628 0
    outer loop
      vertex 38.2616 95.5598 17
      vertex 38.2356 95.4742 23.3
      vertex 38.2616 95.5598 23.3042
    endloop
  endfacet
  facet normal -0.956903 0.290409 -3.24337e-06
    outer loop
      vertex 38.2616 95.5598 17
      vertex 38.1634 95.2363 23.3
      vertex 38.2356 95.4742 23.3
    endloop
  endfacet
  facet normal -0.956951 0.290248 -1.22829e-05
    outer loop
      vertex 38.1478 95.1846 17
      vertex 38.1634 95.2363 23.3
      vertex 38.2616 95.5598 17
    endloop
  endfacet
  facet normal -0.957366 0.288877 0
    outer loop
      vertex 38.1634 95.2363 23.3
      vertex 38.1478 95.1846 17
      vertex 38.1478 95.1846 23.3064
    endloop
  endfacet
  facet normal -0.957366 -0.288877 0
    outer loop
      vertex 38.1478 96.7154 17
      vertex 38.1634 96.6637 23.3
      vertex 38.1478 96.7154 23.3064
    endloop
  endfacet
  facet normal -0.956903 -0.290409 -1.37269e-05
    outer loop
      vertex 38.1478 96.7154 17
      vertex 38.2356 96.4258 23.3
      vertex 38.1634 96.6637 23.3
    endloop
  endfacet
  facet normal -0.956951 -0.290248 -5.63541e-06
    outer loop
      vertex 38.2616 96.3402 17
      vertex 38.2356 96.4258 23.3
      vertex 38.1478 96.7154 17
    endloop
  endfacet
  facet normal -0.956836 -0.290628 0
    outer loop
      vertex 38.2356 96.4258 23.3
      vertex 38.2616 96.3402 17
      vertex 38.2616 96.3402 23.3042
    endloop
  endfacet
  facet normal 0.995183 0.0980354 0
    outer loop
      vertex 34.3357 95.5876 23.3
      vertex 34.3 95.95 17
      vertex 34.3 95.95 23.3
    endloop
  endfacet
  facet normal 0.995317 0.0966675 -0
    outer loop
      vertex 34.3384 95.5598 17
      vertex 34.3357 95.5876 23.3
      vertex 34.3384 95.5598 23.3042
    endloop
  endfacet
  facet normal 0.995193 0.097938 -5.65961e-06
    outer loop
      vertex 34.3357 95.5876 23.3
      vertex 34.3384 95.5598 17
      vertex 34.3 95.95 17
    endloop
  endfacet
  facet normal -0.290302 -0.956935 -1.11229e-05
    outer loop
      vertex 36.7338 97.8983 23.3
      vertex 36.6902 97.9116 17
      vertex 36.9863 97.8217 23.3
    endloop
  endfacet
  facet normal -0.291773 -0.956488 0
    outer loop
      vertex 36.6902 97.9116 17
      vertex 36.7338 97.8983 23.3
      vertex 36.6902 97.9116 23.3059
    endloop
  endfacet
  facet normal -0.290248 -0.956951 -1.38861e-05
    outer loop
      vertex 37.0654 97.7978 17
      vertex 36.9863 97.8217 23.3
      vertex 36.6902 97.9116 17
    endloop
  endfacet
  facet normal -0.289235 -0.957258 0
    outer loop
      vertex 36.9863 97.8217 23.3
      vertex 37.0654 97.7978 17
      vertex 37.0654 97.7978 23.303
    endloop
  endfacet
  facet normal 0.0983236 0.995154 8.98581e-06
    outer loop
      vertex 36.2306 93.9568 23.3
      vertex 36.3 93.95 17
      vertex 35.9968 93.9799 23.3
    endloop
  endfacet
  facet normal 0.0975157 0.995234 -0
    outer loop
      vertex 36.3 93.95 17
      vertex 36.2306 93.9568 23.3
      vertex 36.3 93.95 23.3069
    endloop
  endfacet
  facet normal 0.097938 0.995193 -9.75655e-06
    outer loop
      vertex 35.9098 93.9884 17
      vertex 35.9968 93.9799 23.3
      vertex 36.3 93.95 17
    endloop
  endfacet
  facet normal 0.0972382 0.995261 0
    outer loop
      vertex 35.9968 93.9799 23.3
      vertex 35.9098 93.9884 17
      vertex 35.9098 93.9884 23.3059
    endloop
  endfacet
  facet normal 0.634296 -0.773091 2.04612e-06
    outer loop
      vertex 34.9143 97.3876 23.3
      vertex 34.8858 97.3642 17
      vertex 35.141 97.5736 23.3
    endloop
  endfacet
  facet normal 0.634566 -0.772869 0
    outer loop
      vertex 34.8858 97.3642 17
      vertex 34.9143 97.3876 23.3
      vertex 34.8858 97.3642 23.3051
    endloop
  endfacet
  facet normal 0.634321 -0.77307 3.64364e-07
    outer loop
      vertex 35.1889 97.6129 17
      vertex 35.141 97.5736 23.3
      vertex 34.8858 97.3642 17
    endloop
  endfacet
  facet normal 0.634292 -0.773094 0
    outer loop
      vertex 35.141 97.5736 23.3
      vertex 35.1889 97.6129 17
      vertex 35.1889 97.6129 23.3016
    endloop
  endfacet
  facet normal 0.0983236 -0.995154 -1.5134e-05
    outer loop
      vertex 35.9968 97.9201 23.3
      vertex 35.9098 97.9116 17
      vertex 36.2306 97.9432 23.3
    endloop
  endfacet
  facet normal 0.0972382 -0.995261 0
    outer loop
      vertex 35.9098 97.9116 17
      vertex 35.9968 97.9201 23.3
      vertex 35.9098 97.9116 23.3059
    endloop
  endfacet
  facet normal 0.097938 -0.995193 4.6961e-06
    outer loop
      vertex 36.3 97.95 17
      vertex 36.2306 97.9432 23.3
      vertex 35.9098 97.9116 17
    endloop
  endfacet
  facet normal 0.0975157 -0.995234 0
    outer loop
      vertex 36.2306 97.9432 23.3
      vertex 36.3 97.95 17
      vertex 36.3 97.95 23.3069
    endloop
  endfacet
  facet normal -0.995183 0.0980354 0
    outer loop
      vertex 38.3 95.95 17
      vertex 38.2643 95.5876 23.3
      vertex 38.3 95.95 23.3
    endloop
  endfacet
  facet normal -0.995193 0.097938 -5.65961e-06
    outer loop
      vertex 38.2616 95.5598 17
      vertex 38.2643 95.5876 23.3
      vertex 38.3 95.95 17
    endloop
  endfacet
  facet normal -0.995317 0.0966675 0
    outer loop
      vertex 38.2643 95.5876 23.3
      vertex 38.2616 95.5598 17
      vertex 38.2616 95.5598 23.3042
    endloop
  endfacet
  facet normal -0.634296 -0.773091 4.8717e-08
    outer loop
      vertex 37.459 97.5736 23.3
      vertex 37.4111 97.6129 17
      vertex 37.6857 97.3876 23.3
    endloop
  endfacet
  facet normal -0.634292 -0.773094 0
    outer loop
      vertex 37.4111 97.6129 17
      vertex 37.459 97.5736 23.3
      vertex 37.4111 97.6129 23.3016
    endloop
  endfacet
  facet normal -0.634321 -0.77307 1.85825e-06
    outer loop
      vertex 37.7142 97.3642 17
      vertex 37.6857 97.3876 23.3
      vertex 37.4111 97.6129 17
    endloop
  endfacet
  facet normal -0.634566 -0.772869 0
    outer loop
      vertex 37.6857 97.3876 23.3
      vertex 37.7142 97.3642 17
      vertex 37.7142 97.3642 23.3051
    endloop
  endfacet
  facet normal -0.290302 0.956935 -1.4624e-05
    outer loop
      vertex 36.9863 94.0783 23.3
      vertex 37.0654 94.1022 17
      vertex 36.7338 94.0017 23.3
    endloop
  endfacet
  facet normal -0.289235 0.957258 0
    outer loop
      vertex 37.0654 94.1022 17
      vertex 36.9863 94.0783 23.3
      vertex 37.0654 94.1022 23.303
    endloop
  endfacet
  facet normal -0.290248 0.956951 -1.15299e-05
    outer loop
      vertex 36.6902 93.9884 17
      vertex 36.7338 94.0017 23.3
      vertex 37.0654 94.1022 17
    endloop
  endfacet
  facet normal -0.291773 0.956488 0
    outer loop
      vertex 36.7338 94.0017 23.3
      vertex 36.6902 93.9884 17
      vertex 36.6902 93.9884 23.3059
    endloop
  endfacet
  facet normal 0.471344 -0.881949 8.98671e-06
    outer loop
      vertex 35.1972 97.6174 23.3
      vertex 35.1889 97.6129 17
      vertex 35.5181 97.7889 23.3
    endloop
  endfacet
  facet normal 0.476624 -0.879107 0
    outer loop
      vertex 35.1889 97.6129 17
      vertex 35.1972 97.6174 23.3
      vertex 35.1889 97.6129 23.3016
    endloop
  endfacet
  facet normal 0.471634 -0.881795 -1.04783e-05
    outer loop
      vertex 35.5346 97.7978 17
      vertex 35.5181 97.7889 23.3
      vertex 35.1889 97.6129 17
    endloop
  endfacet
  facet normal 0.474736 -0.880128 0
    outer loop
      vertex 35.5181 97.7889 23.3
      vertex 35.5346 97.7978 17
      vertex 35.5346 97.7978 23.303
    endloop
  endfacet
  facet normal 0.290302 0.956935 -1.11229e-05
    outer loop
      vertex 35.8662 94.0017 23.3
      vertex 35.9098 93.9884 17
      vertex 35.6137 94.0783 23.3
    endloop
  endfacet
  facet normal 0.291773 0.956488 -0
    outer loop
      vertex 35.9098 93.9884 17
      vertex 35.8662 94.0017 23.3
      vertex 35.9098 93.9884 23.3059
    endloop
  endfacet
  facet normal 0.290248 0.956951 -1.38861e-05
    outer loop
      vertex 35.5346 94.1022 17
      vertex 35.6137 94.0783 23.3
      vertex 35.9098 93.9884 17
    endloop
  endfacet
  facet normal 0.289235 0.957258 0
    outer loop
      vertex 35.6137 94.0783 23.3
      vertex 35.5346 94.1022 17
      vertex 35.5346 94.1022 23.303
    endloop
  endfacet
  facet normal 0.634296 0.773091 4.8717e-08
    outer loop
      vertex 35.141 94.3264 23.3
      vertex 35.1889 94.2871 17
      vertex 34.9143 94.5124 23.3
    endloop
  endfacet
  facet normal 0.634292 0.773094 -0
    outer loop
      vertex 35.1889 94.2871 17
      vertex 35.141 94.3264 23.3
      vertex 35.1889 94.2871 23.3016
    endloop
  endfacet
  facet normal 0.634321 0.77307 1.85825e-06
    outer loop
      vertex 34.8858 94.5358 17
      vertex 34.9143 94.5124 23.3
      vertex 35.1889 94.2871 17
    endloop
  endfacet
  facet normal 0.634566 0.772869 0
    outer loop
      vertex 34.9143 94.5124 23.3
      vertex 34.8858 94.5358 17
      vertex 34.8858 94.5358 23.3051
    endloop
  endfacet
  facet normal -0.772952 0.634465 0
    outer loop
      vertex 37.9629 94.8389 17
      vertex 37.9235 94.7909 23.3
      vertex 37.9629 94.8389 23.3067
    endloop
  endfacet
  facet normal -0.773121 0.634259 -2.62115e-06
    outer loop
      vertex 37.9629 94.8389 17
      vertex 37.7714 94.6055 23.3
      vertex 37.9235 94.7909 23.3
    endloop
  endfacet
  facet normal -0.77307 0.634321 1.18621e-06
    outer loop
      vertex 37.7142 94.5358 17
      vertex 37.7714 94.6055 23.3
      vertex 37.9629 94.8389 17
    endloop
  endfacet
  facet normal -0.773018 0.634385 0
    outer loop
      vertex 37.7714 94.6055 23.3
      vertex 37.7142 94.5358 17
      vertex 37.7142 94.5358 23.3051
    endloop
  endfacet
  facet normal -0.634296 0.773091 2.04612e-06
    outer loop
      vertex 37.6857 94.5124 23.3
      vertex 37.7142 94.5358 17
      vertex 37.459 94.3264 23.3
    endloop
  endfacet
  facet normal -0.634566 0.772869 0
    outer loop
      vertex 37.7142 94.5358 17
      vertex 37.6857 94.5124 23.3
      vertex 37.7142 94.5358 23.3051
    endloop
  endfacet
  facet normal -0.634321 0.77307 3.64364e-07
    outer loop
      vertex 37.4111 94.2871 17
      vertex 37.459 94.3264 23.3
      vertex 37.7142 94.5358 17
    endloop
  endfacet
  facet normal -0.634292 0.773094 0
    outer loop
      vertex 37.459 94.3264 23.3
      vertex 37.4111 94.2871 17
      vertex 37.4111 94.2871 23.3016
    endloop
  endfacet
  facet normal -0.471344 0.881949 8.98671e-06
    outer loop
      vertex 37.4028 94.2826 23.3
      vertex 37.4111 94.2871 17
      vertex 37.0819 94.1111 23.3
    endloop
  endfacet
  facet normal -0.476624 0.879107 0
    outer loop
      vertex 37.4111 94.2871 17
      vertex 37.4028 94.2826 23.3
      vertex 37.4111 94.2871 23.3016
    endloop
  endfacet
  facet normal -0.471634 0.881795 -1.04783e-05
    outer loop
      vertex 37.0654 94.1022 17
      vertex 37.0819 94.1111 23.3
      vertex 37.4111 94.2871 17
    endloop
  endfacet
  facet normal -0.474736 0.880128 0
    outer loop
      vertex 37.0819 94.1111 23.3
      vertex 37.0654 94.1022 17
      vertex 37.0654 94.1022 23.303
    endloop
  endfacet
  facet normal 0 0 1
    outer loop
      vertex 38.2616 96.3402 17
      vertex 38.2616 95.5598 17
      vertex 38.3 95.95 17
    endloop
  endfacet
  facet normal 0 0 1
    outer loop
      vertex 38.1478 96.7154 17
      vertex 38.2616 95.5598 17
      vertex 38.2616 96.3402 17
    endloop
  endfacet
  facet normal 0 0 1
    outer loop
      vertex 38.1478 96.7154 17
      vertex 38.1478 95.1846 17
      vertex 38.2616 95.5598 17
    endloop
  endfacet
  facet normal 0 0 1
    outer loop
      vertex 37.9629 97.0611 17
      vertex 38.1478 95.1846 17
      vertex 38.1478 96.7154 17
    endloop
  endfacet
  facet normal 0 0 1
    outer loop
      vertex 37.9629 97.0611 17
      vertex 37.9629 94.8389 17
      vertex 38.1478 95.1846 17
    endloop
  endfacet
  facet normal 0 0 1
    outer loop
      vertex 37.7142 97.3642 17
      vertex 37.9629 94.8389 17
      vertex 37.9629 97.0611 17
    endloop
  endfacet
  facet normal 0 0 1
    outer loop
      vertex 37.7142 97.3642 17
      vertex 37.7142 94.5358 17
      vertex 37.9629 94.8389 17
    endloop
  endfacet
  facet normal 0 0 1
    outer loop
      vertex 37.4111 97.6129 17
      vertex 37.7142 94.5358 17
      vertex 37.7142 97.3642 17
    endloop
  endfacet
  facet normal 0 0 1
    outer loop
      vertex 37.4111 97.6129 17
      vertex 37.4111 94.2871 17
      vertex 37.7142 94.5358 17
    endloop
  endfacet
  facet normal 0 0 1
    outer loop
      vertex 37.0654 97.7978 17
      vertex 37.4111 94.2871 17
      vertex 37.4111 97.6129 17
    endloop
  endfacet
  facet normal 0 0 1
    outer loop
      vertex 37.0654 97.7978 17
      vertex 37.0654 94.1022 17
      vertex 37.4111 94.2871 17
    endloop
  endfacet
  facet normal 0 0 1
    outer loop
      vertex 36.6902 97.9116 17
      vertex 37.0654 94.1022 17
      vertex 37.0654 97.7978 17
    endloop
  endfacet
  facet normal 0 0 1
    outer loop
      vertex 36.6902 97.9116 17
      vertex 36.6902 93.9884 17
      vertex 37.0654 94.1022 17
    endloop
  endfacet
  facet normal 0 0 1
    outer loop
      vertex 36.3 97.95 17
      vertex 36.6902 93.9884 17
      vertex 36.6902 97.9116 17
    endloop
  endfacet
  facet normal 0 0 1
    outer loop
      vertex 36.3 97.95 17
      vertex 36.3 93.95 17
      vertex 36.6902 93.9884 17
    endloop
  endfacet
  facet normal -0 0 1
    outer loop
      vertex 35.9098 97.9116 17
      vertex 36.3 93.95 17
      vertex 36.3 97.95 17
    endloop
  endfacet
  facet normal 0 0 1
    outer loop
      vertex 35.9098 97.9116 17
      vertex 35.9098 93.9884 17
      vertex 36.3 93.95 17
    endloop
  endfacet
  facet normal -0 0 1
    outer loop
      vertex 35.5346 97.7978 17
      vertex 35.9098 93.9884 17
      vertex 35.9098 97.9116 17
    endloop
  endfacet
  facet normal 0 0 1
    outer loop
      vertex 35.5346 97.7978 17
      vertex 35.5346 94.1022 17
      vertex 35.9098 93.9884 17
    endloop
  endfacet
  facet normal -0 0 1
    outer loop
      vertex 35.1889 97.6129 17
      vertex 35.5346 94.1022 17
      vertex 35.5346 97.7978 17
    endloop
  endfacet
  facet normal 0 0 1
    outer loop
      vertex 35.1889 97.6129 17
      vertex 35.1889 94.2871 17
      vertex 35.5346 94.1022 17
    endloop
  endfacet
  facet normal -0 0 1
    outer loop
      vertex 34.8858 97.3642 17
      vertex 35.1889 94.2871 17
      vertex 35.1889 97.6129 17
    endloop
  endfacet
  facet normal 0 0 1
    outer loop
      vertex 34.8858 97.3642 17
      vertex 34.8858 94.5358 17
      vertex 35.1889 94.2871 17
    endloop
  endfacet
  facet normal -0 0 1
    outer loop
      vertex 34.6371 97.0611 17
      vertex 34.8858 94.5358 17
      vertex 34.8858 97.3642 17
    endloop
  endfacet
  facet normal 0 0 1
    outer loop
      vertex 34.6371 97.0611 17
      vertex 34.6371 94.8389 17
      vertex 34.8858 94.5358 17
    endloop
  endfacet
  facet normal -0 0 1
    outer loop
      vertex 34.4522 96.7154 17
      vertex 34.6371 94.8389 17
      vertex 34.6371 97.0611 17
    endloop
  endfacet
  facet normal 0 0 1
    outer loop
      vertex 34.4522 96.7154 17
      vertex 34.4522 95.1846 17
      vertex 34.6371 94.8389 17
    endloop
  endfacet
  facet normal -0 0 1
    outer loop
      vertex 34.3384 96.3402 17
      vertex 34.4522 95.1846 17
      vertex 34.4522 96.7154 17
    endloop
  endfacet
  facet normal 0 0 1
    outer loop
      vertex 34.3384 96.3402 17
      vertex 34.3384 95.5598 17
      vertex 34.4522 95.1846 17
    endloop
  endfacet
  facet normal 0 -0 1
    outer loop
      vertex 34.3384 95.5598 17
      vertex 34.3384 96.3402 17
      vertex 34.3 95.95 17
    endloop
  endfacet
  facet normal -0.773018 -0.634385 0
    outer loop
      vertex 37.7142 97.3642 17
      vertex 37.7714 97.2945 23.3
      vertex 37.7142 97.3642 23.3051
    endloop
  endfacet
  facet normal -0.773121 -0.634259 2.32329e-06
    outer loop
      vertex 37.7142 97.3642 17
      vertex 37.9235 97.1091 23.3
      vertex 37.7714 97.2945 23.3
    endloop
  endfacet
  facet normal -0.77307 -0.634321 -1.83801e-06
    outer loop
      vertex 37.9629 97.0611 17
      vertex 37.9235 97.1091 23.3
      vertex 37.7142 97.3642 17
    endloop
  endfacet
  facet normal -0.772952 -0.634465 0
    outer loop
      vertex 37.9235 97.1091 23.3
      vertex 37.9629 97.0611 17
      vertex 37.9629 97.0611 23.3067
    endloop
  endfacet
  facet normal -0.881558 -0.472077 0
    outer loop
      vertex 37.9629 97.0611 17
      vertex 37.9991 96.9935 23.3
      vertex 37.9629 97.0611 23.3067
    endloop
  endfacet
  facet normal -0.881889 -0.471458 8.54083e-06
    outer loop
      vertex 37.9629 97.0611 17
      vertex 38.1088 96.7883 23.3
      vertex 37.9991 96.9935 23.3
    endloop
  endfacet
  facet normal -0.881795 -0.471634 -1.25108e-06
    outer loop
      vertex 38.1478 96.7154 17
      vertex 38.1088 96.7883 23.3
      vertex 37.9629 97.0611 17
    endloop
  endfacet
  facet normal -0.88175 -0.471718 0
    outer loop
      vertex 38.1088 96.7883 23.3
      vertex 38.1478 96.7154 17
      vertex 38.1478 96.7154 23.3064
    endloop
  endfacet
  facet normal 0.290302 -0.956935 -1.4624e-05
    outer loop
      vertex 35.6137 97.8217 23.3
      vertex 35.5346 97.7978 17
      vertex 35.8662 97.8983 23.3
    endloop
  endfacet
  facet normal 0.289235 -0.957258 0
    outer loop
      vertex 35.5346 97.7978 17
      vertex 35.6137 97.8217 23.3
      vertex 35.5346 97.7978 23.303
    endloop
  endfacet
  facet normal 0.290248 -0.956951 -1.15299e-05
    outer loop
      vertex 35.9098 97.9116 17
      vertex 35.8662 97.8983 23.3
      vertex 35.5346 97.7978 17
    endloop
  endfacet
  facet normal 0.291773 -0.956488 0
    outer loop
      vertex 35.8662 97.8983 23.3
      vertex 35.9098 97.9116 17
      vertex 35.9098 97.9116 23.3059
    endloop
  endfacet
  facet normal -0.88175 0.471718 0
    outer loop
      vertex 38.1478 95.1846 17
      vertex 38.1088 95.1117 23.3
      vertex 38.1478 95.1846 23.3064
    endloop
  endfacet
  facet normal -0.881889 0.471458 -3.86793e-06
    outer loop
      vertex 38.1478 95.1846 17
      vertex 37.9991 94.9065 23.3
      vertex 38.1088 95.1117 23.3
    endloop
  endfacet
  facet normal -0.881795 0.471634 6.1137e-06
    outer loop
      vertex 37.9629 94.8389 17
      vertex 37.9991 94.9065 23.3
      vertex 38.1478 95.1846 17
    endloop
  endfacet
  facet normal -0.881558 0.472077 0
    outer loop
      vertex 37.9991 94.9065 23.3
      vertex 37.9629 94.8389 17
      vertex 37.9629 94.8389 23.3067
    endloop
  endfacet
  facet normal 0.773018 -0.634385 0
    outer loop
      vertex 34.8286 97.2945 23.3
      vertex 34.8858 97.3642 17
      vertex 34.8858 97.3642 23.3051
    endloop
  endfacet
  facet normal 0.773121 -0.634259 2.32329e-06
    outer loop
      vertex 34.6765 97.1091 23.3
      vertex 34.8858 97.3642 17
      vertex 34.8286 97.2945 23.3
    endloop
  endfacet
  facet normal 0.772952 -0.634465 0
    outer loop
      vertex 34.6371 97.0611 17
      vertex 34.6765 97.1091 23.3
      vertex 34.6371 97.0611 23.3067
    endloop
  endfacet
  facet normal 0.77307 -0.634321 -1.83801e-06
    outer loop
      vertex 34.6765 97.1091 23.3
      vertex 34.6371 97.0611 17
      vertex 34.8858 97.3642 17
    endloop
  endfacet
  facet normal -0.0983236 -0.995154 8.98581e-06
    outer loop
      vertex 36.3694 97.9432 23.3
      vertex 36.3 97.95 17
      vertex 36.6032 97.9201 23.3
    endloop
  endfacet
  facet normal -0.0975157 -0.995234 0
    outer loop
      vertex 36.3 97.95 17
      vertex 36.3694 97.9432 23.3
      vertex 36.3 97.95 23.3069
    endloop
  endfacet
  facet normal -0.097938 -0.995193 -9.75655e-06
    outer loop
      vertex 36.6902 97.9116 17
      vertex 36.6032 97.9201 23.3
      vertex 36.3 97.95 17
    endloop
  endfacet
  facet normal -0.0972382 -0.995261 0
    outer loop
      vertex 36.6032 97.9201 23.3
      vertex 36.6902 97.9116 17
      vertex 36.6902 97.9116 23.3059
    endloop
  endfacet
  facet normal -0.471344 -0.881949 -1.14559e-05
    outer loop
      vertex 37.0819 97.7889 23.3
      vertex 37.0654 97.7978 17
      vertex 37.4028 97.6174 23.3
    endloop
  endfacet
  facet normal -0.474736 -0.880128 0
    outer loop
      vertex 37.0654 97.7978 17
      vertex 37.0819 97.7889 23.3
      vertex 37.0654 97.7978 23.303
    endloop
  endfacet
  facet normal -0.471634 -0.881795 8.4944e-06
    outer loop
      vertex 37.4111 97.6129 17
      vertex 37.4028 97.6174 23.3
      vertex 37.0654 97.7978 17
    endloop
  endfacet
  facet normal -0.476624 -0.879107 0
    outer loop
      vertex 37.4028 97.6174 23.3
      vertex 37.4111 97.6129 17
      vertex 37.4111 97.6129 23.3016
    endloop
  endfacet
  facet normal 0.881558 -0.472077 0
    outer loop
      vertex 34.6009 96.9935 23.3
      vertex 34.6371 97.0611 17
      vertex 34.6371 97.0611 23.3067
    endloop
  endfacet
  facet normal 0.881889 -0.471458 8.54083e-06
    outer loop
      vertex 34.4912 96.7883 23.3
      vertex 34.6371 97.0611 17
      vertex 34.6009 96.9935 23.3
    endloop
  endfacet
  facet normal 0.88175 -0.471718 0
    outer loop
      vertex 34.4522 96.7154 17
      vertex 34.4912 96.7883 23.3
      vertex 34.4522 96.7154 23.3064
    endloop
  endfacet
  facet normal 0.881795 -0.471634 -1.25108e-06
    outer loop
      vertex 34.4912 96.7883 23.3
      vertex 34.4522 96.7154 17
      vertex 34.6371 97.0611 17
    endloop
  endfacet
  facet normal 0.957366 -0.288877 0
    outer loop
      vertex 34.4366 96.6637 23.3
      vertex 34.4522 96.7154 17
      vertex 34.4522 96.7154 23.3064
    endloop
  endfacet
  facet normal 0.956903 -0.290409 -1.37269e-05
    outer loop
      vertex 34.3644 96.4258 23.3
      vertex 34.4522 96.7154 17
      vertex 34.4366 96.6637 23.3
    endloop
  endfacet
  facet normal 0.956836 -0.290628 0
    outer loop
      vertex 34.3384 96.3402 17
      vertex 34.3644 96.4258 23.3
      vertex 34.3384 96.3402 23.3042
    endloop
  endfacet
  facet normal 0.956951 -0.290248 -5.63541e-06
    outer loop
      vertex 34.3644 96.4258 23.3
      vertex 34.3384 96.3402 17
      vertex 34.4522 96.7154 17
    endloop
  endfacet
  facet normal 0.705891 0.0586059 0.705891
    outer loop
      vertex 34 95.95 23.6
      vertex 34.0246 95.6537 23.6
      vertex 34.3 95.95 23.3
    endloop
  endfacet
  facet normal 0.592936 -0.38735 0.705965
    outer loop
      vertex 34.2772 97.0447 23.6
      vertex 34.5411 96.9019 23.3
      vertex 34.4398 97.2936 23.6
    endloop
  endfacet
  facet normal 0.521201 -0.479567 0.70595
    outer loop
      vertex 34.5409 97.4234 23.6
      vertex 34.9143 97.3876 23.3
      vertex 34.9454 97.4214 23.3
    endloop
  endfacet
  facet normal 0.521304 -0.479467 0.705941
    outer loop
      vertex 34.5409 97.4234 23.6
      vertex 34.8286 97.2945 23.3
      vertex 34.8858 97.3642 23.3051
    endloop
  endfacet
  facet normal 0.520809 -0.480539 0.705578
    outer loop
      vertex 34.9143 97.3876 23.3
      vertex 34.5409 97.4234 23.6
      vertex 34.8858 97.3642 23.3051
    endloop
  endfacet
  facet normal 0.521089 -0.479797 0.705877
    outer loop
      vertex 34.8286 97.2945 23.3
      vertex 34.5409 97.4234 23.6
      vertex 34.7217 97.1784 23.3
    endloop
  endfacet
  facet normal 0.521041 -0.479839 0.705883
    outer loop
      vertex 34.7217 97.1784 23.3
      vertex 34.5409 97.4234 23.6
      vertex 34.485 97.3627 23.6
    endloop
  endfacet
  facet normal -0.648632 -0.284417 0.705963
    outer loop
      vertex 38.0589 96.9019 23.3
      vertex 38.4422 96.7724 23.6
      vertex 38.3228 97.0447 23.6
    endloop
  endfacet
  facet normal -0.116501 -0.698768 0.705798
    outer loop
      vertex 36.4652 97.9432 23.3
      vertex 36.7832 98.1932 23.6
      vertex 36.4899 98.2421 23.6
    endloop
  endfacet
  facet normal -0.686683 0.173696 0.705901
    outer loop
      vertex 38.2727 95.6208 23.3
      vertex 38.4957 95.2832 23.6
      vertex 38.5686 95.5714 23.6
    endloop
  endfacet
  facet normal 0.229925 0.669998 0.705859
    outer loop
      vertex 35.4542 93.8169 23.6
      vertex 35.7354 93.7204 23.6
      vertex 35.809 94.0112 23.3
    endloop
  endfacet
  facet normal 0.592543 0.387829 0.706032
    outer loop
      vertex 34.4398 94.6064 23.6
      vertex 34.6765 94.7909 23.3
      vertex 34.6371 94.8389 23.3067
    endloop
  endfacet
  facet normal 0.593137 0.387223 0.705866
    outer loop
      vertex 34.4398 94.6064 23.6
      vertex 34.6009 94.9065 23.3
      vertex 34.5411 94.9981 23.3
    endloop
  endfacet
  facet normal 0.593202 0.386908 0.705984
    outer loop
      vertex 34.6765 94.7909 23.3
      vertex 34.4398 94.6064 23.6
      vertex 34.7217 94.7216 23.3
    endloop
  endfacet
  facet normal 0.592875 0.387456 0.705959
    outer loop
      vertex 34.6009 94.9065 23.3
      vertex 34.4398 94.6064 23.6
      vertex 34.6371 94.8389 23.3067
    endloop
  endfacet
  facet normal 0.592765 0.387742 0.705894
    outer loop
      vertex 34.7217 94.7216 23.3
      vertex 34.4398 94.6064 23.6
      vertex 34.485 94.5373 23.6
    endloop
  endfacet
  facet normal -0.592936 -0.38735 0.705965
    outer loop
      vertex 38.0589 96.9019 23.3
      vertex 38.3228 97.0447 23.6
      vertex 38.1602 97.2936 23.6
    endloop
  endfacet
  facet normal -0.116729 -0.698658 0.70587
    outer loop
      vertex 36.7832 98.1932 23.6
      vertex 36.791 97.8888 23.3
      vertex 36.8646 98.1796 23.6
    endloop
  endfacet
  facet normal -0.116044 -0.698705 0.705936
    outer loop
      vertex 36.7832 98.1932 23.6
      vertex 36.7338 97.8983 23.3
      vertex 36.791 97.8888 23.3
    endloop
  endfacet
  facet normal -0.117533 -0.698456 0.705936
    outer loop
      vertex 36.7832 98.1932 23.6
      vertex 36.6902 97.9116 23.3059
      vertex 36.7338 97.8983 23.3
    endloop
  endfacet
  facet normal -0.11614 -0.6988 0.705825
    outer loop
      vertex 36.7832 98.1932 23.6
      vertex 36.6032 97.9201 23.3
      vertex 36.6902 97.9116 23.3059
    endloop
  endfacet
  facet normal -0.116921 -0.698486 0.706008
    outer loop
      vertex 36.6032 97.9201 23.3
      vertex 36.7832 98.1932 23.6
      vertex 36.4652 97.9432 23.3
    endloop
  endfacet
  facet normal -0.337163 -0.622851 0.705959
    outer loop
      vertex 37.1034 97.7815 23.3
      vertex 37.2965 98.017 23.6
      vertex 37.2239 98.0563 23.6
    endloop
  endfacet
  facet normal -0.337078 -0.622908 0.705949
    outer loop
      vertex 37.2965 98.017 23.6
      vertex 37.1034 97.7815 23.3
      vertex 37.3939 97.6243 23.3
    endloop
  endfacet
  facet normal -0.435052 -0.558944 0.705912
    outer loop
      vertex 37.6231 97.8248 23.6
      vertex 37.6546 97.4214 23.3
      vertex 37.8577 97.6422 23.6
    endloop
  endfacet
  facet normal 0.686515 -0.174001 0.705989
    outer loop
      vertex 34.1043 96.6168 23.6
      vertex 34.3644 96.4258 23.3
      vertex 34.4084 96.5994 23.3
    endloop
  endfacet
  facet normal 0.685396 -0.173413 0.70722
    outer loop
      vertex 34.3384 96.3402 23.3042
      vertex 34.3273 96.2792 23.3
      vertex 34.3357 96.3124 23.3
    endloop
  endfacet
  facet normal 0.686485 -0.174196 0.70597
    outer loop
      vertex 34.1043 96.6168 23.6
      vertex 34.4084 96.5994 23.3
      vertex 34.1246 96.6968 23.6
    endloop
  endfacet
  facet normal 0.686565 -0.173897 0.705966
    outer loop
      vertex 34.3644 96.4258 23.3
      vertex 34.1043 96.6168 23.6
      vertex 34.3384 96.3402 23.3042
    endloop
  endfacet
  facet normal 0.686784 -0.173571 0.705834
    outer loop
      vertex 34.3384 96.3402 23.3042
      vertex 34.1043 96.6168 23.6
      vertex 34.3273 96.2792 23.3
    endloop
  endfacet
  facet normal -0.521154 0.479709 0.705888
    outer loop
      vertex 37.6546 94.4786 23.3
      vertex 37.8577 94.2578 23.6
      vertex 38.0591 94.4766 23.6
    endloop
  endfacet
  facet normal 0.705891 -0.0586059 0.705891
    outer loop
      vertex 34 95.95 23.6
      vertex 34.3 95.95 23.3
      vertex 34.0246 96.2463 23.6
    endloop
  endfacet
  facet normal 0.705925 -0.0583267 0.705881
    outer loop
      vertex 34.0246 96.2463 23.6
      vertex 34.3273 96.2792 23.3
      vertex 34.0314 96.3286 23.6
    endloop
  endfacet
  facet normal 0.705927 -0.0585414 0.705861
    outer loop
      vertex 34.3273 96.2792 23.3
      vertex 34.0246 96.2463 23.6
      vertex 34.3 95.95 23.3
    endloop
  endfacet
  facet normal 0.116501 0.698768 0.705798
    outer loop
      vertex 35.8168 93.7068 23.6
      vertex 36.1101 93.6579 23.6
      vertex 36.1348 93.9568 23.3
    endloop
  endfacet
  facet normal -0.592936 0.38735 0.705965
    outer loop
      vertex 38.0589 94.9981 23.3
      vertex 38.1602 94.6064 23.6
      vertex 38.3228 94.8553 23.6
    endloop
  endfacet
  facet normal -0.705901 -0.0583685 0.705901
    outer loop
      vertex 38.3 95.95 23.3
      vertex 38.6 95.95 23.6
      vertex 38.5755 96.2463 23.6
    endloop
  endfacet
  facet normal 0.337062 -0.622909 0.705956
    outer loop
      vertex 35.042 97.8755 23.6
      vertex 35.2061 97.6243 23.3
      vertex 35.3035 98.017 23.6
    endloop
  endfacet
  facet normal -0.686683 -0.173696 0.705901
    outer loop
      vertex 38.2727 96.2792 23.3
      vertex 38.5686 96.3286 23.6
      vertex 38.4957 96.6168 23.6
    endloop
  endfacet
  facet normal 0.592936 0.38735 0.705965
    outer loop
      vertex 34.2772 94.8553 23.6
      vertex 34.4398 94.6064 23.6
      vertex 34.5411 94.9981 23.3
    endloop
  endfacet
  facet normal -0.705901 0.0583685 0.705901
    outer loop
      vertex 38.3 95.95 23.3
      vertex 38.5755 95.6537 23.6
      vertex 38.6 95.95 23.6
    endloop
  endfacet
  facet normal -0.593137 0.387223 0.705866
    outer loop
      vertex 37.9991 94.9065 23.3
      vertex 38.1602 94.6064 23.6
      vertex 38.0589 94.9981 23.3
    endloop
  endfacet
  facet normal -0.592875 0.387456 0.705959
    outer loop
      vertex 37.9629 94.8389 23.3067
      vertex 38.1602 94.6064 23.6
      vertex 37.9991 94.9065 23.3
    endloop
  endfacet
  facet normal -0.592543 0.387829 0.706032
    outer loop
      vertex 37.9235 94.7909 23.3
      vertex 38.1602 94.6064 23.6
      vertex 37.9629 94.8389 23.3067
    endloop
  endfacet
  facet normal -0.593202 0.386908 0.705984
    outer loop
      vertex 37.8783 94.7216 23.3
      vertex 38.1602 94.6064 23.6
      vertex 37.9235 94.7909 23.3
    endloop
  endfacet
  facet normal -0.592765 0.387742 0.705894
    outer loop
      vertex 38.1602 94.6064 23.6
      vertex 37.8783 94.7216 23.3
      vertex 38.115 94.5373 23.6
    endloop
  endfacet
  facet normal -0.648495 0.284789 0.705938
    outer loop
      vertex 38.1916 95.3006 23.3
      vertex 38.4422 95.1276 23.6
      vertex 38.4754 95.2032 23.6
    endloop
  endfacet
  facet normal -0.648665 0.284485 0.705905
    outer loop
      vertex 38.1634 95.2363 23.3
      vertex 38.4422 95.1276 23.6
      vertex 38.1916 95.3006 23.3
    endloop
  endfacet
  facet normal -0.649168 0.283269 0.705931
    outer loop
      vertex 38.1478 95.1846 23.3064
      vertex 38.4422 95.1276 23.6
      vertex 38.1634 95.2363 23.3
    endloop
  endfacet
  facet normal -0.648618 0.285041 0.705724
    outer loop
      vertex 38.1088 95.1117 23.3
      vertex 38.4422 95.1276 23.6
      vertex 38.1478 95.1846 23.3064
    endloop
  endfacet
  facet normal -0.648639 0.284921 0.705753
    outer loop
      vertex 38.4422 95.1276 23.6
      vertex 38.1088 95.1117 23.3
      vertex 38.0589 94.9981 23.3
    endloop
  endfacet
  facet normal 0.648632 0.284417 0.705963
    outer loop
      vertex 34.1578 95.1276 23.6
      vertex 34.2772 94.8553 23.6
      vertex 34.5411 94.9981 23.3
    endloop
  endfacet
  facet normal -0.521041 0.479839 0.705883
    outer loop
      vertex 37.8783 94.7216 23.3
      vertex 38.0591 94.4766 23.6
      vertex 38.115 94.5373 23.6
    endloop
  endfacet
  facet normal -0.521089 0.479797 0.705877
    outer loop
      vertex 37.7714 94.6055 23.3
      vertex 38.0591 94.4766 23.6
      vertex 37.8783 94.7216 23.3
    endloop
  endfacet
  facet normal -0.521304 0.479467 0.705941
    outer loop
      vertex 37.7142 94.5358 23.3051
      vertex 38.0591 94.4766 23.6
      vertex 37.7714 94.6055 23.3
    endloop
  endfacet
  facet normal -0.520809 0.480539 0.705578
    outer loop
      vertex 37.6857 94.5124 23.3
      vertex 38.0591 94.4766 23.6
      vertex 37.7142 94.5358 23.3051
    endloop
  endfacet
  facet normal -0.521201 0.479567 0.70595
    outer loop
      vertex 38.0591 94.4766 23.6
      vertex 37.6857 94.5124 23.3
      vertex 37.6546 94.4786 23.3
    endloop
  endfacet
  facet normal -0.648632 0.284417 0.705963
    outer loop
      vertex 38.0589 94.9981 23.3
      vertex 38.3228 94.8553 23.6
      vertex 38.4422 95.1276 23.6
    endloop
  endfacet
  facet normal -0.648495 -0.284789 0.705938
    outer loop
      vertex 38.4422 96.7724 23.6
      vertex 38.1916 96.5994 23.3
      vertex 38.4754 96.6968 23.6
    endloop
  endfacet
  facet normal -0.648665 -0.284485 0.705905
    outer loop
      vertex 38.4422 96.7724 23.6
      vertex 38.1634 96.6637 23.3
      vertex 38.1916 96.5994 23.3
    endloop
  endfacet
  facet normal -0.649168 -0.283269 0.705931
    outer loop
      vertex 38.4422 96.7724 23.6
      vertex 38.1478 96.7154 23.3064
      vertex 38.1634 96.6637 23.3
    endloop
  endfacet
  facet normal -0.648618 -0.285041 0.705724
    outer loop
      vertex 38.4422 96.7724 23.6
      vertex 38.1088 96.7883 23.3
      vertex 38.1478 96.7154 23.3064
    endloop
  endfacet
  facet normal -0.648639 -0.284921 0.705753
    outer loop
      vertex 38.1088 96.7883 23.3
      vertex 38.4422 96.7724 23.6
      vertex 38.0589 96.9019 23.3
    endloop
  endfacet
  facet normal 0.337163 0.622851 0.705959
    outer loop
      vertex 35.4966 94.1185 23.3
      vertex 35.3035 93.883 23.6
      vertex 35.3761 93.8437 23.6
    endloop
  endfacet
  facet normal 0.337078 0.622908 0.705949
    outer loop
      vertex 35.3035 93.883 23.6
      vertex 35.4966 94.1185 23.3
      vertex 35.2061 94.2757 23.3
    endloop
  endfacet
  facet normal 0.593202 -0.386908 0.705984
    outer loop
      vertex 34.4398 97.2936 23.6
      vertex 34.6765 97.1091 23.3
      vertex 34.7217 97.1784 23.3
    endloop
  endfacet
  facet normal 0.592875 -0.387456 0.705959
    outer loop
      vertex 34.4398 97.2936 23.6
      vertex 34.6009 96.9935 23.3
      vertex 34.6371 97.0611 23.3067
    endloop
  endfacet
  facet normal 0.592765 -0.387742 0.705894
    outer loop
      vertex 34.4398 97.2936 23.6
      vertex 34.7217 97.1784 23.3
      vertex 34.485 97.3627 23.6
    endloop
  endfacet
  facet normal 0.592543 -0.387829 0.706032
    outer loop
      vertex 34.6765 97.1091 23.3
      vertex 34.4398 97.2936 23.6
      vertex 34.6371 97.0611 23.3067
    endloop
  endfacet
  facet normal 0.593137 -0.387223 0.705866
    outer loop
      vertex 34.6009 96.9935 23.3
      vertex 34.4398 97.2936 23.6
      vertex 34.5411 96.9019 23.3
    endloop
  endfacet
  facet normal 0.337062 0.622909 0.705956
    outer loop
      vertex 35.042 94.0245 23.6
      vertex 35.3035 93.883 23.6
      vertex 35.2061 94.2757 23.3
    endloop
  endfacet
  facet normal 0.229274 0.670208 0.705872
    outer loop
      vertex 35.4542 93.8169 23.6
      vertex 35.6137 94.0783 23.3
      vertex 35.5346 94.1022 23.303
    endloop
  endfacet
  facet normal 0.228385 0.663552 0.712418
    outer loop
      vertex 35.4966 94.1185 23.3
      vertex 35.5346 94.1022 23.303
      vertex 35.5181 94.1111 23.3
    endloop
  endfacet
  facet normal 0.230128 0.669806 0.705975
    outer loop
      vertex 35.6137 94.0783 23.3
      vertex 35.4542 93.8169 23.6
      vertex 35.809 94.0112 23.3
    endloop
  endfacet
  facet normal 0.231365 0.669322 0.70603
    outer loop
      vertex 35.3761 93.8437 23.6
      vertex 35.5346 94.1022 23.303
      vertex 35.4966 94.1185 23.3
    endloop
  endfacet
  facet normal 0.229913 0.670008 0.705853
    outer loop
      vertex 35.5346 94.1022 23.303
      vertex 35.3761 93.8437 23.6
      vertex 35.4542 93.8169 23.6
    endloop
  endfacet
  facet normal -0.229925 -0.669998 0.705859
    outer loop
      vertex 36.791 97.8888 23.3
      vertex 37.1458 98.0831 23.6
      vertex 36.8646 98.1796 23.6
    endloop
  endfacet
  facet normal 0.229925 -0.669998 0.705859
    outer loop
      vertex 35.4542 98.0831 23.6
      vertex 35.809 97.8888 23.3
      vertex 35.7354 98.1796 23.6
    endloop
  endfacet
  facet normal 0 0 1
    outer loop
      vertex 34.9143 97.3876 23.3
      vertex 35.141 97.5736 23.3
      vertex 34.9454 97.4214 23.3
    endloop
  endfacet
  facet normal 0 0 1
    outer loop
      vertex 34.3644 96.4258 23.3
      vertex 34.4366 96.6637 23.3
      vertex 34.4084 96.5994 23.3
    endloop
  endfacet
  facet normal 0 0 1
    outer loop
      vertex 35.5181 94.1111 23.3
      vertex 35.2061 94.2757 23.3
      vertex 35.4966 94.1185 23.3
    endloop
  endfacet
  facet normal -0 -0 1
    outer loop
      vertex 35.2061 94.2757 23.3
      vertex 35.5181 94.1111 23.3
      vertex 35.1972 94.2826 23.3
    endloop
  endfacet
  facet normal 0 0 1
    outer loop
      vertex 34.3 95.95 23.3
      vertex 34.3357 96.3124 23.3
      vertex 34.3273 96.2792 23.3
    endloop
  endfacet
  facet normal 0 0 1
    outer loop
      vertex 35.6137 94.0783 23.3
      vertex 35.809 94.0112 23.3
      vertex 35.8662 94.0017 23.3
    endloop
  endfacet
  facet normal 0 0 1
    outer loop
      vertex 34.6765 97.1091 23.3
      vertex 34.8286 97.2945 23.3
      vertex 34.7217 97.1784 23.3
    endloop
  endfacet
  facet normal 0 0 1
    outer loop
      vertex 34.6765 94.7909 23.3
      vertex 34.7217 94.7216 23.3
      vertex 34.8286 94.6055 23.3
    endloop
  endfacet
  facet normal 0 0 1
    outer loop
      vertex 35.2061 97.6243 23.3
      vertex 35.5181 97.7889 23.3
      vertex 35.4966 97.7815 23.3
    endloop
  endfacet
  facet normal 0 0 1
    outer loop
      vertex 35.5181 97.7889 23.3
      vertex 35.2061 97.6243 23.3
      vertex 35.1972 97.6174 23.3
    endloop
  endfacet
  facet normal 0 0 1
    outer loop
      vertex 38.2643 95.5876 23.3
      vertex 38.2727 95.6208 23.3
      vertex 38.3 95.95 23.3
    endloop
  endfacet
  facet normal 0 0 1
    outer loop
      vertex 34.4912 96.7883 23.3
      vertex 34.6009 96.9935 23.3
      vertex 34.5411 96.9019 23.3
    endloop
  endfacet
  facet normal 0 0 1
    outer loop
      vertex 36.7338 97.8983 23.3
      vertex 36.9863 97.8217 23.3
      vertex 36.791 97.8888 23.3
    endloop
  endfacet
  facet normal 0 0 1
    outer loop
      vertex 34.3 95.95 23.3
      vertex 34.3273 95.6208 23.3
      vertex 34.3357 95.5876 23.3
    endloop
  endfacet
  facet normal 0 0 1
    outer loop
      vertex 38.1634 95.2363 23.3
      vertex 38.1916 95.3006 23.3
      vertex 38.2356 95.4742 23.3
    endloop
  endfacet
  facet normal 0 0 1
    outer loop
      vertex 38.2643 96.3124 23.3
      vertex 38.3 95.95 23.3
      vertex 38.2727 96.2792 23.3
    endloop
  endfacet
  facet normal 0 0 1
    outer loop
      vertex 37.7714 97.2945 23.3
      vertex 37.9235 97.1091 23.3
      vertex 37.8783 97.1784 23.3
    endloop
  endfacet
  facet normal 0 0 1
    outer loop
      vertex 37.459 97.5736 23.3
      vertex 37.6857 97.3876 23.3
      vertex 37.6546 97.4214 23.3
    endloop
  endfacet
  facet normal 0 0 1
    outer loop
      vertex 35.9968 93.9799 23.3
      vertex 36.1348 93.9568 23.3
      vertex 36.2306 93.9568 23.3
    endloop
  endfacet
  facet normal 0 0 1
    outer loop
      vertex 37.9991 94.9065 23.3
      vertex 38.0589 94.9981 23.3
      vertex 38.1088 95.1117 23.3
    endloop
  endfacet
  facet normal 0 0 1
    outer loop
      vertex 37.1034 97.7815 23.3
      vertex 37.4028 97.6174 23.3
      vertex 37.3939 97.6243 23.3
    endloop
  endfacet
  facet normal 0 0 1
    outer loop
      vertex 37.4028 97.6174 23.3
      vertex 37.1034 97.7815 23.3
      vertex 37.0819 97.7889 23.3
    endloop
  endfacet
  facet normal 0 0 1
    outer loop
      vertex 34.3644 95.4742 23.3
      vertex 34.4084 95.3006 23.3
      vertex 34.4366 95.2363 23.3
    endloop
  endfacet
  facet normal 0 0 1
    outer loop
      vertex 38.1634 96.6637 23.3
      vertex 38.2356 96.4258 23.3
      vertex 38.1916 96.5994 23.3
    endloop
  endfacet
  facet normal 0 0 1
    outer loop
      vertex 37.4028 94.2826 23.3
      vertex 37.1034 94.1185 23.3
      vertex 37.3939 94.2757 23.3
    endloop
  endfacet
  facet normal 0 -0 1
    outer loop
      vertex 37.1034 94.1185 23.3
      vertex 37.4028 94.2826 23.3
      vertex 37.0819 94.1111 23.3
    endloop
  endfacet
  facet normal 0 0 1
    outer loop
      vertex 36.3694 93.9568 23.3
      vertex 36.4652 93.9568 23.3
      vertex 36.6032 93.9799 23.3
    endloop
  endfacet
  facet normal 0 0 1
    outer loop
      vertex 35.6137 97.8217 23.3
      vertex 35.8662 97.8983 23.3
      vertex 35.809 97.8888 23.3
    endloop
  endfacet
  facet normal 0 0 1
    outer loop
      vertex 37.9991 96.9935 23.3
      vertex 38.1088 96.7883 23.3
      vertex 38.0589 96.9019 23.3
    endloop
  endfacet
  facet normal 0 0 1
    outer loop
      vertex 34.4912 95.1117 23.3
      vertex 34.5411 94.9981 23.3
      vertex 34.6009 94.9065 23.3
    endloop
  endfacet
  facet normal 0 0 1
    outer loop
      vertex 36.7338 94.0017 23.3
      vertex 36.791 94.0112 23.3
      vertex 36.9863 94.0783 23.3
    endloop
  endfacet
  facet normal 0 0 1
    outer loop
      vertex 37.7714 94.6055 23.3
      vertex 37.8783 94.7216 23.3
      vertex 37.9235 94.7909 23.3
    endloop
  endfacet
  facet normal 0 0 1
    outer loop
      vertex 34.9143 94.5124 23.3
      vertex 34.9454 94.4786 23.3
      vertex 35.141 94.3264 23.3
    endloop
  endfacet
  facet normal -0 0 1
    outer loop
      vertex 36.3694 97.9432 23.3
      vertex 36.6032 97.9201 23.3
      vertex 36.4652 97.9432 23.3
    endloop
  endfacet
  facet normal 0 0 1
    outer loop
      vertex 35.9968 97.9201 23.3
      vertex 36.2306 97.9432 23.3
      vertex 36.1348 97.9432 23.3
    endloop
  endfacet
  facet normal 0 0 1
    outer loop
      vertex 37.459 94.3264 23.3
      vertex 37.6546 94.4786 23.3
      vertex 37.6857 94.5124 23.3
    endloop
  endfacet
  facet normal 0.648639 -0.284921 0.705753
    outer loop
      vertex 34.1578 96.7724 23.6
      vertex 34.4912 96.7883 23.3
      vertex 34.5411 96.9019 23.3
    endloop
  endfacet
  facet normal 0.649168 -0.283269 0.705931
    outer loop
      vertex 34.1578 96.7724 23.6
      vertex 34.4366 96.6637 23.3
      vertex 34.4522 96.7154 23.3064
    endloop
  endfacet
  facet normal 0.648618 -0.285041 0.705724
    outer loop
      vertex 34.4912 96.7883 23.3
      vertex 34.1578 96.7724 23.6
      vertex 34.4522 96.7154 23.3064
    endloop
  endfacet
  facet normal 0.648665 -0.284485 0.705905
    outer loop
      vertex 34.4366 96.6637 23.3
      vertex 34.1578 96.7724 23.6
      vertex 34.4084 96.5994 23.3
    endloop
  endfacet
  facet normal 0.648495 -0.284789 0.705938
    outer loop
      vertex 34.4084 96.5994 23.3
      vertex 34.1578 96.7724 23.6
      vertex 34.1246 96.6968 23.6
    endloop
  endfacet
  facet normal 0.11614 0.6988 0.705825
    outer loop
      vertex 35.8168 93.7068 23.6
      vertex 35.9968 93.9799 23.3
      vertex 35.9098 93.9884 23.3059
    endloop
  endfacet
  facet normal 0.116921 0.698486 0.706008
    outer loop
      vertex 35.9968 93.9799 23.3
      vertex 35.8168 93.7068 23.6
      vertex 36.1348 93.9568 23.3
    endloop
  endfacet
  facet normal 0.117533 0.698456 0.705936
    outer loop
      vertex 35.8662 94.0017 23.3
      vertex 35.8168 93.7068 23.6
      vertex 35.9098 93.9884 23.3059
    endloop
  endfacet
  facet normal 0.116044 0.698705 0.705936
    outer loop
      vertex 35.809 94.0112 23.3
      vertex 35.8168 93.7068 23.6
      vertex 35.8662 94.0017 23.3
    endloop
  endfacet
  facet normal 0.116729 0.698658 0.70587
    outer loop
      vertex 35.8168 93.7068 23.6
      vertex 35.809 94.0112 23.3
      vertex 35.7354 93.7204 23.6
    endloop
  endfacet
  facet normal 0.686565 0.173897 0.705966
    outer loop
      vertex 34.1043 95.2832 23.6
      vertex 34.3644 95.4742 23.3
      vertex 34.3384 95.5598 23.3042
    endloop
  endfacet
  facet normal 0.685396 0.173413 0.70722
    outer loop
      vertex 34.3273 95.6208 23.3
      vertex 34.3384 95.5598 23.3042
      vertex 34.3357 95.5876 23.3
    endloop
  endfacet
  facet normal 0.686515 0.174001 0.705989
    outer loop
      vertex 34.3644 95.4742 23.3
      vertex 34.1043 95.2832 23.6
      vertex 34.4084 95.3006 23.3
    endloop
  endfacet
  facet normal 0.686784 0.173571 0.705834
    outer loop
      vertex 34.1043 95.2832 23.6
      vertex 34.3384 95.5598 23.3042
      vertex 34.3273 95.6208 23.3
    endloop
  endfacet
  facet normal 0.686485 0.174196 0.70597
    outer loop
      vertex 34.4084 95.3006 23.3
      vertex 34.1043 95.2832 23.6
      vertex 34.1246 95.2032 23.6
    endloop
  endfacet
  facet normal -0.686784 0.173571 0.705834
    outer loop
      vertex 38.2616 95.5598 23.3042
      vertex 38.4957 95.2832 23.6
      vertex 38.2727 95.6208 23.3
    endloop
  endfacet
  facet normal -0.685396 0.173413 0.70722
    outer loop
      vertex 38.2616 95.5598 23.3042
      vertex 38.2727 95.6208 23.3
      vertex 38.2643 95.5876 23.3
    endloop
  endfacet
  facet normal -0.686565 0.173897 0.705966
    outer loop
      vertex 38.2356 95.4742 23.3
      vertex 38.4957 95.2832 23.6
      vertex 38.2616 95.5598 23.3042
    endloop
  endfacet
  facet normal -0.686515 0.174001 0.705989
    outer loop
      vertex 38.1916 95.3006 23.3
      vertex 38.4957 95.2832 23.6
      vertex 38.2356 95.4742 23.3
    endloop
  endfacet
  facet normal -0.686485 0.174196 0.70597
    outer loop
      vertex 38.4957 95.2832 23.6
      vertex 38.1916 95.3006 23.3
      vertex 38.4754 95.2032 23.6
    endloop
  endfacet
  facet normal -0.70581 0.0585316 0.705979
    outer loop
      vertex 38.2727 95.6208 23.3
      vertex 38.5755 95.6537 23.6
      vertex 38.3 95.95 23.3
    endloop
  endfacet
  facet normal -0.705819 0.0591756 0.705917
    outer loop
      vertex 38.5755 95.6537 23.6
      vertex 38.2727 95.6208 23.3
      vertex 38.5686 95.5714 23.6
    endloop
  endfacet
  facet normal -0.229925 0.669998 0.705859
    outer loop
      vertex 36.791 94.0112 23.3
      vertex 36.8646 93.7204 23.6
      vertex 37.1458 93.8169 23.6
    endloop
  endfacet
  facet normal 0.442953 -0.571345 0.69091
    outer loop
      vertex 35.2061 97.6243 23.3
      vertex 35.1889 97.6129 23.3016
      vertex 35.1972 97.6174 23.3
    endloop
  endfacet
  facet normal 0.43576 -0.558386 0.705916
    outer loop
      vertex 35.042 97.8755 23.6
      vertex 35.1889 97.6129 23.3016
      vertex 35.2061 97.6243 23.3
    endloop
  endfacet
  facet normal 0.435175 -0.558775 0.70597
    outer loop
      vertex 34.9769 97.8248 23.6
      vertex 35.1889 97.6129 23.3016
      vertex 35.042 97.8755 23.6
    endloop
  endfacet
  facet normal 0.434999 -0.55893 0.705955
    outer loop
      vertex 35.1889 97.6129 23.3016
      vertex 34.9769 97.8248 23.6
      vertex 35.141 97.5736 23.3
    endloop
  endfacet
  facet normal 0.434944 -0.558969 0.705958
    outer loop
      vertex 35.141 97.5736 23.3
      vertex 34.9769 97.8248 23.6
      vertex 34.9454 97.4214 23.3
    endloop
  endfacet
  facet normal -0.435175 -0.558775 0.70597
    outer loop
      vertex 37.4111 97.6129 23.3016
      vertex 37.6231 97.8248 23.6
      vertex 37.558 97.8755 23.6
    endloop
  endfacet
  facet normal -0.434944 -0.558969 0.705958
    outer loop
      vertex 37.6231 97.8248 23.6
      vertex 37.459 97.5736 23.3
      vertex 37.6546 97.4214 23.3
    endloop
  endfacet
  facet normal -0.434999 -0.55893 0.705955
    outer loop
      vertex 37.6231 97.8248 23.6
      vertex 37.4111 97.6129 23.3016
      vertex 37.459 97.5736 23.3
    endloop
  endfacet
  facet normal -0.43576 -0.558386 0.705916
    outer loop
      vertex 37.3939 97.6243 23.3
      vertex 37.4111 97.6129 23.3016
      vertex 37.558 97.8755 23.6
    endloop
  endfacet
  facet normal -0.442953 -0.571345 0.69091
    outer loop
      vertex 37.4111 97.6129 23.3016
      vertex 37.3939 97.6243 23.3
      vertex 37.4028 97.6174 23.3
    endloop
  endfacet
  facet normal 0.648632 -0.284417 0.705963
    outer loop
      vertex 34.1578 96.7724 23.6
      vertex 34.5411 96.9019 23.3
      vertex 34.2772 97.0447 23.6
    endloop
  endfacet
  facet normal 0.521154 0.479709 0.705888
    outer loop
      vertex 34.5409 94.4766 23.6
      vertex 34.7423 94.2578 23.6
      vertex 34.9454 94.4786 23.3
    endloop
  endfacet
  facet normal 0.116501 -0.698768 0.705798
    outer loop
      vertex 35.8168 98.1932 23.6
      vertex 36.1348 97.9432 23.3
      vertex 36.1101 98.2421 23.6
    endloop
  endfacet
  facet normal -0.337062 0.622909 0.705956
    outer loop
      vertex 37.2965 93.883 23.6
      vertex 37.558 94.0245 23.6
      vertex 37.3939 94.2757 23.3
    endloop
  endfacet
  facet normal -0.229913 -0.670008 0.705853
    outer loop
      vertex 37.0654 97.7978 23.303
      vertex 37.2239 98.0563 23.6
      vertex 37.1458 98.0831 23.6
    endloop
  endfacet
  facet normal -0.231365 -0.669322 0.70603
    outer loop
      vertex 37.2239 98.0563 23.6
      vertex 37.0654 97.7978 23.303
      vertex 37.1034 97.7815 23.3
    endloop
  endfacet
  facet normal -0.228385 -0.663552 0.712418
    outer loop
      vertex 37.1034 97.7815 23.3
      vertex 37.0654 97.7978 23.303
      vertex 37.0819 97.7889 23.3
    endloop
  endfacet
  facet normal -0.229274 -0.670208 0.705872
    outer loop
      vertex 37.1458 98.0831 23.6
      vertex 36.9863 97.8217 23.3
      vertex 37.0654 97.7978 23.303
    endloop
  endfacet
  facet normal -0.230128 -0.669806 0.705975
    outer loop
      vertex 36.9863 97.8217 23.3
      vertex 37.1458 98.0831 23.6
      vertex 36.791 97.8888 23.3
    endloop
  endfacet
  facet normal 0.648618 0.285041 0.705724
    outer loop
      vertex 34.1578 95.1276 23.6
      vertex 34.4912 95.1117 23.3
      vertex 34.4522 95.1846 23.3064
    endloop
  endfacet
  facet normal 0.648665 0.284485 0.705905
    outer loop
      vertex 34.1578 95.1276 23.6
      vertex 34.4366 95.2363 23.3
      vertex 34.4084 95.3006 23.3
    endloop
  endfacet
  facet normal 0.648639 0.284921 0.705753
    outer loop
      vertex 34.4912 95.1117 23.3
      vertex 34.1578 95.1276 23.6
      vertex 34.5411 94.9981 23.3
    endloop
  endfacet
  facet normal 0.649168 0.283269 0.705931
    outer loop
      vertex 34.4366 95.2363 23.3
      vertex 34.1578 95.1276 23.6
      vertex 34.4522 95.1846 23.3064
    endloop
  endfacet
  facet normal 0.648495 0.284789 0.705938
    outer loop
      vertex 34.1578 95.1276 23.6
      vertex 34.4084 95.3006 23.3
      vertex 34.1246 95.2032 23.6
    endloop
  endfacet
  facet normal 0.686683 0.173696 0.705901
    outer loop
      vertex 34.0314 95.5714 23.6
      vertex 34.1043 95.2832 23.6
      vertex 34.3273 95.6208 23.3
    endloop
  endfacet
  facet normal -0.337062 -0.622909 0.705956
    outer loop
      vertex 37.2965 98.017 23.6
      vertex 37.3939 97.6243 23.3
      vertex 37.558 97.8755 23.6
    endloop
  endfacet
  facet normal -0.705819 -0.0591756 0.705917
    outer loop
      vertex 38.2727 96.2792 23.3
      vertex 38.5755 96.2463 23.6
      vertex 38.5686 96.3286 23.6
    endloop
  endfacet
  facet normal -0.70581 -0.0585316 0.705979
    outer loop
      vertex 38.5755 96.2463 23.6
      vertex 38.2727 96.2792 23.3
      vertex 38.3 95.95 23.3
    endloop
  endfacet
  facet normal 0.686683 -0.173696 0.705901
    outer loop
      vertex 34.0314 96.3286 23.6
      vertex 34.3273 96.2792 23.3
      vertex 34.1043 96.6168 23.6
    endloop
  endfacet
  facet normal -0.116729 0.698658 0.70587
    outer loop
      vertex 36.791 94.0112 23.3
      vertex 36.7832 93.7068 23.6
      vertex 36.8646 93.7204 23.6
    endloop
  endfacet
  facet normal -0.116044 0.698705 0.705936
    outer loop
      vertex 36.7338 94.0017 23.3
      vertex 36.7832 93.7068 23.6
      vertex 36.791 94.0112 23.3
    endloop
  endfacet
  facet normal -0.117533 0.698456 0.705936
    outer loop
      vertex 36.6902 93.9884 23.3059
      vertex 36.7832 93.7068 23.6
      vertex 36.7338 94.0017 23.3
    endloop
  endfacet
  facet normal -0.11614 0.6988 0.705825
    outer loop
      vertex 36.6032 93.9799 23.3
      vertex 36.7832 93.7068 23.6
      vertex 36.6902 93.9884 23.3059
    endloop
  endfacet
  facet normal -0.116921 0.698486 0.706008
    outer loop
      vertex 36.7832 93.7068 23.6
      vertex 36.6032 93.9799 23.3
      vertex 36.4652 93.9568 23.3
    endloop
  endfacet
  facet normal 0.337163 -0.622851 0.705959
    outer loop
      vertex 35.3035 98.017 23.6
      vertex 35.4966 97.7815 23.3
      vertex 35.3761 98.0563 23.6
    endloop
  endfacet
  facet normal 0.337078 -0.622908 0.705949
    outer loop
      vertex 35.4966 97.7815 23.3
      vertex 35.3035 98.017 23.6
      vertex 35.2061 97.6243 23.3
    endloop
  endfacet
  facet normal 0.230128 -0.669806 0.705975
    outer loop
      vertex 35.4542 98.0831 23.6
      vertex 35.6137 97.8217 23.3
      vertex 35.809 97.8888 23.3
    endloop
  endfacet
  facet normal 0.228385 -0.663552 0.712418
    outer loop
      vertex 35.5346 97.7978 23.303
      vertex 35.4966 97.7815 23.3
      vertex 35.5181 97.7889 23.3
    endloop
  endfacet
  facet normal 0.229274 -0.670208 0.705872
    outer loop
      vertex 35.6137 97.8217 23.3
      vertex 35.4542 98.0831 23.6
      vertex 35.5346 97.7978 23.303
    endloop
  endfacet
  facet normal 0.229913 -0.670008 0.705853
    outer loop
      vertex 35.3761 98.0563 23.6
      vertex 35.5346 97.7978 23.303
      vertex 35.4542 98.0831 23.6
    endloop
  endfacet
  facet normal 0.231365 -0.669322 0.70603
    outer loop
      vertex 35.5346 97.7978 23.303
      vertex 35.3761 98.0563 23.6
      vertex 35.4966 97.7815 23.3
    endloop
  endfacet
  facet normal -0.521154 -0.479709 0.705888
    outer loop
      vertex 37.6546 97.4214 23.3
      vertex 38.0591 97.4234 23.6
      vertex 37.8577 97.6422 23.6
    endloop
  endfacet
  facet normal 0.435052 0.558944 0.705912
    outer loop
      vertex 34.7423 94.2578 23.6
      vertex 34.9769 94.0752 23.6
      vertex 34.9454 94.4786 23.3
    endloop
  endfacet
  facet normal -0.521041 -0.479839 0.705883
    outer loop
      vertex 38.0591 97.4234 23.6
      vertex 37.8783 97.1784 23.3
      vertex 38.115 97.3627 23.6
    endloop
  endfacet
  facet normal -0.521089 -0.479797 0.705877
    outer loop
      vertex 38.0591 97.4234 23.6
      vertex 37.7714 97.2945 23.3
      vertex 37.8783 97.1784 23.3
    endloop
  endfacet
  facet normal -0.521304 -0.479467 0.705941
    outer loop
      vertex 38.0591 97.4234 23.6
      vertex 37.7142 97.3642 23.3051
      vertex 37.7714 97.2945 23.3
    endloop
  endfacet
  facet normal -0.520809 -0.480539 0.705578
    outer loop
      vertex 38.0591 97.4234 23.6
      vertex 37.6857 97.3876 23.3
      vertex 37.7142 97.3642 23.3051
    endloop
  endfacet
  facet normal -0.521201 -0.479567 0.70595
    outer loop
      vertex 37.6857 97.3876 23.3
      vertex 38.0591 97.4234 23.6
      vertex 37.6546 97.4214 23.3
    endloop
  endfacet
  facet normal 0.705927 0.0585414 0.705861
    outer loop
      vertex 34.0246 95.6537 23.6
      vertex 34.3273 95.6208 23.3
      vertex 34.3 95.95 23.3
    endloop
  endfacet
  facet normal 0.705925 0.0583267 0.705881
    outer loop
      vertex 34.3273 95.6208 23.3
      vertex 34.0246 95.6537 23.6
      vertex 34.0314 95.5714 23.6
    endloop
  endfacet
  facet normal -0.592765 -0.387742 0.705894
    outer loop
      vertex 37.8783 97.1784 23.3
      vertex 38.1602 97.2936 23.6
      vertex 38.115 97.3627 23.6
    endloop
  endfacet
  facet normal -0.593137 -0.387223 0.705866
    outer loop
      vertex 38.1602 97.2936 23.6
      vertex 37.9991 96.9935 23.3
      vertex 38.0589 96.9019 23.3
    endloop
  endfacet
  facet normal -0.592875 -0.387456 0.705959
    outer loop
      vertex 38.1602 97.2936 23.6
      vertex 37.9629 97.0611 23.3067
      vertex 37.9991 96.9935 23.3
    endloop
  endfacet
  facet normal -0.592543 -0.387829 0.706032
    outer loop
      vertex 38.1602 97.2936 23.6
      vertex 37.9235 97.1091 23.3
      vertex 37.9629 97.0611 23.3067
    endloop
  endfacet
  facet normal -0.593202 -0.386908 0.705984
    outer loop
      vertex 38.1602 97.2936 23.6
      vertex 37.8783 97.1784 23.3
      vertex 37.9235 97.1091 23.3
    endloop
  endfacet
  facet normal 0.435052 -0.558944 0.705912
    outer loop
      vertex 34.7423 97.6422 23.6
      vertex 34.9454 97.4214 23.3
      vertex 34.9769 97.8248 23.6
    endloop
  endfacet
  facet normal 0.521154 -0.479709 0.705888
    outer loop
      vertex 34.5409 97.4234 23.6
      vertex 34.9454 97.4214 23.3
      vertex 34.7423 97.6422 23.6
    endloop
  endfacet
  facet normal 0.520809 0.480539 0.705578
    outer loop
      vertex 34.5409 94.4766 23.6
      vertex 34.9143 94.5124 23.3
      vertex 34.8858 94.5358 23.3051
    endloop
  endfacet
  facet normal 0.521089 0.479797 0.705877
    outer loop
      vertex 34.5409 94.4766 23.6
      vertex 34.8286 94.6055 23.3
      vertex 34.7217 94.7216 23.3
    endloop
  endfacet
  facet normal 0.521201 0.479567 0.70595
    outer loop
      vertex 34.9143 94.5124 23.3
      vertex 34.5409 94.4766 23.6
      vertex 34.9454 94.4786 23.3
    endloop
  endfacet
  facet normal 0.521304 0.479467 0.705941
    outer loop
      vertex 34.8286 94.6055 23.3
      vertex 34.5409 94.4766 23.6
      vertex 34.8858 94.5358 23.3051
    endloop
  endfacet
  facet normal 0.521041 0.479839 0.705883
    outer loop
      vertex 34.5409 94.4766 23.6
      vertex 34.7217 94.7216 23.3
      vertex 34.485 94.5373 23.6
    endloop
  endfacet
  facet normal -0.434944 0.558969 0.705958
    outer loop
      vertex 37.459 94.3264 23.3
      vertex 37.6231 94.0752 23.6
      vertex 37.6546 94.4786 23.3
    endloop
  endfacet
  facet normal -0.434999 0.55893 0.705955
    outer loop
      vertex 37.4111 94.2871 23.3016
      vertex 37.6231 94.0752 23.6
      vertex 37.459 94.3264 23.3
    endloop
  endfacet
  facet normal -0.435175 0.558775 0.70597
    outer loop
      vertex 37.6231 94.0752 23.6
      vertex 37.4111 94.2871 23.3016
      vertex 37.558 94.0245 23.6
    endloop
  endfacet
  facet normal -0.442953 0.571345 0.69091
    outer loop
      vertex 37.3939 94.2757 23.3
      vertex 37.4111 94.2871 23.3016
      vertex 37.4028 94.2826 23.3
    endloop
  endfacet
  facet normal -0.43576 0.558386 0.705916
    outer loop
      vertex 37.4111 94.2871 23.3016
      vertex 37.3939 94.2757 23.3
      vertex 37.558 94.0245 23.6
    endloop
  endfacet
  facet normal -0.435052 0.558944 0.705912
    outer loop
      vertex 37.6231 94.0752 23.6
      vertex 37.8577 94.2578 23.6
      vertex 37.6546 94.4786 23.3
    endloop
  endfacet
  facet normal -0.231365 0.669322 0.70603
    outer loop
      vertex 37.0654 94.1022 23.303
      vertex 37.2239 93.8437 23.6
      vertex 37.1034 94.1185 23.3
    endloop
  endfacet
  facet normal -0.228385 0.663552 0.712418
    outer loop
      vertex 37.0654 94.1022 23.303
      vertex 37.1034 94.1185 23.3
      vertex 37.0819 94.1111 23.3
    endloop
  endfacet
  facet normal -0.229913 0.670008 0.705853
    outer loop
      vertex 37.2239 93.8437 23.6
      vertex 37.0654 94.1022 23.303
      vertex 37.1458 93.8169 23.6
    endloop
  endfacet
  facet normal -0.229274 0.670208 0.705872
    outer loop
      vertex 36.9863 94.0783 23.3
      vertex 37.1458 93.8169 23.6
      vertex 37.0654 94.1022 23.303
    endloop
  endfacet
  facet normal -0.230128 0.669806 0.705975
    outer loop
      vertex 37.1458 93.8169 23.6
      vertex 36.9863 94.0783 23.3
      vertex 36.791 94.0112 23.3
    endloop
  endfacet
  facet normal -0.337078 0.622908 0.705949
    outer loop
      vertex 37.1034 94.1185 23.3
      vertex 37.2965 93.883 23.6
      vertex 37.3939 94.2757 23.3
    endloop
  endfacet
  facet normal -0.337163 0.622851 0.705959
    outer loop
      vertex 37.2965 93.883 23.6
      vertex 37.1034 94.1185 23.3
      vertex 37.2239 93.8437 23.6
    endloop
  endfacet
  facet normal 0.442953 0.571345 0.69091
    outer loop
      vertex 35.1889 94.2871 23.3016
      vertex 35.2061 94.2757 23.3
      vertex 35.1972 94.2826 23.3
    endloop
  endfacet
  facet normal 0.43576 0.558386 0.705916
    outer loop
      vertex 35.1889 94.2871 23.3016
      vertex 35.042 94.0245 23.6
      vertex 35.2061 94.2757 23.3
    endloop
  endfacet
  facet normal 0.434999 0.55893 0.705955
    outer loop
      vertex 34.9769 94.0752 23.6
      vertex 35.1889 94.2871 23.3016
      vertex 35.141 94.3264 23.3
    endloop
  endfacet
  facet normal 0.435175 0.558775 0.70597
    outer loop
      vertex 35.1889 94.2871 23.3016
      vertex 34.9769 94.0752 23.6
      vertex 35.042 94.0245 23.6
    endloop
  endfacet
  facet normal 0.434944 0.558969 0.705958
    outer loop
      vertex 34.9769 94.0752 23.6
      vertex 35.141 94.3264 23.3
      vertex 34.9454 94.4786 23.3
    endloop
  endfacet
  facet normal 0 0.708314 0.705897
    outer loop
      vertex 36.4899 93.6579 23.6
      vertex 36.3 93.95 23.3069
      vertex 36.1101 93.6579 23.6
    endloop
  endfacet
  facet normal -0 0.708404 0.705807
    outer loop
      vertex 36.3694 93.9568 23.3
      vertex 36.4899 93.6579 23.6
      vertex 36.4652 93.9568 23.3
    endloop
  endfacet
  facet normal 0.000733375 0.708551 0.705659
    outer loop
      vertex 36.4899 93.6579 23.6
      vertex 36.3694 93.9568 23.3
      vertex 36.3 93.95 23.3069
    endloop
  endfacet
  facet normal -0.000733375 0.708551 0.705659
    outer loop
      vertex 36.2306 93.9568 23.3
      vertex 36.1101 93.6579 23.6
      vertex 36.3 93.95 23.3069
    endloop
  endfacet
  facet normal 0 0.708404 0.705807
    outer loop
      vertex 36.1101 93.6579 23.6
      vertex 36.2306 93.9568 23.3
      vertex 36.1348 93.9568 23.3
    endloop
  endfacet
  facet normal -0.116501 0.698768 0.705798
    outer loop
      vertex 36.4652 93.9568 23.3
      vertex 36.4899 93.6579 23.6
      vertex 36.7832 93.7068 23.6
    endloop
  endfacet
  facet normal 0 -0.708314 0.705897
    outer loop
      vertex 36.1101 98.2421 23.6
      vertex 36.3 97.95 23.3069
      vertex 36.4899 98.2421 23.6
    endloop
  endfacet
  facet normal 0 -0.708404 0.705807
    outer loop
      vertex 36.2306 97.9432 23.3
      vertex 36.1101 98.2421 23.6
      vertex 36.1348 97.9432 23.3
    endloop
  endfacet
  facet normal -0.000733375 -0.708551 0.705659
    outer loop
      vertex 36.1101 98.2421 23.6
      vertex 36.2306 97.9432 23.3
      vertex 36.3 97.95 23.3069
    endloop
  endfacet
  facet normal 0.000733375 -0.708551 0.705659
    outer loop
      vertex 36.3694 97.9432 23.3
      vertex 36.4899 98.2421 23.6
      vertex 36.3 97.95 23.3069
    endloop
  endfacet
  facet normal 0 -0.708404 0.705807
    outer loop
      vertex 36.4899 98.2421 23.6
      vertex 36.3694 97.9432 23.3
      vertex 36.4652 97.9432 23.3
    endloop
  endfacet
  facet normal -0.686485 -0.174196 0.70597
    outer loop
      vertex 38.1916 96.5994 23.3
      vertex 38.4957 96.6168 23.6
      vertex 38.4754 96.6968 23.6
    endloop
  endfacet
  facet normal -0.686784 -0.173571 0.705834
    outer loop
      vertex 38.4957 96.6168 23.6
      vertex 38.2616 96.3402 23.3042
      vertex 38.2727 96.2792 23.3
    endloop
  endfacet
  facet normal -0.685396 -0.173413 0.70722
    outer loop
      vertex 38.2727 96.2792 23.3
      vertex 38.2616 96.3402 23.3042
      vertex 38.2643 96.3124 23.3
    endloop
  endfacet
  facet normal -0.686565 -0.173897 0.705966
    outer loop
      vertex 38.4957 96.6168 23.6
      vertex 38.2356 96.4258 23.3
      vertex 38.2616 96.3402 23.3042
    endloop
  endfacet
  facet normal -0.686515 -0.174001 0.705989
    outer loop
      vertex 38.4957 96.6168 23.6
      vertex 38.1916 96.5994 23.3
      vertex 38.2356 96.4258 23.3
    endloop
  endfacet
  facet normal 0.116921 -0.698486 0.706008
    outer loop
      vertex 35.8168 98.1932 23.6
      vertex 35.9968 97.9201 23.3
      vertex 36.1348 97.9432 23.3
    endloop
  endfacet
  facet normal 0.11614 -0.6988 0.705825
    outer loop
      vertex 35.9968 97.9201 23.3
      vertex 35.8168 98.1932 23.6
      vertex 35.9098 97.9116 23.3059
    endloop
  endfacet
  facet normal 0.117533 -0.698456 0.705936
    outer loop
      vertex 35.8168 98.1932 23.6
      vertex 35.8662 97.8983 23.3
      vertex 35.9098 97.9116 23.3059
    endloop
  endfacet
  facet normal 0.116044 -0.698705 0.705936
    outer loop
      vertex 35.8168 98.1932 23.6
      vertex 35.809 97.8888 23.3
      vertex 35.8662 97.8983 23.3
    endloop
  endfacet
  facet normal 0.116729 -0.698658 0.70587
    outer loop
      vertex 35.809 97.8888 23.3
      vertex 35.8168 98.1932 23.6
      vertex 35.7354 98.1796 23.6
    endloop
  endfacet
  facet normal 0.88175 0.471718 0
    outer loop
      vertex -38.1088 95.1117 23.3
      vertex -38.1478 95.1846 17
      vertex -38.1478 95.1846 23.3064
    endloop
  endfacet
  facet normal 0.881889 0.471458 -3.86793e-06
    outer loop
      vertex -37.9991 94.9065 23.3
      vertex -38.1478 95.1846 17
      vertex -38.1088 95.1117 23.3
    endloop
  endfacet
  facet normal 0.881558 0.472077 -0
    outer loop
      vertex -37.9629 94.8389 17
      vertex -37.9991 94.9065 23.3
      vertex -37.9629 94.8389 23.3067
    endloop
  endfacet
  facet normal 0.881795 0.471634 6.1137e-06
    outer loop
      vertex -37.9991 94.9065 23.3
      vertex -37.9629 94.8389 17
      vertex -38.1478 95.1846 17
    endloop
  endfacet
  facet normal -0.0983236 0.995154 -1.5134e-05
    outer loop
      vertex -35.9968 93.9799 23.3
      vertex -35.9098 93.9884 17
      vertex -36.2306 93.9568 23.3
    endloop
  endfacet
  facet normal -0.0972382 0.995261 0
    outer loop
      vertex -35.9098 93.9884 17
      vertex -35.9968 93.9799 23.3
      vertex -35.9098 93.9884 23.3059
    endloop
  endfacet
  facet normal -0.097938 0.995193 4.6961e-06
    outer loop
      vertex -36.3 93.95 17
      vertex -36.2306 93.9568 23.3
      vertex -35.9098 93.9884 17
    endloop
  endfacet
  facet normal -0.0975157 0.995234 0
    outer loop
      vertex -36.2306 93.9568 23.3
      vertex -36.3 93.95 17
      vertex -36.3 93.95 23.3069
    endloop
  endfacet
  facet normal -0.995317 -0.0966675 0
    outer loop
      vertex -34.3384 96.3402 17
      vertex -34.3357 96.3124 23.3
      vertex -34.3384 96.3402 23.3042
    endloop
  endfacet
  facet normal -0.995193 -0.097938 -5.65961e-06
    outer loop
      vertex -34.3 95.95 17
      vertex -34.3357 96.3124 23.3
      vertex -34.3384 96.3402 17
    endloop
  endfacet
  facet normal -0.995183 -0.0980354 0
    outer loop
      vertex -34.3357 96.3124 23.3
      vertex -34.3 95.95 17
      vertex -34.3 95.95 23.3
    endloop
  endfacet
  facet normal 0.956836 0.290628 0
    outer loop
      vertex -38.2356 95.4742 23.3
      vertex -38.2616 95.5598 17
      vertex -38.2616 95.5598 23.3042
    endloop
  endfacet
  facet normal 0.956903 0.290409 -3.24337e-06
    outer loop
      vertex -38.1634 95.2363 23.3
      vertex -38.2616 95.5598 17
      vertex -38.2356 95.4742 23.3
    endloop
  endfacet
  facet normal 0.957366 0.288877 -0
    outer loop
      vertex -38.1478 95.1846 17
      vertex -38.1634 95.2363 23.3
      vertex -38.1478 95.1846 23.3064
    endloop
  endfacet
  facet normal 0.956951 0.290248 -1.22829e-05
    outer loop
      vertex -38.1634 95.2363 23.3
      vertex -38.1478 95.1846 17
      vertex -38.2616 95.5598 17
    endloop
  endfacet
  facet normal 0.995317 -0.0966675 0
    outer loop
      vertex -38.2643 96.3124 23.3
      vertex -38.2616 96.3402 17
      vertex -38.2616 96.3402 23.3042
    endloop
  endfacet
  facet normal 0.995183 -0.0980354 -6.0937e-06
    outer loop
      vertex -38.3 95.95 23.3
      vertex -38.2616 96.3402 17
      vertex -38.2643 96.3124 23.3
    endloop
  endfacet
  facet normal 0.995193 -0.097938 0
    outer loop
      vertex -38.2616 96.3402 17
      vertex -38.3 95.95 23.3
      vertex -38.3 95.95 17
    endloop
  endfacet
  facet normal 0.471344 0.881949 -1.14559e-05
    outer loop
      vertex -37.0819 94.1111 23.3
      vertex -37.0654 94.1022 17
      vertex -37.4028 94.2826 23.3
    endloop
  endfacet
  facet normal 0.474736 0.880128 -0
    outer loop
      vertex -37.0654 94.1022 17
      vertex -37.0819 94.1111 23.3
      vertex -37.0654 94.1022 23.303
    endloop
  endfacet
  facet normal 0.471634 0.881795 8.4944e-06
    outer loop
      vertex -37.4111 94.2871 17
      vertex -37.4028 94.2826 23.3
      vertex -37.0654 94.1022 17
    endloop
  endfacet
  facet normal 0.476624 0.879107 0
    outer loop
      vertex -37.4028 94.2826 23.3
      vertex -37.4111 94.2871 17
      vertex -37.4111 94.2871 23.3016
    endloop
  endfacet
  facet normal 0.772952 0.634465 0
    outer loop
      vertex -37.9235 94.7909 23.3
      vertex -37.9629 94.8389 17
      vertex -37.9629 94.8389 23.3067
    endloop
  endfacet
  facet normal 0.773121 0.634259 -2.62115e-06
    outer loop
      vertex -37.7714 94.6055 23.3
      vertex -37.9629 94.8389 17
      vertex -37.9235 94.7909 23.3
    endloop
  endfacet
  facet normal 0.773018 0.634385 -0
    outer loop
      vertex -37.7142 94.5358 17
      vertex -37.7714 94.6055 23.3
      vertex -37.7142 94.5358 23.3051
    endloop
  endfacet
  facet normal 0.77307 0.634321 1.18621e-06
    outer loop
      vertex -37.7714 94.6055 23.3
      vertex -37.7142 94.5358 17
      vertex -37.9629 94.8389 17
    endloop
  endfacet
  facet normal -0.956836 0.290628 0
    outer loop
      vertex -34.3384 95.5598 17
      vertex -34.3644 95.4742 23.3
      vertex -34.3384 95.5598 23.3042
    endloop
  endfacet
  facet normal -0.956903 0.290409 -3.24337e-06
    outer loop
      vertex -34.3384 95.5598 17
      vertex -34.4366 95.2363 23.3
      vertex -34.3644 95.4742 23.3
    endloop
  endfacet
  facet normal -0.956951 0.290248 -1.22829e-05
    outer loop
      vertex -34.4522 95.1846 17
      vertex -34.4366 95.2363 23.3
      vertex -34.3384 95.5598 17
    endloop
  endfacet
  facet normal -0.957366 0.288877 0
    outer loop
      vertex -34.4366 95.2363 23.3
      vertex -34.4522 95.1846 17
      vertex -34.4522 95.1846 23.3064
    endloop
  endfacet
  facet normal -0.957366 -0.288877 0
    outer loop
      vertex -34.4522 96.7154 17
      vertex -34.4366 96.6637 23.3
      vertex -34.4522 96.7154 23.3064
    endloop
  endfacet
  facet normal -0.956903 -0.290409 -1.37269e-05
    outer loop
      vertex -34.4522 96.7154 17
      vertex -34.3644 96.4258 23.3
      vertex -34.4366 96.6637 23.3
    endloop
  endfacet
  facet normal -0.956951 -0.290248 -5.63541e-06
    outer loop
      vertex -34.3384 96.3402 17
      vertex -34.3644 96.4258 23.3
      vertex -34.4522 96.7154 17
    endloop
  endfacet
  facet normal -0.956836 -0.290628 0
    outer loop
      vertex -34.3644 96.4258 23.3
      vertex -34.3384 96.3402 17
      vertex -34.3384 96.3402 23.3042
    endloop
  endfacet
  facet normal 0.995183 0.0980354 0
    outer loop
      vertex -38.2643 95.5876 23.3
      vertex -38.3 95.95 17
      vertex -38.3 95.95 23.3
    endloop
  endfacet
  facet normal 0.995317 0.0966675 -0
    outer loop
      vertex -38.2616 95.5598 17
      vertex -38.2643 95.5876 23.3
      vertex -38.2616 95.5598 23.3042
    endloop
  endfacet
  facet normal 0.995193 0.097938 -5.65961e-06
    outer loop
      vertex -38.2643 95.5876 23.3
      vertex -38.2616 95.5598 17
      vertex -38.3 95.95 17
    endloop
  endfacet
  facet normal -0.290302 -0.956935 -1.11229e-05
    outer loop
      vertex -35.8662 97.8983 23.3
      vertex -35.9098 97.9116 17
      vertex -35.6137 97.8217 23.3
    endloop
  endfacet
  facet normal -0.291773 -0.956488 0
    outer loop
      vertex -35.9098 97.9116 17
      vertex -35.8662 97.8983 23.3
      vertex -35.9098 97.9116 23.3059
    endloop
  endfacet
  facet normal -0.290248 -0.956951 -1.38861e-05
    outer loop
      vertex -35.5346 97.7978 17
      vertex -35.6137 97.8217 23.3
      vertex -35.9098 97.9116 17
    endloop
  endfacet
  facet normal -0.289235 -0.957258 0
    outer loop
      vertex -35.6137 97.8217 23.3
      vertex -35.5346 97.7978 17
      vertex -35.5346 97.7978 23.303
    endloop
  endfacet
  facet normal 0.0983236 0.995154 8.98581e-06
    outer loop
      vertex -36.3694 93.9568 23.3
      vertex -36.3 93.95 17
      vertex -36.6032 93.9799 23.3
    endloop
  endfacet
  facet normal 0.0975157 0.995234 -0
    outer loop
      vertex -36.3 93.95 17
      vertex -36.3694 93.9568 23.3
      vertex -36.3 93.95 23.3069
    endloop
  endfacet
  facet normal 0.097938 0.995193 -9.75655e-06
    outer loop
      vertex -36.6902 93.9884 17
      vertex -36.6032 93.9799 23.3
      vertex -36.3 93.95 17
    endloop
  endfacet
  facet normal 0.0972382 0.995261 0
    outer loop
      vertex -36.6032 93.9799 23.3
      vertex -36.6902 93.9884 17
      vertex -36.6902 93.9884 23.3059
    endloop
  endfacet
  facet normal 0.634296 -0.773091 2.04612e-06
    outer loop
      vertex -37.6857 97.3876 23.3
      vertex -37.7142 97.3642 17
      vertex -37.459 97.5736 23.3
    endloop
  endfacet
  facet normal 0.634566 -0.772869 0
    outer loop
      vertex -37.7142 97.3642 17
      vertex -37.6857 97.3876 23.3
      vertex -37.7142 97.3642 23.3051
    endloop
  endfacet
  facet normal 0.634321 -0.77307 3.64364e-07
    outer loop
      vertex -37.4111 97.6129 17
      vertex -37.459 97.5736 23.3
      vertex -37.7142 97.3642 17
    endloop
  endfacet
  facet normal 0.634292 -0.773094 0
    outer loop
      vertex -37.459 97.5736 23.3
      vertex -37.4111 97.6129 17
      vertex -37.4111 97.6129 23.3016
    endloop
  endfacet
  facet normal 0.0983236 -0.995154 -1.5134e-05
    outer loop
      vertex -36.6032 97.9201 23.3
      vertex -36.6902 97.9116 17
      vertex -36.3694 97.9432 23.3
    endloop
  endfacet
  facet normal 0.0972382 -0.995261 0
    outer loop
      vertex -36.6902 97.9116 17
      vertex -36.6032 97.9201 23.3
      vertex -36.6902 97.9116 23.3059
    endloop
  endfacet
  facet normal 0.097938 -0.995193 4.6961e-06
    outer loop
      vertex -36.3 97.95 17
      vertex -36.3694 97.9432 23.3
      vertex -36.6902 97.9116 17
    endloop
  endfacet
  facet normal 0.0975157 -0.995234 0
    outer loop
      vertex -36.3694 97.9432 23.3
      vertex -36.3 97.95 17
      vertex -36.3 97.95 23.3069
    endloop
  endfacet
  facet normal -0.995183 0.0980354 0
    outer loop
      vertex -34.3 95.95 17
      vertex -34.3357 95.5876 23.3
      vertex -34.3 95.95 23.3
    endloop
  endfacet
  facet normal -0.995193 0.097938 -5.65961e-06
    outer loop
      vertex -34.3384 95.5598 17
      vertex -34.3357 95.5876 23.3
      vertex -34.3 95.95 17
    endloop
  endfacet
  facet normal -0.995317 0.0966675 0
    outer loop
      vertex -34.3357 95.5876 23.3
      vertex -34.3384 95.5598 17
      vertex -34.3384 95.5598 23.3042
    endloop
  endfacet
  facet normal -0.634296 -0.773091 4.8717e-08
    outer loop
      vertex -35.141 97.5736 23.3
      vertex -35.1889 97.6129 17
      vertex -34.9143 97.3876 23.3
    endloop
  endfacet
  facet normal -0.634292 -0.773094 0
    outer loop
      vertex -35.1889 97.6129 17
      vertex -35.141 97.5736 23.3
      vertex -35.1889 97.6129 23.3016
    endloop
  endfacet
  facet normal -0.634321 -0.77307 1.85825e-06
    outer loop
      vertex -34.8858 97.3642 17
      vertex -34.9143 97.3876 23.3
      vertex -35.1889 97.6129 17
    endloop
  endfacet
  facet normal -0.634566 -0.772869 0
    outer loop
      vertex -34.9143 97.3876 23.3
      vertex -34.8858 97.3642 17
      vertex -34.8858 97.3642 23.3051
    endloop
  endfacet
  facet normal -0.290302 0.956935 -1.4624e-05
    outer loop
      vertex -35.6137 94.0783 23.3
      vertex -35.5346 94.1022 17
      vertex -35.8662 94.0017 23.3
    endloop
  endfacet
  facet normal -0.289235 0.957258 0
    outer loop
      vertex -35.5346 94.1022 17
      vertex -35.6137 94.0783 23.3
      vertex -35.5346 94.1022 23.303
    endloop
  endfacet
  facet normal -0.290248 0.956951 -1.15299e-05
    outer loop
      vertex -35.9098 93.9884 17
      vertex -35.8662 94.0017 23.3
      vertex -35.5346 94.1022 17
    endloop
  endfacet
  facet normal -0.291773 0.956488 0
    outer loop
      vertex -35.8662 94.0017 23.3
      vertex -35.9098 93.9884 17
      vertex -35.9098 93.9884 23.3059
    endloop
  endfacet
  facet normal 0.471344 -0.881949 8.98671e-06
    outer loop
      vertex -37.4028 97.6174 23.3
      vertex -37.4111 97.6129 17
      vertex -37.0819 97.7889 23.3
    endloop
  endfacet
  facet normal 0.476624 -0.879107 0
    outer loop
      vertex -37.4111 97.6129 17
      vertex -37.4028 97.6174 23.3
      vertex -37.4111 97.6129 23.3016
    endloop
  endfacet
  facet normal 0.471634 -0.881795 -1.04783e-05
    outer loop
      vertex -37.0654 97.7978 17
      vertex -37.0819 97.7889 23.3
      vertex -37.4111 97.6129 17
    endloop
  endfacet
  facet normal 0.474736 -0.880128 0
    outer loop
      vertex -37.0819 97.7889 23.3
      vertex -37.0654 97.7978 17
      vertex -37.0654 97.7978 23.303
    endloop
  endfacet
  facet normal 0.290302 0.956935 -1.11229e-05
    outer loop
      vertex -36.7338 94.0017 23.3
      vertex -36.6902 93.9884 17
      vertex -36.9863 94.0783 23.3
    endloop
  endfacet
  facet normal 0.291773 0.956488 -0
    outer loop
      vertex -36.6902 93.9884 17
      vertex -36.7338 94.0017 23.3
      vertex -36.6902 93.9884 23.3059
    endloop
  endfacet
  facet normal 0.290248 0.956951 -1.38861e-05
    outer loop
      vertex -37.0654 94.1022 17
      vertex -36.9863 94.0783 23.3
      vertex -36.6902 93.9884 17
    endloop
  endfacet
  facet normal 0.289235 0.957258 0
    outer loop
      vertex -36.9863 94.0783 23.3
      vertex -37.0654 94.1022 17
      vertex -37.0654 94.1022 23.303
    endloop
  endfacet
  facet normal 0.634296 0.773091 4.8717e-08
    outer loop
      vertex -37.459 94.3264 23.3
      vertex -37.4111 94.2871 17
      vertex -37.6857 94.5124 23.3
    endloop
  endfacet
  facet normal 0.634292 0.773094 -0
    outer loop
      vertex -37.4111 94.2871 17
      vertex -37.459 94.3264 23.3
      vertex -37.4111 94.2871 23.3016
    endloop
  endfacet
  facet normal 0.634321 0.77307 1.85825e-06
    outer loop
      vertex -37.7142 94.5358 17
      vertex -37.6857 94.5124 23.3
      vertex -37.4111 94.2871 17
    endloop
  endfacet
  facet normal 0.634566 0.772869 0
    outer loop
      vertex -37.6857 94.5124 23.3
      vertex -37.7142 94.5358 17
      vertex -37.7142 94.5358 23.3051
    endloop
  endfacet
  facet normal -0.772952 0.634465 0
    outer loop
      vertex -34.6371 94.8389 17
      vertex -34.6765 94.7909 23.3
      vertex -34.6371 94.8389 23.3067
    endloop
  endfacet
  facet normal -0.773121 0.634259 -2.62115e-06
    outer loop
      vertex -34.6371 94.8389 17
      vertex -34.8286 94.6055 23.3
      vertex -34.6765 94.7909 23.3
    endloop
  endfacet
  facet normal -0.77307 0.634321 1.18621e-06
    outer loop
      vertex -34.8858 94.5358 17
      vertex -34.8286 94.6055 23.3
      vertex -34.6371 94.8389 17
    endloop
  endfacet
  facet normal -0.773018 0.634385 0
    outer loop
      vertex -34.8286 94.6055 23.3
      vertex -34.8858 94.5358 17
      vertex -34.8858 94.5358 23.3051
    endloop
  endfacet
  facet normal -0.634296 0.773091 2.04612e-06
    outer loop
      vertex -34.9143 94.5124 23.3
      vertex -34.8858 94.5358 17
      vertex -35.141 94.3264 23.3
    endloop
  endfacet
  facet normal -0.634566 0.772869 0
    outer loop
      vertex -34.8858 94.5358 17
      vertex -34.9143 94.5124 23.3
      vertex -34.8858 94.5358 23.3051
    endloop
  endfacet
  facet normal -0.634321 0.77307 3.64364e-07
    outer loop
      vertex -35.1889 94.2871 17
      vertex -35.141 94.3264 23.3
      vertex -34.8858 94.5358 17
    endloop
  endfacet
  facet normal -0.634292 0.773094 0
    outer loop
      vertex -35.141 94.3264 23.3
      vertex -35.1889 94.2871 17
      vertex -35.1889 94.2871 23.3016
    endloop
  endfacet
  facet normal -0.471344 0.881949 8.98671e-06
    outer loop
      vertex -35.1972 94.2826 23.3
      vertex -35.1889 94.2871 17
      vertex -35.5181 94.1111 23.3
    endloop
  endfacet
  facet normal -0.476624 0.879107 0
    outer loop
      vertex -35.1889 94.2871 17
      vertex -35.1972 94.2826 23.3
      vertex -35.1889 94.2871 23.3016
    endloop
  endfacet
  facet normal -0.471634 0.881795 -1.04783e-05
    outer loop
      vertex -35.5346 94.1022 17
      vertex -35.5181 94.1111 23.3
      vertex -35.1889 94.2871 17
    endloop
  endfacet
  facet normal -0.474736 0.880128 0
    outer loop
      vertex -35.5181 94.1111 23.3
      vertex -35.5346 94.1022 17
      vertex -35.5346 94.1022 23.303
    endloop
  endfacet
  facet normal 0 0 1
    outer loop
      vertex -34.3384 96.3402 17
      vertex -34.3384 95.5598 17
      vertex -34.3 95.95 17
    endloop
  endfacet
  facet normal 0 0 1
    outer loop
      vertex -34.4522 96.7154 17
      vertex -34.3384 95.5598 17
      vertex -34.3384 96.3402 17
    endloop
  endfacet
  facet normal 0 0 1
    outer loop
      vertex -34.4522 96.7154 17
      vertex -34.4522 95.1846 17
      vertex -34.3384 95.5598 17
    endloop
  endfacet
  facet normal 0 0 1
    outer loop
      vertex -34.6371 97.0611 17
      vertex -34.4522 95.1846 17
      vertex -34.4522 96.7154 17
    endloop
  endfacet
  facet normal 0 0 1
    outer loop
      vertex -34.6371 97.0611 17
      vertex -34.6371 94.8389 17
      vertex -34.4522 95.1846 17
    endloop
  endfacet
  facet normal 0 0 1
    outer loop
      vertex -34.8858 97.3642 17
      vertex -34.6371 94.8389 17
      vertex -34.6371 97.0611 17
    endloop
  endfacet
  facet normal 0 0 1
    outer loop
      vertex -34.8858 97.3642 17
      vertex -34.8858 94.5358 17
      vertex -34.6371 94.8389 17
    endloop
  endfacet
  facet normal 0 0 1
    outer loop
      vertex -35.1889 97.6129 17
      vertex -34.8858 94.5358 17
      vertex -34.8858 97.3642 17
    endloop
  endfacet
  facet normal 0 0 1
    outer loop
      vertex -35.1889 97.6129 17
      vertex -35.1889 94.2871 17
      vertex -34.8858 94.5358 17
    endloop
  endfacet
  facet normal 0 0 1
    outer loop
      vertex -35.5346 97.7978 17
      vertex -35.1889 94.2871 17
      vertex -35.1889 97.6129 17
    endloop
  endfacet
  facet normal 0 0 1
    outer loop
      vertex -35.5346 97.7978 17
      vertex -35.5346 94.1022 17
      vertex -35.1889 94.2871 17
    endloop
  endfacet
  facet normal 0 0 1
    outer loop
      vertex -35.9098 97.9116 17
      vertex -35.5346 94.1022 17
      vertex -35.5346 97.7978 17
    endloop
  endfacet
  facet normal 0 0 1
    outer loop
      vertex -35.9098 97.9116 17
      vertex -35.9098 93.9884 17
      vertex -35.5346 94.1022 17
    endloop
  endfacet
  facet normal 0 0 1
    outer loop
      vertex -36.3 97.95 17
      vertex -35.9098 93.9884 17
      vertex -35.9098 97.9116 17
    endloop
  endfacet
  facet normal 0 0 1
    outer loop
      vertex -36.3 97.95 17
      vertex -36.3 93.95 17
      vertex -35.9098 93.9884 17
    endloop
  endfacet
  facet normal -0 0 1
    outer loop
      vertex -36.6902 97.9116 17
      vertex -36.3 93.95 17
      vertex -36.3 97.95 17
    endloop
  endfacet
  facet normal 0 0 1
    outer loop
      vertex -36.6902 97.9116 17
      vertex -36.6902 93.9884 17
      vertex -36.3 93.95 17
    endloop
  endfacet
  facet normal -0 0 1
    outer loop
      vertex -37.0654 97.7978 17
      vertex -36.6902 93.9884 17
      vertex -36.6902 97.9116 17
    endloop
  endfacet
  facet normal 0 0 1
    outer loop
      vertex -37.0654 97.7978 17
      vertex -37.0654 94.1022 17
      vertex -36.6902 93.9884 17
    endloop
  endfacet
  facet normal -0 0 1
    outer loop
      vertex -37.4111 97.6129 17
      vertex -37.0654 94.1022 17
      vertex -37.0654 97.7978 17
    endloop
  endfacet
  facet normal 0 0 1
    outer loop
      vertex -37.4111 97.6129 17
      vertex -37.4111 94.2871 17
      vertex -37.0654 94.1022 17
    endloop
  endfacet
  facet normal -0 0 1
    outer loop
      vertex -37.7142 97.3642 17
      vertex -37.4111 94.2871 17
      vertex -37.4111 97.6129 17
    endloop
  endfacet
  facet normal 0 0 1
    outer loop
      vertex -37.7142 97.3642 17
      vertex -37.7142 94.5358 17
      vertex -37.4111 94.2871 17
    endloop
  endfacet
  facet normal -0 0 1
    outer loop
      vertex -37.9629 97.0611 17
      vertex -37.7142 94.5358 17
      vertex -37.7142 97.3642 17
    endloop
  endfacet
  facet normal 0 0 1
    outer loop
      vertex -37.9629 97.0611 17
      vertex -37.9629 94.8389 17
      vertex -37.7142 94.5358 17
    endloop
  endfacet
  facet normal -0 0 1
    outer loop
      vertex -38.1478 96.7154 17
      vertex -37.9629 94.8389 17
      vertex -37.9629 97.0611 17
    endloop
  endfacet
  facet normal 0 0 1
    outer loop
      vertex -38.1478 96.7154 17
      vertex -38.1478 95.1846 17
      vertex -37.9629 94.8389 17
    endloop
  endfacet
  facet normal -0 0 1
    outer loop
      vertex -38.2616 96.3402 17
      vertex -38.1478 95.1846 17
      vertex -38.1478 96.7154 17
    endloop
  endfacet
  facet normal 0 0 1
    outer loop
      vertex -38.2616 96.3402 17
      vertex -38.2616 95.5598 17
      vertex -38.1478 95.1846 17
    endloop
  endfacet
  facet normal 0 -0 1
    outer loop
      vertex -38.2616 95.5598 17
      vertex -38.2616 96.3402 17
      vertex -38.3 95.95 17
    endloop
  endfacet
  facet normal -0.773018 -0.634385 0
    outer loop
      vertex -34.8858 97.3642 17
      vertex -34.8286 97.2945 23.3
      vertex -34.8858 97.3642 23.3051
    endloop
  endfacet
  facet normal -0.773121 -0.634259 2.32329e-06
    outer loop
      vertex -34.8858 97.3642 17
      vertex -34.6765 97.1091 23.3
      vertex -34.8286 97.2945 23.3
    endloop
  endfacet
  facet normal -0.77307 -0.634321 -1.83801e-06
    outer loop
      vertex -34.6371 97.0611 17
      vertex -34.6765 97.1091 23.3
      vertex -34.8858 97.3642 17
    endloop
  endfacet
  facet normal -0.772952 -0.634465 0
    outer loop
      vertex -34.6765 97.1091 23.3
      vertex -34.6371 97.0611 17
      vertex -34.6371 97.0611 23.3067
    endloop
  endfacet
  facet normal -0.881558 -0.472077 0
    outer loop
      vertex -34.6371 97.0611 17
      vertex -34.6009 96.9935 23.3
      vertex -34.6371 97.0611 23.3067
    endloop
  endfacet
  facet normal -0.881889 -0.471458 8.54083e-06
    outer loop
      vertex -34.6371 97.0611 17
      vertex -34.4912 96.7883 23.3
      vertex -34.6009 96.9935 23.3
    endloop
  endfacet
  facet normal -0.881795 -0.471634 -1.25108e-06
    outer loop
      vertex -34.4522 96.7154 17
      vertex -34.4912 96.7883 23.3
      vertex -34.6371 97.0611 17
    endloop
  endfacet
  facet normal -0.88175 -0.471718 0
    outer loop
      vertex -34.4912 96.7883 23.3
      vertex -34.4522 96.7154 17
      vertex -34.4522 96.7154 23.3064
    endloop
  endfacet
  facet normal 0.290302 -0.956935 -1.4624e-05
    outer loop
      vertex -36.9863 97.8217 23.3
      vertex -37.0654 97.7978 17
      vertex -36.7338 97.8983 23.3
    endloop
  endfacet
  facet normal 0.289235 -0.957258 0
    outer loop
      vertex -37.0654 97.7978 17
      vertex -36.9863 97.8217 23.3
      vertex -37.0654 97.7978 23.303
    endloop
  endfacet
  facet normal 0.290248 -0.956951 -1.15299e-05
    outer loop
      vertex -36.6902 97.9116 17
      vertex -36.7338 97.8983 23.3
      vertex -37.0654 97.7978 17
    endloop
  endfacet
  facet normal 0.291773 -0.956488 0
    outer loop
      vertex -36.7338 97.8983 23.3
      vertex -36.6902 97.9116 17
      vertex -36.6902 97.9116 23.3059
    endloop
  endfacet
  facet normal -0.88175 0.471718 0
    outer loop
      vertex -34.4522 95.1846 17
      vertex -34.4912 95.1117 23.3
      vertex -34.4522 95.1846 23.3064
    endloop
  endfacet
  facet normal -0.881889 0.471458 -3.86793e-06
    outer loop
      vertex -34.4522 95.1846 17
      vertex -34.6009 94.9065 23.3
      vertex -34.4912 95.1117 23.3
    endloop
  endfacet
  facet normal -0.881795 0.471634 6.1137e-06
    outer loop
      vertex -34.6371 94.8389 17
      vertex -34.6009 94.9065 23.3
      vertex -34.4522 95.1846 17
    endloop
  endfacet
  facet normal -0.881558 0.472077 0
    outer loop
      vertex -34.6009 94.9065 23.3
      vertex -34.6371 94.8389 17
      vertex -34.6371 94.8389 23.3067
    endloop
  endfacet
  facet normal 0.773018 -0.634385 0
    outer loop
      vertex -37.7714 97.2945 23.3
      vertex -37.7142 97.3642 17
      vertex -37.7142 97.3642 23.3051
    endloop
  endfacet
  facet normal 0.773121 -0.634259 2.32329e-06
    outer loop
      vertex -37.9235 97.1091 23.3
      vertex -37.7142 97.3642 17
      vertex -37.7714 97.2945 23.3
    endloop
  endfacet
  facet normal 0.772952 -0.634465 0
    outer loop
      vertex -37.9629 97.0611 17
      vertex -37.9235 97.1091 23.3
      vertex -37.9629 97.0611 23.3067
    endloop
  endfacet
  facet normal 0.77307 -0.634321 -1.83801e-06
    outer loop
      vertex -37.9235 97.1091 23.3
      vertex -37.9629 97.0611 17
      vertex -37.7142 97.3642 17
    endloop
  endfacet
  facet normal -0.0983236 -0.995154 8.98581e-06
    outer loop
      vertex -36.2306 97.9432 23.3
      vertex -36.3 97.95 17
      vertex -35.9968 97.9201 23.3
    endloop
  endfacet
  facet normal -0.0975157 -0.995234 0
    outer loop
      vertex -36.3 97.95 17
      vertex -36.2306 97.9432 23.3
      vertex -36.3 97.95 23.3069
    endloop
  endfacet
  facet normal -0.097938 -0.995193 -9.75655e-06
    outer loop
      vertex -35.9098 97.9116 17
      vertex -35.9968 97.9201 23.3
      vertex -36.3 97.95 17
    endloop
  endfacet
  facet normal -0.0972382 -0.995261 0
    outer loop
      vertex -35.9968 97.9201 23.3
      vertex -35.9098 97.9116 17
      vertex -35.9098 97.9116 23.3059
    endloop
  endfacet
  facet normal -0.471344 -0.881949 -1.14559e-05
    outer loop
      vertex -35.5181 97.7889 23.3
      vertex -35.5346 97.7978 17
      vertex -35.1972 97.6174 23.3
    endloop
  endfacet
  facet normal -0.474736 -0.880128 0
    outer loop
      vertex -35.5346 97.7978 17
      vertex -35.5181 97.7889 23.3
      vertex -35.5346 97.7978 23.303
    endloop
  endfacet
  facet normal -0.471634 -0.881795 8.4944e-06
    outer loop
      vertex -35.1889 97.6129 17
      vertex -35.1972 97.6174 23.3
      vertex -35.5346 97.7978 17
    endloop
  endfacet
  facet normal -0.476624 -0.879107 0
    outer loop
      vertex -35.1972 97.6174 23.3
      vertex -35.1889 97.6129 17
      vertex -35.1889 97.6129 23.3016
    endloop
  endfacet
  facet normal 0.881558 -0.472077 0
    outer loop
      vertex -37.9991 96.9935 23.3
      vertex -37.9629 97.0611 17
      vertex -37.9629 97.0611 23.3067
    endloop
  endfacet
  facet normal 0.881889 -0.471458 8.54083e-06
    outer loop
      vertex -38.1088 96.7883 23.3
      vertex -37.9629 97.0611 17
      vertex -37.9991 96.9935 23.3
    endloop
  endfacet
  facet normal 0.88175 -0.471718 0
    outer loop
      vertex -38.1478 96.7154 17
      vertex -38.1088 96.7883 23.3
      vertex -38.1478 96.7154 23.3064
    endloop
  endfacet
  facet normal 0.881795 -0.471634 -1.25108e-06
    outer loop
      vertex -38.1088 96.7883 23.3
      vertex -38.1478 96.7154 17
      vertex -37.9629 97.0611 17
    endloop
  endfacet
  facet normal 0.957366 -0.288877 0
    outer loop
      vertex -38.1634 96.6637 23.3
      vertex -38.1478 96.7154 17
      vertex -38.1478 96.7154 23.3064
    endloop
  endfacet
  facet normal 0.956903 -0.290409 -1.37269e-05
    outer loop
      vertex -38.2356 96.4258 23.3
      vertex -38.1478 96.7154 17
      vertex -38.1634 96.6637 23.3
    endloop
  endfacet
  facet normal 0.956836 -0.290628 0
    outer loop
      vertex -38.2616 96.3402 17
      vertex -38.2356 96.4258 23.3
      vertex -38.2616 96.3402 23.3042
    endloop
  endfacet
  facet normal 0.956951 -0.290248 -5.63541e-06
    outer loop
      vertex -38.2356 96.4258 23.3
      vertex -38.2616 96.3402 17
      vertex -38.1478 96.7154 17
    endloop
  endfacet
  facet normal 0.705901 0.0583685 0.705901
    outer loop
      vertex -38.6 95.95 23.6
      vertex -38.5755 95.6537 23.6
      vertex -38.3 95.95 23.3
    endloop
  endfacet
  facet normal 0.592936 -0.38735 0.705965
    outer loop
      vertex -38.3228 97.0447 23.6
      vertex -38.0589 96.9019 23.3
      vertex -38.1602 97.2936 23.6
    endloop
  endfacet
  facet normal 0.521201 -0.479567 0.70595
    outer loop
      vertex -38.0591 97.4234 23.6
      vertex -37.6857 97.3876 23.3
      vertex -37.6546 97.4214 23.3
    endloop
  endfacet
  facet normal 0.521304 -0.479467 0.705941
    outer loop
      vertex -38.0591 97.4234 23.6
      vertex -37.7714 97.2945 23.3
      vertex -37.7142 97.3642 23.3051
    endloop
  endfacet
  facet normal 0.520809 -0.480539 0.705578
    outer loop
      vertex -37.6857 97.3876 23.3
      vertex -38.0591 97.4234 23.6
      vertex -37.7142 97.3642 23.3051
    endloop
  endfacet
  facet normal 0.521089 -0.479797 0.705877
    outer loop
      vertex -37.7714 97.2945 23.3
      vertex -38.0591 97.4234 23.6
      vertex -37.8783 97.1784 23.3
    endloop
  endfacet
  facet normal 0.521041 -0.479839 0.705883
    outer loop
      vertex -37.8783 97.1784 23.3
      vertex -38.0591 97.4234 23.6
      vertex -38.115 97.3627 23.6
    endloop
  endfacet
  facet normal -0.648632 -0.284417 0.705963
    outer loop
      vertex -34.5411 96.9019 23.3
      vertex -34.1578 96.7724 23.6
      vertex -34.2772 97.0447 23.6
    endloop
  endfacet
  facet normal -0.116501 -0.698768 0.705798
    outer loop
      vertex -36.1348 97.9432 23.3
      vertex -35.8168 98.1932 23.6
      vertex -36.1101 98.2421 23.6
    endloop
  endfacet
  facet normal -0.686683 0.173696 0.705901
    outer loop
      vertex -34.3273 95.6208 23.3
      vertex -34.1043 95.2832 23.6
      vertex -34.0314 95.5714 23.6
    endloop
  endfacet
  facet normal 0.229925 0.669998 0.705859
    outer loop
      vertex -37.1458 93.8169 23.6
      vertex -36.8646 93.7204 23.6
      vertex -36.791 94.0112 23.3
    endloop
  endfacet
  facet normal 0.592543 0.387829 0.706032
    outer loop
      vertex -38.1602 94.6064 23.6
      vertex -37.9235 94.7909 23.3
      vertex -37.9629 94.8389 23.3067
    endloop
  endfacet
  facet normal 0.593137 0.387223 0.705866
    outer loop
      vertex -38.1602 94.6064 23.6
      vertex -37.9991 94.9065 23.3
      vertex -38.0589 94.9981 23.3
    endloop
  endfacet
  facet normal 0.593202 0.386908 0.705984
    outer loop
      vertex -37.9235 94.7909 23.3
      vertex -38.1602 94.6064 23.6
      vertex -37.8783 94.7216 23.3
    endloop
  endfacet
  facet normal 0.592875 0.387456 0.705959
    outer loop
      vertex -37.9991 94.9065 23.3
      vertex -38.1602 94.6064 23.6
      vertex -37.9629 94.8389 23.3067
    endloop
  endfacet
  facet normal 0.592765 0.387742 0.705894
    outer loop
      vertex -37.8783 94.7216 23.3
      vertex -38.1602 94.6064 23.6
      vertex -38.115 94.5373 23.6
    endloop
  endfacet
  facet normal -0.592936 -0.38735 0.705965
    outer loop
      vertex -34.5411 96.9019 23.3
      vertex -34.2772 97.0447 23.6
      vertex -34.4398 97.2936 23.6
    endloop
  endfacet
  facet normal -0.116729 -0.698658 0.70587
    outer loop
      vertex -35.8168 98.1932 23.6
      vertex -35.809 97.8888 23.3
      vertex -35.7354 98.1796 23.6
    endloop
  endfacet
  facet normal -0.116044 -0.698705 0.705936
    outer loop
      vertex -35.8168 98.1932 23.6
      vertex -35.8662 97.8983 23.3
      vertex -35.809 97.8888 23.3
    endloop
  endfacet
  facet normal -0.117533 -0.698456 0.705936
    outer loop
      vertex -35.8168 98.1932 23.6
      vertex -35.9098 97.9116 23.3059
      vertex -35.8662 97.8983 23.3
    endloop
  endfacet
  facet normal -0.11614 -0.6988 0.705825
    outer loop
      vertex -35.8168 98.1932 23.6
      vertex -35.9968 97.9201 23.3
      vertex -35.9098 97.9116 23.3059
    endloop
  endfacet
  facet normal -0.116921 -0.698486 0.706008
    outer loop
      vertex -35.9968 97.9201 23.3
      vertex -35.8168 98.1932 23.6
      vertex -36.1348 97.9432 23.3
    endloop
  endfacet
  facet normal -0.337163 -0.622851 0.705959
    outer loop
      vertex -35.4966 97.7815 23.3
      vertex -35.3035 98.017 23.6
      vertex -35.3761 98.0563 23.6
    endloop
  endfacet
  facet normal -0.337078 -0.622908 0.705949
    outer loop
      vertex -35.3035 98.017 23.6
      vertex -35.4966 97.7815 23.3
      vertex -35.2061 97.6243 23.3
    endloop
  endfacet
  facet normal -0.435052 -0.558944 0.705912
    outer loop
      vertex -34.9769 97.8248 23.6
      vertex -34.9454 97.4214 23.3
      vertex -34.7423 97.6422 23.6
    endloop
  endfacet
  facet normal 0.686515 -0.174001 0.705989
    outer loop
      vertex -38.4957 96.6168 23.6
      vertex -38.2356 96.4258 23.3
      vertex -38.1916 96.5994 23.3
    endloop
  endfacet
  facet normal 0.685396 -0.173413 0.70722
    outer loop
      vertex -38.2616 96.3402 23.3042
      vertex -38.2727 96.2792 23.3
      vertex -38.2643 96.3124 23.3
    endloop
  endfacet
  facet normal 0.686485 -0.174196 0.70597
    outer loop
      vertex -38.4957 96.6168 23.6
      vertex -38.1916 96.5994 23.3
      vertex -38.4754 96.6968 23.6
    endloop
  endfacet
  facet normal 0.686565 -0.173897 0.705966
    outer loop
      vertex -38.2356 96.4258 23.3
      vertex -38.4957 96.6168 23.6
      vertex -38.2616 96.3402 23.3042
    endloop
  endfacet
  facet normal 0.686784 -0.173571 0.705834
    outer loop
      vertex -38.2616 96.3402 23.3042
      vertex -38.4957 96.6168 23.6
      vertex -38.2727 96.2792 23.3
    endloop
  endfacet
  facet normal -0.521154 0.479709 0.705888
    outer loop
      vertex -34.9454 94.4786 23.3
      vertex -34.7423 94.2578 23.6
      vertex -34.5409 94.4766 23.6
    endloop
  endfacet
  facet normal 0.705901 -0.0583685 0.705901
    outer loop
      vertex -38.6 95.95 23.6
      vertex -38.3 95.95 23.3
      vertex -38.5755 96.2463 23.6
    endloop
  endfacet
  facet normal 0.705819 -0.0591756 0.705917
    outer loop
      vertex -38.5755 96.2463 23.6
      vertex -38.2727 96.2792 23.3
      vertex -38.5686 96.3286 23.6
    endloop
  endfacet
  facet normal 0.70581 -0.0585316 0.705979
    outer loop
      vertex -38.2727 96.2792 23.3
      vertex -38.5755 96.2463 23.6
      vertex -38.3 95.95 23.3
    endloop
  endfacet
  facet normal 0.116501 0.698768 0.705798
    outer loop
      vertex -36.7832 93.7068 23.6
      vertex -36.4899 93.6579 23.6
      vertex -36.4652 93.9568 23.3
    endloop
  endfacet
  facet normal -0.592936 0.38735 0.705965
    outer loop
      vertex -34.5411 94.9981 23.3
      vertex -34.4398 94.6064 23.6
      vertex -34.2772 94.8553 23.6
    endloop
  endfacet
  facet normal -0.705891 -0.0586059 0.705891
    outer loop
      vertex -34.3 95.95 23.3
      vertex -34 95.95 23.6
      vertex -34.0246 96.2463 23.6
    endloop
  endfacet
  facet normal 0.337062 -0.622909 0.705956
    outer loop
      vertex -37.558 97.8755 23.6
      vertex -37.3939 97.6243 23.3
      vertex -37.2965 98.017 23.6
    endloop
  endfacet
  facet normal -0.686683 -0.173696 0.705901
    outer loop
      vertex -34.3273 96.2792 23.3
      vertex -34.0314 96.3286 23.6
      vertex -34.1043 96.6168 23.6
    endloop
  endfacet
  facet normal 0.592936 0.38735 0.705965
    outer loop
      vertex -38.3228 94.8553 23.6
      vertex -38.1602 94.6064 23.6
      vertex -38.0589 94.9981 23.3
    endloop
  endfacet
  facet normal -0.705891 0.0586059 0.705891
    outer loop
      vertex -34.3 95.95 23.3
      vertex -34.0246 95.6537 23.6
      vertex -34 95.95 23.6
    endloop
  endfacet
  facet normal -0.593137 0.387223 0.705866
    outer loop
      vertex -34.6009 94.9065 23.3
      vertex -34.4398 94.6064 23.6
      vertex -34.5411 94.9981 23.3
    endloop
  endfacet
  facet normal -0.592875 0.387456 0.705959
    outer loop
      vertex -34.6371 94.8389 23.3067
      vertex -34.4398 94.6064 23.6
      vertex -34.6009 94.9065 23.3
    endloop
  endfacet
  facet normal -0.592543 0.387829 0.706032
    outer loop
      vertex -34.6765 94.7909 23.3
      vertex -34.4398 94.6064 23.6
      vertex -34.6371 94.8389 23.3067
    endloop
  endfacet
  facet normal -0.593202 0.386908 0.705984
    outer loop
      vertex -34.7217 94.7216 23.3
      vertex -34.4398 94.6064 23.6
      vertex -34.6765 94.7909 23.3
    endloop
  endfacet
  facet normal -0.592765 0.387742 0.705894
    outer loop
      vertex -34.4398 94.6064 23.6
      vertex -34.7217 94.7216 23.3
      vertex -34.485 94.5373 23.6
    endloop
  endfacet
  facet normal -0.648495 0.284789 0.705938
    outer loop
      vertex -34.4084 95.3006 23.3
      vertex -34.1578 95.1276 23.6
      vertex -34.1246 95.2032 23.6
    endloop
  endfacet
  facet normal -0.648665 0.284485 0.705905
    outer loop
      vertex -34.4366 95.2363 23.3
      vertex -34.1578 95.1276 23.6
      vertex -34.4084 95.3006 23.3
    endloop
  endfacet
  facet normal -0.649168 0.283269 0.705931
    outer loop
      vertex -34.4522 95.1846 23.3064
      vertex -34.1578 95.1276 23.6
      vertex -34.4366 95.2363 23.3
    endloop
  endfacet
  facet normal -0.648618 0.285041 0.705724
    outer loop
      vertex -34.4912 95.1117 23.3
      vertex -34.1578 95.1276 23.6
      vertex -34.4522 95.1846 23.3064
    endloop
  endfacet
  facet normal -0.648639 0.284921 0.705753
    outer loop
      vertex -34.1578 95.1276 23.6
      vertex -34.4912 95.1117 23.3
      vertex -34.5411 94.9981 23.3
    endloop
  endfacet
  facet normal 0.648632 0.284417 0.705963
    outer loop
      vertex -38.4422 95.1276 23.6
      vertex -38.3228 94.8553 23.6
      vertex -38.0589 94.9981 23.3
    endloop
  endfacet
  facet normal -0.521041 0.479839 0.705883
    outer loop
      vertex -34.7217 94.7216 23.3
      vertex -34.5409 94.4766 23.6
      vertex -34.485 94.5373 23.6
    endloop
  endfacet
  facet normal -0.521089 0.479797 0.705877
    outer loop
      vertex -34.8286 94.6055 23.3
      vertex -34.5409 94.4766 23.6
      vertex -34.7217 94.7216 23.3
    endloop
  endfacet
  facet normal -0.521304 0.479467 0.705941
    outer loop
      vertex -34.8858 94.5358 23.3051
      vertex -34.5409 94.4766 23.6
      vertex -34.8286 94.6055 23.3
    endloop
  endfacet
  facet normal -0.520809 0.480539 0.705578
    outer loop
      vertex -34.9143 94.5124 23.3
      vertex -34.5409 94.4766 23.6
      vertex -34.8858 94.5358 23.3051
    endloop
  endfacet
  facet normal -0.521201 0.479567 0.70595
    outer loop
      vertex -34.5409 94.4766 23.6
      vertex -34.9143 94.5124 23.3
      vertex -34.9454 94.4786 23.3
    endloop
  endfacet
  facet normal -0.648632 0.284417 0.705963
    outer loop
      vertex -34.5411 94.9981 23.3
      vertex -34.2772 94.8553 23.6
      vertex -34.1578 95.1276 23.6
    endloop
  endfacet
  facet normal -0.648495 -0.284789 0.705938
    outer loop
      vertex -34.1578 96.7724 23.6
      vertex -34.4084 96.5994 23.3
      vertex -34.1246 96.6968 23.6
    endloop
  endfacet
  facet normal -0.648665 -0.284485 0.705905
    outer loop
      vertex -34.1578 96.7724 23.6
      vertex -34.4366 96.6637 23.3
      vertex -34.4084 96.5994 23.3
    endloop
  endfacet
  facet normal -0.649168 -0.283269 0.705931
    outer loop
      vertex -34.1578 96.7724 23.6
      vertex -34.4522 96.7154 23.3064
      vertex -34.4366 96.6637 23.3
    endloop
  endfacet
  facet normal -0.648618 -0.285041 0.705724
    outer loop
      vertex -34.1578 96.7724 23.6
      vertex -34.4912 96.7883 23.3
      vertex -34.4522 96.7154 23.3064
    endloop
  endfacet
  facet normal -0.648639 -0.284921 0.705753
    outer loop
      vertex -34.4912 96.7883 23.3
      vertex -34.1578 96.7724 23.6
      vertex -34.5411 96.9019 23.3
    endloop
  endfacet
  facet normal 0.337163 0.622851 0.705959
    outer loop
      vertex -37.1034 94.1185 23.3
      vertex -37.2965 93.883 23.6
      vertex -37.2239 93.8437 23.6
    endloop
  endfacet
  facet normal 0.337078 0.622908 0.705949
    outer loop
      vertex -37.2965 93.883 23.6
      vertex -37.1034 94.1185 23.3
      vertex -37.3939 94.2757 23.3
    endloop
  endfacet
  facet normal 0.593202 -0.386908 0.705984
    outer loop
      vertex -38.1602 97.2936 23.6
      vertex -37.9235 97.1091 23.3
      vertex -37.8783 97.1784 23.3
    endloop
  endfacet
  facet normal 0.592875 -0.387456 0.705959
    outer loop
      vertex -38.1602 97.2936 23.6
      vertex -37.9991 96.9935 23.3
      vertex -37.9629 97.0611 23.3067
    endloop
  endfacet
  facet normal 0.592765 -0.387742 0.705894
    outer loop
      vertex -38.1602 97.2936 23.6
      vertex -37.8783 97.1784 23.3
      vertex -38.115 97.3627 23.6
    endloop
  endfacet
  facet normal 0.592543 -0.387829 0.706032
    outer loop
      vertex -37.9235 97.1091 23.3
      vertex -38.1602 97.2936 23.6
      vertex -37.9629 97.0611 23.3067
    endloop
  endfacet
  facet normal 0.593137 -0.387223 0.705866
    outer loop
      vertex -37.9991 96.9935 23.3
      vertex -38.1602 97.2936 23.6
      vertex -38.0589 96.9019 23.3
    endloop
  endfacet
  facet normal 0.337062 0.622909 0.705956
    outer loop
      vertex -37.558 94.0245 23.6
      vertex -37.2965 93.883 23.6
      vertex -37.3939 94.2757 23.3
    endloop
  endfacet
  facet normal 0.229274 0.670208 0.705872
    outer loop
      vertex -37.1458 93.8169 23.6
      vertex -36.9863 94.0783 23.3
      vertex -37.0654 94.1022 23.303
    endloop
  endfacet
  facet normal 0.228385 0.663552 0.712418
    outer loop
      vertex -37.1034 94.1185 23.3
      vertex -37.0654 94.1022 23.303
      vertex -37.0819 94.1111 23.3
    endloop
  endfacet
  facet normal 0.230128 0.669806 0.705975
    outer loop
      vertex -36.9863 94.0783 23.3
      vertex -37.1458 93.8169 23.6
      vertex -36.791 94.0112 23.3
    endloop
  endfacet
  facet normal 0.231365 0.669322 0.70603
    outer loop
      vertex -37.2239 93.8437 23.6
      vertex -37.0654 94.1022 23.303
      vertex -37.1034 94.1185 23.3
    endloop
  endfacet
  facet normal 0.229913 0.670008 0.705853
    outer loop
      vertex -37.0654 94.1022 23.303
      vertex -37.2239 93.8437 23.6
      vertex -37.1458 93.8169 23.6
    endloop
  endfacet
  facet normal -0.229925 -0.669998 0.705859
    outer loop
      vertex -35.809 97.8888 23.3
      vertex -35.4542 98.0831 23.6
      vertex -35.7354 98.1796 23.6
    endloop
  endfacet
  facet normal 0.229925 -0.669998 0.705859
    outer loop
      vertex -37.1458 98.0831 23.6
      vertex -36.791 97.8888 23.3
      vertex -36.8646 98.1796 23.6
    endloop
  endfacet
  facet normal 0 0 1
    outer loop
      vertex -37.6857 97.3876 23.3
      vertex -37.459 97.5736 23.3
      vertex -37.6546 97.4214 23.3
    endloop
  endfacet
  facet normal 0 0 1
    outer loop
      vertex -38.2356 96.4258 23.3
      vertex -38.1634 96.6637 23.3
      vertex -38.1916 96.5994 23.3
    endloop
  endfacet
  facet normal 0 0 1
    outer loop
      vertex -37.0819 94.1111 23.3
      vertex -37.3939 94.2757 23.3
      vertex -37.1034 94.1185 23.3
    endloop
  endfacet
  facet normal -0 -0 1
    outer loop
      vertex -37.3939 94.2757 23.3
      vertex -37.0819 94.1111 23.3
      vertex -37.4028 94.2826 23.3
    endloop
  endfacet
  facet normal 0 0 1
    outer loop
      vertex -38.3 95.95 23.3
      vertex -38.2643 96.3124 23.3
      vertex -38.2727 96.2792 23.3
    endloop
  endfacet
  facet normal 0 0 1
    outer loop
      vertex -36.9863 94.0783 23.3
      vertex -36.791 94.0112 23.3
      vertex -36.7338 94.0017 23.3
    endloop
  endfacet
  facet normal 0 0 1
    outer loop
      vertex -37.9235 97.1091 23.3
      vertex -37.7714 97.2945 23.3
      vertex -37.8783 97.1784 23.3
    endloop
  endfacet
  facet normal 0 0 1
    outer loop
      vertex -37.9235 94.7909 23.3
      vertex -37.8783 94.7216 23.3
      vertex -37.7714 94.6055 23.3
    endloop
  endfacet
  facet normal 0 0 1
    outer loop
      vertex -37.3939 97.6243 23.3
      vertex -37.0819 97.7889 23.3
      vertex -37.1034 97.7815 23.3
    endloop
  endfacet
  facet normal 0 0 1
    outer loop
      vertex -37.0819 97.7889 23.3
      vertex -37.3939 97.6243 23.3
      vertex -37.4028 97.6174 23.3
    endloop
  endfacet
  facet normal 0 0 1
    outer loop
      vertex -34.3357 95.5876 23.3
      vertex -34.3273 95.6208 23.3
      vertex -34.3 95.95 23.3
    endloop
  endfacet
  facet normal 0 0 1
    outer loop
      vertex -38.1088 96.7883 23.3
      vertex -37.9991 96.9935 23.3
      vertex -38.0589 96.9019 23.3
    endloop
  endfacet
  facet normal 0 0 1
    outer loop
      vertex -35.8662 97.8983 23.3
      vertex -35.6137 97.8217 23.3
      vertex -35.809 97.8888 23.3
    endloop
  endfacet
  facet normal 0 0 1
    outer loop
      vertex -38.3 95.95 23.3
      vertex -38.2727 95.6208 23.3
      vertex -38.2643 95.5876 23.3
    endloop
  endfacet
  facet normal 0 0 1
    outer loop
      vertex -34.4366 95.2363 23.3
      vertex -34.4084 95.3006 23.3
      vertex -34.3644 95.4742 23.3
    endloop
  endfacet
  facet normal 0 0 1
    outer loop
      vertex -34.3357 96.3124 23.3
      vertex -34.3 95.95 23.3
      vertex -34.3273 96.2792 23.3
    endloop
  endfacet
  facet normal 0 0 1
    outer loop
      vertex -34.8286 97.2945 23.3
      vertex -34.6765 97.1091 23.3
      vertex -34.7217 97.1784 23.3
    endloop
  endfacet
  facet normal 0 0 1
    outer loop
      vertex -35.141 97.5736 23.3
      vertex -34.9143 97.3876 23.3
      vertex -34.9454 97.4214 23.3
    endloop
  endfacet
  facet normal 0 0 1
    outer loop
      vertex -36.6032 93.9799 23.3
      vertex -36.4652 93.9568 23.3
      vertex -36.3694 93.9568 23.3
    endloop
  endfacet
  facet normal 0 0 1
    outer loop
      vertex -34.6009 94.9065 23.3
      vertex -34.5411 94.9981 23.3
      vertex -34.4912 95.1117 23.3
    endloop
  endfacet
  facet normal 0 0 1
    outer loop
      vertex -35.4966 97.7815 23.3
      vertex -35.1972 97.6174 23.3
      vertex -35.2061 97.6243 23.3
    endloop
  endfacet
  facet normal 0 0 1
    outer loop
      vertex -35.1972 97.6174 23.3
      vertex -35.4966 97.7815 23.3
      vertex -35.5181 97.7889 23.3
    endloop
  endfacet
  facet normal 0 0 1
    outer loop
      vertex -38.2356 95.4742 23.3
      vertex -38.1916 95.3006 23.3
      vertex -38.1634 95.2363 23.3
    endloop
  endfacet
  facet normal 0 0 1
    outer loop
      vertex -34.4366 96.6637 23.3
      vertex -34.3644 96.4258 23.3
      vertex -34.4084 96.5994 23.3
    endloop
  endfacet
  facet normal 0 0 1
    outer loop
      vertex -35.1972 94.2826 23.3
      vertex -35.4966 94.1185 23.3
      vertex -35.2061 94.2757 23.3
    endloop
  endfacet
  facet normal 0 -0 1
    outer loop
      vertex -35.4966 94.1185 23.3
      vertex -35.1972 94.2826 23.3
      vertex -35.5181 94.1111 23.3
    endloop
  endfacet
  facet normal 0 0 1
    outer loop
      vertex -36.2306 93.9568 23.3
      vertex -36.1348 93.9568 23.3
      vertex -35.9968 93.9799 23.3
    endloop
  endfacet
  facet normal 0 0 1
    outer loop
      vertex -36.9863 97.8217 23.3
      vertex -36.7338 97.8983 23.3
      vertex -36.791 97.8888 23.3
    endloop
  endfacet
  facet normal 0 0 1
    outer loop
      vertex -34.6009 96.9935 23.3
      vertex -34.4912 96.7883 23.3
      vertex -34.5411 96.9019 23.3
    endloop
  endfacet
  facet normal 0 0 1
    outer loop
      vertex -38.1088 95.1117 23.3
      vertex -38.0589 94.9981 23.3
      vertex -37.9991 94.9065 23.3
    endloop
  endfacet
  facet normal 0 0 1
    outer loop
      vertex -35.8662 94.0017 23.3
      vertex -35.809 94.0112 23.3
      vertex -35.6137 94.0783 23.3
    endloop
  endfacet
  facet normal 0 0 1
    outer loop
      vertex -34.8286 94.6055 23.3
      vertex -34.7217 94.7216 23.3
      vertex -34.6765 94.7909 23.3
    endloop
  endfacet
  facet normal 0 0 1
    outer loop
      vertex -37.6857 94.5124 23.3
      vertex -37.6546 94.4786 23.3
      vertex -37.459 94.3264 23.3
    endloop
  endfacet
  facet normal -0 0 1
    outer loop
      vertex -36.2306 97.9432 23.3
      vertex -35.9968 97.9201 23.3
      vertex -36.1348 97.9432 23.3
    endloop
  endfacet
  facet normal 0 0 1
    outer loop
      vertex -36.6032 97.9201 23.3
      vertex -36.3694 97.9432 23.3
      vertex -36.4652 97.9432 23.3
    endloop
  endfacet
  facet normal 0 0 1
    outer loop
      vertex -35.141 94.3264 23.3
      vertex -34.9454 94.4786 23.3
      vertex -34.9143 94.5124 23.3
    endloop
  endfacet
  facet normal 0.648639 -0.284921 0.705753
    outer loop
      vertex -38.4422 96.7724 23.6
      vertex -38.1088 96.7883 23.3
      vertex -38.0589 96.9019 23.3
    endloop
  endfacet
  facet normal 0.649168 -0.283269 0.705931
    outer loop
      vertex -38.4422 96.7724 23.6
      vertex -38.1634 96.6637 23.3
      vertex -38.1478 96.7154 23.3064
    endloop
  endfacet
  facet normal 0.648618 -0.285041 0.705724
    outer loop
      vertex -38.1088 96.7883 23.3
      vertex -38.4422 96.7724 23.6
      vertex -38.1478 96.7154 23.3064
    endloop
  endfacet
  facet normal 0.648665 -0.284485 0.705905
    outer loop
      vertex -38.1634 96.6637 23.3
      vertex -38.4422 96.7724 23.6
      vertex -38.1916 96.5994 23.3
    endloop
  endfacet
  facet normal 0.648495 -0.284789 0.705938
    outer loop
      vertex -38.1916 96.5994 23.3
      vertex -38.4422 96.7724 23.6
      vertex -38.4754 96.6968 23.6
    endloop
  endfacet
  facet normal 0.11614 0.6988 0.705825
    outer loop
      vertex -36.7832 93.7068 23.6
      vertex -36.6032 93.9799 23.3
      vertex -36.6902 93.9884 23.3059
    endloop
  endfacet
  facet normal 0.116921 0.698486 0.706008
    outer loop
      vertex -36.6032 93.9799 23.3
      vertex -36.7832 93.7068 23.6
      vertex -36.4652 93.9568 23.3
    endloop
  endfacet
  facet normal 0.117533 0.698456 0.705936
    outer loop
      vertex -36.7338 94.0017 23.3
      vertex -36.7832 93.7068 23.6
      vertex -36.6902 93.9884 23.3059
    endloop
  endfacet
  facet normal 0.116044 0.698705 0.705936
    outer loop
      vertex -36.791 94.0112 23.3
      vertex -36.7832 93.7068 23.6
      vertex -36.7338 94.0017 23.3
    endloop
  endfacet
  facet normal 0.116729 0.698658 0.70587
    outer loop
      vertex -36.7832 93.7068 23.6
      vertex -36.791 94.0112 23.3
      vertex -36.8646 93.7204 23.6
    endloop
  endfacet
  facet normal 0.686565 0.173897 0.705966
    outer loop
      vertex -38.4957 95.2832 23.6
      vertex -38.2356 95.4742 23.3
      vertex -38.2616 95.5598 23.3042
    endloop
  endfacet
  facet normal 0.685396 0.173413 0.70722
    outer loop
      vertex -38.2727 95.6208 23.3
      vertex -38.2616 95.5598 23.3042
      vertex -38.2643 95.5876 23.3
    endloop
  endfacet
  facet normal 0.686515 0.174001 0.705989
    outer loop
      vertex -38.2356 95.4742 23.3
      vertex -38.4957 95.2832 23.6
      vertex -38.1916 95.3006 23.3
    endloop
  endfacet
  facet normal 0.686784 0.173571 0.705834
    outer loop
      vertex -38.4957 95.2832 23.6
      vertex -38.2616 95.5598 23.3042
      vertex -38.2727 95.6208 23.3
    endloop
  endfacet
  facet normal 0.686485 0.174196 0.70597
    outer loop
      vertex -38.1916 95.3006 23.3
      vertex -38.4957 95.2832 23.6
      vertex -38.4754 95.2032 23.6
    endloop
  endfacet
  facet normal -0.686784 0.173571 0.705834
    outer loop
      vertex -34.3384 95.5598 23.3042
      vertex -34.1043 95.2832 23.6
      vertex -34.3273 95.6208 23.3
    endloop
  endfacet
  facet normal -0.685396 0.173413 0.70722
    outer loop
      vertex -34.3384 95.5598 23.3042
      vertex -34.3273 95.6208 23.3
      vertex -34.3357 95.5876 23.3
    endloop
  endfacet
  facet normal -0.686565 0.173897 0.705966
    outer loop
      vertex -34.3644 95.4742 23.3
      vertex -34.1043 95.2832 23.6
      vertex -34.3384 95.5598 23.3042
    endloop
  endfacet
  facet normal -0.686515 0.174001 0.705989
    outer loop
      vertex -34.4084 95.3006 23.3
      vertex -34.1043 95.2832 23.6
      vertex -34.3644 95.4742 23.3
    endloop
  endfacet
  facet normal -0.686485 0.174196 0.70597
    outer loop
      vertex -34.1043 95.2832 23.6
      vertex -34.4084 95.3006 23.3
      vertex -34.1246 95.2032 23.6
    endloop
  endfacet
  facet normal -0.705927 0.0585414 0.705861
    outer loop
      vertex -34.3273 95.6208 23.3
      vertex -34.0246 95.6537 23.6
      vertex -34.3 95.95 23.3
    endloop
  endfacet
  facet normal -0.705925 0.0583267 0.705881
    outer loop
      vertex -34.0246 95.6537 23.6
      vertex -34.3273 95.6208 23.3
      vertex -34.0314 95.5714 23.6
    endloop
  endfacet
  facet normal -0.229925 0.669998 0.705859
    outer loop
      vertex -35.809 94.0112 23.3
      vertex -35.7354 93.7204 23.6
      vertex -35.4542 93.8169 23.6
    endloop
  endfacet
  facet normal 0.442953 -0.571345 0.69091
    outer loop
      vertex -37.3939 97.6243 23.3
      vertex -37.4111 97.6129 23.3016
      vertex -37.4028 97.6174 23.3
    endloop
  endfacet
  facet normal 0.43576 -0.558386 0.705916
    outer loop
      vertex -37.558 97.8755 23.6
      vertex -37.4111 97.6129 23.3016
      vertex -37.3939 97.6243 23.3
    endloop
  endfacet
  facet normal 0.435175 -0.558775 0.70597
    outer loop
      vertex -37.6231 97.8248 23.6
      vertex -37.4111 97.6129 23.3016
      vertex -37.558 97.8755 23.6
    endloop
  endfacet
  facet normal 0.434999 -0.55893 0.705955
    outer loop
      vertex -37.4111 97.6129 23.3016
      vertex -37.6231 97.8248 23.6
      vertex -37.459 97.5736 23.3
    endloop
  endfacet
  facet normal 0.434944 -0.558969 0.705958
    outer loop
      vertex -37.459 97.5736 23.3
      vertex -37.6231 97.8248 23.6
      vertex -37.6546 97.4214 23.3
    endloop
  endfacet
  facet normal -0.435175 -0.558775 0.70597
    outer loop
      vertex -35.1889 97.6129 23.3016
      vertex -34.9769 97.8248 23.6
      vertex -35.042 97.8755 23.6
    endloop
  endfacet
  facet normal -0.434944 -0.558969 0.705958
    outer loop
      vertex -34.9769 97.8248 23.6
      vertex -35.141 97.5736 23.3
      vertex -34.9454 97.4214 23.3
    endloop
  endfacet
  facet normal -0.434999 -0.55893 0.705955
    outer loop
      vertex -34.9769 97.8248 23.6
      vertex -35.1889 97.6129 23.3016
      vertex -35.141 97.5736 23.3
    endloop
  endfacet
  facet normal -0.43576 -0.558386 0.705916
    outer loop
      vertex -35.2061 97.6243 23.3
      vertex -35.1889 97.6129 23.3016
      vertex -35.042 97.8755 23.6
    endloop
  endfacet
  facet normal -0.442953 -0.571345 0.69091
    outer loop
      vertex -35.1889 97.6129 23.3016
      vertex -35.2061 97.6243 23.3
      vertex -35.1972 97.6174 23.3
    endloop
  endfacet
  facet normal 0.648632 -0.284417 0.705963
    outer loop
      vertex -38.4422 96.7724 23.6
      vertex -38.0589 96.9019 23.3
      vertex -38.3228 97.0447 23.6
    endloop
  endfacet
  facet normal 0.521154 0.479709 0.705888
    outer loop
      vertex -38.0591 94.4766 23.6
      vertex -37.8577 94.2578 23.6
      vertex -37.6546 94.4786 23.3
    endloop
  endfacet
  facet normal 0.116501 -0.698768 0.705798
    outer loop
      vertex -36.7832 98.1932 23.6
      vertex -36.4652 97.9432 23.3
      vertex -36.4899 98.2421 23.6
    endloop
  endfacet
  facet normal -0.337062 0.622909 0.705956
    outer loop
      vertex -35.3035 93.883 23.6
      vertex -35.042 94.0245 23.6
      vertex -35.2061 94.2757 23.3
    endloop
  endfacet
  facet normal -0.229913 -0.670008 0.705853
    outer loop
      vertex -35.5346 97.7978 23.303
      vertex -35.3761 98.0563 23.6
      vertex -35.4542 98.0831 23.6
    endloop
  endfacet
  facet normal -0.231365 -0.669322 0.70603
    outer loop
      vertex -35.3761 98.0563 23.6
      vertex -35.5346 97.7978 23.303
      vertex -35.4966 97.7815 23.3
    endloop
  endfacet
  facet normal -0.228385 -0.663552 0.712418
    outer loop
      vertex -35.4966 97.7815 23.3
      vertex -35.5346 97.7978 23.303
      vertex -35.5181 97.7889 23.3
    endloop
  endfacet
  facet normal -0.229274 -0.670208 0.705872
    outer loop
      vertex -35.4542 98.0831 23.6
      vertex -35.6137 97.8217 23.3
      vertex -35.5346 97.7978 23.303
    endloop
  endfacet
  facet normal -0.230128 -0.669806 0.705975
    outer loop
      vertex -35.6137 97.8217 23.3
      vertex -35.4542 98.0831 23.6
      vertex -35.809 97.8888 23.3
    endloop
  endfacet
  facet normal 0.648618 0.285041 0.705724
    outer loop
      vertex -38.4422 95.1276 23.6
      vertex -38.1088 95.1117 23.3
      vertex -38.1478 95.1846 23.3064
    endloop
  endfacet
  facet normal 0.648665 0.284485 0.705905
    outer loop
      vertex -38.4422 95.1276 23.6
      vertex -38.1634 95.2363 23.3
      vertex -38.1916 95.3006 23.3
    endloop
  endfacet
  facet normal 0.648639 0.284921 0.705753
    outer loop
      vertex -38.1088 95.1117 23.3
      vertex -38.4422 95.1276 23.6
      vertex -38.0589 94.9981 23.3
    endloop
  endfacet
  facet normal 0.649168 0.283269 0.705931
    outer loop
      vertex -38.1634 95.2363 23.3
      vertex -38.4422 95.1276 23.6
      vertex -38.1478 95.1846 23.3064
    endloop
  endfacet
  facet normal 0.648495 0.284789 0.705938
    outer loop
      vertex -38.4422 95.1276 23.6
      vertex -38.1916 95.3006 23.3
      vertex -38.4754 95.2032 23.6
    endloop
  endfacet
  facet normal 0.686683 0.173696 0.705901
    outer loop
      vertex -38.5686 95.5714 23.6
      vertex -38.4957 95.2832 23.6
      vertex -38.2727 95.6208 23.3
    endloop
  endfacet
  facet normal -0.337062 -0.622909 0.705956
    outer loop
      vertex -35.3035 98.017 23.6
      vertex -35.2061 97.6243 23.3
      vertex -35.042 97.8755 23.6
    endloop
  endfacet
  facet normal -0.705925 -0.0583267 0.705881
    outer loop
      vertex -34.3273 96.2792 23.3
      vertex -34.0246 96.2463 23.6
      vertex -34.0314 96.3286 23.6
    endloop
  endfacet
  facet normal -0.705927 -0.0585414 0.705861
    outer loop
      vertex -34.0246 96.2463 23.6
      vertex -34.3273 96.2792 23.3
      vertex -34.3 95.95 23.3
    endloop
  endfacet
  facet normal 0.686683 -0.173696 0.705901
    outer loop
      vertex -38.5686 96.3286 23.6
      vertex -38.2727 96.2792 23.3
      vertex -38.4957 96.6168 23.6
    endloop
  endfacet
  facet normal -0.116729 0.698658 0.70587
    outer loop
      vertex -35.809 94.0112 23.3
      vertex -35.8168 93.7068 23.6
      vertex -35.7354 93.7204 23.6
    endloop
  endfacet
  facet normal -0.116044 0.698705 0.705936
    outer loop
      vertex -35.8662 94.0017 23.3
      vertex -35.8168 93.7068 23.6
      vertex -35.809 94.0112 23.3
    endloop
  endfacet
  facet normal -0.117533 0.698456 0.705936
    outer loop
      vertex -35.9098 93.9884 23.3059
      vertex -35.8168 93.7068 23.6
      vertex -35.8662 94.0017 23.3
    endloop
  endfacet
  facet normal -0.11614 0.6988 0.705825
    outer loop
      vertex -35.9968 93.9799 23.3
      vertex -35.8168 93.7068 23.6
      vertex -35.9098 93.9884 23.3059
    endloop
  endfacet
  facet normal -0.116921 0.698486 0.706008
    outer loop
      vertex -35.8168 93.7068 23.6
      vertex -35.9968 93.9799 23.3
      vertex -36.1348 93.9568 23.3
    endloop
  endfacet
  facet normal 0.337163 -0.622851 0.705959
    outer loop
      vertex -37.2965 98.017 23.6
      vertex -37.1034 97.7815 23.3
      vertex -37.2239 98.0563 23.6
    endloop
  endfacet
  facet normal 0.337078 -0.622908 0.705949
    outer loop
      vertex -37.1034 97.7815 23.3
      vertex -37.2965 98.017 23.6
      vertex -37.3939 97.6243 23.3
    endloop
  endfacet
  facet normal 0.230128 -0.669806 0.705975
    outer loop
      vertex -37.1458 98.0831 23.6
      vertex -36.9863 97.8217 23.3
      vertex -36.791 97.8888 23.3
    endloop
  endfacet
  facet normal 0.228385 -0.663552 0.712418
    outer loop
      vertex -37.0654 97.7978 23.303
      vertex -37.1034 97.7815 23.3
      vertex -37.0819 97.7889 23.3
    endloop
  endfacet
  facet normal 0.229274 -0.670208 0.705872
    outer loop
      vertex -36.9863 97.8217 23.3
      vertex -37.1458 98.0831 23.6
      vertex -37.0654 97.7978 23.303
    endloop
  endfacet
  facet normal 0.229913 -0.670008 0.705853
    outer loop
      vertex -37.2239 98.0563 23.6
      vertex -37.0654 97.7978 23.303
      vertex -37.1458 98.0831 23.6
    endloop
  endfacet
  facet normal 0.231365 -0.669322 0.70603
    outer loop
      vertex -37.0654 97.7978 23.303
      vertex -37.2239 98.0563 23.6
      vertex -37.1034 97.7815 23.3
    endloop
  endfacet
  facet normal -0.521154 -0.479709 0.705888
    outer loop
      vertex -34.9454 97.4214 23.3
      vertex -34.5409 97.4234 23.6
      vertex -34.7423 97.6422 23.6
    endloop
  endfacet
  facet normal 0.435052 0.558944 0.705912
    outer loop
      vertex -37.8577 94.2578 23.6
      vertex -37.6231 94.0752 23.6
      vertex -37.6546 94.4786 23.3
    endloop
  endfacet
  facet normal -0.521041 -0.479839 0.705883
    outer loop
      vertex -34.5409 97.4234 23.6
      vertex -34.7217 97.1784 23.3
      vertex -34.485 97.3627 23.6
    endloop
  endfacet
  facet normal -0.521089 -0.479797 0.705877
    outer loop
      vertex -34.5409 97.4234 23.6
      vertex -34.8286 97.2945 23.3
      vertex -34.7217 97.1784 23.3
    endloop
  endfacet
  facet normal -0.521304 -0.479467 0.705941
    outer loop
      vertex -34.5409 97.4234 23.6
      vertex -34.8858 97.3642 23.3051
      vertex -34.8286 97.2945 23.3
    endloop
  endfacet
  facet normal -0.520809 -0.480539 0.705578
    outer loop
      vertex -34.5409 97.4234 23.6
      vertex -34.9143 97.3876 23.3
      vertex -34.8858 97.3642 23.3051
    endloop
  endfacet
  facet normal -0.521201 -0.479567 0.70595
    outer loop
      vertex -34.9143 97.3876 23.3
      vertex -34.5409 97.4234 23.6
      vertex -34.9454 97.4214 23.3
    endloop
  endfacet
  facet normal 0.70581 0.0585316 0.705979
    outer loop
      vertex -38.5755 95.6537 23.6
      vertex -38.2727 95.6208 23.3
      vertex -38.3 95.95 23.3
    endloop
  endfacet
  facet normal 0.705819 0.0591756 0.705917
    outer loop
      vertex -38.2727 95.6208 23.3
      vertex -38.5755 95.6537 23.6
      vertex -38.5686 95.5714 23.6
    endloop
  endfacet
  facet normal -0.592765 -0.387742 0.705894
    outer loop
      vertex -34.7217 97.1784 23.3
      vertex -34.4398 97.2936 23.6
      vertex -34.485 97.3627 23.6
    endloop
  endfacet
  facet normal -0.593137 -0.387223 0.705866
    outer loop
      vertex -34.4398 97.2936 23.6
      vertex -34.6009 96.9935 23.3
      vertex -34.5411 96.9019 23.3
    endloop
  endfacet
  facet normal -0.592875 -0.387456 0.705959
    outer loop
      vertex -34.4398 97.2936 23.6
      vertex -34.6371 97.0611 23.3067
      vertex -34.6009 96.9935 23.3
    endloop
  endfacet
  facet normal -0.592543 -0.387829 0.706032
    outer loop
      vertex -34.4398 97.2936 23.6
      vertex -34.6765 97.1091 23.3
      vertex -34.6371 97.0611 23.3067
    endloop
  endfacet
  facet normal -0.593202 -0.386908 0.705984
    outer loop
      vertex -34.4398 97.2936 23.6
      vertex -34.7217 97.1784 23.3
      vertex -34.6765 97.1091 23.3
    endloop
  endfacet
  facet normal 0.435052 -0.558944 0.705912
    outer loop
      vertex -37.8577 97.6422 23.6
      vertex -37.6546 97.4214 23.3
      vertex -37.6231 97.8248 23.6
    endloop
  endfacet
  facet normal 0.521154 -0.479709 0.705888
    outer loop
      vertex -38.0591 97.4234 23.6
      vertex -37.6546 97.4214 23.3
      vertex -37.8577 97.6422 23.6
    endloop
  endfacet
  facet normal 0.520809 0.480539 0.705578
    outer loop
      vertex -38.0591 94.4766 23.6
      vertex -37.6857 94.5124 23.3
      vertex -37.7142 94.5358 23.3051
    endloop
  endfacet
  facet normal 0.521089 0.479797 0.705877
    outer loop
      vertex -38.0591 94.4766 23.6
      vertex -37.7714 94.6055 23.3
      vertex -37.8783 94.7216 23.3
    endloop
  endfacet
  facet normal 0.521201 0.479567 0.70595
    outer loop
      vertex -37.6857 94.5124 23.3
      vertex -38.0591 94.4766 23.6
      vertex -37.6546 94.4786 23.3
    endloop
  endfacet
  facet normal 0.521304 0.479467 0.705941
    outer loop
      vertex -37.7714 94.6055 23.3
      vertex -38.0591 94.4766 23.6
      vertex -37.7142 94.5358 23.3051
    endloop
  endfacet
  facet normal 0.521041 0.479839 0.705883
    outer loop
      vertex -38.0591 94.4766 23.6
      vertex -37.8783 94.7216 23.3
      vertex -38.115 94.5373 23.6
    endloop
  endfacet
  facet normal -0.434944 0.558969 0.705958
    outer loop
      vertex -35.141 94.3264 23.3
      vertex -34.9769 94.0752 23.6
      vertex -34.9454 94.4786 23.3
    endloop
  endfacet
  facet normal -0.434999 0.55893 0.705955
    outer loop
      vertex -35.1889 94.2871 23.3016
      vertex -34.9769 94.0752 23.6
      vertex -35.141 94.3264 23.3
    endloop
  endfacet
  facet normal -0.435175 0.558775 0.70597
    outer loop
      vertex -34.9769 94.0752 23.6
      vertex -35.1889 94.2871 23.3016
      vertex -35.042 94.0245 23.6
    endloop
  endfacet
  facet normal -0.442953 0.571345 0.69091
    outer loop
      vertex -35.2061 94.2757 23.3
      vertex -35.1889 94.2871 23.3016
      vertex -35.1972 94.2826 23.3
    endloop
  endfacet
  facet normal -0.43576 0.558386 0.705916
    outer loop
      vertex -35.1889 94.2871 23.3016
      vertex -35.2061 94.2757 23.3
      vertex -35.042 94.0245 23.6
    endloop
  endfacet
  facet normal -0.435052 0.558944 0.705912
    outer loop
      vertex -34.9769 94.0752 23.6
      vertex -34.7423 94.2578 23.6
      vertex -34.9454 94.4786 23.3
    endloop
  endfacet
  facet normal -0.231365 0.669322 0.70603
    outer loop
      vertex -35.5346 94.1022 23.303
      vertex -35.3761 93.8437 23.6
      vertex -35.4966 94.1185 23.3
    endloop
  endfacet
  facet normal -0.228385 0.663552 0.712418
    outer loop
      vertex -35.5346 94.1022 23.303
      vertex -35.4966 94.1185 23.3
      vertex -35.5181 94.1111 23.3
    endloop
  endfacet
  facet normal -0.229913 0.670008 0.705853
    outer loop
      vertex -35.3761 93.8437 23.6
      vertex -35.5346 94.1022 23.303
      vertex -35.4542 93.8169 23.6
    endloop
  endfacet
  facet normal -0.229274 0.670208 0.705872
    outer loop
      vertex -35.6137 94.0783 23.3
      vertex -35.4542 93.8169 23.6
      vertex -35.5346 94.1022 23.303
    endloop
  endfacet
  facet normal -0.230128 0.669806 0.705975
    outer loop
      vertex -35.4542 93.8169 23.6
      vertex -35.6137 94.0783 23.3
      vertex -35.809 94.0112 23.3
    endloop
  endfacet
  facet normal -0.337078 0.622908 0.705949
    outer loop
      vertex -35.4966 94.1185 23.3
      vertex -35.3035 93.883 23.6
      vertex -35.2061 94.2757 23.3
    endloop
  endfacet
  facet normal -0.337163 0.622851 0.705959
    outer loop
      vertex -35.3035 93.883 23.6
      vertex -35.4966 94.1185 23.3
      vertex -35.3761 93.8437 23.6
    endloop
  endfacet
  facet normal 0.442953 0.571345 0.69091
    outer loop
      vertex -37.4111 94.2871 23.3016
      vertex -37.3939 94.2757 23.3
      vertex -37.4028 94.2826 23.3
    endloop
  endfacet
  facet normal 0.43576 0.558386 0.705916
    outer loop
      vertex -37.4111 94.2871 23.3016
      vertex -37.558 94.0245 23.6
      vertex -37.3939 94.2757 23.3
    endloop
  endfacet
  facet normal 0.434999 0.55893 0.705955
    outer loop
      vertex -37.6231 94.0752 23.6
      vertex -37.4111 94.2871 23.3016
      vertex -37.459 94.3264 23.3
    endloop
  endfacet
  facet normal 0.435175 0.558775 0.70597
    outer loop
      vertex -37.4111 94.2871 23.3016
      vertex -37.6231 94.0752 23.6
      vertex -37.558 94.0245 23.6
    endloop
  endfacet
  facet normal 0.434944 0.558969 0.705958
    outer loop
      vertex -37.6231 94.0752 23.6
      vertex -37.459 94.3264 23.3
      vertex -37.6546 94.4786 23.3
    endloop
  endfacet
  facet normal 0 0.708314 0.705897
    outer loop
      vertex -36.1101 93.6579 23.6
      vertex -36.3 93.95 23.3069
      vertex -36.4899 93.6579 23.6
    endloop
  endfacet
  facet normal -0 0.708404 0.705807
    outer loop
      vertex -36.2306 93.9568 23.3
      vertex -36.1101 93.6579 23.6
      vertex -36.1348 93.9568 23.3
    endloop
  endfacet
  facet normal 0.000733375 0.708551 0.705659
    outer loop
      vertex -36.1101 93.6579 23.6
      vertex -36.2306 93.9568 23.3
      vertex -36.3 93.95 23.3069
    endloop
  endfacet
  facet normal -0.000733375 0.708551 0.705659
    outer loop
      vertex -36.3694 93.9568 23.3
      vertex -36.4899 93.6579 23.6
      vertex -36.3 93.95 23.3069
    endloop
  endfacet
  facet normal 0 0.708404 0.705807
    outer loop
      vertex -36.4899 93.6579 23.6
      vertex -36.3694 93.9568 23.3
      vertex -36.4652 93.9568 23.3
    endloop
  endfacet
  facet normal -0.116501 0.698768 0.705798
    outer loop
      vertex -36.1348 93.9568 23.3
      vertex -36.1101 93.6579 23.6
      vertex -35.8168 93.7068 23.6
    endloop
  endfacet
  facet normal 0 -0.708314 0.705897
    outer loop
      vertex -36.4899 98.2421 23.6
      vertex -36.3 97.95 23.3069
      vertex -36.1101 98.2421 23.6
    endloop
  endfacet
  facet normal 0 -0.708404 0.705807
    outer loop
      vertex -36.3694 97.9432 23.3
      vertex -36.4899 98.2421 23.6
      vertex -36.4652 97.9432 23.3
    endloop
  endfacet
  facet normal -0.000733375 -0.708551 0.705659
    outer loop
      vertex -36.4899 98.2421 23.6
      vertex -36.3694 97.9432 23.3
      vertex -36.3 97.95 23.3069
    endloop
  endfacet
  facet normal 0.000733375 -0.708551 0.705659
    outer loop
      vertex -36.2306 97.9432 23.3
      vertex -36.1101 98.2421 23.6
      vertex -36.3 97.95 23.3069
    endloop
  endfacet
  facet normal 0 -0.708404 0.705807
    outer loop
      vertex -36.1101 98.2421 23.6
      vertex -36.2306 97.9432 23.3
      vertex -36.1348 97.9432 23.3
    endloop
  endfacet
  facet normal -0.686485 -0.174196 0.70597
    outer loop
      vertex -34.4084 96.5994 23.3
      vertex -34.1043 96.6168 23.6
      vertex -34.1246 96.6968 23.6
    endloop
  endfacet
  facet normal -0.686784 -0.173571 0.705834
    outer loop
      vertex -34.1043 96.6168 23.6
      vertex -34.3384 96.3402 23.3042
      vertex -34.3273 96.2792 23.3
    endloop
  endfacet
  facet normal -0.685396 -0.173413 0.70722
    outer loop
      vertex -34.3273 96.2792 23.3
      vertex -34.3384 96.3402 23.3042
      vertex -34.3357 96.3124 23.3
    endloop
  endfacet
  facet normal -0.686565 -0.173897 0.705966
    outer loop
      vertex -34.1043 96.6168 23.6
      vertex -34.3644 96.4258 23.3
      vertex -34.3384 96.3402 23.3042
    endloop
  endfacet
  facet normal -0.686515 -0.174001 0.705989
    outer loop
      vertex -34.1043 96.6168 23.6
      vertex -34.4084 96.5994 23.3
      vertex -34.3644 96.4258 23.3
    endloop
  endfacet
  facet normal 0.116921 -0.698486 0.706008
    outer loop
      vertex -36.7832 98.1932 23.6
      vertex -36.6032 97.9201 23.3
      vertex -36.4652 97.9432 23.3
    endloop
  endfacet
  facet normal 0.11614 -0.6988 0.705825
    outer loop
      vertex -36.6032 97.9201 23.3
      vertex -36.7832 98.1932 23.6
      vertex -36.6902 97.9116 23.3059
    endloop
  endfacet
  facet normal 0.117533 -0.698456 0.705936
    outer loop
      vertex -36.7832 98.1932 23.6
      vertex -36.7338 97.8983 23.3
      vertex -36.6902 97.9116 23.3059
    endloop
  endfacet
  facet normal 0.116044 -0.698705 0.705936
    outer loop
      vertex -36.7832 98.1932 23.6
      vertex -36.791 97.8888 23.3
      vertex -36.7338 97.8983 23.3
    endloop
  endfacet
  facet normal 0.116729 -0.698658 0.70587
    outer loop
      vertex -36.791 97.8888 23.3
      vertex -36.7832 98.1932 23.6
      vertex -36.8646 98.1796 23.6
    endloop
  endfacet
  facet normal 0.88175 0.471718 0
    outer loop
      vertex 34.4912 11.6117 23.3
      vertex 34.4522 11.6846 17
      vertex 34.4522 11.6846 23.3064
    endloop
  endfacet
  facet normal 0.881889 0.471458 -3.86793e-06
    outer loop
      vertex 34.6009 11.4065 23.3
      vertex 34.4522 11.6846 17
      vertex 34.4912 11.6117 23.3
    endloop
  endfacet
  facet normal 0.881558 0.472077 -0
    outer loop
      vertex 34.6371 11.3389 17
      vertex 34.6009 11.4065 23.3
      vertex 34.6371 11.3389 23.3067
    endloop
  endfacet
  facet normal 0.881795 0.471634 6.1137e-06
    outer loop
      vertex 34.6009 11.4065 23.3
      vertex 34.6371 11.3389 17
      vertex 34.4522 11.6846 17
    endloop
  endfacet
  facet normal -0.0983236 0.995154 -1.5134e-05
    outer loop
      vertex 36.6032 10.4799 23.3
      vertex 36.6902 10.4884 17
      vertex 36.3694 10.4568 23.3
    endloop
  endfacet
  facet normal -0.0972382 0.995261 0
    outer loop
      vertex 36.6902 10.4884 17
      vertex 36.6032 10.4799 23.3
      vertex 36.6902 10.4884 23.3059
    endloop
  endfacet
  facet normal -0.097938 0.995193 4.6961e-06
    outer loop
      vertex 36.3 10.45 17
      vertex 36.3694 10.4568 23.3
      vertex 36.6902 10.4884 17
    endloop
  endfacet
  facet normal -0.0975157 0.995234 0
    outer loop
      vertex 36.3694 10.4568 23.3
      vertex 36.3 10.45 17
      vertex 36.3 10.45 23.3069
    endloop
  endfacet
  facet normal -0.995317 -0.0966675 0
    outer loop
      vertex 38.2616 12.8402 17
      vertex 38.2643 12.8124 23.3
      vertex 38.2616 12.8402 23.3042
    endloop
  endfacet
  facet normal -0.995193 -0.097938 -5.65961e-06
    outer loop
      vertex 38.3 12.45 17
      vertex 38.2643 12.8124 23.3
      vertex 38.2616 12.8402 17
    endloop
  endfacet
  facet normal -0.995183 -0.0980354 0
    outer loop
      vertex 38.2643 12.8124 23.3
      vertex 38.3 12.45 17
      vertex 38.3 12.45 23.3
    endloop
  endfacet
  facet normal 0.956836 0.290628 0
    outer loop
      vertex 34.3644 11.9742 23.3
      vertex 34.3384 12.0598 17
      vertex 34.3384 12.0598 23.3042
    endloop
  endfacet
  facet normal 0.956903 0.290409 -3.24337e-06
    outer loop
      vertex 34.4366 11.7363 23.3
      vertex 34.3384 12.0598 17
      vertex 34.3644 11.9742 23.3
    endloop
  endfacet
  facet normal 0.957366 0.288877 -0
    outer loop
      vertex 34.4522 11.6846 17
      vertex 34.4366 11.7363 23.3
      vertex 34.4522 11.6846 23.3064
    endloop
  endfacet
  facet normal 0.956951 0.290248 -1.22829e-05
    outer loop
      vertex 34.4366 11.7363 23.3
      vertex 34.4522 11.6846 17
      vertex 34.3384 12.0598 17
    endloop
  endfacet
  facet normal 0.995317 -0.0966675 0
    outer loop
      vertex 34.3357 12.8124 23.3
      vertex 34.3384 12.8402 17
      vertex 34.3384 12.8402 23.3042
    endloop
  endfacet
  facet normal 0.995183 -0.0980354 -6.0937e-06
    outer loop
      vertex 34.3 12.45 23.3
      vertex 34.3384 12.8402 17
      vertex 34.3357 12.8124 23.3
    endloop
  endfacet
  facet normal 0.995193 -0.097938 0
    outer loop
      vertex 34.3384 12.8402 17
      vertex 34.3 12.45 23.3
      vertex 34.3 12.45 17
    endloop
  endfacet
  facet normal 0.471344 0.881949 -1.14559e-05
    outer loop
      vertex 35.5181 10.6111 23.3
      vertex 35.5346 10.6022 17
      vertex 35.1972 10.7826 23.3
    endloop
  endfacet
  facet normal 0.474736 0.880128 -0
    outer loop
      vertex 35.5346 10.6022 17
      vertex 35.5181 10.6111 23.3
      vertex 35.5346 10.6022 23.303
    endloop
  endfacet
  facet normal 0.471634 0.881795 8.4944e-06
    outer loop
      vertex 35.1889 10.7871 17
      vertex 35.1972 10.7826 23.3
      vertex 35.5346 10.6022 17
    endloop
  endfacet
  facet normal 0.476624 0.879107 0
    outer loop
      vertex 35.1972 10.7826 23.3
      vertex 35.1889 10.7871 17
      vertex 35.1889 10.7871 23.3016
    endloop
  endfacet
  facet normal 0.772952 0.634465 0
    outer loop
      vertex 34.6765 11.2909 23.3
      vertex 34.6371 11.3389 17
      vertex 34.6371 11.3389 23.3067
    endloop
  endfacet
  facet normal 0.773121 0.634259 -2.62115e-06
    outer loop
      vertex 34.8286 11.1055 23.3
      vertex 34.6371 11.3389 17
      vertex 34.6765 11.2909 23.3
    endloop
  endfacet
  facet normal 0.773018 0.634385 -0
    outer loop
      vertex 34.8858 11.0358 17
      vertex 34.8286 11.1055 23.3
      vertex 34.8858 11.0358 23.3051
    endloop
  endfacet
  facet normal 0.77307 0.634321 1.18621e-06
    outer loop
      vertex 34.8286 11.1055 23.3
      vertex 34.8858 11.0358 17
      vertex 34.6371 11.3389 17
    endloop
  endfacet
  facet normal -0.956836 0.290628 0
    outer loop
      vertex 38.2616 12.0598 17
      vertex 38.2356 11.9742 23.3
      vertex 38.2616 12.0598 23.3042
    endloop
  endfacet
  facet normal -0.956903 0.290409 -3.24337e-06
    outer loop
      vertex 38.2616 12.0598 17
      vertex 38.1634 11.7363 23.3
      vertex 38.2356 11.9742 23.3
    endloop
  endfacet
  facet normal -0.956951 0.290248 -1.22829e-05
    outer loop
      vertex 38.1478 11.6846 17
      vertex 38.1634 11.7363 23.3
      vertex 38.2616 12.0598 17
    endloop
  endfacet
  facet normal -0.957366 0.288877 0
    outer loop
      vertex 38.1634 11.7363 23.3
      vertex 38.1478 11.6846 17
      vertex 38.1478 11.6846 23.3064
    endloop
  endfacet
  facet normal -0.957366 -0.288877 0
    outer loop
      vertex 38.1478 13.2154 17
      vertex 38.1634 13.1637 23.3
      vertex 38.1478 13.2154 23.3064
    endloop
  endfacet
  facet normal -0.956903 -0.290409 -1.37269e-05
    outer loop
      vertex 38.1478 13.2154 17
      vertex 38.2356 12.9258 23.3
      vertex 38.1634 13.1637 23.3
    endloop
  endfacet
  facet normal -0.956951 -0.290248 -5.63541e-06
    outer loop
      vertex 38.2616 12.8402 17
      vertex 38.2356 12.9258 23.3
      vertex 38.1478 13.2154 17
    endloop
  endfacet
  facet normal -0.956836 -0.290628 0
    outer loop
      vertex 38.2356 12.9258 23.3
      vertex 38.2616 12.8402 17
      vertex 38.2616 12.8402 23.3042
    endloop
  endfacet
  facet normal 0.995183 0.0980354 0
    outer loop
      vertex 34.3357 12.0876 23.3
      vertex 34.3 12.45 17
      vertex 34.3 12.45 23.3
    endloop
  endfacet
  facet normal 0.995317 0.0966675 -0
    outer loop
      vertex 34.3384 12.0598 17
      vertex 34.3357 12.0876 23.3
      vertex 34.3384 12.0598 23.3042
    endloop
  endfacet
  facet normal 0.995193 0.097938 -5.65961e-06
    outer loop
      vertex 34.3357 12.0876 23.3
      vertex 34.3384 12.0598 17
      vertex 34.3 12.45 17
    endloop
  endfacet
  facet normal -0.290302 -0.956935 -1.11229e-05
    outer loop
      vertex 36.7338 14.3983 23.3
      vertex 36.6902 14.4116 17
      vertex 36.9863 14.3217 23.3
    endloop
  endfacet
  facet normal -0.291773 -0.956488 0
    outer loop
      vertex 36.6902 14.4116 17
      vertex 36.7338 14.3983 23.3
      vertex 36.6902 14.4116 23.3059
    endloop
  endfacet
  facet normal -0.290248 -0.956951 -1.38861e-05
    outer loop
      vertex 37.0654 14.2978 17
      vertex 36.9863 14.3217 23.3
      vertex 36.6902 14.4116 17
    endloop
  endfacet
  facet normal -0.289235 -0.957258 0
    outer loop
      vertex 36.9863 14.3217 23.3
      vertex 37.0654 14.2978 17
      vertex 37.0654 14.2978 23.303
    endloop
  endfacet
  facet normal 0.0983236 0.995154 8.98581e-06
    outer loop
      vertex 36.2306 10.4568 23.3
      vertex 36.3 10.45 17
      vertex 35.9968 10.4799 23.3
    endloop
  endfacet
  facet normal 0.0975157 0.995234 -0
    outer loop
      vertex 36.3 10.45 17
      vertex 36.2306 10.4568 23.3
      vertex 36.3 10.45 23.3069
    endloop
  endfacet
  facet normal 0.097938 0.995193 -9.75655e-06
    outer loop
      vertex 35.9098 10.4884 17
      vertex 35.9968 10.4799 23.3
      vertex 36.3 10.45 17
    endloop
  endfacet
  facet normal 0.0972382 0.995261 0
    outer loop
      vertex 35.9968 10.4799 23.3
      vertex 35.9098 10.4884 17
      vertex 35.9098 10.4884 23.3059
    endloop
  endfacet
  facet normal 0.634296 -0.773091 2.04612e-06
    outer loop
      vertex 34.9143 13.8876 23.3
      vertex 34.8858 13.8642 17
      vertex 35.141 14.0736 23.3
    endloop
  endfacet
  facet normal 0.634566 -0.772869 0
    outer loop
      vertex 34.8858 13.8642 17
      vertex 34.9143 13.8876 23.3
      vertex 34.8858 13.8642 23.3051
    endloop
  endfacet
  facet normal 0.634321 -0.77307 3.64364e-07
    outer loop
      vertex 35.1889 14.1129 17
      vertex 35.141 14.0736 23.3
      vertex 34.8858 13.8642 17
    endloop
  endfacet
  facet normal 0.634292 -0.773094 0
    outer loop
      vertex 35.141 14.0736 23.3
      vertex 35.1889 14.1129 17
      vertex 35.1889 14.1129 23.3016
    endloop
  endfacet
  facet normal 0.0983236 -0.995154 -1.5134e-05
    outer loop
      vertex 35.9968 14.4201 23.3
      vertex 35.9098 14.4116 17
      vertex 36.2306 14.4432 23.3
    endloop
  endfacet
  facet normal 0.0972382 -0.995261 0
    outer loop
      vertex 35.9098 14.4116 17
      vertex 35.9968 14.4201 23.3
      vertex 35.9098 14.4116 23.3059
    endloop
  endfacet
  facet normal 0.097938 -0.995193 4.6961e-06
    outer loop
      vertex 36.3 14.45 17
      vertex 36.2306 14.4432 23.3
      vertex 35.9098 14.4116 17
    endloop
  endfacet
  facet normal 0.0975157 -0.995234 0
    outer loop
      vertex 36.2306 14.4432 23.3
      vertex 36.3 14.45 17
      vertex 36.3 14.45 23.3069
    endloop
  endfacet
  facet normal -0.995183 0.0980354 0
    outer loop
      vertex 38.3 12.45 17
      vertex 38.2643 12.0876 23.3
      vertex 38.3 12.45 23.3
    endloop
  endfacet
  facet normal -0.995193 0.097938 -5.65961e-06
    outer loop
      vertex 38.2616 12.0598 17
      vertex 38.2643 12.0876 23.3
      vertex 38.3 12.45 17
    endloop
  endfacet
  facet normal -0.995317 0.0966675 0
    outer loop
      vertex 38.2643 12.0876 23.3
      vertex 38.2616 12.0598 17
      vertex 38.2616 12.0598 23.3042
    endloop
  endfacet
  facet normal -0.634296 -0.773091 4.8717e-08
    outer loop
      vertex 37.459 14.0736 23.3
      vertex 37.4111 14.1129 17
      vertex 37.6857 13.8876 23.3
    endloop
  endfacet
  facet normal -0.634292 -0.773094 0
    outer loop
      vertex 37.4111 14.1129 17
      vertex 37.459 14.0736 23.3
      vertex 37.4111 14.1129 23.3016
    endloop
  endfacet
  facet normal -0.634321 -0.77307 1.85825e-06
    outer loop
      vertex 37.7142 13.8642 17
      vertex 37.6857 13.8876 23.3
      vertex 37.4111 14.1129 17
    endloop
  endfacet
  facet normal -0.634566 -0.772869 0
    outer loop
      vertex 37.6857 13.8876 23.3
      vertex 37.7142 13.8642 17
      vertex 37.7142 13.8642 23.3051
    endloop
  endfacet
  facet normal -0.290302 0.956935 -1.4624e-05
    outer loop
      vertex 36.9863 10.5783 23.3
      vertex 37.0654 10.6022 17
      vertex 36.7338 10.5017 23.3
    endloop
  endfacet
  facet normal -0.289235 0.957258 0
    outer loop
      vertex 37.0654 10.6022 17
      vertex 36.9863 10.5783 23.3
      vertex 37.0654 10.6022 23.303
    endloop
  endfacet
  facet normal -0.290248 0.956951 -1.15299e-05
    outer loop
      vertex 36.6902 10.4884 17
      vertex 36.7338 10.5017 23.3
      vertex 37.0654 10.6022 17
    endloop
  endfacet
  facet normal -0.291773 0.956488 0
    outer loop
      vertex 36.7338 10.5017 23.3
      vertex 36.6902 10.4884 17
      vertex 36.6902 10.4884 23.3059
    endloop
  endfacet
  facet normal 0.471344 -0.881949 8.98671e-06
    outer loop
      vertex 35.1972 14.1174 23.3
      vertex 35.1889 14.1129 17
      vertex 35.5181 14.2889 23.3
    endloop
  endfacet
  facet normal 0.476624 -0.879107 0
    outer loop
      vertex 35.1889 14.1129 17
      vertex 35.1972 14.1174 23.3
      vertex 35.1889 14.1129 23.3016
    endloop
  endfacet
  facet normal 0.471634 -0.881795 -1.04783e-05
    outer loop
      vertex 35.5346 14.2978 17
      vertex 35.5181 14.2889 23.3
      vertex 35.1889 14.1129 17
    endloop
  endfacet
  facet normal 0.474736 -0.880128 0
    outer loop
      vertex 35.5181 14.2889 23.3
      vertex 35.5346 14.2978 17
      vertex 35.5346 14.2978 23.303
    endloop
  endfacet
  facet normal 0.290302 0.956935 -1.11229e-05
    outer loop
      vertex 35.8662 10.5017 23.3
      vertex 35.9098 10.4884 17
      vertex 35.6137 10.5783 23.3
    endloop
  endfacet
  facet normal 0.291773 0.956488 -0
    outer loop
      vertex 35.9098 10.4884 17
      vertex 35.8662 10.5017 23.3
      vertex 35.9098 10.4884 23.3059
    endloop
  endfacet
  facet normal 0.290248 0.956951 -1.38861e-05
    outer loop
      vertex 35.5346 10.6022 17
      vertex 35.6137 10.5783 23.3
      vertex 35.9098 10.4884 17
    endloop
  endfacet
  facet normal 0.289235 0.957258 0
    outer loop
      vertex 35.6137 10.5783 23.3
      vertex 35.5346 10.6022 17
      vertex 35.5346 10.6022 23.303
    endloop
  endfacet
  facet normal 0.634296 0.773091 4.8717e-08
    outer loop
      vertex 35.141 10.8264 23.3
      vertex 35.1889 10.7871 17
      vertex 34.9143 11.0124 23.3
    endloop
  endfacet
  facet normal 0.634292 0.773094 -0
    outer loop
      vertex 35.1889 10.7871 17
      vertex 35.141 10.8264 23.3
      vertex 35.1889 10.7871 23.3016
    endloop
  endfacet
  facet normal 0.634321 0.77307 1.85825e-06
    outer loop
      vertex 34.8858 11.0358 17
      vertex 34.9143 11.0124 23.3
      vertex 35.1889 10.7871 17
    endloop
  endfacet
  facet normal 0.634566 0.772869 0
    outer loop
      vertex 34.9143 11.0124 23.3
      vertex 34.8858 11.0358 17
      vertex 34.8858 11.0358 23.3051
    endloop
  endfacet
  facet normal -0.772952 0.634465 0
    outer loop
      vertex 37.9629 11.3389 17
      vertex 37.9235 11.2909 23.3
      vertex 37.9629 11.3389 23.3067
    endloop
  endfacet
  facet normal -0.773121 0.634259 -2.62115e-06
    outer loop
      vertex 37.9629 11.3389 17
      vertex 37.7714 11.1055 23.3
      vertex 37.9235 11.2909 23.3
    endloop
  endfacet
  facet normal -0.77307 0.634321 1.18621e-06
    outer loop
      vertex 37.7142 11.0358 17
      vertex 37.7714 11.1055 23.3
      vertex 37.9629 11.3389 17
    endloop
  endfacet
  facet normal -0.773018 0.634385 0
    outer loop
      vertex 37.7714 11.1055 23.3
      vertex 37.7142 11.0358 17
      vertex 37.7142 11.0358 23.3051
    endloop
  endfacet
  facet normal -0.634296 0.773091 2.04612e-06
    outer loop
      vertex 37.6857 11.0124 23.3
      vertex 37.7142 11.0358 17
      vertex 37.459 10.8264 23.3
    endloop
  endfacet
  facet normal -0.634566 0.772869 0
    outer loop
      vertex 37.7142 11.0358 17
      vertex 37.6857 11.0124 23.3
      vertex 37.7142 11.0358 23.3051
    endloop
  endfacet
  facet normal -0.634321 0.77307 3.64364e-07
    outer loop
      vertex 37.4111 10.7871 17
      vertex 37.459 10.8264 23.3
      vertex 37.7142 11.0358 17
    endloop
  endfacet
  facet normal -0.634292 0.773094 0
    outer loop
      vertex 37.459 10.8264 23.3
      vertex 37.4111 10.7871 17
      vertex 37.4111 10.7871 23.3016
    endloop
  endfacet
  facet normal -0.471344 0.881949 8.98671e-06
    outer loop
      vertex 37.4028 10.7826 23.3
      vertex 37.4111 10.7871 17
      vertex 37.0819 10.6111 23.3
    endloop
  endfacet
  facet normal -0.476624 0.879107 0
    outer loop
      vertex 37.4111 10.7871 17
      vertex 37.4028 10.7826 23.3
      vertex 37.4111 10.7871 23.3016
    endloop
  endfacet
  facet normal -0.471634 0.881795 -1.04783e-05
    outer loop
      vertex 37.0654 10.6022 17
      vertex 37.0819 10.6111 23.3
      vertex 37.4111 10.7871 17
    endloop
  endfacet
  facet normal -0.474736 0.880128 0
    outer loop
      vertex 37.0819 10.6111 23.3
      vertex 37.0654 10.6022 17
      vertex 37.0654 10.6022 23.303
    endloop
  endfacet
  facet normal 0 0 1
    outer loop
      vertex 38.2616 12.8402 17
      vertex 38.2616 12.0598 17
      vertex 38.3 12.45 17
    endloop
  endfacet
  facet normal 0 0 1
    outer loop
      vertex 38.1478 13.2154 17
      vertex 38.2616 12.0598 17
      vertex 38.2616 12.8402 17
    endloop
  endfacet
  facet normal 0 0 1
    outer loop
      vertex 38.1478 13.2154 17
      vertex 38.1478 11.6846 17
      vertex 38.2616 12.0598 17
    endloop
  endfacet
  facet normal 0 0 1
    outer loop
      vertex 37.9629 13.5611 17
      vertex 38.1478 11.6846 17
      vertex 38.1478 13.2154 17
    endloop
  endfacet
  facet normal 0 0 1
    outer loop
      vertex 37.9629 13.5611 17
      vertex 37.9629 11.3389 17
      vertex 38.1478 11.6846 17
    endloop
  endfacet
  facet normal 0 0 1
    outer loop
      vertex 37.7142 13.8642 17
      vertex 37.9629 11.3389 17
      vertex 37.9629 13.5611 17
    endloop
  endfacet
  facet normal 0 0 1
    outer loop
      vertex 37.7142 13.8642 17
      vertex 37.7142 11.0358 17
      vertex 37.9629 11.3389 17
    endloop
  endfacet
  facet normal 0 0 1
    outer loop
      vertex 37.4111 14.1129 17
      vertex 37.7142 11.0358 17
      vertex 37.7142 13.8642 17
    endloop
  endfacet
  facet normal 0 0 1
    outer loop
      vertex 37.4111 14.1129 17
      vertex 37.4111 10.7871 17
      vertex 37.7142 11.0358 17
    endloop
  endfacet
  facet normal 0 0 1
    outer loop
      vertex 37.0654 14.2978 17
      vertex 37.4111 10.7871 17
      vertex 37.4111 14.1129 17
    endloop
  endfacet
  facet normal 0 0 1
    outer loop
      vertex 37.0654 14.2978 17
      vertex 37.0654 10.6022 17
      vertex 37.4111 10.7871 17
    endloop
  endfacet
  facet normal 0 0 1
    outer loop
      vertex 36.6902 14.4116 17
      vertex 37.0654 10.6022 17
      vertex 37.0654 14.2978 17
    endloop
  endfacet
  facet normal 0 0 1
    outer loop
      vertex 36.6902 14.4116 17
      vertex 36.6902 10.4884 17
      vertex 37.0654 10.6022 17
    endloop
  endfacet
  facet normal 0 0 1
    outer loop
      vertex 36.3 14.45 17
      vertex 36.6902 10.4884 17
      vertex 36.6902 14.4116 17
    endloop
  endfacet
  facet normal 0 0 1
    outer loop
      vertex 36.3 14.45 17
      vertex 36.3 10.45 17
      vertex 36.6902 10.4884 17
    endloop
  endfacet
  facet normal -0 0 1
    outer loop
      vertex 35.9098 14.4116 17
      vertex 36.3 10.45 17
      vertex 36.3 14.45 17
    endloop
  endfacet
  facet normal 0 0 1
    outer loop
      vertex 35.9098 14.4116 17
      vertex 35.9098 10.4884 17
      vertex 36.3 10.45 17
    endloop
  endfacet
  facet normal -0 0 1
    outer loop
      vertex 35.5346 14.2978 17
      vertex 35.9098 10.4884 17
      vertex 35.9098 14.4116 17
    endloop
  endfacet
  facet normal 0 0 1
    outer loop
      vertex 35.5346 14.2978 17
      vertex 35.5346 10.6022 17
      vertex 35.9098 10.4884 17
    endloop
  endfacet
  facet normal -0 0 1
    outer loop
      vertex 35.1889 14.1129 17
      vertex 35.5346 10.6022 17
      vertex 35.5346 14.2978 17
    endloop
  endfacet
  facet normal 0 0 1
    outer loop
      vertex 35.1889 14.1129 17
      vertex 35.1889 10.7871 17
      vertex 35.5346 10.6022 17
    endloop
  endfacet
  facet normal -0 0 1
    outer loop
      vertex 34.8858 13.8642 17
      vertex 35.1889 10.7871 17
      vertex 35.1889 14.1129 17
    endloop
  endfacet
  facet normal 0 0 1
    outer loop
      vertex 34.8858 13.8642 17
      vertex 34.8858 11.0358 17
      vertex 35.1889 10.7871 17
    endloop
  endfacet
  facet normal -0 0 1
    outer loop
      vertex 34.6371 13.5611 17
      vertex 34.8858 11.0358 17
      vertex 34.8858 13.8642 17
    endloop
  endfacet
  facet normal 0 0 1
    outer loop
      vertex 34.6371 13.5611 17
      vertex 34.6371 11.3389 17
      vertex 34.8858 11.0358 17
    endloop
  endfacet
  facet normal -0 0 1
    outer loop
      vertex 34.4522 13.2154 17
      vertex 34.6371 11.3389 17
      vertex 34.6371 13.5611 17
    endloop
  endfacet
  facet normal 0 0 1
    outer loop
      vertex 34.4522 13.2154 17
      vertex 34.4522 11.6846 17
      vertex 34.6371 11.3389 17
    endloop
  endfacet
  facet normal -0 0 1
    outer loop
      vertex 34.3384 12.8402 17
      vertex 34.4522 11.6846 17
      vertex 34.4522 13.2154 17
    endloop
  endfacet
  facet normal 0 0 1
    outer loop
      vertex 34.3384 12.8402 17
      vertex 34.3384 12.0598 17
      vertex 34.4522 11.6846 17
    endloop
  endfacet
  facet normal 0 -0 1
    outer loop
      vertex 34.3384 12.0598 17
      vertex 34.3384 12.8402 17
      vertex 34.3 12.45 17
    endloop
  endfacet
  facet normal -0.773018 -0.634385 0
    outer loop
      vertex 37.7142 13.8642 17
      vertex 37.7714 13.7945 23.3
      vertex 37.7142 13.8642 23.3051
    endloop
  endfacet
  facet normal -0.773121 -0.634259 2.32329e-06
    outer loop
      vertex 37.7142 13.8642 17
      vertex 37.9235 13.6091 23.3
      vertex 37.7714 13.7945 23.3
    endloop
  endfacet
  facet normal -0.77307 -0.634321 -1.83801e-06
    outer loop
      vertex 37.9629 13.5611 17
      vertex 37.9235 13.6091 23.3
      vertex 37.7142 13.8642 17
    endloop
  endfacet
  facet normal -0.772952 -0.634465 0
    outer loop
      vertex 37.9235 13.6091 23.3
      vertex 37.9629 13.5611 17
      vertex 37.9629 13.5611 23.3067
    endloop
  endfacet
  facet normal -0.881558 -0.472077 0
    outer loop
      vertex 37.9629 13.5611 17
      vertex 37.9991 13.4935 23.3
      vertex 37.9629 13.5611 23.3067
    endloop
  endfacet
  facet normal -0.881889 -0.471458 8.54083e-06
    outer loop
      vertex 37.9629 13.5611 17
      vertex 38.1088 13.2883 23.3
      vertex 37.9991 13.4935 23.3
    endloop
  endfacet
  facet normal -0.881795 -0.471634 -1.25108e-06
    outer loop
      vertex 38.1478 13.2154 17
      vertex 38.1088 13.2883 23.3
      vertex 37.9629 13.5611 17
    endloop
  endfacet
  facet normal -0.88175 -0.471718 0
    outer loop
      vertex 38.1088 13.2883 23.3
      vertex 38.1478 13.2154 17
      vertex 38.1478 13.2154 23.3064
    endloop
  endfacet
  facet normal 0.290302 -0.956935 -1.4624e-05
    outer loop
      vertex 35.6137 14.3217 23.3
      vertex 35.5346 14.2978 17
      vertex 35.8662 14.3983 23.3
    endloop
  endfacet
  facet normal 0.289235 -0.957258 0
    outer loop
      vertex 35.5346 14.2978 17
      vertex 35.6137 14.3217 23.3
      vertex 35.5346 14.2978 23.303
    endloop
  endfacet
  facet normal 0.290248 -0.956951 -1.15299e-05
    outer loop
      vertex 35.9098 14.4116 17
      vertex 35.8662 14.3983 23.3
      vertex 35.5346 14.2978 17
    endloop
  endfacet
  facet normal 0.291773 -0.956488 0
    outer loop
      vertex 35.8662 14.3983 23.3
      vertex 35.9098 14.4116 17
      vertex 35.9098 14.4116 23.3059
    endloop
  endfacet
  facet normal -0.88175 0.471718 0
    outer loop
      vertex 38.1478 11.6846 17
      vertex 38.1088 11.6117 23.3
      vertex 38.1478 11.6846 23.3064
    endloop
  endfacet
  facet normal -0.881889 0.471458 -3.86793e-06
    outer loop
      vertex 38.1478 11.6846 17
      vertex 37.9991 11.4065 23.3
      vertex 38.1088 11.6117 23.3
    endloop
  endfacet
  facet normal -0.881795 0.471634 6.1137e-06
    outer loop
      vertex 37.9629 11.3389 17
      vertex 37.9991 11.4065 23.3
      vertex 38.1478 11.6846 17
    endloop
  endfacet
  facet normal -0.881558 0.472077 0
    outer loop
      vertex 37.9991 11.4065 23.3
      vertex 37.9629 11.3389 17
      vertex 37.9629 11.3389 23.3067
    endloop
  endfacet
  facet normal 0.773018 -0.634385 0
    outer loop
      vertex 34.8286 13.7945 23.3
      vertex 34.8858 13.8642 17
      vertex 34.8858 13.8642 23.3051
    endloop
  endfacet
  facet normal 0.773121 -0.634259 2.32329e-06
    outer loop
      vertex 34.6765 13.6091 23.3
      vertex 34.8858 13.8642 17
      vertex 34.8286 13.7945 23.3
    endloop
  endfacet
  facet normal 0.772952 -0.634465 0
    outer loop
      vertex 34.6371 13.5611 17
      vertex 34.6765 13.6091 23.3
      vertex 34.6371 13.5611 23.3067
    endloop
  endfacet
  facet normal 0.77307 -0.634321 -1.83801e-06
    outer loop
      vertex 34.6765 13.6091 23.3
      vertex 34.6371 13.5611 17
      vertex 34.8858 13.8642 17
    endloop
  endfacet
  facet normal -0.0983236 -0.995154 8.98581e-06
    outer loop
      vertex 36.3694 14.4432 23.3
      vertex 36.3 14.45 17
      vertex 36.6032 14.4201 23.3
    endloop
  endfacet
  facet normal -0.0975157 -0.995234 0
    outer loop
      vertex 36.3 14.45 17
      vertex 36.3694 14.4432 23.3
      vertex 36.3 14.45 23.3069
    endloop
  endfacet
  facet normal -0.097938 -0.995193 -9.75655e-06
    outer loop
      vertex 36.6902 14.4116 17
      vertex 36.6032 14.4201 23.3
      vertex 36.3 14.45 17
    endloop
  endfacet
  facet normal -0.0972382 -0.995261 0
    outer loop
      vertex 36.6032 14.4201 23.3
      vertex 36.6902 14.4116 17
      vertex 36.6902 14.4116 23.3059
    endloop
  endfacet
  facet normal -0.471344 -0.881949 -1.14559e-05
    outer loop
      vertex 37.0819 14.2889 23.3
      vertex 37.0654 14.2978 17
      vertex 37.4028 14.1174 23.3
    endloop
  endfacet
  facet normal -0.474736 -0.880128 0
    outer loop
      vertex 37.0654 14.2978 17
      vertex 37.0819 14.2889 23.3
      vertex 37.0654 14.2978 23.303
    endloop
  endfacet
  facet normal -0.471634 -0.881795 8.4944e-06
    outer loop
      vertex 37.4111 14.1129 17
      vertex 37.4028 14.1174 23.3
      vertex 37.0654 14.2978 17
    endloop
  endfacet
  facet normal -0.476624 -0.879107 0
    outer loop
      vertex 37.4028 14.1174 23.3
      vertex 37.4111 14.1129 17
      vertex 37.4111 14.1129 23.3016
    endloop
  endfacet
  facet normal 0.881558 -0.472077 0
    outer loop
      vertex 34.6009 13.4935 23.3
      vertex 34.6371 13.5611 17
      vertex 34.6371 13.5611 23.3067
    endloop
  endfacet
  facet normal 0.881889 -0.471458 8.54083e-06
    outer loop
      vertex 34.4912 13.2883 23.3
      vertex 34.6371 13.5611 17
      vertex 34.6009 13.4935 23.3
    endloop
  endfacet
  facet normal 0.88175 -0.471718 0
    outer loop
      vertex 34.4522 13.2154 17
      vertex 34.4912 13.2883 23.3
      vertex 34.4522 13.2154 23.3064
    endloop
  endfacet
  facet normal 0.881795 -0.471634 -1.25108e-06
    outer loop
      vertex 34.4912 13.2883 23.3
      vertex 34.4522 13.2154 17
      vertex 34.6371 13.5611 17
    endloop
  endfacet
  facet normal 0.957366 -0.288877 0
    outer loop
      vertex 34.4366 13.1637 23.3
      vertex 34.4522 13.2154 17
      vertex 34.4522 13.2154 23.3064
    endloop
  endfacet
  facet normal 0.956903 -0.290409 -1.37269e-05
    outer loop
      vertex 34.3644 12.9258 23.3
      vertex 34.4522 13.2154 17
      vertex 34.4366 13.1637 23.3
    endloop
  endfacet
  facet normal 0.956836 -0.290628 0
    outer loop
      vertex 34.3384 12.8402 17
      vertex 34.3644 12.9258 23.3
      vertex 34.3384 12.8402 23.3042
    endloop
  endfacet
  facet normal 0.956951 -0.290248 -5.63541e-06
    outer loop
      vertex 34.3644 12.9258 23.3
      vertex 34.3384 12.8402 17
      vertex 34.4522 13.2154 17
    endloop
  endfacet
  facet normal 0.705891 0.0586059 0.705891
    outer loop
      vertex 34 12.45 23.6
      vertex 34.0246 12.1537 23.6
      vertex 34.3 12.45 23.3
    endloop
  endfacet
  facet normal 0.592936 -0.38735 0.705965
    outer loop
      vertex 34.2772 13.5447 23.6
      vertex 34.5411 13.4019 23.3
      vertex 34.4398 13.7936 23.6
    endloop
  endfacet
  facet normal 0.521201 -0.479567 0.70595
    outer loop
      vertex 34.5409 13.9234 23.6
      vertex 34.9143 13.8876 23.3
      vertex 34.9454 13.9214 23.3
    endloop
  endfacet
  facet normal 0.521304 -0.479467 0.705941
    outer loop
      vertex 34.5409 13.9234 23.6
      vertex 34.8286 13.7945 23.3
      vertex 34.8858 13.8642 23.3051
    endloop
  endfacet
  facet normal 0.520809 -0.480539 0.705578
    outer loop
      vertex 34.9143 13.8876 23.3
      vertex 34.5409 13.9234 23.6
      vertex 34.8858 13.8642 23.3051
    endloop
  endfacet
  facet normal 0.521089 -0.479797 0.705877
    outer loop
      vertex 34.8286 13.7945 23.3
      vertex 34.5409 13.9234 23.6
      vertex 34.7217 13.6784 23.3
    endloop
  endfacet
  facet normal 0.521041 -0.479839 0.705883
    outer loop
      vertex 34.7217 13.6784 23.3
      vertex 34.5409 13.9234 23.6
      vertex 34.485 13.8627 23.6
    endloop
  endfacet
  facet normal -0.648632 -0.284417 0.705963
    outer loop
      vertex 38.0589 13.4019 23.3
      vertex 38.4422 13.2724 23.6
      vertex 38.3228 13.5447 23.6
    endloop
  endfacet
  facet normal -0.116501 -0.698768 0.705798
    outer loop
      vertex 36.4652 14.4432 23.3
      vertex 36.7832 14.6932 23.6
      vertex 36.4899 14.7421 23.6
    endloop
  endfacet
  facet normal -0.686683 0.173696 0.705901
    outer loop
      vertex 38.2727 12.1208 23.3
      vertex 38.4957 11.7832 23.6
      vertex 38.5686 12.0714 23.6
    endloop
  endfacet
  facet normal 0.229925 0.669998 0.705859
    outer loop
      vertex 35.4542 10.3169 23.6
      vertex 35.7354 10.2204 23.6
      vertex 35.809 10.5112 23.3
    endloop
  endfacet
  facet normal 0.592543 0.387829 0.706032
    outer loop
      vertex 34.4398 11.1064 23.6
      vertex 34.6765 11.2909 23.3
      vertex 34.6371 11.3389 23.3067
    endloop
  endfacet
  facet normal 0.593137 0.387223 0.705866
    outer loop
      vertex 34.4398 11.1064 23.6
      vertex 34.6009 11.4065 23.3
      vertex 34.5411 11.4981 23.3
    endloop
  endfacet
  facet normal 0.593202 0.386908 0.705984
    outer loop
      vertex 34.6765 11.2909 23.3
      vertex 34.4398 11.1064 23.6
      vertex 34.7217 11.2216 23.3
    endloop
  endfacet
  facet normal 0.592875 0.387456 0.705959
    outer loop
      vertex 34.6009 11.4065 23.3
      vertex 34.4398 11.1064 23.6
      vertex 34.6371 11.3389 23.3067
    endloop
  endfacet
  facet normal 0.592765 0.387742 0.705894
    outer loop
      vertex 34.7217 11.2216 23.3
      vertex 34.4398 11.1064 23.6
      vertex 34.485 11.0373 23.6
    endloop
  endfacet
  facet normal -0.592936 -0.38735 0.705965
    outer loop
      vertex 38.0589 13.4019 23.3
      vertex 38.3228 13.5447 23.6
      vertex 38.1602 13.7936 23.6
    endloop
  endfacet
  facet normal -0.116729 -0.698658 0.70587
    outer loop
      vertex 36.7832 14.6932 23.6
      vertex 36.791 14.3888 23.3
      vertex 36.8646 14.6796 23.6
    endloop
  endfacet
  facet normal -0.116044 -0.698705 0.705936
    outer loop
      vertex 36.7832 14.6932 23.6
      vertex 36.7338 14.3983 23.3
      vertex 36.791 14.3888 23.3
    endloop
  endfacet
  facet normal -0.117533 -0.698456 0.705936
    outer loop
      vertex 36.7832 14.6932 23.6
      vertex 36.6902 14.4116 23.3059
      vertex 36.7338 14.3983 23.3
    endloop
  endfacet
  facet normal -0.11614 -0.6988 0.705825
    outer loop
      vertex 36.7832 14.6932 23.6
      vertex 36.6032 14.4201 23.3
      vertex 36.6902 14.4116 23.3059
    endloop
  endfacet
  facet normal -0.116921 -0.698486 0.706008
    outer loop
      vertex 36.6032 14.4201 23.3
      vertex 36.7832 14.6932 23.6
      vertex 36.4652 14.4432 23.3
    endloop
  endfacet
  facet normal -0.337163 -0.622851 0.705959
    outer loop
      vertex 37.1034 14.2815 23.3
      vertex 37.2965 14.517 23.6
      vertex 37.2239 14.5563 23.6
    endloop
  endfacet
  facet normal -0.337078 -0.622908 0.705949
    outer loop
      vertex 37.2965 14.517 23.6
      vertex 37.1034 14.2815 23.3
      vertex 37.3939 14.1243 23.3
    endloop
  endfacet
  facet normal -0.435052 -0.558944 0.705912
    outer loop
      vertex 37.6231 14.3248 23.6
      vertex 37.6546 13.9214 23.3
      vertex 37.8577 14.1422 23.6
    endloop
  endfacet
  facet normal 0.686515 -0.174001 0.705989
    outer loop
      vertex 34.1043 13.1168 23.6
      vertex 34.3644 12.9258 23.3
      vertex 34.4084 13.0994 23.3
    endloop
  endfacet
  facet normal 0.685396 -0.173413 0.70722
    outer loop
      vertex 34.3384 12.8402 23.3042
      vertex 34.3273 12.7792 23.3
      vertex 34.3357 12.8124 23.3
    endloop
  endfacet
  facet normal 0.686485 -0.174196 0.70597
    outer loop
      vertex 34.1043 13.1168 23.6
      vertex 34.4084 13.0994 23.3
      vertex 34.1246 13.1968 23.6
    endloop
  endfacet
  facet normal 0.686565 -0.173897 0.705966
    outer loop
      vertex 34.3644 12.9258 23.3
      vertex 34.1043 13.1168 23.6
      vertex 34.3384 12.8402 23.3042
    endloop
  endfacet
  facet normal 0.686784 -0.173571 0.705834
    outer loop
      vertex 34.3384 12.8402 23.3042
      vertex 34.1043 13.1168 23.6
      vertex 34.3273 12.7792 23.3
    endloop
  endfacet
  facet normal -0.521154 0.479709 0.705888
    outer loop
      vertex 37.6546 10.9786 23.3
      vertex 37.8577 10.7578 23.6
      vertex 38.0591 10.9766 23.6
    endloop
  endfacet
  facet normal 0.705891 -0.0586059 0.705891
    outer loop
      vertex 34 12.45 23.6
      vertex 34.3 12.45 23.3
      vertex 34.0246 12.7463 23.6
    endloop
  endfacet
  facet normal 0.705925 -0.0583267 0.705881
    outer loop
      vertex 34.0246 12.7463 23.6
      vertex 34.3273 12.7792 23.3
      vertex 34.0314 12.8286 23.6
    endloop
  endfacet
  facet normal 0.705927 -0.0585414 0.705861
    outer loop
      vertex 34.3273 12.7792 23.3
      vertex 34.0246 12.7463 23.6
      vertex 34.3 12.45 23.3
    endloop
  endfacet
  facet normal 0.116501 0.698768 0.705798
    outer loop
      vertex 35.8168 10.2068 23.6
      vertex 36.1101 10.1579 23.6
      vertex 36.1348 10.4568 23.3
    endloop
  endfacet
  facet normal -0.592936 0.38735 0.705965
    outer loop
      vertex 38.0589 11.4981 23.3
      vertex 38.1602 11.1064 23.6
      vertex 38.3228 11.3553 23.6
    endloop
  endfacet
  facet normal -0.705901 -0.0583685 0.705901
    outer loop
      vertex 38.3 12.45 23.3
      vertex 38.6 12.45 23.6
      vertex 38.5755 12.7463 23.6
    endloop
  endfacet
  facet normal 0.337062 -0.622909 0.705956
    outer loop
      vertex 35.042 14.3755 23.6
      vertex 35.2061 14.1243 23.3
      vertex 35.3035 14.517 23.6
    endloop
  endfacet
  facet normal -0.686683 -0.173696 0.705901
    outer loop
      vertex 38.2727 12.7792 23.3
      vertex 38.5686 12.8286 23.6
      vertex 38.4957 13.1168 23.6
    endloop
  endfacet
  facet normal 0.592936 0.38735 0.705965
    outer loop
      vertex 34.2772 11.3553 23.6
      vertex 34.4398 11.1064 23.6
      vertex 34.5411 11.4981 23.3
    endloop
  endfacet
  facet normal -0.705901 0.0583685 0.705901
    outer loop
      vertex 38.3 12.45 23.3
      vertex 38.5755 12.1537 23.6
      vertex 38.6 12.45 23.6
    endloop
  endfacet
  facet normal -0.593137 0.387223 0.705866
    outer loop
      vertex 37.9991 11.4065 23.3
      vertex 38.1602 11.1064 23.6
      vertex 38.0589 11.4981 23.3
    endloop
  endfacet
  facet normal -0.592875 0.387456 0.705959
    outer loop
      vertex 37.9629 11.3389 23.3067
      vertex 38.1602 11.1064 23.6
      vertex 37.9991 11.4065 23.3
    endloop
  endfacet
  facet normal -0.592543 0.387829 0.706032
    outer loop
      vertex 37.9235 11.2909 23.3
      vertex 38.1602 11.1064 23.6
      vertex 37.9629 11.3389 23.3067
    endloop
  endfacet
  facet normal -0.593202 0.386908 0.705984
    outer loop
      vertex 37.8783 11.2216 23.3
      vertex 38.1602 11.1064 23.6
      vertex 37.9235 11.2909 23.3
    endloop
  endfacet
  facet normal -0.592765 0.387742 0.705894
    outer loop
      vertex 38.1602 11.1064 23.6
      vertex 37.8783 11.2216 23.3
      vertex 38.115 11.0373 23.6
    endloop
  endfacet
  facet normal -0.648495 0.284789 0.705938
    outer loop
      vertex 38.1916 11.8006 23.3
      vertex 38.4422 11.6276 23.6
      vertex 38.4754 11.7032 23.6
    endloop
  endfacet
  facet normal -0.648665 0.284485 0.705905
    outer loop
      vertex 38.1634 11.7363 23.3
      vertex 38.4422 11.6276 23.6
      vertex 38.1916 11.8006 23.3
    endloop
  endfacet
  facet normal -0.649168 0.283269 0.705931
    outer loop
      vertex 38.1478 11.6846 23.3064
      vertex 38.4422 11.6276 23.6
      vertex 38.1634 11.7363 23.3
    endloop
  endfacet
  facet normal -0.648618 0.285041 0.705724
    outer loop
      vertex 38.1088 11.6117 23.3
      vertex 38.4422 11.6276 23.6
      vertex 38.1478 11.6846 23.3064
    endloop
  endfacet
  facet normal -0.648639 0.284921 0.705753
    outer loop
      vertex 38.4422 11.6276 23.6
      vertex 38.1088 11.6117 23.3
      vertex 38.0589 11.4981 23.3
    endloop
  endfacet
  facet normal 0.648632 0.284417 0.705963
    outer loop
      vertex 34.1578 11.6276 23.6
      vertex 34.2772 11.3553 23.6
      vertex 34.5411 11.4981 23.3
    endloop
  endfacet
  facet normal -0.521041 0.479839 0.705883
    outer loop
      vertex 37.8783 11.2216 23.3
      vertex 38.0591 10.9766 23.6
      vertex 38.115 11.0373 23.6
    endloop
  endfacet
  facet normal -0.521089 0.479797 0.705877
    outer loop
      vertex 37.7714 11.1055 23.3
      vertex 38.0591 10.9766 23.6
      vertex 37.8783 11.2216 23.3
    endloop
  endfacet
  facet normal -0.521304 0.479467 0.705941
    outer loop
      vertex 37.7142 11.0358 23.3051
      vertex 38.0591 10.9766 23.6
      vertex 37.7714 11.1055 23.3
    endloop
  endfacet
  facet normal -0.520809 0.480539 0.705578
    outer loop
      vertex 37.6857 11.0124 23.3
      vertex 38.0591 10.9766 23.6
      vertex 37.7142 11.0358 23.3051
    endloop
  endfacet
  facet normal -0.521201 0.479567 0.70595
    outer loop
      vertex 38.0591 10.9766 23.6
      vertex 37.6857 11.0124 23.3
      vertex 37.6546 10.9786 23.3
    endloop
  endfacet
  facet normal -0.648632 0.284417 0.705963
    outer loop
      vertex 38.0589 11.4981 23.3
      vertex 38.3228 11.3553 23.6
      vertex 38.4422 11.6276 23.6
    endloop
  endfacet
  facet normal -0.648495 -0.284789 0.705938
    outer loop
      vertex 38.4422 13.2724 23.6
      vertex 38.1916 13.0994 23.3
      vertex 38.4754 13.1968 23.6
    endloop
  endfacet
  facet normal -0.648665 -0.284485 0.705905
    outer loop
      vertex 38.4422 13.2724 23.6
      vertex 38.1634 13.1637 23.3
      vertex 38.1916 13.0994 23.3
    endloop
  endfacet
  facet normal -0.649168 -0.283269 0.705931
    outer loop
      vertex 38.4422 13.2724 23.6
      vertex 38.1478 13.2154 23.3064
      vertex 38.1634 13.1637 23.3
    endloop
  endfacet
  facet normal -0.648618 -0.285041 0.705724
    outer loop
      vertex 38.4422 13.2724 23.6
      vertex 38.1088 13.2883 23.3
      vertex 38.1478 13.2154 23.3064
    endloop
  endfacet
  facet normal -0.648639 -0.284921 0.705753
    outer loop
      vertex 38.1088 13.2883 23.3
      vertex 38.4422 13.2724 23.6
      vertex 38.0589 13.4019 23.3
    endloop
  endfacet
  facet normal 0.337163 0.622851 0.705959
    outer loop
      vertex 35.4966 10.6185 23.3
      vertex 35.3035 10.383 23.6
      vertex 35.3761 10.3437 23.6
    endloop
  endfacet
  facet normal 0.337078 0.622908 0.705949
    outer loop
      vertex 35.3035 10.383 23.6
      vertex 35.4966 10.6185 23.3
      vertex 35.2061 10.7757 23.3
    endloop
  endfacet
  facet normal 0.593202 -0.386908 0.705984
    outer loop
      vertex 34.4398 13.7936 23.6
      vertex 34.6765 13.6091 23.3
      vertex 34.7217 13.6784 23.3
    endloop
  endfacet
  facet normal 0.592875 -0.387456 0.705959
    outer loop
      vertex 34.4398 13.7936 23.6
      vertex 34.6009 13.4935 23.3
      vertex 34.6371 13.5611 23.3067
    endloop
  endfacet
  facet normal 0.592765 -0.387742 0.705894
    outer loop
      vertex 34.4398 13.7936 23.6
      vertex 34.7217 13.6784 23.3
      vertex 34.485 13.8627 23.6
    endloop
  endfacet
  facet normal 0.592543 -0.387829 0.706032
    outer loop
      vertex 34.6765 13.6091 23.3
      vertex 34.4398 13.7936 23.6
      vertex 34.6371 13.5611 23.3067
    endloop
  endfacet
  facet normal 0.593137 -0.387223 0.705866
    outer loop
      vertex 34.6009 13.4935 23.3
      vertex 34.4398 13.7936 23.6
      vertex 34.5411 13.4019 23.3
    endloop
  endfacet
  facet normal 0.337062 0.622909 0.705956
    outer loop
      vertex 35.042 10.5245 23.6
      vertex 35.3035 10.383 23.6
      vertex 35.2061 10.7757 23.3
    endloop
  endfacet
  facet normal 0.229274 0.670208 0.705872
    outer loop
      vertex 35.4542 10.3169 23.6
      vertex 35.6137 10.5783 23.3
      vertex 35.5346 10.6022 23.303
    endloop
  endfacet
  facet normal 0.228385 0.663552 0.712418
    outer loop
      vertex 35.4966 10.6185 23.3
      vertex 35.5346 10.6022 23.303
      vertex 35.5181 10.6111 23.3
    endloop
  endfacet
  facet normal 0.230128 0.669806 0.705975
    outer loop
      vertex 35.6137 10.5783 23.3
      vertex 35.4542 10.3169 23.6
      vertex 35.809 10.5112 23.3
    endloop
  endfacet
  facet normal 0.231365 0.669322 0.70603
    outer loop
      vertex 35.3761 10.3437 23.6
      vertex 35.5346 10.6022 23.303
      vertex 35.4966 10.6185 23.3
    endloop
  endfacet
  facet normal 0.229913 0.670008 0.705853
    outer loop
      vertex 35.5346 10.6022 23.303
      vertex 35.3761 10.3437 23.6
      vertex 35.4542 10.3169 23.6
    endloop
  endfacet
  facet normal -0.229925 -0.669998 0.705859
    outer loop
      vertex 36.791 14.3888 23.3
      vertex 37.1458 14.5831 23.6
      vertex 36.8646 14.6796 23.6
    endloop
  endfacet
  facet normal 0.229925 -0.669998 0.705859
    outer loop
      vertex 35.4542 14.5831 23.6
      vertex 35.809 14.3888 23.3
      vertex 35.7354 14.6796 23.6
    endloop
  endfacet
  facet normal 0 0 1
    outer loop
      vertex 34.9143 13.8876 23.3
      vertex 35.141 14.0736 23.3
      vertex 34.9454 13.9214 23.3
    endloop
  endfacet
  facet normal 0 0 1
    outer loop
      vertex 34.3644 12.9258 23.3
      vertex 34.4366 13.1637 23.3
      vertex 34.4084 13.0994 23.3
    endloop
  endfacet
  facet normal 0 0 1
    outer loop
      vertex 35.5181 10.6111 23.3
      vertex 35.2061 10.7757 23.3
      vertex 35.4966 10.6185 23.3
    endloop
  endfacet
  facet normal -0 -0 1
    outer loop
      vertex 35.2061 10.7757 23.3
      vertex 35.5181 10.6111 23.3
      vertex 35.1972 10.7826 23.3
    endloop
  endfacet
  facet normal 0 0 1
    outer loop
      vertex 34.3 12.45 23.3
      vertex 34.3357 12.8124 23.3
      vertex 34.3273 12.7792 23.3
    endloop
  endfacet
  facet normal 0 0 1
    outer loop
      vertex 35.6137 10.5783 23.3
      vertex 35.809 10.5112 23.3
      vertex 35.8662 10.5017 23.3
    endloop
  endfacet
  facet normal 0 0 1
    outer loop
      vertex 34.6765 13.6091 23.3
      vertex 34.8286 13.7945 23.3
      vertex 34.7217 13.6784 23.3
    endloop
  endfacet
  facet normal 0 0 1
    outer loop
      vertex 34.6765 11.2909 23.3
      vertex 34.7217 11.2216 23.3
      vertex 34.8286 11.1055 23.3
    endloop
  endfacet
  facet normal 0 0 1
    outer loop
      vertex 35.2061 14.1243 23.3
      vertex 35.5181 14.2889 23.3
      vertex 35.4966 14.2815 23.3
    endloop
  endfacet
  facet normal 0 0 1
    outer loop
      vertex 35.5181 14.2889 23.3
      vertex 35.2061 14.1243 23.3
      vertex 35.1972 14.1174 23.3
    endloop
  endfacet
  facet normal 0 0 1
    outer loop
      vertex 38.2643 12.0876 23.3
      vertex 38.2727 12.1208 23.3
      vertex 38.3 12.45 23.3
    endloop
  endfacet
  facet normal 0 0 1
    outer loop
      vertex 34.4912 13.2883 23.3
      vertex 34.6009 13.4935 23.3
      vertex 34.5411 13.4019 23.3
    endloop
  endfacet
  facet normal 0 0 1
    outer loop
      vertex 36.7338 14.3983 23.3
      vertex 36.9863 14.3217 23.3
      vertex 36.791 14.3888 23.3
    endloop
  endfacet
  facet normal 0 0 1
    outer loop
      vertex 34.3 12.45 23.3
      vertex 34.3273 12.1208 23.3
      vertex 34.3357 12.0876 23.3
    endloop
  endfacet
  facet normal 0 0 1
    outer loop
      vertex 38.1634 11.7363 23.3
      vertex 38.1916 11.8006 23.3
      vertex 38.2356 11.9742 23.3
    endloop
  endfacet
  facet normal 0 0 1
    outer loop
      vertex 38.2643 12.8124 23.3
      vertex 38.3 12.45 23.3
      vertex 38.2727 12.7792 23.3
    endloop
  endfacet
  facet normal 0 0 1
    outer loop
      vertex 37.7714 13.7945 23.3
      vertex 37.9235 13.6091 23.3
      vertex 37.8783 13.6784 23.3
    endloop
  endfacet
  facet normal 0 0 1
    outer loop
      vertex 37.459 14.0736 23.3
      vertex 37.6857 13.8876 23.3
      vertex 37.6546 13.9214 23.3
    endloop
  endfacet
  facet normal 0 0 1
    outer loop
      vertex 35.9968 10.4799 23.3
      vertex 36.1348 10.4568 23.3
      vertex 36.2306 10.4568 23.3
    endloop
  endfacet
  facet normal 0 0 1
    outer loop
      vertex 37.9991 11.4065 23.3
      vertex 38.0589 11.4981 23.3
      vertex 38.1088 11.6117 23.3
    endloop
  endfacet
  facet normal 0 0 1
    outer loop
      vertex 37.1034 14.2815 23.3
      vertex 37.4028 14.1174 23.3
      vertex 37.3939 14.1243 23.3
    endloop
  endfacet
  facet normal 0 0 1
    outer loop
      vertex 37.4028 14.1174 23.3
      vertex 37.1034 14.2815 23.3
      vertex 37.0819 14.2889 23.3
    endloop
  endfacet
  facet normal 0 0 1
    outer loop
      vertex 34.3644 11.9742 23.3
      vertex 34.4084 11.8006 23.3
      vertex 34.4366 11.7363 23.3
    endloop
  endfacet
  facet normal 0 0 1
    outer loop
      vertex 38.1634 13.1637 23.3
      vertex 38.2356 12.9258 23.3
      vertex 38.1916 13.0994 23.3
    endloop
  endfacet
  facet normal 0 0 1
    outer loop
      vertex 37.4028 10.7826 23.3
      vertex 37.1034 10.6185 23.3
      vertex 37.3939 10.7757 23.3
    endloop
  endfacet
  facet normal 0 -0 1
    outer loop
      vertex 37.1034 10.6185 23.3
      vertex 37.4028 10.7826 23.3
      vertex 37.0819 10.6111 23.3
    endloop
  endfacet
  facet normal 0 0 1
    outer loop
      vertex 36.3694 10.4568 23.3
      vertex 36.4652 10.4568 23.3
      vertex 36.6032 10.4799 23.3
    endloop
  endfacet
  facet normal 0 0 1
    outer loop
      vertex 35.6137 14.3217 23.3
      vertex 35.8662 14.3983 23.3
      vertex 35.809 14.3888 23.3
    endloop
  endfacet
  facet normal 0 0 1
    outer loop
      vertex 37.9991 13.4935 23.3
      vertex 38.1088 13.2883 23.3
      vertex 38.0589 13.4019 23.3
    endloop
  endfacet
  facet normal 0 0 1
    outer loop
      vertex 34.4912 11.6117 23.3
      vertex 34.5411 11.4981 23.3
      vertex 34.6009 11.4065 23.3
    endloop
  endfacet
  facet normal 0 0 1
    outer loop
      vertex 36.7338 10.5017 23.3
      vertex 36.791 10.5112 23.3
      vertex 36.9863 10.5783 23.3
    endloop
  endfacet
  facet normal 0 0 1
    outer loop
      vertex 37.7714 11.1055 23.3
      vertex 37.8783 11.2216 23.3
      vertex 37.9235 11.2909 23.3
    endloop
  endfacet
  facet normal 0 0 1
    outer loop
      vertex 34.9143 11.0124 23.3
      vertex 34.9454 10.9786 23.3
      vertex 35.141 10.8264 23.3
    endloop
  endfacet
  facet normal -0 0 1
    outer loop
      vertex 36.3694 14.4432 23.3
      vertex 36.6032 14.4201 23.3
      vertex 36.4652 14.4432 23.3
    endloop
  endfacet
  facet normal 0 0 1
    outer loop
      vertex 35.9968 14.4201 23.3
      vertex 36.2306 14.4432 23.3
      vertex 36.1348 14.4432 23.3
    endloop
  endfacet
  facet normal 0 0 1
    outer loop
      vertex 37.459 10.8264 23.3
      vertex 37.6546 10.9786 23.3
      vertex 37.6857 11.0124 23.3
    endloop
  endfacet
  facet normal 0.648639 -0.284921 0.705753
    outer loop
      vertex 34.1578 13.2724 23.6
      vertex 34.4912 13.2883 23.3
      vertex 34.5411 13.4019 23.3
    endloop
  endfacet
  facet normal 0.649168 -0.283269 0.705931
    outer loop
      vertex 34.1578 13.2724 23.6
      vertex 34.4366 13.1637 23.3
      vertex 34.4522 13.2154 23.3064
    endloop
  endfacet
  facet normal 0.648618 -0.285041 0.705724
    outer loop
      vertex 34.4912 13.2883 23.3
      vertex 34.1578 13.2724 23.6
      vertex 34.4522 13.2154 23.3064
    endloop
  endfacet
  facet normal 0.648665 -0.284485 0.705905
    outer loop
      vertex 34.4366 13.1637 23.3
      vertex 34.1578 13.2724 23.6
      vertex 34.4084 13.0994 23.3
    endloop
  endfacet
  facet normal 0.648495 -0.284789 0.705938
    outer loop
      vertex 34.4084 13.0994 23.3
      vertex 34.1578 13.2724 23.6
      vertex 34.1246 13.1968 23.6
    endloop
  endfacet
  facet normal 0.11614 0.6988 0.705825
    outer loop
      vertex 35.8168 10.2068 23.6
      vertex 35.9968 10.4799 23.3
      vertex 35.9098 10.4884 23.3059
    endloop
  endfacet
  facet normal 0.116921 0.698486 0.706008
    outer loop
      vertex 35.9968 10.4799 23.3
      vertex 35.8168 10.2068 23.6
      vertex 36.1348 10.4568 23.3
    endloop
  endfacet
  facet normal 0.117533 0.698456 0.705936
    outer loop
      vertex 35.8662 10.5017 23.3
      vertex 35.8168 10.2068 23.6
      vertex 35.9098 10.4884 23.3059
    endloop
  endfacet
  facet normal 0.116044 0.698705 0.705936
    outer loop
      vertex 35.809 10.5112 23.3
      vertex 35.8168 10.2068 23.6
      vertex 35.8662 10.5017 23.3
    endloop
  endfacet
  facet normal 0.116729 0.698658 0.70587
    outer loop
      vertex 35.8168 10.2068 23.6
      vertex 35.809 10.5112 23.3
      vertex 35.7354 10.2204 23.6
    endloop
  endfacet
  facet normal 0.686565 0.173897 0.705966
    outer loop
      vertex 34.1043 11.7832 23.6
      vertex 34.3644 11.9742 23.3
      vertex 34.3384 12.0598 23.3042
    endloop
  endfacet
  facet normal 0.685396 0.173413 0.70722
    outer loop
      vertex 34.3273 12.1208 23.3
      vertex 34.3384 12.0598 23.3042
      vertex 34.3357 12.0876 23.3
    endloop
  endfacet
  facet normal 0.686515 0.174001 0.705989
    outer loop
      vertex 34.3644 11.9742 23.3
      vertex 34.1043 11.7832 23.6
      vertex 34.4084 11.8006 23.3
    endloop
  endfacet
  facet normal 0.686784 0.173571 0.705834
    outer loop
      vertex 34.1043 11.7832 23.6
      vertex 34.3384 12.0598 23.3042
      vertex 34.3273 12.1208 23.3
    endloop
  endfacet
  facet normal 0.686485 0.174196 0.70597
    outer loop
      vertex 34.4084 11.8006 23.3
      vertex 34.1043 11.7832 23.6
      vertex 34.1246 11.7032 23.6
    endloop
  endfacet
  facet normal -0.686784 0.173571 0.705834
    outer loop
      vertex 38.2616 12.0598 23.3042
      vertex 38.4957 11.7832 23.6
      vertex 38.2727 12.1208 23.3
    endloop
  endfacet
  facet normal -0.685396 0.173413 0.70722
    outer loop
      vertex 38.2616 12.0598 23.3042
      vertex 38.2727 12.1208 23.3
      vertex 38.2643 12.0876 23.3
    endloop
  endfacet
  facet normal -0.686565 0.173897 0.705966
    outer loop
      vertex 38.2356 11.9742 23.3
      vertex 38.4957 11.7832 23.6
      vertex 38.2616 12.0598 23.3042
    endloop
  endfacet
  facet normal -0.686515 0.174001 0.705989
    outer loop
      vertex 38.1916 11.8006 23.3
      vertex 38.4957 11.7832 23.6
      vertex 38.2356 11.9742 23.3
    endloop
  endfacet
  facet normal -0.686485 0.174196 0.70597
    outer loop
      vertex 38.4957 11.7832 23.6
      vertex 38.1916 11.8006 23.3
      vertex 38.4754 11.7032 23.6
    endloop
  endfacet
  facet normal -0.70581 0.0585316 0.705979
    outer loop
      vertex 38.2727 12.1208 23.3
      vertex 38.5755 12.1537 23.6
      vertex 38.3 12.45 23.3
    endloop
  endfacet
  facet normal -0.705819 0.0591756 0.705917
    outer loop
      vertex 38.5755 12.1537 23.6
      vertex 38.2727 12.1208 23.3
      vertex 38.5686 12.0714 23.6
    endloop
  endfacet
  facet normal -0.229925 0.669998 0.705859
    outer loop
      vertex 36.791 10.5112 23.3
      vertex 36.8646 10.2204 23.6
      vertex 37.1458 10.3169 23.6
    endloop
  endfacet
  facet normal 0.442953 -0.571345 0.69091
    outer loop
      vertex 35.2061 14.1243 23.3
      vertex 35.1889 14.1129 23.3016
      vertex 35.1972 14.1174 23.3
    endloop
  endfacet
  facet normal 0.43576 -0.558386 0.705916
    outer loop
      vertex 35.042 14.3755 23.6
      vertex 35.1889 14.1129 23.3016
      vertex 35.2061 14.1243 23.3
    endloop
  endfacet
  facet normal 0.435175 -0.558775 0.70597
    outer loop
      vertex 34.9769 14.3248 23.6
      vertex 35.1889 14.1129 23.3016
      vertex 35.042 14.3755 23.6
    endloop
  endfacet
  facet normal 0.434999 -0.55893 0.705955
    outer loop
      vertex 35.1889 14.1129 23.3016
      vertex 34.9769 14.3248 23.6
      vertex 35.141 14.0736 23.3
    endloop
  endfacet
  facet normal 0.434944 -0.558969 0.705958
    outer loop
      vertex 35.141 14.0736 23.3
      vertex 34.9769 14.3248 23.6
      vertex 34.9454 13.9214 23.3
    endloop
  endfacet
  facet normal -0.435175 -0.558775 0.70597
    outer loop
      vertex 37.4111 14.1129 23.3016
      vertex 37.6231 14.3248 23.6
      vertex 37.558 14.3755 23.6
    endloop
  endfacet
  facet normal -0.434944 -0.558969 0.705958
    outer loop
      vertex 37.6231 14.3248 23.6
      vertex 37.459 14.0736 23.3
      vertex 37.6546 13.9214 23.3
    endloop
  endfacet
  facet normal -0.434999 -0.55893 0.705955
    outer loop
      vertex 37.6231 14.3248 23.6
      vertex 37.4111 14.1129 23.3016
      vertex 37.459 14.0736 23.3
    endloop
  endfacet
  facet normal -0.43576 -0.558386 0.705916
    outer loop
      vertex 37.3939 14.1243 23.3
      vertex 37.4111 14.1129 23.3016
      vertex 37.558 14.3755 23.6
    endloop
  endfacet
  facet normal -0.442953 -0.571345 0.69091
    outer loop
      vertex 37.4111 14.1129 23.3016
      vertex 37.3939 14.1243 23.3
      vertex 37.4028 14.1174 23.3
    endloop
  endfacet
  facet normal 0.648632 -0.284417 0.705963
    outer loop
      vertex 34.1578 13.2724 23.6
      vertex 34.5411 13.4019 23.3
      vertex 34.2772 13.5447 23.6
    endloop
  endfacet
  facet normal 0.521154 0.479709 0.705888
    outer loop
      vertex 34.5409 10.9766 23.6
      vertex 34.7423 10.7578 23.6
      vertex 34.9454 10.9786 23.3
    endloop
  endfacet
  facet normal 0.116501 -0.698768 0.705798
    outer loop
      vertex 35.8168 14.6932 23.6
      vertex 36.1348 14.4432 23.3
      vertex 36.1101 14.7421 23.6
    endloop
  endfacet
  facet normal -0.337062 0.622909 0.705956
    outer loop
      vertex 37.2965 10.383 23.6
      vertex 37.558 10.5245 23.6
      vertex 37.3939 10.7757 23.3
    endloop
  endfacet
  facet normal -0.229913 -0.670008 0.705853
    outer loop
      vertex 37.0654 14.2978 23.303
      vertex 37.2239 14.5563 23.6
      vertex 37.1458 14.5831 23.6
    endloop
  endfacet
  facet normal -0.231365 -0.669322 0.70603
    outer loop
      vertex 37.2239 14.5563 23.6
      vertex 37.0654 14.2978 23.303
      vertex 37.1034 14.2815 23.3
    endloop
  endfacet
  facet normal -0.228385 -0.663552 0.712418
    outer loop
      vertex 37.1034 14.2815 23.3
      vertex 37.0654 14.2978 23.303
      vertex 37.0819 14.2889 23.3
    endloop
  endfacet
  facet normal -0.229274 -0.670208 0.705872
    outer loop
      vertex 37.1458 14.5831 23.6
      vertex 36.9863 14.3217 23.3
      vertex 37.0654 14.2978 23.303
    endloop
  endfacet
  facet normal -0.230128 -0.669806 0.705975
    outer loop
      vertex 36.9863 14.3217 23.3
      vertex 37.1458 14.5831 23.6
      vertex 36.791 14.3888 23.3
    endloop
  endfacet
  facet normal 0.648618 0.285041 0.705724
    outer loop
      vertex 34.1578 11.6276 23.6
      vertex 34.4912 11.6117 23.3
      vertex 34.4522 11.6846 23.3064
    endloop
  endfacet
  facet normal 0.648665 0.284485 0.705905
    outer loop
      vertex 34.1578 11.6276 23.6
      vertex 34.4366 11.7363 23.3
      vertex 34.4084 11.8006 23.3
    endloop
  endfacet
  facet normal 0.648639 0.284921 0.705753
    outer loop
      vertex 34.4912 11.6117 23.3
      vertex 34.1578 11.6276 23.6
      vertex 34.5411 11.4981 23.3
    endloop
  endfacet
  facet normal 0.649168 0.283269 0.705931
    outer loop
      vertex 34.4366 11.7363 23.3
      vertex 34.1578 11.6276 23.6
      vertex 34.4522 11.6846 23.3064
    endloop
  endfacet
  facet normal 0.648495 0.284789 0.705938
    outer loop
      vertex 34.1578 11.6276 23.6
      vertex 34.4084 11.8006 23.3
      vertex 34.1246 11.7032 23.6
    endloop
  endfacet
  facet normal 0.686683 0.173696 0.705901
    outer loop
      vertex 34.0314 12.0714 23.6
      vertex 34.1043 11.7832 23.6
      vertex 34.3273 12.1208 23.3
    endloop
  endfacet
  facet normal -0.337062 -0.622909 0.705956
    outer loop
      vertex 37.2965 14.517 23.6
      vertex 37.3939 14.1243 23.3
      vertex 37.558 14.3755 23.6
    endloop
  endfacet
  facet normal -0.705819 -0.0591756 0.705917
    outer loop
      vertex 38.2727 12.7792 23.3
      vertex 38.5755 12.7463 23.6
      vertex 38.5686 12.8286 23.6
    endloop
  endfacet
  facet normal -0.70581 -0.0585316 0.705979
    outer loop
      vertex 38.5755 12.7463 23.6
      vertex 38.2727 12.7792 23.3
      vertex 38.3 12.45 23.3
    endloop
  endfacet
  facet normal 0.686683 -0.173696 0.705901
    outer loop
      vertex 34.0314 12.8286 23.6
      vertex 34.3273 12.7792 23.3
      vertex 34.1043 13.1168 23.6
    endloop
  endfacet
  facet normal -0.116729 0.698658 0.70587
    outer loop
      vertex 36.791 10.5112 23.3
      vertex 36.7832 10.2068 23.6
      vertex 36.8646 10.2204 23.6
    endloop
  endfacet
  facet normal -0.116044 0.698705 0.705936
    outer loop
      vertex 36.7338 10.5017 23.3
      vertex 36.7832 10.2068 23.6
      vertex 36.791 10.5112 23.3
    endloop
  endfacet
  facet normal -0.117533 0.698456 0.705936
    outer loop
      vertex 36.6902 10.4884 23.3059
      vertex 36.7832 10.2068 23.6
      vertex 36.7338 10.5017 23.3
    endloop
  endfacet
  facet normal -0.11614 0.6988 0.705825
    outer loop
      vertex 36.6032 10.4799 23.3
      vertex 36.7832 10.2068 23.6
      vertex 36.6902 10.4884 23.3059
    endloop
  endfacet
  facet normal -0.116921 0.698486 0.706008
    outer loop
      vertex 36.7832 10.2068 23.6
      vertex 36.6032 10.4799 23.3
      vertex 36.4652 10.4568 23.3
    endloop
  endfacet
  facet normal 0.337163 -0.622851 0.705959
    outer loop
      vertex 35.3035 14.517 23.6
      vertex 35.4966 14.2815 23.3
      vertex 35.3761 14.5563 23.6
    endloop
  endfacet
  facet normal 0.337078 -0.622908 0.705949
    outer loop
      vertex 35.4966 14.2815 23.3
      vertex 35.3035 14.517 23.6
      vertex 35.2061 14.1243 23.3
    endloop
  endfacet
  facet normal 0.230128 -0.669806 0.705975
    outer loop
      vertex 35.4542 14.5831 23.6
      vertex 35.6137 14.3217 23.3
      vertex 35.809 14.3888 23.3
    endloop
  endfacet
  facet normal 0.228385 -0.663552 0.712418
    outer loop
      vertex 35.5346 14.2978 23.303
      vertex 35.4966 14.2815 23.3
      vertex 35.5181 14.2889 23.3
    endloop
  endfacet
  facet normal 0.229274 -0.670208 0.705872
    outer loop
      vertex 35.6137 14.3217 23.3
      vertex 35.4542 14.5831 23.6
      vertex 35.5346 14.2978 23.303
    endloop
  endfacet
  facet normal 0.229913 -0.670008 0.705853
    outer loop
      vertex 35.3761 14.5563 23.6
      vertex 35.5346 14.2978 23.303
      vertex 35.4542 14.5831 23.6
    endloop
  endfacet
  facet normal 0.231365 -0.669322 0.70603
    outer loop
      vertex 35.5346 14.2978 23.303
      vertex 35.3761 14.5563 23.6
      vertex 35.4966 14.2815 23.3
    endloop
  endfacet
  facet normal -0.521154 -0.479709 0.705888
    outer loop
      vertex 37.6546 13.9214 23.3
      vertex 38.0591 13.9234 23.6
      vertex 37.8577 14.1422 23.6
    endloop
  endfacet
  facet normal 0.435052 0.558944 0.705912
    outer loop
      vertex 34.7423 10.7578 23.6
      vertex 34.9769 10.5752 23.6
      vertex 34.9454 10.9786 23.3
    endloop
  endfacet
  facet normal -0.521041 -0.479839 0.705883
    outer loop
      vertex 38.0591 13.9234 23.6
      vertex 37.8783 13.6784 23.3
      vertex 38.115 13.8627 23.6
    endloop
  endfacet
  facet normal -0.521089 -0.479797 0.705877
    outer loop
      vertex 38.0591 13.9234 23.6
      vertex 37.7714 13.7945 23.3
      vertex 37.8783 13.6784 23.3
    endloop
  endfacet
  facet normal -0.521304 -0.479467 0.705941
    outer loop
      vertex 38.0591 13.9234 23.6
      vertex 37.7142 13.8642 23.3051
      vertex 37.7714 13.7945 23.3
    endloop
  endfacet
  facet normal -0.520809 -0.480539 0.705578
    outer loop
      vertex 38.0591 13.9234 23.6
      vertex 37.6857 13.8876 23.3
      vertex 37.7142 13.8642 23.3051
    endloop
  endfacet
  facet normal -0.521201 -0.479567 0.70595
    outer loop
      vertex 37.6857 13.8876 23.3
      vertex 38.0591 13.9234 23.6
      vertex 37.6546 13.9214 23.3
    endloop
  endfacet
  facet normal 0.705927 0.0585414 0.705861
    outer loop
      vertex 34.0246 12.1537 23.6
      vertex 34.3273 12.1208 23.3
      vertex 34.3 12.45 23.3
    endloop
  endfacet
  facet normal 0.705925 0.0583267 0.705881
    outer loop
      vertex 34.3273 12.1208 23.3
      vertex 34.0246 12.1537 23.6
      vertex 34.0314 12.0714 23.6
    endloop
  endfacet
  facet normal -0.592765 -0.387742 0.705894
    outer loop
      vertex 37.8783 13.6784 23.3
      vertex 38.1602 13.7936 23.6
      vertex 38.115 13.8627 23.6
    endloop
  endfacet
  facet normal -0.593137 -0.387223 0.705866
    outer loop
      vertex 38.1602 13.7936 23.6
      vertex 37.9991 13.4935 23.3
      vertex 38.0589 13.4019 23.3
    endloop
  endfacet
  facet normal -0.592875 -0.387456 0.705959
    outer loop
      vertex 38.1602 13.7936 23.6
      vertex 37.9629 13.5611 23.3067
      vertex 37.9991 13.4935 23.3
    endloop
  endfacet
  facet normal -0.592543 -0.387829 0.706032
    outer loop
      vertex 38.1602 13.7936 23.6
      vertex 37.9235 13.6091 23.3
      vertex 37.9629 13.5611 23.3067
    endloop
  endfacet
  facet normal -0.593202 -0.386908 0.705984
    outer loop
      vertex 38.1602 13.7936 23.6
      vertex 37.8783 13.6784 23.3
      vertex 37.9235 13.6091 23.3
    endloop
  endfacet
  facet normal 0.435052 -0.558944 0.705912
    outer loop
      vertex 34.7423 14.1422 23.6
      vertex 34.9454 13.9214 23.3
      vertex 34.9769 14.3248 23.6
    endloop
  endfacet
  facet normal 0.521154 -0.479709 0.705888
    outer loop
      vertex 34.5409 13.9234 23.6
      vertex 34.9454 13.9214 23.3
      vertex 34.7423 14.1422 23.6
    endloop
  endfacet
  facet normal 0.520809 0.480539 0.705578
    outer loop
      vertex 34.5409 10.9766 23.6
      vertex 34.9143 11.0124 23.3
      vertex 34.8858 11.0358 23.3051
    endloop
  endfacet
  facet normal 0.521089 0.479797 0.705877
    outer loop
      vertex 34.5409 10.9766 23.6
      vertex 34.8286 11.1055 23.3
      vertex 34.7217 11.2216 23.3
    endloop
  endfacet
  facet normal 0.521201 0.479567 0.70595
    outer loop
      vertex 34.9143 11.0124 23.3
      vertex 34.5409 10.9766 23.6
      vertex 34.9454 10.9786 23.3
    endloop
  endfacet
  facet normal 0.521304 0.479467 0.705941
    outer loop
      vertex 34.8286 11.1055 23.3
      vertex 34.5409 10.9766 23.6
      vertex 34.8858 11.0358 23.3051
    endloop
  endfacet
  facet normal 0.521041 0.479839 0.705883
    outer loop
      vertex 34.5409 10.9766 23.6
      vertex 34.7217 11.2216 23.3
      vertex 34.485 11.0373 23.6
    endloop
  endfacet
  facet normal -0.434944 0.558969 0.705958
    outer loop
      vertex 37.459 10.8264 23.3
      vertex 37.6231 10.5752 23.6
      vertex 37.6546 10.9786 23.3
    endloop
  endfacet
  facet normal -0.434999 0.55893 0.705955
    outer loop
      vertex 37.4111 10.7871 23.3016
      vertex 37.6231 10.5752 23.6
      vertex 37.459 10.8264 23.3
    endloop
  endfacet
  facet normal -0.435175 0.558775 0.70597
    outer loop
      vertex 37.6231 10.5752 23.6
      vertex 37.4111 10.7871 23.3016
      vertex 37.558 10.5245 23.6
    endloop
  endfacet
  facet normal -0.442953 0.571345 0.69091
    outer loop
      vertex 37.3939 10.7757 23.3
      vertex 37.4111 10.7871 23.3016
      vertex 37.4028 10.7826 23.3
    endloop
  endfacet
  facet normal -0.43576 0.558386 0.705916
    outer loop
      vertex 37.4111 10.7871 23.3016
      vertex 37.3939 10.7757 23.3
      vertex 37.558 10.5245 23.6
    endloop
  endfacet
  facet normal -0.435052 0.558944 0.705912
    outer loop
      vertex 37.6231 10.5752 23.6
      vertex 37.8577 10.7578 23.6
      vertex 37.6546 10.9786 23.3
    endloop
  endfacet
  facet normal -0.231365 0.669322 0.70603
    outer loop
      vertex 37.0654 10.6022 23.303
      vertex 37.2239 10.3437 23.6
      vertex 37.1034 10.6185 23.3
    endloop
  endfacet
  facet normal -0.228385 0.663552 0.712418
    outer loop
      vertex 37.0654 10.6022 23.303
      vertex 37.1034 10.6185 23.3
      vertex 37.0819 10.6111 23.3
    endloop
  endfacet
  facet normal -0.229913 0.670008 0.705853
    outer loop
      vertex 37.2239 10.3437 23.6
      vertex 37.0654 10.6022 23.303
      vertex 37.1458 10.3169 23.6
    endloop
  endfacet
  facet normal -0.229274 0.670208 0.705872
    outer loop
      vertex 36.9863 10.5783 23.3
      vertex 37.1458 10.3169 23.6
      vertex 37.0654 10.6022 23.303
    endloop
  endfacet
  facet normal -0.230128 0.669806 0.705975
    outer loop
      vertex 37.1458 10.3169 23.6
      vertex 36.9863 10.5783 23.3
      vertex 36.791 10.5112 23.3
    endloop
  endfacet
  facet normal -0.337078 0.622908 0.705949
    outer loop
      vertex 37.1034 10.6185 23.3
      vertex 37.2965 10.383 23.6
      vertex 37.3939 10.7757 23.3
    endloop
  endfacet
  facet normal -0.337163 0.622851 0.705959
    outer loop
      vertex 37.2965 10.383 23.6
      vertex 37.1034 10.6185 23.3
      vertex 37.2239 10.3437 23.6
    endloop
  endfacet
  facet normal 0.442953 0.571345 0.69091
    outer loop
      vertex 35.1889 10.7871 23.3016
      vertex 35.2061 10.7757 23.3
      vertex 35.1972 10.7826 23.3
    endloop
  endfacet
  facet normal 0.43576 0.558386 0.705916
    outer loop
      vertex 35.1889 10.7871 23.3016
      vertex 35.042 10.5245 23.6
      vertex 35.2061 10.7757 23.3
    endloop
  endfacet
  facet normal 0.434999 0.55893 0.705955
    outer loop
      vertex 34.9769 10.5752 23.6
      vertex 35.1889 10.7871 23.3016
      vertex 35.141 10.8264 23.3
    endloop
  endfacet
  facet normal 0.435175 0.558775 0.70597
    outer loop
      vertex 35.1889 10.7871 23.3016
      vertex 34.9769 10.5752 23.6
      vertex 35.042 10.5245 23.6
    endloop
  endfacet
  facet normal 0.434944 0.558969 0.705958
    outer loop
      vertex 34.9769 10.5752 23.6
      vertex 35.141 10.8264 23.3
      vertex 34.9454 10.9786 23.3
    endloop
  endfacet
  facet normal 0 0.708314 0.705897
    outer loop
      vertex 36.4899 10.1579 23.6
      vertex 36.3 10.45 23.3069
      vertex 36.1101 10.1579 23.6
    endloop
  endfacet
  facet normal -0 0.708404 0.705807
    outer loop
      vertex 36.3694 10.4568 23.3
      vertex 36.4899 10.1579 23.6
      vertex 36.4652 10.4568 23.3
    endloop
  endfacet
  facet normal 0.000733375 0.708551 0.705659
    outer loop
      vertex 36.4899 10.1579 23.6
      vertex 36.3694 10.4568 23.3
      vertex 36.3 10.45 23.3069
    endloop
  endfacet
  facet normal -0.000733375 0.708551 0.705659
    outer loop
      vertex 36.2306 10.4568 23.3
      vertex 36.1101 10.1579 23.6
      vertex 36.3 10.45 23.3069
    endloop
  endfacet
  facet normal 0 0.708404 0.705807
    outer loop
      vertex 36.1101 10.1579 23.6
      vertex 36.2306 10.4568 23.3
      vertex 36.1348 10.4568 23.3
    endloop
  endfacet
  facet normal -0.116501 0.698768 0.705798
    outer loop
      vertex 36.4652 10.4568 23.3
      vertex 36.4899 10.1579 23.6
      vertex 36.7832 10.2068 23.6
    endloop
  endfacet
  facet normal 0 -0.708314 0.705897
    outer loop
      vertex 36.1101 14.7421 23.6
      vertex 36.3 14.45 23.3069
      vertex 36.4899 14.7421 23.6
    endloop
  endfacet
  facet normal 0 -0.708404 0.705807
    outer loop
      vertex 36.2306 14.4432 23.3
      vertex 36.1101 14.7421 23.6
      vertex 36.1348 14.4432 23.3
    endloop
  endfacet
  facet normal -0.000733375 -0.708551 0.705659
    outer loop
      vertex 36.1101 14.7421 23.6
      vertex 36.2306 14.4432 23.3
      vertex 36.3 14.45 23.3069
    endloop
  endfacet
  facet normal 0.000733375 -0.708551 0.705659
    outer loop
      vertex 36.3694 14.4432 23.3
      vertex 36.4899 14.7421 23.6
      vertex 36.3 14.45 23.3069
    endloop
  endfacet
  facet normal 0 -0.708404 0.705807
    outer loop
      vertex 36.4899 14.7421 23.6
      vertex 36.3694 14.4432 23.3
      vertex 36.4652 14.4432 23.3
    endloop
  endfacet
  facet normal -0.686485 -0.174196 0.70597
    outer loop
      vertex 38.1916 13.0994 23.3
      vertex 38.4957 13.1168 23.6
      vertex 38.4754 13.1968 23.6
    endloop
  endfacet
  facet normal -0.686784 -0.173571 0.705834
    outer loop
      vertex 38.4957 13.1168 23.6
      vertex 38.2616 12.8402 23.3042
      vertex 38.2727 12.7792 23.3
    endloop
  endfacet
  facet normal -0.685396 -0.173413 0.70722
    outer loop
      vertex 38.2727 12.7792 23.3
      vertex 38.2616 12.8402 23.3042
      vertex 38.2643 12.8124 23.3
    endloop
  endfacet
  facet normal -0.686565 -0.173897 0.705966
    outer loop
      vertex 38.4957 13.1168 23.6
      vertex 38.2356 12.9258 23.3
      vertex 38.2616 12.8402 23.3042
    endloop
  endfacet
  facet normal -0.686515 -0.174001 0.705989
    outer loop
      vertex 38.4957 13.1168 23.6
      vertex 38.1916 13.0994 23.3
      vertex 38.2356 12.9258 23.3
    endloop
  endfacet
  facet normal 0.116921 -0.698486 0.706008
    outer loop
      vertex 35.8168 14.6932 23.6
      vertex 35.9968 14.4201 23.3
      vertex 36.1348 14.4432 23.3
    endloop
  endfacet
  facet normal 0.11614 -0.6988 0.705825
    outer loop
      vertex 35.9968 14.4201 23.3
      vertex 35.8168 14.6932 23.6
      vertex 35.9098 14.4116 23.3059
    endloop
  endfacet
  facet normal 0.117533 -0.698456 0.705936
    outer loop
      vertex 35.8168 14.6932 23.6
      vertex 35.8662 14.3983 23.3
      vertex 35.9098 14.4116 23.3059
    endloop
  endfacet
  facet normal 0.116044 -0.698705 0.705936
    outer loop
      vertex 35.8168 14.6932 23.6
      vertex 35.809 14.3888 23.3
      vertex 35.8662 14.3983 23.3
    endloop
  endfacet
  facet normal 0.116729 -0.698658 0.70587
    outer loop
      vertex 35.809 14.3888 23.3
      vertex 35.8168 14.6932 23.6
      vertex 35.7354 14.6796 23.6
    endloop
  endfacet
  facet normal 0.88175 0.471718 0
    outer loop
      vertex -38.1088 11.6117 23.3
      vertex -38.1478 11.6846 17
      vertex -38.1478 11.6846 23.3064
    endloop
  endfacet
  facet normal 0.881889 0.471458 -3.86793e-06
    outer loop
      vertex -37.9991 11.4065 23.3
      vertex -38.1478 11.6846 17
      vertex -38.1088 11.6117 23.3
    endloop
  endfacet
  facet normal 0.881558 0.472077 -0
    outer loop
      vertex -37.9629 11.3389 17
      vertex -37.9991 11.4065 23.3
      vertex -37.9629 11.3389 23.3067
    endloop
  endfacet
  facet normal 0.881795 0.471634 6.1137e-06
    outer loop
      vertex -37.9991 11.4065 23.3
      vertex -37.9629 11.3389 17
      vertex -38.1478 11.6846 17
    endloop
  endfacet
  facet normal -0.0983236 0.995154 -1.5134e-05
    outer loop
      vertex -35.9968 10.4799 23.3
      vertex -35.9098 10.4884 17
      vertex -36.2306 10.4568 23.3
    endloop
  endfacet
  facet normal -0.0972382 0.995261 0
    outer loop
      vertex -35.9098 10.4884 17
      vertex -35.9968 10.4799 23.3
      vertex -35.9098 10.4884 23.3059
    endloop
  endfacet
  facet normal -0.097938 0.995193 4.6961e-06
    outer loop
      vertex -36.3 10.45 17
      vertex -36.2306 10.4568 23.3
      vertex -35.9098 10.4884 17
    endloop
  endfacet
  facet normal -0.0975157 0.995234 0
    outer loop
      vertex -36.2306 10.4568 23.3
      vertex -36.3 10.45 17
      vertex -36.3 10.45 23.3069
    endloop
  endfacet
  facet normal -0.995317 -0.0966675 0
    outer loop
      vertex -34.3384 12.8402 17
      vertex -34.3357 12.8124 23.3
      vertex -34.3384 12.8402 23.3042
    endloop
  endfacet
  facet normal -0.995193 -0.097938 -5.65961e-06
    outer loop
      vertex -34.3 12.45 17
      vertex -34.3357 12.8124 23.3
      vertex -34.3384 12.8402 17
    endloop
  endfacet
  facet normal -0.995183 -0.0980354 0
    outer loop
      vertex -34.3357 12.8124 23.3
      vertex -34.3 12.45 17
      vertex -34.3 12.45 23.3
    endloop
  endfacet
  facet normal 0.956836 0.290628 0
    outer loop
      vertex -38.2356 11.9742 23.3
      vertex -38.2616 12.0598 17
      vertex -38.2616 12.0598 23.3042
    endloop
  endfacet
  facet normal 0.956903 0.290409 -3.24337e-06
    outer loop
      vertex -38.1634 11.7363 23.3
      vertex -38.2616 12.0598 17
      vertex -38.2356 11.9742 23.3
    endloop
  endfacet
  facet normal 0.957366 0.288877 -0
    outer loop
      vertex -38.1478 11.6846 17
      vertex -38.1634 11.7363 23.3
      vertex -38.1478 11.6846 23.3064
    endloop
  endfacet
  facet normal 0.956951 0.290248 -1.22829e-05
    outer loop
      vertex -38.1634 11.7363 23.3
      vertex -38.1478 11.6846 17
      vertex -38.2616 12.0598 17
    endloop
  endfacet
  facet normal 0.995317 -0.0966675 0
    outer loop
      vertex -38.2643 12.8124 23.3
      vertex -38.2616 12.8402 17
      vertex -38.2616 12.8402 23.3042
    endloop
  endfacet
  facet normal 0.995183 -0.0980354 -6.0937e-06
    outer loop
      vertex -38.3 12.45 23.3
      vertex -38.2616 12.8402 17
      vertex -38.2643 12.8124 23.3
    endloop
  endfacet
  facet normal 0.995193 -0.097938 0
    outer loop
      vertex -38.2616 12.8402 17
      vertex -38.3 12.45 23.3
      vertex -38.3 12.45 17
    endloop
  endfacet
  facet normal 0.471344 0.881949 -1.14559e-05
    outer loop
      vertex -37.0819 10.6111 23.3
      vertex -37.0654 10.6022 17
      vertex -37.4028 10.7826 23.3
    endloop
  endfacet
  facet normal 0.474736 0.880128 -0
    outer loop
      vertex -37.0654 10.6022 17
      vertex -37.0819 10.6111 23.3
      vertex -37.0654 10.6022 23.303
    endloop
  endfacet
  facet normal 0.471634 0.881795 8.4944e-06
    outer loop
      vertex -37.4111 10.7871 17
      vertex -37.4028 10.7826 23.3
      vertex -37.0654 10.6022 17
    endloop
  endfacet
  facet normal 0.476624 0.879107 0
    outer loop
      vertex -37.4028 10.7826 23.3
      vertex -37.4111 10.7871 17
      vertex -37.4111 10.7871 23.3016
    endloop
  endfacet
  facet normal 0.772952 0.634465 0
    outer loop
      vertex -37.9235 11.2909 23.3
      vertex -37.9629 11.3389 17
      vertex -37.9629 11.3389 23.3067
    endloop
  endfacet
  facet normal 0.773121 0.634259 -2.62115e-06
    outer loop
      vertex -37.7714 11.1055 23.3
      vertex -37.9629 11.3389 17
      vertex -37.9235 11.2909 23.3
    endloop
  endfacet
  facet normal 0.773018 0.634385 -0
    outer loop
      vertex -37.7142 11.0358 17
      vertex -37.7714 11.1055 23.3
      vertex -37.7142 11.0358 23.3051
    endloop
  endfacet
  facet normal 0.77307 0.634321 1.18621e-06
    outer loop
      vertex -37.7714 11.1055 23.3
      vertex -37.7142 11.0358 17
      vertex -37.9629 11.3389 17
    endloop
  endfacet
  facet normal -0.956836 0.290628 0
    outer loop
      vertex -34.3384 12.0598 17
      vertex -34.3644 11.9742 23.3
      vertex -34.3384 12.0598 23.3042
    endloop
  endfacet
  facet normal -0.956903 0.290409 -3.24337e-06
    outer loop
      vertex -34.3384 12.0598 17
      vertex -34.4366 11.7363 23.3
      vertex -34.3644 11.9742 23.3
    endloop
  endfacet
  facet normal -0.956951 0.290248 -1.22829e-05
    outer loop
      vertex -34.4522 11.6846 17
      vertex -34.4366 11.7363 23.3
      vertex -34.3384 12.0598 17
    endloop
  endfacet
  facet normal -0.957366 0.288877 0
    outer loop
      vertex -34.4366 11.7363 23.3
      vertex -34.4522 11.6846 17
      vertex -34.4522 11.6846 23.3064
    endloop
  endfacet
  facet normal -0.957366 -0.288877 0
    outer loop
      vertex -34.4522 13.2154 17
      vertex -34.4366 13.1637 23.3
      vertex -34.4522 13.2154 23.3064
    endloop
  endfacet
  facet normal -0.956903 -0.290409 -1.37269e-05
    outer loop
      vertex -34.4522 13.2154 17
      vertex -34.3644 12.9258 23.3
      vertex -34.4366 13.1637 23.3
    endloop
  endfacet
  facet normal -0.956951 -0.290248 -5.63541e-06
    outer loop
      vertex -34.3384 12.8402 17
      vertex -34.3644 12.9258 23.3
      vertex -34.4522 13.2154 17
    endloop
  endfacet
  facet normal -0.956836 -0.290628 0
    outer loop
      vertex -34.3644 12.9258 23.3
      vertex -34.3384 12.8402 17
      vertex -34.3384 12.8402 23.3042
    endloop
  endfacet
  facet normal 0.995183 0.0980354 0
    outer loop
      vertex -38.2643 12.0876 23.3
      vertex -38.3 12.45 17
      vertex -38.3 12.45 23.3
    endloop
  endfacet
  facet normal 0.995317 0.0966675 -0
    outer loop
      vertex -38.2616 12.0598 17
      vertex -38.2643 12.0876 23.3
      vertex -38.2616 12.0598 23.3042
    endloop
  endfacet
  facet normal 0.995193 0.097938 -5.65961e-06
    outer loop
      vertex -38.2643 12.0876 23.3
      vertex -38.2616 12.0598 17
      vertex -38.3 12.45 17
    endloop
  endfacet
  facet normal -0.290302 -0.956935 -1.11229e-05
    outer loop
      vertex -35.8662 14.3983 23.3
      vertex -35.9098 14.4116 17
      vertex -35.6137 14.3217 23.3
    endloop
  endfacet
  facet normal -0.291773 -0.956488 0
    outer loop
      vertex -35.9098 14.4116 17
      vertex -35.8662 14.3983 23.3
      vertex -35.9098 14.4116 23.3059
    endloop
  endfacet
  facet normal -0.290248 -0.956951 -1.38861e-05
    outer loop
      vertex -35.5346 14.2978 17
      vertex -35.6137 14.3217 23.3
      vertex -35.9098 14.4116 17
    endloop
  endfacet
  facet normal -0.289235 -0.957258 0
    outer loop
      vertex -35.6137 14.3217 23.3
      vertex -35.5346 14.2978 17
      vertex -35.5346 14.2978 23.303
    endloop
  endfacet
  facet normal 0.0983236 0.995154 8.98581e-06
    outer loop
      vertex -36.3694 10.4568 23.3
      vertex -36.3 10.45 17
      vertex -36.6032 10.4799 23.3
    endloop
  endfacet
  facet normal 0.0975157 0.995234 -0
    outer loop
      vertex -36.3 10.45 17
      vertex -36.3694 10.4568 23.3
      vertex -36.3 10.45 23.3069
    endloop
  endfacet
  facet normal 0.097938 0.995193 -9.75655e-06
    outer loop
      vertex -36.6902 10.4884 17
      vertex -36.6032 10.4799 23.3
      vertex -36.3 10.45 17
    endloop
  endfacet
  facet normal 0.0972382 0.995261 0
    outer loop
      vertex -36.6032 10.4799 23.3
      vertex -36.6902 10.4884 17
      vertex -36.6902 10.4884 23.3059
    endloop
  endfacet
  facet normal 0.634296 -0.773091 2.04612e-06
    outer loop
      vertex -37.6857 13.8876 23.3
      vertex -37.7142 13.8642 17
      vertex -37.459 14.0736 23.3
    endloop
  endfacet
  facet normal 0.634566 -0.772869 0
    outer loop
      vertex -37.7142 13.8642 17
      vertex -37.6857 13.8876 23.3
      vertex -37.7142 13.8642 23.3051
    endloop
  endfacet
  facet normal 0.634321 -0.77307 3.64364e-07
    outer loop
      vertex -37.4111 14.1129 17
      vertex -37.459 14.0736 23.3
      vertex -37.7142 13.8642 17
    endloop
  endfacet
  facet normal 0.634292 -0.773094 0
    outer loop
      vertex -37.459 14.0736 23.3
      vertex -37.4111 14.1129 17
      vertex -37.4111 14.1129 23.3016
    endloop
  endfacet
  facet normal 0.0983236 -0.995154 -1.5134e-05
    outer loop
      vertex -36.6032 14.4201 23.3
      vertex -36.6902 14.4116 17
      vertex -36.3694 14.4432 23.3
    endloop
  endfacet
  facet normal 0.0972382 -0.995261 0
    outer loop
      vertex -36.6902 14.4116 17
      vertex -36.6032 14.4201 23.3
      vertex -36.6902 14.4116 23.3059
    endloop
  endfacet
  facet normal 0.097938 -0.995193 4.6961e-06
    outer loop
      vertex -36.3 14.45 17
      vertex -36.3694 14.4432 23.3
      vertex -36.6902 14.4116 17
    endloop
  endfacet
  facet normal 0.0975157 -0.995234 0
    outer loop
      vertex -36.3694 14.4432 23.3
      vertex -36.3 14.45 17
      vertex -36.3 14.45 23.3069
    endloop
  endfacet
  facet normal -0.995183 0.0980354 0
    outer loop
      vertex -34.3 12.45 17
      vertex -34.3357 12.0876 23.3
      vertex -34.3 12.45 23.3
    endloop
  endfacet
  facet normal -0.995193 0.097938 -5.65961e-06
    outer loop
      vertex -34.3384 12.0598 17
      vertex -34.3357 12.0876 23.3
      vertex -34.3 12.45 17
    endloop
  endfacet
  facet normal -0.995317 0.0966675 0
    outer loop
      vertex -34.3357 12.0876 23.3
      vertex -34.3384 12.0598 17
      vertex -34.3384 12.0598 23.3042
    endloop
  endfacet
  facet normal -0.634296 -0.773091 4.8717e-08
    outer loop
      vertex -35.141 14.0736 23.3
      vertex -35.1889 14.1129 17
      vertex -34.9143 13.8876 23.3
    endloop
  endfacet
  facet normal -0.634292 -0.773094 0
    outer loop
      vertex -35.1889 14.1129 17
      vertex -35.141 14.0736 23.3
      vertex -35.1889 14.1129 23.3016
    endloop
  endfacet
  facet normal -0.634321 -0.77307 1.85825e-06
    outer loop
      vertex -34.8858 13.8642 17
      vertex -34.9143 13.8876 23.3
      vertex -35.1889 14.1129 17
    endloop
  endfacet
  facet normal -0.634566 -0.772869 0
    outer loop
      vertex -34.9143 13.8876 23.3
      vertex -34.8858 13.8642 17
      vertex -34.8858 13.8642 23.3051
    endloop
  endfacet
  facet normal -0.290302 0.956935 -1.4624e-05
    outer loop
      vertex -35.6137 10.5783 23.3
      vertex -35.5346 10.6022 17
      vertex -35.8662 10.5017 23.3
    endloop
  endfacet
  facet normal -0.289235 0.957258 0
    outer loop
      vertex -35.5346 10.6022 17
      vertex -35.6137 10.5783 23.3
      vertex -35.5346 10.6022 23.303
    endloop
  endfacet
  facet normal -0.290248 0.956951 -1.15299e-05
    outer loop
      vertex -35.9098 10.4884 17
      vertex -35.8662 10.5017 23.3
      vertex -35.5346 10.6022 17
    endloop
  endfacet
  facet normal -0.291773 0.956488 0
    outer loop
      vertex -35.8662 10.5017 23.3
      vertex -35.9098 10.4884 17
      vertex -35.9098 10.4884 23.3059
    endloop
  endfacet
  facet normal 0.471344 -0.881949 8.98671e-06
    outer loop
      vertex -37.4028 14.1174 23.3
      vertex -37.4111 14.1129 17
      vertex -37.0819 14.2889 23.3
    endloop
  endfacet
  facet normal 0.476624 -0.879107 0
    outer loop
      vertex -37.4111 14.1129 17
      vertex -37.4028 14.1174 23.3
      vertex -37.4111 14.1129 23.3016
    endloop
  endfacet
  facet normal 0.471634 -0.881795 -1.04783e-05
    outer loop
      vertex -37.0654 14.2978 17
      vertex -37.0819 14.2889 23.3
      vertex -37.4111 14.1129 17
    endloop
  endfacet
  facet normal 0.474736 -0.880128 0
    outer loop
      vertex -37.0819 14.2889 23.3
      vertex -37.0654 14.2978 17
      vertex -37.0654 14.2978 23.303
    endloop
  endfacet
  facet normal 0.290302 0.956935 -1.11229e-05
    outer loop
      vertex -36.7338 10.5017 23.3
      vertex -36.6902 10.4884 17
      vertex -36.9863 10.5783 23.3
    endloop
  endfacet
  facet normal 0.291773 0.956488 -0
    outer loop
      vertex -36.6902 10.4884 17
      vertex -36.7338 10.5017 23.3
      vertex -36.6902 10.4884 23.3059
    endloop
  endfacet
  facet normal 0.290248 0.956951 -1.38861e-05
    outer loop
      vertex -37.0654 10.6022 17
      vertex -36.9863 10.5783 23.3
      vertex -36.6902 10.4884 17
    endloop
  endfacet
  facet normal 0.289235 0.957258 0
    outer loop
      vertex -36.9863 10.5783 23.3
      vertex -37.0654 10.6022 17
      vertex -37.0654 10.6022 23.303
    endloop
  endfacet
  facet normal 0.634296 0.773091 4.8717e-08
    outer loop
      vertex -37.459 10.8264 23.3
      vertex -37.4111 10.7871 17
      vertex -37.6857 11.0124 23.3
    endloop
  endfacet
  facet normal 0.634292 0.773094 -0
    outer loop
      vertex -37.4111 10.7871 17
      vertex -37.459 10.8264 23.3
      vertex -37.4111 10.7871 23.3016
    endloop
  endfacet
  facet normal 0.634321 0.77307 1.85825e-06
    outer loop
      vertex -37.7142 11.0358 17
      vertex -37.6857 11.0124 23.3
      vertex -37.4111 10.7871 17
    endloop
  endfacet
  facet normal 0.634566 0.772869 0
    outer loop
      vertex -37.6857 11.0124 23.3
      vertex -37.7142 11.0358 17
      vertex -37.7142 11.0358 23.3051
    endloop
  endfacet
  facet normal -0.772952 0.634465 0
    outer loop
      vertex -34.6371 11.3389 17
      vertex -34.6765 11.2909 23.3
      vertex -34.6371 11.3389 23.3067
    endloop
  endfacet
  facet normal -0.773121 0.634259 -2.62115e-06
    outer loop
      vertex -34.6371 11.3389 17
      vertex -34.8286 11.1055 23.3
      vertex -34.6765 11.2909 23.3
    endloop
  endfacet
  facet normal -0.77307 0.634321 1.18621e-06
    outer loop
      vertex -34.8858 11.0358 17
      vertex -34.8286 11.1055 23.3
      vertex -34.6371 11.3389 17
    endloop
  endfacet
  facet normal -0.773018 0.634385 0
    outer loop
      vertex -34.8286 11.1055 23.3
      vertex -34.8858 11.0358 17
      vertex -34.8858 11.0358 23.3051
    endloop
  endfacet
  facet normal -0.634296 0.773091 2.04612e-06
    outer loop
      vertex -34.9143 11.0124 23.3
      vertex -34.8858 11.0358 17
      vertex -35.141 10.8264 23.3
    endloop
  endfacet
  facet normal -0.634566 0.772869 0
    outer loop
      vertex -34.8858 11.0358 17
      vertex -34.9143 11.0124 23.3
      vertex -34.8858 11.0358 23.3051
    endloop
  endfacet
  facet normal -0.634321 0.77307 3.64364e-07
    outer loop
      vertex -35.1889 10.7871 17
      vertex -35.141 10.8264 23.3
      vertex -34.8858 11.0358 17
    endloop
  endfacet
  facet normal -0.634292 0.773094 0
    outer loop
      vertex -35.141 10.8264 23.3
      vertex -35.1889 10.7871 17
      vertex -35.1889 10.7871 23.3016
    endloop
  endfacet
  facet normal -0.471344 0.881949 8.98671e-06
    outer loop
      vertex -35.1972 10.7826 23.3
      vertex -35.1889 10.7871 17
      vertex -35.5181 10.6111 23.3
    endloop
  endfacet
  facet normal -0.476624 0.879107 0
    outer loop
      vertex -35.1889 10.7871 17
      vertex -35.1972 10.7826 23.3
      vertex -35.1889 10.7871 23.3016
    endloop
  endfacet
  facet normal -0.471634 0.881795 -1.04783e-05
    outer loop
      vertex -35.5346 10.6022 17
      vertex -35.5181 10.6111 23.3
      vertex -35.1889 10.7871 17
    endloop
  endfacet
  facet normal -0.474736 0.880128 0
    outer loop
      vertex -35.5181 10.6111 23.3
      vertex -35.5346 10.6022 17
      vertex -35.5346 10.6022 23.303
    endloop
  endfacet
  facet normal 0 0 1
    outer loop
      vertex -34.3384 12.8402 17
      vertex -34.3384 12.0598 17
      vertex -34.3 12.45 17
    endloop
  endfacet
  facet normal 0 0 1
    outer loop
      vertex -34.4522 13.2154 17
      vertex -34.3384 12.0598 17
      vertex -34.3384 12.8402 17
    endloop
  endfacet
  facet normal 0 0 1
    outer loop
      vertex -34.4522 13.2154 17
      vertex -34.4522 11.6846 17
      vertex -34.3384 12.0598 17
    endloop
  endfacet
  facet normal 0 0 1
    outer loop
      vertex -34.6371 13.5611 17
      vertex -34.4522 11.6846 17
      vertex -34.4522 13.2154 17
    endloop
  endfacet
  facet normal 0 0 1
    outer loop
      vertex -34.6371 13.5611 17
      vertex -34.6371 11.3389 17
      vertex -34.4522 11.6846 17
    endloop
  endfacet
  facet normal 0 0 1
    outer loop
      vertex -34.8858 13.8642 17
      vertex -34.6371 11.3389 17
      vertex -34.6371 13.5611 17
    endloop
  endfacet
  facet normal 0 0 1
    outer loop
      vertex -34.8858 13.8642 17
      vertex -34.8858 11.0358 17
      vertex -34.6371 11.3389 17
    endloop
  endfacet
  facet normal 0 0 1
    outer loop
      vertex -35.1889 14.1129 17
      vertex -34.8858 11.0358 17
      vertex -34.8858 13.8642 17
    endloop
  endfacet
  facet normal 0 0 1
    outer loop
      vertex -35.1889 14.1129 17
      vertex -35.1889 10.7871 17
      vertex -34.8858 11.0358 17
    endloop
  endfacet
  facet normal 0 0 1
    outer loop
      vertex -35.5346 14.2978 17
      vertex -35.1889 10.7871 17
      vertex -35.1889 14.1129 17
    endloop
  endfacet
  facet normal 0 0 1
    outer loop
      vertex -35.5346 14.2978 17
      vertex -35.5346 10.6022 17
      vertex -35.1889 10.7871 17
    endloop
  endfacet
  facet normal 0 0 1
    outer loop
      vertex -35.9098 14.4116 17
      vertex -35.5346 10.6022 17
      vertex -35.5346 14.2978 17
    endloop
  endfacet
  facet normal 0 0 1
    outer loop
      vertex -35.9098 14.4116 17
      vertex -35.9098 10.4884 17
      vertex -35.5346 10.6022 17
    endloop
  endfacet
  facet normal 0 0 1
    outer loop
      vertex -36.3 14.45 17
      vertex -35.9098 10.4884 17
      vertex -35.9098 14.4116 17
    endloop
  endfacet
  facet normal 0 0 1
    outer loop
      vertex -36.3 14.45 17
      vertex -36.3 10.45 17
      vertex -35.9098 10.4884 17
    endloop
  endfacet
  facet normal -0 0 1
    outer loop
      vertex -36.6902 14.4116 17
      vertex -36.3 10.45 17
      vertex -36.3 14.45 17
    endloop
  endfacet
  facet normal 0 0 1
    outer loop
      vertex -36.6902 14.4116 17
      vertex -36.6902 10.4884 17
      vertex -36.3 10.45 17
    endloop
  endfacet
  facet normal -0 0 1
    outer loop
      vertex -37.0654 14.2978 17
      vertex -36.6902 10.4884 17
      vertex -36.6902 14.4116 17
    endloop
  endfacet
  facet normal 0 0 1
    outer loop
      vertex -37.0654 14.2978 17
      vertex -37.0654 10.6022 17
      vertex -36.6902 10.4884 17
    endloop
  endfacet
  facet normal -0 0 1
    outer loop
      vertex -37.4111 14.1129 17
      vertex -37.0654 10.6022 17
      vertex -37.0654 14.2978 17
    endloop
  endfacet
  facet normal 0 0 1
    outer loop
      vertex -37.4111 14.1129 17
      vertex -37.4111 10.7871 17
      vertex -37.0654 10.6022 17
    endloop
  endfacet
  facet normal -0 0 1
    outer loop
      vertex -37.7142 13.8642 17
      vertex -37.4111 10.7871 17
      vertex -37.4111 14.1129 17
    endloop
  endfacet
  facet normal 0 0 1
    outer loop
      vertex -37.7142 13.8642 17
      vertex -37.7142 11.0358 17
      vertex -37.4111 10.7871 17
    endloop
  endfacet
  facet normal -0 0 1
    outer loop
      vertex -37.9629 13.5611 17
      vertex -37.7142 11.0358 17
      vertex -37.7142 13.8642 17
    endloop
  endfacet
  facet normal 0 0 1
    outer loop
      vertex -37.9629 13.5611 17
      vertex -37.9629 11.3389 17
      vertex -37.7142 11.0358 17
    endloop
  endfacet
  facet normal -0 0 1
    outer loop
      vertex -38.1478 13.2154 17
      vertex -37.9629 11.3389 17
      vertex -37.9629 13.5611 17
    endloop
  endfacet
  facet normal 0 0 1
    outer loop
      vertex -38.1478 13.2154 17
      vertex -38.1478 11.6846 17
      vertex -37.9629 11.3389 17
    endloop
  endfacet
  facet normal -0 0 1
    outer loop
      vertex -38.2616 12.8402 17
      vertex -38.1478 11.6846 17
      vertex -38.1478 13.2154 17
    endloop
  endfacet
  facet normal 0 0 1
    outer loop
      vertex -38.2616 12.8402 17
      vertex -38.2616 12.0598 17
      vertex -38.1478 11.6846 17
    endloop
  endfacet
  facet normal 0 -0 1
    outer loop
      vertex -38.2616 12.0598 17
      vertex -38.2616 12.8402 17
      vertex -38.3 12.45 17
    endloop
  endfacet
  facet normal -0.773018 -0.634385 0
    outer loop
      vertex -34.8858 13.8642 17
      vertex -34.8286 13.7945 23.3
      vertex -34.8858 13.8642 23.3051
    endloop
  endfacet
  facet normal -0.773121 -0.634259 2.32329e-06
    outer loop
      vertex -34.8858 13.8642 17
      vertex -34.6765 13.6091 23.3
      vertex -34.8286 13.7945 23.3
    endloop
  endfacet
  facet normal -0.77307 -0.634321 -1.83801e-06
    outer loop
      vertex -34.6371 13.5611 17
      vertex -34.6765 13.6091 23.3
      vertex -34.8858 13.8642 17
    endloop
  endfacet
  facet normal -0.772952 -0.634465 0
    outer loop
      vertex -34.6765 13.6091 23.3
      vertex -34.6371 13.5611 17
      vertex -34.6371 13.5611 23.3067
    endloop
  endfacet
  facet normal -0.881558 -0.472077 0
    outer loop
      vertex -34.6371 13.5611 17
      vertex -34.6009 13.4935 23.3
      vertex -34.6371 13.5611 23.3067
    endloop
  endfacet
  facet normal -0.881889 -0.471458 8.54083e-06
    outer loop
      vertex -34.6371 13.5611 17
      vertex -34.4912 13.2883 23.3
      vertex -34.6009 13.4935 23.3
    endloop
  endfacet
  facet normal -0.881795 -0.471634 -1.25108e-06
    outer loop
      vertex -34.4522 13.2154 17
      vertex -34.4912 13.2883 23.3
      vertex -34.6371 13.5611 17
    endloop
  endfacet
  facet normal -0.88175 -0.471718 0
    outer loop
      vertex -34.4912 13.2883 23.3
      vertex -34.4522 13.2154 17
      vertex -34.4522 13.2154 23.3064
    endloop
  endfacet
  facet normal 0.290302 -0.956935 -1.4624e-05
    outer loop
      vertex -36.9863 14.3217 23.3
      vertex -37.0654 14.2978 17
      vertex -36.7338 14.3983 23.3
    endloop
  endfacet
  facet normal 0.289235 -0.957258 0
    outer loop
      vertex -37.0654 14.2978 17
      vertex -36.9863 14.3217 23.3
      vertex -37.0654 14.2978 23.303
    endloop
  endfacet
  facet normal 0.290248 -0.956951 -1.15299e-05
    outer loop
      vertex -36.6902 14.4116 17
      vertex -36.7338 14.3983 23.3
      vertex -37.0654 14.2978 17
    endloop
  endfacet
  facet normal 0.291773 -0.956488 0
    outer loop
      vertex -36.7338 14.3983 23.3
      vertex -36.6902 14.4116 17
      vertex -36.6902 14.4116 23.3059
    endloop
  endfacet
  facet normal -0.88175 0.471718 0
    outer loop
      vertex -34.4522 11.6846 17
      vertex -34.4912 11.6117 23.3
      vertex -34.4522 11.6846 23.3064
    endloop
  endfacet
  facet normal -0.881889 0.471458 -3.86793e-06
    outer loop
      vertex -34.4522 11.6846 17
      vertex -34.6009 11.4065 23.3
      vertex -34.4912 11.6117 23.3
    endloop
  endfacet
  facet normal -0.881795 0.471634 6.1137e-06
    outer loop
      vertex -34.6371 11.3389 17
      vertex -34.6009 11.4065 23.3
      vertex -34.4522 11.6846 17
    endloop
  endfacet
  facet normal -0.881558 0.472077 0
    outer loop
      vertex -34.6009 11.4065 23.3
      vertex -34.6371 11.3389 17
      vertex -34.6371 11.3389 23.3067
    endloop
  endfacet
  facet normal 0.773018 -0.634385 0
    outer loop
      vertex -37.7714 13.7945 23.3
      vertex -37.7142 13.8642 17
      vertex -37.7142 13.8642 23.3051
    endloop
  endfacet
  facet normal 0.773121 -0.634259 2.32329e-06
    outer loop
      vertex -37.9235 13.6091 23.3
      vertex -37.7142 13.8642 17
      vertex -37.7714 13.7945 23.3
    endloop
  endfacet
  facet normal 0.772952 -0.634465 0
    outer loop
      vertex -37.9629 13.5611 17
      vertex -37.9235 13.6091 23.3
      vertex -37.9629 13.5611 23.3067
    endloop
  endfacet
  facet normal 0.77307 -0.634321 -1.83801e-06
    outer loop
      vertex -37.9235 13.6091 23.3
      vertex -37.9629 13.5611 17
      vertex -37.7142 13.8642 17
    endloop
  endfacet
  facet normal -0.0983236 -0.995154 8.98581e-06
    outer loop
      vertex -36.2306 14.4432 23.3
      vertex -36.3 14.45 17
      vertex -35.9968 14.4201 23.3
    endloop
  endfacet
  facet normal -0.0975157 -0.995234 0
    outer loop
      vertex -36.3 14.45 17
      vertex -36.2306 14.4432 23.3
      vertex -36.3 14.45 23.3069
    endloop
  endfacet
  facet normal -0.097938 -0.995193 -9.75655e-06
    outer loop
      vertex -35.9098 14.4116 17
      vertex -35.9968 14.4201 23.3
      vertex -36.3 14.45 17
    endloop
  endfacet
  facet normal -0.0972382 -0.995261 0
    outer loop
      vertex -35.9968 14.4201 23.3
      vertex -35.9098 14.4116 17
      vertex -35.9098 14.4116 23.3059
    endloop
  endfacet
  facet normal -0.471344 -0.881949 -1.14559e-05
    outer loop
      vertex -35.5181 14.2889 23.3
      vertex -35.5346 14.2978 17
      vertex -35.1972 14.1174 23.3
    endloop
  endfacet
  facet normal -0.474736 -0.880128 0
    outer loop
      vertex -35.5346 14.2978 17
      vertex -35.5181 14.2889 23.3
      vertex -35.5346 14.2978 23.303
    endloop
  endfacet
  facet normal -0.471634 -0.881795 8.4944e-06
    outer loop
      vertex -35.1889 14.1129 17
      vertex -35.1972 14.1174 23.3
      vertex -35.5346 14.2978 17
    endloop
  endfacet
  facet normal -0.476624 -0.879107 0
    outer loop
      vertex -35.1972 14.1174 23.3
      vertex -35.1889 14.1129 17
      vertex -35.1889 14.1129 23.3016
    endloop
  endfacet
  facet normal 0.881558 -0.472077 0
    outer loop
      vertex -37.9991 13.4935 23.3
      vertex -37.9629 13.5611 17
      vertex -37.9629 13.5611 23.3067
    endloop
  endfacet
  facet normal 0.881889 -0.471458 8.54083e-06
    outer loop
      vertex -38.1088 13.2883 23.3
      vertex -37.9629 13.5611 17
      vertex -37.9991 13.4935 23.3
    endloop
  endfacet
  facet normal 0.88175 -0.471718 0
    outer loop
      vertex -38.1478 13.2154 17
      vertex -38.1088 13.2883 23.3
      vertex -38.1478 13.2154 23.3064
    endloop
  endfacet
  facet normal 0.881795 -0.471634 -1.25108e-06
    outer loop
      vertex -38.1088 13.2883 23.3
      vertex -38.1478 13.2154 17
      vertex -37.9629 13.5611 17
    endloop
  endfacet
  facet normal 0.957366 -0.288877 0
    outer loop
      vertex -38.1634 13.1637 23.3
      vertex -38.1478 13.2154 17
      vertex -38.1478 13.2154 23.3064
    endloop
  endfacet
  facet normal 0.956903 -0.290409 -1.37269e-05
    outer loop
      vertex -38.2356 12.9258 23.3
      vertex -38.1478 13.2154 17
      vertex -38.1634 13.1637 23.3
    endloop
  endfacet
  facet normal 0.956836 -0.290628 0
    outer loop
      vertex -38.2616 12.8402 17
      vertex -38.2356 12.9258 23.3
      vertex -38.2616 12.8402 23.3042
    endloop
  endfacet
  facet normal 0.956951 -0.290248 -5.63541e-06
    outer loop
      vertex -38.2356 12.9258 23.3
      vertex -38.2616 12.8402 17
      vertex -38.1478 13.2154 17
    endloop
  endfacet
  facet normal 0.705901 0.0583685 0.705901
    outer loop
      vertex -38.6 12.45 23.6
      vertex -38.5755 12.1537 23.6
      vertex -38.3 12.45 23.3
    endloop
  endfacet
  facet normal 0.592936 -0.38735 0.705965
    outer loop
      vertex -38.3228 13.5447 23.6
      vertex -38.0589 13.4019 23.3
      vertex -38.1602 13.7936 23.6
    endloop
  endfacet
  facet normal 0.521201 -0.479567 0.70595
    outer loop
      vertex -38.0591 13.9234 23.6
      vertex -37.6857 13.8876 23.3
      vertex -37.6546 13.9214 23.3
    endloop
  endfacet
  facet normal 0.521304 -0.479467 0.705941
    outer loop
      vertex -38.0591 13.9234 23.6
      vertex -37.7714 13.7945 23.3
      vertex -37.7142 13.8642 23.3051
    endloop
  endfacet
  facet normal 0.520809 -0.480539 0.705578
    outer loop
      vertex -37.6857 13.8876 23.3
      vertex -38.0591 13.9234 23.6
      vertex -37.7142 13.8642 23.3051
    endloop
  endfacet
  facet normal 0.521089 -0.479797 0.705877
    outer loop
      vertex -37.7714 13.7945 23.3
      vertex -38.0591 13.9234 23.6
      vertex -37.8783 13.6784 23.3
    endloop
  endfacet
  facet normal 0.521041 -0.479839 0.705883
    outer loop
      vertex -37.8783 13.6784 23.3
      vertex -38.0591 13.9234 23.6
      vertex -38.115 13.8627 23.6
    endloop
  endfacet
  facet normal -0.648632 -0.284417 0.705963
    outer loop
      vertex -34.5411 13.4019 23.3
      vertex -34.1578 13.2724 23.6
      vertex -34.2772 13.5447 23.6
    endloop
  endfacet
  facet normal -0.116501 -0.698768 0.705798
    outer loop
      vertex -36.1348 14.4432 23.3
      vertex -35.8168 14.6932 23.6
      vertex -36.1101 14.7421 23.6
    endloop
  endfacet
  facet normal -0.686683 0.173696 0.705901
    outer loop
      vertex -34.3273 12.1208 23.3
      vertex -34.1043 11.7832 23.6
      vertex -34.0314 12.0714 23.6
    endloop
  endfacet
  facet normal 0.229925 0.669998 0.705859
    outer loop
      vertex -37.1458 10.3169 23.6
      vertex -36.8646 10.2204 23.6
      vertex -36.791 10.5112 23.3
    endloop
  endfacet
  facet normal 0.592543 0.387829 0.706032
    outer loop
      vertex -38.1602 11.1064 23.6
      vertex -37.9235 11.2909 23.3
      vertex -37.9629 11.3389 23.3067
    endloop
  endfacet
  facet normal 0.593137 0.387223 0.705866
    outer loop
      vertex -38.1602 11.1064 23.6
      vertex -37.9991 11.4065 23.3
      vertex -38.0589 11.4981 23.3
    endloop
  endfacet
  facet normal 0.593202 0.386908 0.705984
    outer loop
      vertex -37.9235 11.2909 23.3
      vertex -38.1602 11.1064 23.6
      vertex -37.8783 11.2216 23.3
    endloop
  endfacet
  facet normal 0.592875 0.387456 0.705959
    outer loop
      vertex -37.9991 11.4065 23.3
      vertex -38.1602 11.1064 23.6
      vertex -37.9629 11.3389 23.3067
    endloop
  endfacet
  facet normal 0.592765 0.387742 0.705894
    outer loop
      vertex -37.8783 11.2216 23.3
      vertex -38.1602 11.1064 23.6
      vertex -38.115 11.0373 23.6
    endloop
  endfacet
  facet normal -0.592936 -0.38735 0.705965
    outer loop
      vertex -34.5411 13.4019 23.3
      vertex -34.2772 13.5447 23.6
      vertex -34.4398 13.7936 23.6
    endloop
  endfacet
  facet normal -0.116729 -0.698658 0.70587
    outer loop
      vertex -35.8168 14.6932 23.6
      vertex -35.809 14.3888 23.3
      vertex -35.7354 14.6796 23.6
    endloop
  endfacet
  facet normal -0.116044 -0.698705 0.705936
    outer loop
      vertex -35.8168 14.6932 23.6
      vertex -35.8662 14.3983 23.3
      vertex -35.809 14.3888 23.3
    endloop
  endfacet
  facet normal -0.117533 -0.698456 0.705936
    outer loop
      vertex -35.8168 14.6932 23.6
      vertex -35.9098 14.4116 23.3059
      vertex -35.8662 14.3983 23.3
    endloop
  endfacet
  facet normal -0.11614 -0.6988 0.705825
    outer loop
      vertex -35.8168 14.6932 23.6
      vertex -35.9968 14.4201 23.3
      vertex -35.9098 14.4116 23.3059
    endloop
  endfacet
  facet normal -0.116921 -0.698486 0.706008
    outer loop
      vertex -35.9968 14.4201 23.3
      vertex -35.8168 14.6932 23.6
      vertex -36.1348 14.4432 23.3
    endloop
  endfacet
  facet normal -0.337163 -0.622851 0.705959
    outer loop
      vertex -35.4966 14.2815 23.3
      vertex -35.3035 14.517 23.6
      vertex -35.3761 14.5563 23.6
    endloop
  endfacet
  facet normal -0.337078 -0.622908 0.705949
    outer loop
      vertex -35.3035 14.517 23.6
      vertex -35.4966 14.2815 23.3
      vertex -35.2061 14.1243 23.3
    endloop
  endfacet
  facet normal -0.435052 -0.558944 0.705912
    outer loop
      vertex -34.9769 14.3248 23.6
      vertex -34.9454 13.9214 23.3
      vertex -34.7423 14.1422 23.6
    endloop
  endfacet
  facet normal 0.686515 -0.174001 0.705989
    outer loop
      vertex -38.4957 13.1168 23.6
      vertex -38.2356 12.9258 23.3
      vertex -38.1916 13.0994 23.3
    endloop
  endfacet
  facet normal 0.685396 -0.173413 0.70722
    outer loop
      vertex -38.2616 12.8402 23.3042
      vertex -38.2727 12.7792 23.3
      vertex -38.2643 12.8124 23.3
    endloop
  endfacet
  facet normal 0.686485 -0.174196 0.70597
    outer loop
      vertex -38.4957 13.1168 23.6
      vertex -38.1916 13.0994 23.3
      vertex -38.4754 13.1968 23.6
    endloop
  endfacet
  facet normal 0.686565 -0.173897 0.705966
    outer loop
      vertex -38.2356 12.9258 23.3
      vertex -38.4957 13.1168 23.6
      vertex -38.2616 12.8402 23.3042
    endloop
  endfacet
  facet normal 0.686784 -0.173571 0.705834
    outer loop
      vertex -38.2616 12.8402 23.3042
      vertex -38.4957 13.1168 23.6
      vertex -38.2727 12.7792 23.3
    endloop
  endfacet
  facet normal -0.521154 0.479709 0.705888
    outer loop
      vertex -34.9454 10.9786 23.3
      vertex -34.7423 10.7578 23.6
      vertex -34.5409 10.9766 23.6
    endloop
  endfacet
  facet normal 0.705901 -0.0583685 0.705901
    outer loop
      vertex -38.6 12.45 23.6
      vertex -38.3 12.45 23.3
      vertex -38.5755 12.7463 23.6
    endloop
  endfacet
  facet normal 0.705819 -0.0591756 0.705917
    outer loop
      vertex -38.5755 12.7463 23.6
      vertex -38.2727 12.7792 23.3
      vertex -38.5686 12.8286 23.6
    endloop
  endfacet
  facet normal 0.70581 -0.0585316 0.705979
    outer loop
      vertex -38.2727 12.7792 23.3
      vertex -38.5755 12.7463 23.6
      vertex -38.3 12.45 23.3
    endloop
  endfacet
  facet normal 0.116501 0.698768 0.705798
    outer loop
      vertex -36.7832 10.2068 23.6
      vertex -36.4899 10.1579 23.6
      vertex -36.4652 10.4568 23.3
    endloop
  endfacet
  facet normal -0.592936 0.38735 0.705965
    outer loop
      vertex -34.5411 11.4981 23.3
      vertex -34.4398 11.1064 23.6
      vertex -34.2772 11.3553 23.6
    endloop
  endfacet
  facet normal -0.705891 -0.0586059 0.705891
    outer loop
      vertex -34.3 12.45 23.3
      vertex -34 12.45 23.6
      vertex -34.0246 12.7463 23.6
    endloop
  endfacet
  facet normal 0.337062 -0.622909 0.705956
    outer loop
      vertex -37.558 14.3755 23.6
      vertex -37.3939 14.1243 23.3
      vertex -37.2965 14.517 23.6
    endloop
  endfacet
  facet normal -0.686683 -0.173696 0.705901
    outer loop
      vertex -34.3273 12.7792 23.3
      vertex -34.0314 12.8286 23.6
      vertex -34.1043 13.1168 23.6
    endloop
  endfacet
  facet normal 0.592936 0.38735 0.705965
    outer loop
      vertex -38.3228 11.3553 23.6
      vertex -38.1602 11.1064 23.6
      vertex -38.0589 11.4981 23.3
    endloop
  endfacet
  facet normal -0.705891 0.0586059 0.705891
    outer loop
      vertex -34.3 12.45 23.3
      vertex -34.0246 12.1537 23.6
      vertex -34 12.45 23.6
    endloop
  endfacet
  facet normal -0.593137 0.387223 0.705866
    outer loop
      vertex -34.6009 11.4065 23.3
      vertex -34.4398 11.1064 23.6
      vertex -34.5411 11.4981 23.3
    endloop
  endfacet
  facet normal -0.592875 0.387456 0.705959
    outer loop
      vertex -34.6371 11.3389 23.3067
      vertex -34.4398 11.1064 23.6
      vertex -34.6009 11.4065 23.3
    endloop
  endfacet
  facet normal -0.592543 0.387829 0.706032
    outer loop
      vertex -34.6765 11.2909 23.3
      vertex -34.4398 11.1064 23.6
      vertex -34.6371 11.3389 23.3067
    endloop
  endfacet
  facet normal -0.593202 0.386908 0.705984
    outer loop
      vertex -34.7217 11.2216 23.3
      vertex -34.4398 11.1064 23.6
      vertex -34.6765 11.2909 23.3
    endloop
  endfacet
  facet normal -0.592765 0.387742 0.705894
    outer loop
      vertex -34.4398 11.1064 23.6
      vertex -34.7217 11.2216 23.3
      vertex -34.485 11.0373 23.6
    endloop
  endfacet
  facet normal -0.648495 0.284789 0.705938
    outer loop
      vertex -34.4084 11.8006 23.3
      vertex -34.1578 11.6276 23.6
      vertex -34.1246 11.7032 23.6
    endloop
  endfacet
  facet normal -0.648665 0.284485 0.705905
    outer loop
      vertex -34.4366 11.7363 23.3
      vertex -34.1578 11.6276 23.6
      vertex -34.4084 11.8006 23.3
    endloop
  endfacet
  facet normal -0.649168 0.283269 0.705931
    outer loop
      vertex -34.4522 11.6846 23.3064
      vertex -34.1578 11.6276 23.6
      vertex -34.4366 11.7363 23.3
    endloop
  endfacet
  facet normal -0.648618 0.285041 0.705724
    outer loop
      vertex -34.4912 11.6117 23.3
      vertex -34.1578 11.6276 23.6
      vertex -34.4522 11.6846 23.3064
    endloop
  endfacet
  facet normal -0.648639 0.284921 0.705753
    outer loop
      vertex -34.1578 11.6276 23.6
      vertex -34.4912 11.6117 23.3
      vertex -34.5411 11.4981 23.3
    endloop
  endfacet
  facet normal 0.648632 0.284417 0.705963
    outer loop
      vertex -38.4422 11.6276 23.6
      vertex -38.3228 11.3553 23.6
      vertex -38.0589 11.4981 23.3
    endloop
  endfacet
  facet normal -0.521041 0.479839 0.705883
    outer loop
      vertex -34.7217 11.2216 23.3
      vertex -34.5409 10.9766 23.6
      vertex -34.485 11.0373 23.6
    endloop
  endfacet
  facet normal -0.521089 0.479797 0.705877
    outer loop
      vertex -34.8286 11.1055 23.3
      vertex -34.5409 10.9766 23.6
      vertex -34.7217 11.2216 23.3
    endloop
  endfacet
  facet normal -0.521304 0.479467 0.705941
    outer loop
      vertex -34.8858 11.0358 23.3051
      vertex -34.5409 10.9766 23.6
      vertex -34.8286 11.1055 23.3
    endloop
  endfacet
  facet normal -0.520809 0.480539 0.705578
    outer loop
      vertex -34.9143 11.0124 23.3
      vertex -34.5409 10.9766 23.6
      vertex -34.8858 11.0358 23.3051
    endloop
  endfacet
  facet normal -0.521201 0.479567 0.70595
    outer loop
      vertex -34.5409 10.9766 23.6
      vertex -34.9143 11.0124 23.3
      vertex -34.9454 10.9786 23.3
    endloop
  endfacet
  facet normal -0.648632 0.284417 0.705963
    outer loop
      vertex -34.5411 11.4981 23.3
      vertex -34.2772 11.3553 23.6
      vertex -34.1578 11.6276 23.6
    endloop
  endfacet
  facet normal -0.648495 -0.284789 0.705938
    outer loop
      vertex -34.1578 13.2724 23.6
      vertex -34.4084 13.0994 23.3
      vertex -34.1246 13.1968 23.6
    endloop
  endfacet
  facet normal -0.648665 -0.284485 0.705905
    outer loop
      vertex -34.1578 13.2724 23.6
      vertex -34.4366 13.1637 23.3
      vertex -34.4084 13.0994 23.3
    endloop
  endfacet
  facet normal -0.649168 -0.283269 0.705931
    outer loop
      vertex -34.1578 13.2724 23.6
      vertex -34.4522 13.2154 23.3064
      vertex -34.4366 13.1637 23.3
    endloop
  endfacet
  facet normal -0.648618 -0.285041 0.705724
    outer loop
      vertex -34.1578 13.2724 23.6
      vertex -34.4912 13.2883 23.3
      vertex -34.4522 13.2154 23.3064
    endloop
  endfacet
  facet normal -0.648639 -0.284921 0.705753
    outer loop
      vertex -34.4912 13.2883 23.3
      vertex -34.1578 13.2724 23.6
      vertex -34.5411 13.4019 23.3
    endloop
  endfacet
  facet normal 0.337163 0.622851 0.705959
    outer loop
      vertex -37.1034 10.6185 23.3
      vertex -37.2965 10.383 23.6
      vertex -37.2239 10.3437 23.6
    endloop
  endfacet
  facet normal 0.337078 0.622908 0.705949
    outer loop
      vertex -37.2965 10.383 23.6
      vertex -37.1034 10.6185 23.3
      vertex -37.3939 10.7757 23.3
    endloop
  endfacet
  facet normal 0.593202 -0.386908 0.705984
    outer loop
      vertex -38.1602 13.7936 23.6
      vertex -37.9235 13.6091 23.3
      vertex -37.8783 13.6784 23.3
    endloop
  endfacet
  facet normal 0.592875 -0.387456 0.705959
    outer loop
      vertex -38.1602 13.7936 23.6
      vertex -37.9991 13.4935 23.3
      vertex -37.9629 13.5611 23.3067
    endloop
  endfacet
  facet normal 0.592765 -0.387742 0.705894
    outer loop
      vertex -38.1602 13.7936 23.6
      vertex -37.8783 13.6784 23.3
      vertex -38.115 13.8627 23.6
    endloop
  endfacet
  facet normal 0.592543 -0.387829 0.706032
    outer loop
      vertex -37.9235 13.6091 23.3
      vertex -38.1602 13.7936 23.6
      vertex -37.9629 13.5611 23.3067
    endloop
  endfacet
  facet normal 0.593137 -0.387223 0.705866
    outer loop
      vertex -37.9991 13.4935 23.3
      vertex -38.1602 13.7936 23.6
      vertex -38.0589 13.4019 23.3
    endloop
  endfacet
  facet normal 0.337062 0.622909 0.705956
    outer loop
      vertex -37.558 10.5245 23.6
      vertex -37.2965 10.383 23.6
      vertex -37.3939 10.7757 23.3
    endloop
  endfacet
  facet normal 0.229274 0.670208 0.705872
    outer loop
      vertex -37.1458 10.3169 23.6
      vertex -36.9863 10.5783 23.3
      vertex -37.0654 10.6022 23.303
    endloop
  endfacet
  facet normal 0.228385 0.663552 0.712418
    outer loop
      vertex -37.1034 10.6185 23.3
      vertex -37.0654 10.6022 23.303
      vertex -37.0819 10.6111 23.3
    endloop
  endfacet
  facet normal 0.230128 0.669806 0.705975
    outer loop
      vertex -36.9863 10.5783 23.3
      vertex -37.1458 10.3169 23.6
      vertex -36.791 10.5112 23.3
    endloop
  endfacet
  facet normal 0.231365 0.669322 0.70603
    outer loop
      vertex -37.2239 10.3437 23.6
      vertex -37.0654 10.6022 23.303
      vertex -37.1034 10.6185 23.3
    endloop
  endfacet
  facet normal 0.229913 0.670008 0.705853
    outer loop
      vertex -37.0654 10.6022 23.303
      vertex -37.2239 10.3437 23.6
      vertex -37.1458 10.3169 23.6
    endloop
  endfacet
  facet normal -0.229925 -0.669998 0.705859
    outer loop
      vertex -35.809 14.3888 23.3
      vertex -35.4542 14.5831 23.6
      vertex -35.7354 14.6796 23.6
    endloop
  endfacet
  facet normal 0.229925 -0.669998 0.705859
    outer loop
      vertex -37.1458 14.5831 23.6
      vertex -36.791 14.3888 23.3
      vertex -36.8646 14.6796 23.6
    endloop
  endfacet
  facet normal 0 0 1
    outer loop
      vertex -37.6857 13.8876 23.3
      vertex -37.459 14.0736 23.3
      vertex -37.6546 13.9214 23.3
    endloop
  endfacet
  facet normal 0 0 1
    outer loop
      vertex -38.2356 12.9258 23.3
      vertex -38.1634 13.1637 23.3
      vertex -38.1916 13.0994 23.3
    endloop
  endfacet
  facet normal 0 0 1
    outer loop
      vertex -37.0819 10.6111 23.3
      vertex -37.3939 10.7757 23.3
      vertex -37.1034 10.6185 23.3
    endloop
  endfacet
  facet normal -0 -0 1
    outer loop
      vertex -37.3939 10.7757 23.3
      vertex -37.0819 10.6111 23.3
      vertex -37.4028 10.7826 23.3
    endloop
  endfacet
  facet normal 0 0 1
    outer loop
      vertex -38.3 12.45 23.3
      vertex -38.2643 12.8124 23.3
      vertex -38.2727 12.7792 23.3
    endloop
  endfacet
  facet normal 0 0 1
    outer loop
      vertex -36.9863 10.5783 23.3
      vertex -36.791 10.5112 23.3
      vertex -36.7338 10.5017 23.3
    endloop
  endfacet
  facet normal 0 0 1
    outer loop
      vertex -37.9235 13.6091 23.3
      vertex -37.7714 13.7945 23.3
      vertex -37.8783 13.6784 23.3
    endloop
  endfacet
  facet normal 0 0 1
    outer loop
      vertex -37.9235 11.2909 23.3
      vertex -37.8783 11.2216 23.3
      vertex -37.7714 11.1055 23.3
    endloop
  endfacet
  facet normal 0 0 1
    outer loop
      vertex -37.3939 14.1243 23.3
      vertex -37.0819 14.2889 23.3
      vertex -37.1034 14.2815 23.3
    endloop
  endfacet
  facet normal 0 0 1
    outer loop
      vertex -37.0819 14.2889 23.3
      vertex -37.3939 14.1243 23.3
      vertex -37.4028 14.1174 23.3
    endloop
  endfacet
  facet normal 0 0 1
    outer loop
      vertex -34.3357 12.0876 23.3
      vertex -34.3273 12.1208 23.3
      vertex -34.3 12.45 23.3
    endloop
  endfacet
  facet normal 0 0 1
    outer loop
      vertex -38.1088 13.2883 23.3
      vertex -37.9991 13.4935 23.3
      vertex -38.0589 13.4019 23.3
    endloop
  endfacet
  facet normal 0 0 1
    outer loop
      vertex -35.8662 14.3983 23.3
      vertex -35.6137 14.3217 23.3
      vertex -35.809 14.3888 23.3
    endloop
  endfacet
  facet normal 0 0 1
    outer loop
      vertex -38.3 12.45 23.3
      vertex -38.2727 12.1208 23.3
      vertex -38.2643 12.0876 23.3
    endloop
  endfacet
  facet normal 0 0 1
    outer loop
      vertex -34.4366 11.7363 23.3
      vertex -34.4084 11.8006 23.3
      vertex -34.3644 11.9742 23.3
    endloop
  endfacet
  facet normal 0 0 1
    outer loop
      vertex -34.3357 12.8124 23.3
      vertex -34.3 12.45 23.3
      vertex -34.3273 12.7792 23.3
    endloop
  endfacet
  facet normal 0 0 1
    outer loop
      vertex -34.8286 13.7945 23.3
      vertex -34.6765 13.6091 23.3
      vertex -34.7217 13.6784 23.3
    endloop
  endfacet
  facet normal 0 0 1
    outer loop
      vertex -35.141 14.0736 23.3
      vertex -34.9143 13.8876 23.3
      vertex -34.9454 13.9214 23.3
    endloop
  endfacet
  facet normal 0 0 1
    outer loop
      vertex -36.6032 10.4799 23.3
      vertex -36.4652 10.4568 23.3
      vertex -36.3694 10.4568 23.3
    endloop
  endfacet
  facet normal 0 0 1
    outer loop
      vertex -34.6009 11.4065 23.3
      vertex -34.5411 11.4981 23.3
      vertex -34.4912 11.6117 23.3
    endloop
  endfacet
  facet normal 0 0 1
    outer loop
      vertex -35.4966 14.2815 23.3
      vertex -35.1972 14.1174 23.3
      vertex -35.2061 14.1243 23.3
    endloop
  endfacet
  facet normal 0 0 1
    outer loop
      vertex -35.1972 14.1174 23.3
      vertex -35.4966 14.2815 23.3
      vertex -35.5181 14.2889 23.3
    endloop
  endfacet
  facet normal 0 0 1
    outer loop
      vertex -38.2356 11.9742 23.3
      vertex -38.1916 11.8006 23.3
      vertex -38.1634 11.7363 23.3
    endloop
  endfacet
  facet normal 0 0 1
    outer loop
      vertex -34.4366 13.1637 23.3
      vertex -34.3644 12.9258 23.3
      vertex -34.4084 13.0994 23.3
    endloop
  endfacet
  facet normal 0 0 1
    outer loop
      vertex -35.1972 10.7826 23.3
      vertex -35.4966 10.6185 23.3
      vertex -35.2061 10.7757 23.3
    endloop
  endfacet
  facet normal 0 -0 1
    outer loop
      vertex -35.4966 10.6185 23.3
      vertex -35.1972 10.7826 23.3
      vertex -35.5181 10.6111 23.3
    endloop
  endfacet
  facet normal 0 0 1
    outer loop
      vertex -36.2306 10.4568 23.3
      vertex -36.1348 10.4568 23.3
      vertex -35.9968 10.4799 23.3
    endloop
  endfacet
  facet normal 0 0 1
    outer loop
      vertex -36.9863 14.3217 23.3
      vertex -36.7338 14.3983 23.3
      vertex -36.791 14.3888 23.3
    endloop
  endfacet
  facet normal 0 0 1
    outer loop
      vertex -34.6009 13.4935 23.3
      vertex -34.4912 13.2883 23.3
      vertex -34.5411 13.4019 23.3
    endloop
  endfacet
  facet normal 0 0 1
    outer loop
      vertex -38.1088 11.6117 23.3
      vertex -38.0589 11.4981 23.3
      vertex -37.9991 11.4065 23.3
    endloop
  endfacet
  facet normal 0 0 1
    outer loop
      vertex -35.8662 10.5017 23.3
      vertex -35.809 10.5112 23.3
      vertex -35.6137 10.5783 23.3
    endloop
  endfacet
  facet normal 0 0 1
    outer loop
      vertex -34.8286 11.1055 23.3
      vertex -34.7217 11.2216 23.3
      vertex -34.6765 11.2909 23.3
    endloop
  endfacet
  facet normal 0 0 1
    outer loop
      vertex -37.6857 11.0124 23.3
      vertex -37.6546 10.9786 23.3
      vertex -37.459 10.8264 23.3
    endloop
  endfacet
  facet normal -0 0 1
    outer loop
      vertex -36.2306 14.4432 23.3
      vertex -35.9968 14.4201 23.3
      vertex -36.1348 14.4432 23.3
    endloop
  endfacet
  facet normal 0 0 1
    outer loop
      vertex -36.6032 14.4201 23.3
      vertex -36.3694 14.4432 23.3
      vertex -36.4652 14.4432 23.3
    endloop
  endfacet
  facet normal 0 0 1
    outer loop
      vertex -35.141 10.8264 23.3
      vertex -34.9454 10.9786 23.3
      vertex -34.9143 11.0124 23.3
    endloop
  endfacet
  facet normal 0.648639 -0.284921 0.705753
    outer loop
      vertex -38.4422 13.2724 23.6
      vertex -38.1088 13.2883 23.3
      vertex -38.0589 13.4019 23.3
    endloop
  endfacet
  facet normal 0.649168 -0.283269 0.705931
    outer loop
      vertex -38.4422 13.2724 23.6
      vertex -38.1634 13.1637 23.3
      vertex -38.1478 13.2154 23.3064
    endloop
  endfacet
  facet normal 0.648618 -0.285041 0.705724
    outer loop
      vertex -38.1088 13.2883 23.3
      vertex -38.4422 13.2724 23.6
      vertex -38.1478 13.2154 23.3064
    endloop
  endfacet
  facet normal 0.648665 -0.284485 0.705905
    outer loop
      vertex -38.1634 13.1637 23.3
      vertex -38.4422 13.2724 23.6
      vertex -38.1916 13.0994 23.3
    endloop
  endfacet
  facet normal 0.648495 -0.284789 0.705938
    outer loop
      vertex -38.1916 13.0994 23.3
      vertex -38.4422 13.2724 23.6
      vertex -38.4754 13.1968 23.6
    endloop
  endfacet
  facet normal 0.11614 0.6988 0.705825
    outer loop
      vertex -36.7832 10.2068 23.6
      vertex -36.6032 10.4799 23.3
      vertex -36.6902 10.4884 23.3059
    endloop
  endfacet
  facet normal 0.116921 0.698486 0.706008
    outer loop
      vertex -36.6032 10.4799 23.3
      vertex -36.7832 10.2068 23.6
      vertex -36.4652 10.4568 23.3
    endloop
  endfacet
  facet normal 0.117533 0.698456 0.705936
    outer loop
      vertex -36.7338 10.5017 23.3
      vertex -36.7832 10.2068 23.6
      vertex -36.6902 10.4884 23.3059
    endloop
  endfacet
  facet normal 0.116044 0.698705 0.705936
    outer loop
      vertex -36.791 10.5112 23.3
      vertex -36.7832 10.2068 23.6
      vertex -36.7338 10.5017 23.3
    endloop
  endfacet
  facet normal 0.116729 0.698658 0.70587
    outer loop
      vertex -36.7832 10.2068 23.6
      vertex -36.791 10.5112 23.3
      vertex -36.8646 10.2204 23.6
    endloop
  endfacet
  facet normal 0.686565 0.173897 0.705966
    outer loop
      vertex -38.4957 11.7832 23.6
      vertex -38.2356 11.9742 23.3
      vertex -38.2616 12.0598 23.3042
    endloop
  endfacet
  facet normal 0.685396 0.173413 0.70722
    outer loop
      vertex -38.2727 12.1208 23.3
      vertex -38.2616 12.0598 23.3042
      vertex -38.2643 12.0876 23.3
    endloop
  endfacet
  facet normal 0.686515 0.174001 0.705989
    outer loop
      vertex -38.2356 11.9742 23.3
      vertex -38.4957 11.7832 23.6
      vertex -38.1916 11.8006 23.3
    endloop
  endfacet
  facet normal 0.686784 0.173571 0.705834
    outer loop
      vertex -38.4957 11.7832 23.6
      vertex -38.2616 12.0598 23.3042
      vertex -38.2727 12.1208 23.3
    endloop
  endfacet
  facet normal 0.686485 0.174196 0.70597
    outer loop
      vertex -38.1916 11.8006 23.3
      vertex -38.4957 11.7832 23.6
      vertex -38.4754 11.7032 23.6
    endloop
  endfacet
  facet normal -0.686784 0.173571 0.705834
    outer loop
      vertex -34.3384 12.0598 23.3042
      vertex -34.1043 11.7832 23.6
      vertex -34.3273 12.1208 23.3
    endloop
  endfacet
  facet normal -0.685396 0.173413 0.70722
    outer loop
      vertex -34.3384 12.0598 23.3042
      vertex -34.3273 12.1208 23.3
      vertex -34.3357 12.0876 23.3
    endloop
  endfacet
  facet normal -0.686565 0.173897 0.705966
    outer loop
      vertex -34.3644 11.9742 23.3
      vertex -34.1043 11.7832 23.6
      vertex -34.3384 12.0598 23.3042
    endloop
  endfacet
  facet normal -0.686515 0.174001 0.705989
    outer loop
      vertex -34.4084 11.8006 23.3
      vertex -34.1043 11.7832 23.6
      vertex -34.3644 11.9742 23.3
    endloop
  endfacet
  facet normal -0.686485 0.174196 0.70597
    outer loop
      vertex -34.1043 11.7832 23.6
      vertex -34.4084 11.8006 23.3
      vertex -34.1246 11.7032 23.6
    endloop
  endfacet
  facet normal -0.705927 0.0585414 0.705861
    outer loop
      vertex -34.3273 12.1208 23.3
      vertex -34.0246 12.1537 23.6
      vertex -34.3 12.45 23.3
    endloop
  endfacet
  facet normal -0.705925 0.0583267 0.705881
    outer loop
      vertex -34.0246 12.1537 23.6
      vertex -34.3273 12.1208 23.3
      vertex -34.0314 12.0714 23.6
    endloop
  endfacet
  facet normal -0.229925 0.669998 0.705859
    outer loop
      vertex -35.809 10.5112 23.3
      vertex -35.7354 10.2204 23.6
      vertex -35.4542 10.3169 23.6
    endloop
  endfacet
  facet normal 0.442953 -0.571345 0.69091
    outer loop
      vertex -37.3939 14.1243 23.3
      vertex -37.4111 14.1129 23.3016
      vertex -37.4028 14.1174 23.3
    endloop
  endfacet
  facet normal 0.43576 -0.558386 0.705916
    outer loop
      vertex -37.558 14.3755 23.6
      vertex -37.4111 14.1129 23.3016
      vertex -37.3939 14.1243 23.3
    endloop
  endfacet
  facet normal 0.435175 -0.558775 0.70597
    outer loop
      vertex -37.6231 14.3248 23.6
      vertex -37.4111 14.1129 23.3016
      vertex -37.558 14.3755 23.6
    endloop
  endfacet
  facet normal 0.434999 -0.55893 0.705955
    outer loop
      vertex -37.4111 14.1129 23.3016
      vertex -37.6231 14.3248 23.6
      vertex -37.459 14.0736 23.3
    endloop
  endfacet
  facet normal 0.434944 -0.558969 0.705958
    outer loop
      vertex -37.459 14.0736 23.3
      vertex -37.6231 14.3248 23.6
      vertex -37.6546 13.9214 23.3
    endloop
  endfacet
  facet normal -0.435175 -0.558775 0.70597
    outer loop
      vertex -35.1889 14.1129 23.3016
      vertex -34.9769 14.3248 23.6
      vertex -35.042 14.3755 23.6
    endloop
  endfacet
  facet normal -0.434944 -0.558969 0.705958
    outer loop
      vertex -34.9769 14.3248 23.6
      vertex -35.141 14.0736 23.3
      vertex -34.9454 13.9214 23.3
    endloop
  endfacet
  facet normal -0.434999 -0.55893 0.705955
    outer loop
      vertex -34.9769 14.3248 23.6
      vertex -35.1889 14.1129 23.3016
      vertex -35.141 14.0736 23.3
    endloop
  endfacet
  facet normal -0.43576 -0.558386 0.705916
    outer loop
      vertex -35.2061 14.1243 23.3
      vertex -35.1889 14.1129 23.3016
      vertex -35.042 14.3755 23.6
    endloop
  endfacet
  facet normal -0.442953 -0.571345 0.69091
    outer loop
      vertex -35.1889 14.1129 23.3016
      vertex -35.2061 14.1243 23.3
      vertex -35.1972 14.1174 23.3
    endloop
  endfacet
  facet normal 0.648632 -0.284417 0.705963
    outer loop
      vertex -38.4422 13.2724 23.6
      vertex -38.0589 13.4019 23.3
      vertex -38.3228 13.5447 23.6
    endloop
  endfacet
  facet normal 0.521154 0.479709 0.705888
    outer loop
      vertex -38.0591 10.9766 23.6
      vertex -37.8577 10.7578 23.6
      vertex -37.6546 10.9786 23.3
    endloop
  endfacet
  facet normal 0.116501 -0.698768 0.705798
    outer loop
      vertex -36.7832 14.6932 23.6
      vertex -36.4652 14.4432 23.3
      vertex -36.4899 14.7421 23.6
    endloop
  endfacet
  facet normal -0.337062 0.622909 0.705956
    outer loop
      vertex -35.3035 10.383 23.6
      vertex -35.042 10.5245 23.6
      vertex -35.2061 10.7757 23.3
    endloop
  endfacet
  facet normal -0.229913 -0.670008 0.705853
    outer loop
      vertex -35.5346 14.2978 23.303
      vertex -35.3761 14.5563 23.6
      vertex -35.4542 14.5831 23.6
    endloop
  endfacet
  facet normal -0.231365 -0.669322 0.70603
    outer loop
      vertex -35.3761 14.5563 23.6
      vertex -35.5346 14.2978 23.303
      vertex -35.4966 14.2815 23.3
    endloop
  endfacet
  facet normal -0.228385 -0.663552 0.712418
    outer loop
      vertex -35.4966 14.2815 23.3
      vertex -35.5346 14.2978 23.303
      vertex -35.5181 14.2889 23.3
    endloop
  endfacet
  facet normal -0.229274 -0.670208 0.705872
    outer loop
      vertex -35.4542 14.5831 23.6
      vertex -35.6137 14.3217 23.3
      vertex -35.5346 14.2978 23.303
    endloop
  endfacet
  facet normal -0.230128 -0.669806 0.705975
    outer loop
      vertex -35.6137 14.3217 23.3
      vertex -35.4542 14.5831 23.6
      vertex -35.809 14.3888 23.3
    endloop
  endfacet
  facet normal 0.648618 0.285041 0.705724
    outer loop
      vertex -38.4422 11.6276 23.6
      vertex -38.1088 11.6117 23.3
      vertex -38.1478 11.6846 23.3064
    endloop
  endfacet
  facet normal 0.648665 0.284485 0.705905
    outer loop
      vertex -38.4422 11.6276 23.6
      vertex -38.1634 11.7363 23.3
      vertex -38.1916 11.8006 23.3
    endloop
  endfacet
  facet normal 0.648639 0.284921 0.705753
    outer loop
      vertex -38.1088 11.6117 23.3
      vertex -38.4422 11.6276 23.6
      vertex -38.0589 11.4981 23.3
    endloop
  endfacet
  facet normal 0.649168 0.283269 0.705931
    outer loop
      vertex -38.1634 11.7363 23.3
      vertex -38.4422 11.6276 23.6
      vertex -38.1478 11.6846 23.3064
    endloop
  endfacet
  facet normal 0.648495 0.284789 0.705938
    outer loop
      vertex -38.4422 11.6276 23.6
      vertex -38.1916 11.8006 23.3
      vertex -38.4754 11.7032 23.6
    endloop
  endfacet
  facet normal 0.686683 0.173696 0.705901
    outer loop
      vertex -38.5686 12.0714 23.6
      vertex -38.4957 11.7832 23.6
      vertex -38.2727 12.1208 23.3
    endloop
  endfacet
  facet normal -0.337062 -0.622909 0.705956
    outer loop
      vertex -35.3035 14.517 23.6
      vertex -35.2061 14.1243 23.3
      vertex -35.042 14.3755 23.6
    endloop
  endfacet
  facet normal -0.705925 -0.0583267 0.705881
    outer loop
      vertex -34.3273 12.7792 23.3
      vertex -34.0246 12.7463 23.6
      vertex -34.0314 12.8286 23.6
    endloop
  endfacet
  facet normal -0.705927 -0.0585414 0.705861
    outer loop
      vertex -34.0246 12.7463 23.6
      vertex -34.3273 12.7792 23.3
      vertex -34.3 12.45 23.3
    endloop
  endfacet
  facet normal 0.686683 -0.173696 0.705901
    outer loop
      vertex -38.5686 12.8286 23.6
      vertex -38.2727 12.7792 23.3
      vertex -38.4957 13.1168 23.6
    endloop
  endfacet
  facet normal -0.116729 0.698658 0.70587
    outer loop
      vertex -35.809 10.5112 23.3
      vertex -35.8168 10.2068 23.6
      vertex -35.7354 10.2204 23.6
    endloop
  endfacet
  facet normal -0.116044 0.698705 0.705936
    outer loop
      vertex -35.8662 10.5017 23.3
      vertex -35.8168 10.2068 23.6
      vertex -35.809 10.5112 23.3
    endloop
  endfacet
  facet normal -0.117533 0.698456 0.705936
    outer loop
      vertex -35.9098 10.4884 23.3059
      vertex -35.8168 10.2068 23.6
      vertex -35.8662 10.5017 23.3
    endloop
  endfacet
  facet normal -0.11614 0.6988 0.705825
    outer loop
      vertex -35.9968 10.4799 23.3
      vertex -35.8168 10.2068 23.6
      vertex -35.9098 10.4884 23.3059
    endloop
  endfacet
  facet normal -0.116921 0.698486 0.706008
    outer loop
      vertex -35.8168 10.2068 23.6
      vertex -35.9968 10.4799 23.3
      vertex -36.1348 10.4568 23.3
    endloop
  endfacet
  facet normal 0.337163 -0.622851 0.705959
    outer loop
      vertex -37.2965 14.517 23.6
      vertex -37.1034 14.2815 23.3
      vertex -37.2239 14.5563 23.6
    endloop
  endfacet
  facet normal 0.337078 -0.622908 0.705949
    outer loop
      vertex -37.1034 14.2815 23.3
      vertex -37.2965 14.517 23.6
      vertex -37.3939 14.1243 23.3
    endloop
  endfacet
  facet normal 0.230128 -0.669806 0.705975
    outer loop
      vertex -37.1458 14.5831 23.6
      vertex -36.9863 14.3217 23.3
      vertex -36.791 14.3888 23.3
    endloop
  endfacet
  facet normal 0.228385 -0.663552 0.712418
    outer loop
      vertex -37.0654 14.2978 23.303
      vertex -37.1034 14.2815 23.3
      vertex -37.0819 14.2889 23.3
    endloop
  endfacet
  facet normal 0.229274 -0.670208 0.705872
    outer loop
      vertex -36.9863 14.3217 23.3
      vertex -37.1458 14.5831 23.6
      vertex -37.0654 14.2978 23.303
    endloop
  endfacet
  facet normal 0.229913 -0.670008 0.705853
    outer loop
      vertex -37.2239 14.5563 23.6
      vertex -37.0654 14.2978 23.303
      vertex -37.1458 14.5831 23.6
    endloop
  endfacet
  facet normal 0.231365 -0.669322 0.70603
    outer loop
      vertex -37.0654 14.2978 23.303
      vertex -37.2239 14.5563 23.6
      vertex -37.1034 14.2815 23.3
    endloop
  endfacet
  facet normal -0.521154 -0.479709 0.705888
    outer loop
      vertex -34.9454 13.9214 23.3
      vertex -34.5409 13.9234 23.6
      vertex -34.7423 14.1422 23.6
    endloop
  endfacet
  facet normal 0.435052 0.558944 0.705912
    outer loop
      vertex -37.8577 10.7578 23.6
      vertex -37.6231 10.5752 23.6
      vertex -37.6546 10.9786 23.3
    endloop
  endfacet
  facet normal -0.521041 -0.479839 0.705883
    outer loop
      vertex -34.5409 13.9234 23.6
      vertex -34.7217 13.6784 23.3
      vertex -34.485 13.8627 23.6
    endloop
  endfacet
  facet normal -0.521089 -0.479797 0.705877
    outer loop
      vertex -34.5409 13.9234 23.6
      vertex -34.8286 13.7945 23.3
      vertex -34.7217 13.6784 23.3
    endloop
  endfacet
  facet normal -0.521304 -0.479467 0.705941
    outer loop
      vertex -34.5409 13.9234 23.6
      vertex -34.8858 13.8642 23.3051
      vertex -34.8286 13.7945 23.3
    endloop
  endfacet
  facet normal -0.520809 -0.480539 0.705578
    outer loop
      vertex -34.5409 13.9234 23.6
      vertex -34.9143 13.8876 23.3
      vertex -34.8858 13.8642 23.3051
    endloop
  endfacet
  facet normal -0.521201 -0.479567 0.70595
    outer loop
      vertex -34.9143 13.8876 23.3
      vertex -34.5409 13.9234 23.6
      vertex -34.9454 13.9214 23.3
    endloop
  endfacet
  facet normal 0.70581 0.0585316 0.705979
    outer loop
      vertex -38.5755 12.1537 23.6
      vertex -38.2727 12.1208 23.3
      vertex -38.3 12.45 23.3
    endloop
  endfacet
  facet normal 0.705819 0.0591756 0.705917
    outer loop
      vertex -38.2727 12.1208 23.3
      vertex -38.5755 12.1537 23.6
      vertex -38.5686 12.0714 23.6
    endloop
  endfacet
  facet normal -0.592765 -0.387742 0.705894
    outer loop
      vertex -34.7217 13.6784 23.3
      vertex -34.4398 13.7936 23.6
      vertex -34.485 13.8627 23.6
    endloop
  endfacet
  facet normal -0.593137 -0.387223 0.705866
    outer loop
      vertex -34.4398 13.7936 23.6
      vertex -34.6009 13.4935 23.3
      vertex -34.5411 13.4019 23.3
    endloop
  endfacet
  facet normal -0.592875 -0.387456 0.705959
    outer loop
      vertex -34.4398 13.7936 23.6
      vertex -34.6371 13.5611 23.3067
      vertex -34.6009 13.4935 23.3
    endloop
  endfacet
  facet normal -0.592543 -0.387829 0.706032
    outer loop
      vertex -34.4398 13.7936 23.6
      vertex -34.6765 13.6091 23.3
      vertex -34.6371 13.5611 23.3067
    endloop
  endfacet
  facet normal -0.593202 -0.386908 0.705984
    outer loop
      vertex -34.4398 13.7936 23.6
      vertex -34.7217 13.6784 23.3
      vertex -34.6765 13.6091 23.3
    endloop
  endfacet
  facet normal 0.435052 -0.558944 0.705912
    outer loop
      vertex -37.8577 14.1422 23.6
      vertex -37.6546 13.9214 23.3
      vertex -37.6231 14.3248 23.6
    endloop
  endfacet
  facet normal 0.521154 -0.479709 0.705888
    outer loop
      vertex -38.0591 13.9234 23.6
      vertex -37.6546 13.9214 23.3
      vertex -37.8577 14.1422 23.6
    endloop
  endfacet
  facet normal 0.520809 0.480539 0.705578
    outer loop
      vertex -38.0591 10.9766 23.6
      vertex -37.6857 11.0124 23.3
      vertex -37.7142 11.0358 23.3051
    endloop
  endfacet
  facet normal 0.521089 0.479797 0.705877
    outer loop
      vertex -38.0591 10.9766 23.6
      vertex -37.7714 11.1055 23.3
      vertex -37.8783 11.2216 23.3
    endloop
  endfacet
  facet normal 0.521201 0.479567 0.70595
    outer loop
      vertex -37.6857 11.0124 23.3
      vertex -38.0591 10.9766 23.6
      vertex -37.6546 10.9786 23.3
    endloop
  endfacet
  facet normal 0.521304 0.479467 0.705941
    outer loop
      vertex -37.7714 11.1055 23.3
      vertex -38.0591 10.9766 23.6
      vertex -37.7142 11.0358 23.3051
    endloop
  endfacet
  facet normal 0.521041 0.479839 0.705883
    outer loop
      vertex -38.0591 10.9766 23.6
      vertex -37.8783 11.2216 23.3
      vertex -38.115 11.0373 23.6
    endloop
  endfacet
  facet normal -0.434944 0.558969 0.705958
    outer loop
      vertex -35.141 10.8264 23.3
      vertex -34.9769 10.5752 23.6
      vertex -34.9454 10.9786 23.3
    endloop
  endfacet
  facet normal -0.434999 0.55893 0.705955
    outer loop
      vertex -35.1889 10.7871 23.3016
      vertex -34.9769 10.5752 23.6
      vertex -35.141 10.8264 23.3
    endloop
  endfacet
  facet normal -0.435175 0.558775 0.70597
    outer loop
      vertex -34.9769 10.5752 23.6
      vertex -35.1889 10.7871 23.3016
      vertex -35.042 10.5245 23.6
    endloop
  endfacet
  facet normal -0.442953 0.571345 0.69091
    outer loop
      vertex -35.2061 10.7757 23.3
      vertex -35.1889 10.7871 23.3016
      vertex -35.1972 10.7826 23.3
    endloop
  endfacet
  facet normal -0.43576 0.558386 0.705916
    outer loop
      vertex -35.1889 10.7871 23.3016
      vertex -35.2061 10.7757 23.3
      vertex -35.042 10.5245 23.6
    endloop
  endfacet
  facet normal -0.435052 0.558944 0.705912
    outer loop
      vertex -34.9769 10.5752 23.6
      vertex -34.7423 10.7578 23.6
      vertex -34.9454 10.9786 23.3
    endloop
  endfacet
  facet normal -0.231365 0.669322 0.70603
    outer loop
      vertex -35.5346 10.6022 23.303
      vertex -35.3761 10.3437 23.6
      vertex -35.4966 10.6185 23.3
    endloop
  endfacet
  facet normal -0.228385 0.663552 0.712418
    outer loop
      vertex -35.5346 10.6022 23.303
      vertex -35.4966 10.6185 23.3
      vertex -35.5181 10.6111 23.3
    endloop
  endfacet
  facet normal -0.229913 0.670008 0.705853
    outer loop
      vertex -35.3761 10.3437 23.6
      vertex -35.5346 10.6022 23.303
      vertex -35.4542 10.3169 23.6
    endloop
  endfacet
  facet normal -0.229274 0.670208 0.705872
    outer loop
      vertex -35.6137 10.5783 23.3
      vertex -35.4542 10.3169 23.6
      vertex -35.5346 10.6022 23.303
    endloop
  endfacet
  facet normal -0.230128 0.669806 0.705975
    outer loop
      vertex -35.4542 10.3169 23.6
      vertex -35.6137 10.5783 23.3
      vertex -35.809 10.5112 23.3
    endloop
  endfacet
  facet normal -0.337078 0.622908 0.705949
    outer loop
      vertex -35.4966 10.6185 23.3
      vertex -35.3035 10.383 23.6
      vertex -35.2061 10.7757 23.3
    endloop
  endfacet
  facet normal -0.337163 0.622851 0.705959
    outer loop
      vertex -35.3035 10.383 23.6
      vertex -35.4966 10.6185 23.3
      vertex -35.3761 10.3437 23.6
    endloop
  endfacet
  facet normal 0.442953 0.571345 0.69091
    outer loop
      vertex -37.4111 10.7871 23.3016
      vertex -37.3939 10.7757 23.3
      vertex -37.4028 10.7826 23.3
    endloop
  endfacet
  facet normal 0.43576 0.558386 0.705916
    outer loop
      vertex -37.4111 10.7871 23.3016
      vertex -37.558 10.5245 23.6
      vertex -37.3939 10.7757 23.3
    endloop
  endfacet
  facet normal 0.434999 0.55893 0.705955
    outer loop
      vertex -37.6231 10.5752 23.6
      vertex -37.4111 10.7871 23.3016
      vertex -37.459 10.8264 23.3
    endloop
  endfacet
  facet normal 0.435175 0.558775 0.70597
    outer loop
      vertex -37.4111 10.7871 23.3016
      vertex -37.6231 10.5752 23.6
      vertex -37.558 10.5245 23.6
    endloop
  endfacet
  facet normal 0.434944 0.558969 0.705958
    outer loop
      vertex -37.6231 10.5752 23.6
      vertex -37.459 10.8264 23.3
      vertex -37.6546 10.9786 23.3
    endloop
  endfacet
  facet normal 0 0.708314 0.705897
    outer loop
      vertex -36.1101 10.1579 23.6
      vertex -36.3 10.45 23.3069
      vertex -36.4899 10.1579 23.6
    endloop
  endfacet
  facet normal -0 0.708404 0.705807
    outer loop
      vertex -36.2306 10.4568 23.3
      vertex -36.1101 10.1579 23.6
      vertex -36.1348 10.4568 23.3
    endloop
  endfacet
  facet normal 0.000733375 0.708551 0.705659
    outer loop
      vertex -36.1101 10.1579 23.6
      vertex -36.2306 10.4568 23.3
      vertex -36.3 10.45 23.3069
    endloop
  endfacet
  facet normal -0.000733375 0.708551 0.705659
    outer loop
      vertex -36.3694 10.4568 23.3
      vertex -36.4899 10.1579 23.6
      vertex -36.3 10.45 23.3069
    endloop
  endfacet
  facet normal 0 0.708404 0.705807
    outer loop
      vertex -36.4899 10.1579 23.6
      vertex -36.3694 10.4568 23.3
      vertex -36.4652 10.4568 23.3
    endloop
  endfacet
  facet normal -0.116501 0.698768 0.705798
    outer loop
      vertex -36.1348 10.4568 23.3
      vertex -36.1101 10.1579 23.6
      vertex -35.8168 10.2068 23.6
    endloop
  endfacet
  facet normal 0 -0.708314 0.705897
    outer loop
      vertex -36.4899 14.7421 23.6
      vertex -36.3 14.45 23.3069
      vertex -36.1101 14.7421 23.6
    endloop
  endfacet
  facet normal 0 -0.708404 0.705807
    outer loop
      vertex -36.3694 14.4432 23.3
      vertex -36.4899 14.7421 23.6
      vertex -36.4652 14.4432 23.3
    endloop
  endfacet
  facet normal -0.000733375 -0.708551 0.705659
    outer loop
      vertex -36.4899 14.7421 23.6
      vertex -36.3694 14.4432 23.3
      vertex -36.3 14.45 23.3069
    endloop
  endfacet
  facet normal 0.000733375 -0.708551 0.705659
    outer loop
      vertex -36.2306 14.4432 23.3
      vertex -36.1101 14.7421 23.6
      vertex -36.3 14.45 23.3069
    endloop
  endfacet
  facet normal 0 -0.708404 0.705807
    outer loop
      vertex -36.1101 14.7421 23.6
      vertex -36.2306 14.4432 23.3
      vertex -36.1348 14.4432 23.3
    endloop
  endfacet
  facet normal -0.686485 -0.174196 0.70597
    outer loop
      vertex -34.4084 13.0994 23.3
      vertex -34.1043 13.1168 23.6
      vertex -34.1246 13.1968 23.6
    endloop
  endfacet
  facet normal -0.686784 -0.173571 0.705834
    outer loop
      vertex -34.1043 13.1168 23.6
      vertex -34.3384 12.8402 23.3042
      vertex -34.3273 12.7792 23.3
    endloop
  endfacet
  facet normal -0.685396 -0.173413 0.70722
    outer loop
      vertex -34.3273 12.7792 23.3
      vertex -34.3384 12.8402 23.3042
      vertex -34.3357 12.8124 23.3
    endloop
  endfacet
  facet normal -0.686565 -0.173897 0.705966
    outer loop
      vertex -34.1043 13.1168 23.6
      vertex -34.3644 12.9258 23.3
      vertex -34.3384 12.8402 23.3042
    endloop
  endfacet
  facet normal -0.686515 -0.174001 0.705989
    outer loop
      vertex -34.1043 13.1168 23.6
      vertex -34.4084 13.0994 23.3
      vertex -34.3644 12.9258 23.3
    endloop
  endfacet
  facet normal 0.116921 -0.698486 0.706008
    outer loop
      vertex -36.7832 14.6932 23.6
      vertex -36.6032 14.4201 23.3
      vertex -36.4652 14.4432 23.3
    endloop
  endfacet
  facet normal 0.11614 -0.6988 0.705825
    outer loop
      vertex -36.6032 14.4201 23.3
      vertex -36.7832 14.6932 23.6
      vertex -36.6902 14.4116 23.3059
    endloop
  endfacet
  facet normal 0.117533 -0.698456 0.705936
    outer loop
      vertex -36.7832 14.6932 23.6
      vertex -36.7338 14.3983 23.3
      vertex -36.6902 14.4116 23.3059
    endloop
  endfacet
  facet normal 0.116044 -0.698705 0.705936
    outer loop
      vertex -36.7832 14.6932 23.6
      vertex -36.791 14.3888 23.3
      vertex -36.7338 14.3983 23.3
    endloop
  endfacet
  facet normal 0.116729 -0.698658 0.70587
    outer loop
      vertex -36.791 14.3888 23.3
      vertex -36.7832 14.6932 23.6
      vertex -36.8646 14.6796 23.6
    endloop
  endfacet
endsolid OpenSCAD_Model
